institution_id,year,fall_enrollment_total
US-DUKE-UNIVERSITY,2000,12192
US-DUKE-UNIVERSITY,2001,11926
US-DUKE-UNIVERSITY,2002,12488
US-DUKE-UNIVERSITY,2003,12223
US-DUKE-UNIVERSITY,2004,12770
US-DUKE-UNIVERSITY,2005,14075
US-DUKE-UNIVERSITY,2006,13373
US-DUKE-UNIVERSITY,2007,13598
US-DUKE-UNIVERSITY,2008,14060
US-DUKE-UNIVERSITY,2009,14350
US-DUKE-UNIVERSITY,2010,15016
US-DUKE-UNIVERSITY,2011,15427
US-DUKE-UNIVERSITY,2012,15386
US-DUKE-UNIVERSITY,2013,15467
US-DUKE-UNIVERSITY,2014,15856
US-DUKE-UNIVERSITY,2015,15984
US-DUKE-UNIVERSITY,2016,15735
US-DUKE-UNIVERSITY,2017,16130
US-DUKE-UNIVERSITY,2018,17048
US-DUKE-UNIVERSITY,2019,16768
US-DUKE-UNIVERSITY,2020,16172
US-DUKE-UNIVERSITY,2021,17620
US-DUKE-UNIVERSITY,2022,18023
US-DUKE-UNIVERSITY,2023,17112
US-DUKE-UNIVERSITY,2024,
US-UNIVERSITY-OF-PENNSYLVANIA,2000,21853
US-UNIVERSITY-OF-PENNSYLVANIA,2001,22326
US-UNIVERSITY-OF-PENNSYLVANIA,2002,22769
US-UNIVERSITY-OF-PENNSYLVANIA,2003,23243
US-UNIVERSITY-OF-PENNSYLVANIA,2004,23305
US-UNIVERSITY-OF-PENNSYLVANIA,2005,23704
US-UNIVERSITY-OF-PENNSYLVANIA,2006,23743
US-UNIVERSITY-OF-PENNSYLVANIA,2007,23980
US-UNIVERSITY-OF-PENNSYLVANIA,2008,24107
US-UNIVERSITY-OF-PENNSYLVANIA,2009,24599
US-UNIVERSITY-OF-PENNSYLVANIA,2010,25007
US-UNIVERSITY-OF-PENNSYLVANIA,2011,24832
US-UNIVERSITY-OF-PENNSYLVANIA,2012,24725
US-UNIVERSITY-OF-PENNSYLVANIA,2013,24630
US-UNIVERSITY-OF-PENNSYLVANIA,2014,24806
US-UNIVERSITY-OF-PENNSYLVANIA,2015,24876
US-UNIVERSITY-OF-PENNSYLVANIA,2016,24960
US-UNIVERSITY-OF-PENNSYLVANIA,2017,25367
US-UNIVERSITY-OF-PENNSYLVANIA,2018,25860
US-UNIVERSITY-OF-PENNSYLVANIA,2019,26675
US-UNIVERSITY-OF-PENNSYLVANIA,2020,26552
US-UNIVERSITY-OF-PENNSYLVANIA,2021,28038
US-UNIVERSITY-OF-PENNSYLVANIA,2022,28201
US-UNIVERSITY-OF-PENNSYLVANIA,2023,28711
US-UNIVERSITY-OF-PENNSYLVANIA,2024,
US-BAYLOR-UNIVERSITY,2000,13719
US-BAYLOR-UNIVERSITY,2001,14221
US-BAYLOR-UNIVERSITY,2002,14159
US-BAYLOR-UNIVERSITY,2003,13937
US-BAYLOR-UNIVERSITY,2004,13799
US-BAYLOR-UNIVERSITY,2005,13975
US-BAYLOR-UNIVERSITY,2006,14040
US-BAYLOR-UNIVERSITY,2007,14174
US-BAYLOR-UNIVERSITY,2008,14541
US-BAYLOR-UNIVERSITY,2009,14614
US-BAYLOR-UNIVERSITY,2010,14900
US-BAYLOR-UNIVERSITY,2011,15029
US-BAYLOR-UNIVERSITY,2012,15364
US-BAYLOR-UNIVERSITY,2013,15616
US-BAYLOR-UNIVERSITY,2014,16263
US-BAYLOR-UNIVERSITY,2015,16787
US-BAYLOR-UNIVERSITY,2016,16959
US-BAYLOR-UNIVERSITY,2017,17059
US-BAYLOR-UNIVERSITY,2018,17217
US-BAYLOR-UNIVERSITY,2019,18033
US-BAYLOR-UNIVERSITY,2020,19297
US-BAYLOR-UNIVERSITY,2021,20626
US-BAYLOR-UNIVERSITY,2022,20709
US-BAYLOR-UNIVERSITY,2023,20824
US-BAYLOR-UNIVERSITY,2024,
US-COLUMBIA-UNIVERSITY,2000,19639
US-COLUMBIA-UNIVERSITY,2001,19710
US-COLUMBIA-UNIVERSITY,2002,20583
US-COLUMBIA-UNIVERSITY,2003,21322
US-COLUMBIA-UNIVERSITY,2004,21648
US-COLUMBIA-UNIVERSITY,2005,21983
US-COLUMBIA-UNIVERSITY,2006,22317
US-COLUMBIA-UNIVERSITY,2007,22655
US-COLUMBIA-UNIVERSITY,2008,23196
US-COLUMBIA-UNIVERSITY,2009,24230
US-COLUMBIA-UNIVERSITY,2010,25208
US-COLUMBIA-UNIVERSITY,2011,26050
US-COLUMBIA-UNIVERSITY,2012,26471
US-COLUMBIA-UNIVERSITY,2013,26957
US-COLUMBIA-UNIVERSITY,2014,27589
US-COLUMBIA-UNIVERSITY,2015,28086
US-COLUMBIA-UNIVERSITY,2016,29372
US-COLUMBIA-UNIVERSITY,2017,30404
US-COLUMBIA-UNIVERSITY,2018,31077
US-COLUMBIA-UNIVERSITY,2019,31456
US-COLUMBIA-UNIVERSITY,2020,30135
US-COLUMBIA-UNIVERSITY,2021,33777
US-COLUMBIA-UNIVERSITY,2022,35784
US-COLUMBIA-UNIVERSITY,2023,35279
US-COLUMBIA-UNIVERSITY,2024,
US-UNIVERSITY-OF-SOUTH-CAROLINA,2000,23728
US-UNIVERSITY-OF-SOUTH-CAROLINA,2001,23000
US-UNIVERSITY-OF-SOUTH-CAROLINA,2002,25140
US-UNIVERSITY-OF-SOUTH-CAROLINA,2003,25288
US-UNIVERSITY-OF-SOUTH-CAROLINA,2004,25596
US-UNIVERSITY-OF-SOUTH-CAROLINA,2005,27065
US-UNIVERSITY-OF-SOUTH-CAROLINA,2006,27390
US-UNIVERSITY-OF-SOUTH-CAROLINA,2007,27272
US-UNIVERSITY-OF-SOUTH-CAROLINA,2008,27488
US-UNIVERSITY-OF-SOUTH-CAROLINA,2009,28482
US-UNIVERSITY-OF-SOUTH-CAROLINA,2010,29599
US-UNIVERSITY-OF-SOUTH-CAROLINA,2011,30721
US-UNIVERSITY-OF-SOUTH-CAROLINA,2012,31288
US-UNIVERSITY-OF-SOUTH-CAROLINA,2013,31964
US-UNIVERSITY-OF-SOUTH-CAROLINA,2014,32971
US-UNIVERSITY-OF-SOUTH-CAROLINA,2015,33724
US-UNIVERSITY-OF-SOUTH-CAROLINA,2016,34099
US-UNIVERSITY-OF-SOUTH-CAROLINA,2017,34731
US-UNIVERSITY-OF-SOUTH-CAROLINA,2018,34795
US-UNIVERSITY-OF-SOUTH-CAROLINA,2019,35364
US-UNIVERSITY-OF-SOUTH-CAROLINA,2020,35470
US-UNIVERSITY-OF-SOUTH-CAROLINA,2021,35471
US-UNIVERSITY-OF-SOUTH-CAROLINA,2022,35653
US-UNIVERSITY-OF-SOUTH-CAROLINA,2023,36579
US-UNIVERSITY-OF-SOUTH-CAROLINA,2024,
US-UNIVERSITY-OF-MISSOURI,2000,23309
US-UNIVERSITY-OF-MISSOURI,2001,23667
US-UNIVERSITY-OF-MISSOURI,2002,26124
US-UNIVERSITY-OF-MISSOURI,2003,26805
US-UNIVERSITY-OF-MISSOURI,2004,27003
US-UNIVERSITY-OF-MISSOURI,2005,27930
US-UNIVERSITY-OF-MISSOURI,2006,28184
US-UNIVERSITY-OF-MISSOURI,2007,28405
US-UNIVERSITY-OF-MISSOURI,2008,30130
US-UNIVERSITY-OF-MISSOURI,2009,31237
US-UNIVERSITY-OF-MISSOURI,2010,32341
US-UNIVERSITY-OF-MISSOURI,2011,33762
US-UNIVERSITY-OF-MISSOURI,2012,34704
US-UNIVERSITY-OF-MISSOURI,2013,34616
US-UNIVERSITY-OF-MISSOURI,2014,35425
US-UNIVERSITY-OF-MISSOURI,2015,35424
US-UNIVERSITY-OF-MISSOURI,2016,33239
US-UNIVERSITY-OF-MISSOURI,2017,30844
US-UNIVERSITY-OF-MISSOURI,2018,29843
US-UNIVERSITY-OF-MISSOURI,2019,30014
US-UNIVERSITY-OF-MISSOURI,2020,31089
US-UNIVERSITY-OF-MISSOURI,2021,31401
US-UNIVERSITY-OF-MISSOURI,2022,31304
US-UNIVERSITY-OF-MISSOURI,2023,31013
US-UNIVERSITY-OF-MISSOURI,2024,
US-BOSTON-UNIVERSITY,2000,28318
US-BOSTON-UNIVERSITY,2001,27756
US-BOSTON-UNIVERSITY,2002,28982
US-BOSTON-UNIVERSITY,2003,29049
US-BOSTON-UNIVERSITY,2004,29596
US-BOSTON-UNIVERSITY,2005,30957
US-BOSTON-UNIVERSITY,2006,31574
US-BOSTON-UNIVERSITY,2007,32053
US-BOSTON-UNIVERSITY,2008,31766
US-BOSTON-UNIVERSITY,2009,31960
US-BOSTON-UNIVERSITY,2010,32179
US-BOSTON-UNIVERSITY,2011,32439
US-BOSTON-UNIVERSITY,2012,32603
US-BOSTON-UNIVERSITY,2013,32411
US-BOSTON-UNIVERSITY,2014,32112
US-BOSTON-UNIVERSITY,2015,32158
US-BOSTON-UNIVERSITY,2016,32695
US-BOSTON-UNIVERSITY,2017,33355
US-BOSTON-UNIVERSITY,2018,34657
US-BOSTON-UNIVERSITY,2019,33720
US-BOSTON-UNIVERSITY,2020,32718
US-BOSTON-UNIVERSITY,2021,36104
US-BOSTON-UNIVERSITY,2022,36714
US-BOSTON-UNIVERSITY,2023,36624
US-BOSTON-UNIVERSITY,2024,
US-UNIVERSITY-OF-MICHIGAN,2000,38103
US-UNIVERSITY-OF-MICHIGAN,2001,38248
US-UNIVERSITY-OF-MICHIGAN,2002,38972
US-UNIVERSITY-OF-MICHIGAN,2003,39031
US-UNIVERSITY-OF-MICHIGAN,2004,39533
US-UNIVERSITY-OF-MICHIGAN,2005,39993
US-UNIVERSITY-OF-MICHIGAN,2006,40025
US-UNIVERSITY-OF-MICHIGAN,2007,41042
US-UNIVERSITY-OF-MICHIGAN,2008,41028
US-UNIVERSITY-OF-MICHIGAN,2009,41674
US-UNIVERSITY-OF-MICHIGAN,2010,41924
US-UNIVERSITY-OF-MICHIGAN,2011,42716
US-UNIVERSITY-OF-MICHIGAN,2012,43426
US-UNIVERSITY-OF-MICHIGAN,2013,43710
US-UNIVERSITY-OF-MICHIGAN,2014,43625
US-UNIVERSITY-OF-MICHIGAN,2015,43651
US-UNIVERSITY-OF-MICHIGAN,2016,44718
US-UNIVERSITY-OF-MICHIGAN,2017,46002
US-UNIVERSITY-OF-MICHIGAN,2018,46716
US-UNIVERSITY-OF-MICHIGAN,2019,48090
US-UNIVERSITY-OF-MICHIGAN,2020,47907
US-UNIVERSITY-OF-MICHIGAN,2021,50278
US-UNIVERSITY-OF-MICHIGAN,2022,51225
US-UNIVERSITY-OF-MICHIGAN,2023,52065
US-UNIVERSITY-OF-MICHIGAN,2024,
US-UNIVERSITY-OF-ILLINOIS-URBANA-CHAMPAIGN,2000,38465
US-UNIVERSITY-OF-ILLINOIS-URBANA-CHAMPAIGN,2001,39291
US-UNIVERSITY-OF-ILLINOIS-URBANA-CHAMPAIGN,2002,39999
US-UNIVERSITY-OF-ILLINOIS-URBANA-CHAMPAIGN,2003,40458
US-UNIVERSITY-OF-ILLINOIS-URBANA-CHAMPAIGN,2004,40687
US-UNIVERSITY-OF-ILLINOIS-URBANA-CHAMPAIGN,2005,41938
US-UNIVERSITY-OF-ILLINOIS-URBANA-CHAMPAIGN,2006,42738
US-UNIVERSITY-OF-ILLINOIS-URBANA-CHAMPAIGN,2007,42326
US-UNIVERSITY-OF-ILLINOIS-URBANA-CHAMPAIGN,2008,43246
US-UNIVERSITY-OF-ILLINOIS-URBANA-CHAMPAIGN,2009,43881
US-UNIVERSITY-OF-ILLINOIS-URBANA-CHAMPAIGN,2010,43862
US-UNIVERSITY-OF-ILLINOIS-URBANA-CHAMPAIGN,2011,44407
US-UNIVERSITY-OF-ILLINOIS-URBANA-CHAMPAIGN,2012,44520
US-UNIVERSITY-OF-ILLINOIS-URBANA-CHAMPAIGN,2013,44942
US-UNIVERSITY-OF-ILLINOIS-URBANA-CHAMPAIGN,2014,45140
US-UNIVERSITY-OF-ILLINOIS-URBANA-CHAMPAIGN,2015,45842
US-UNIVERSITY-OF-ILLINOIS-URBANA-CHAMPAIGN,2016,46951
US-UNIVERSITY-OF-ILLINOIS-URBANA-CHAMPAIGN,2017,48216
US-UNIVERSITY-OF-ILLINOIS-URBANA-CHAMPAIGN,2018,49702
US-UNIVERSITY-OF-ILLINOIS-URBANA-CHAMPAIGN,2019,51605
US-UNIVERSITY-OF-ILLINOIS-URBANA-CHAMPAIGN,2020,52679
US-UNIVERSITY-OF-ILLINOIS-URBANA-CHAMPAIGN,2021,56607
US-UNIVERSITY-OF-ILLINOIS-URBANA-CHAMPAIGN,2022,56916
US-UNIVERSITY-OF-ILLINOIS-URBANA-CHAMPAIGN,2023,56563
US-UNIVERSITY-OF-ILLINOIS-URBANA-CHAMPAIGN,2024,
US-IOWA-STATE-UNIVERSITY,2000,26845
US-IOWA-STATE-UNIVERSITY,2001,27823
US-IOWA-STATE-UNIVERSITY,2002,27898
US-IOWA-STATE-UNIVERSITY,2003,27380
US-IOWA-STATE-UNIVERSITY,2004,26380
US-IOWA-STATE-UNIVERSITY,2005,25741
US-IOWA-STATE-UNIVERSITY,2006,25462
US-IOWA-STATE-UNIVERSITY,2007,26160
US-IOWA-STATE-UNIVERSITY,2008,26856
US-IOWA-STATE-UNIVERSITY,2009,27945
US-IOWA-STATE-UNIVERSITY,2010,28682
US-IOWA-STATE-UNIVERSITY,2011,29611
US-IOWA-STATE-UNIVERSITY,2012,30748
US-IOWA-STATE-UNIVERSITY,2013,32955
US-IOWA-STATE-UNIVERSITY,2014,34435
US-IOWA-STATE-UNIVERSITY,2015,35714
US-IOWA-STATE-UNIVERSITY,2016,36350
US-IOWA-STATE-UNIVERSITY,2017,35993
US-IOWA-STATE-UNIVERSITY,2018,34992
US-IOWA-STATE-UNIVERSITY,2019,33372
US-IOWA-STATE-UNIVERSITY,2020,31822
US-IOWA-STATE-UNIVERSITY,2021,30708
US-IOWA-STATE-UNIVERSITY,2022,29969
US-IOWA-STATE-UNIVERSITY,2023,30177
US-IOWA-STATE-UNIVERSITY,2024,
US-UNIVERSITY-OF-WISCONSIN-MADISON,2000,40658
US-UNIVERSITY-OF-WISCONSIN-MADISON,2001,40922
US-UNIVERSITY-OF-WISCONSIN-MADISON,2002,40884
US-UNIVERSITY-OF-WISCONSIN-MADISON,2003,40879
US-UNIVERSITY-OF-WISCONSIN-MADISON,2004,40455
US-UNIVERSITY-OF-WISCONSIN-MADISON,2005,40793
US-UNIVERSITY-OF-WISCONSIN-MADISON,2006,41028
US-UNIVERSITY-OF-WISCONSIN-MADISON,2007,41563
US-UNIVERSITY-OF-WISCONSIN-MADISON,2008,41620
US-UNIVERSITY-OF-WISCONSIN-MADISON,2009,41654
US-UNIVERSITY-OF-WISCONSIN-MADISON,2010,42180
US-UNIVERSITY-OF-WISCONSIN-MADISON,2011,41946
US-UNIVERSITY-OF-WISCONSIN-MADISON,2012,42269
US-UNIVERSITY-OF-WISCONSIN-MADISON,2013,42677
US-UNIVERSITY-OF-WISCONSIN-MADISON,2014,42598
US-UNIVERSITY-OF-WISCONSIN-MADISON,2015,42716
US-UNIVERSITY-OF-WISCONSIN-MADISON,2016,42582
US-UNIVERSITY-OF-WISCONSIN-MADISON,2017,42977
US-UNIVERSITY-OF-WISCONSIN-MADISON,2018,43463
US-UNIVERSITY-OF-WISCONSIN-MADISON,2019,44257
US-UNIVERSITY-OF-WISCONSIN-MADISON,2020,44640
US-UNIVERSITY-OF-WISCONSIN-MADISON,2021,47016
US-UNIVERSITY-OF-WISCONSIN-MADISON,2022,48956
US-UNIVERSITY-OF-WISCONSIN-MADISON,2023,49605
US-UNIVERSITY-OF-WISCONSIN-MADISON,2024,
US-UNIVERSITY-OF-COLORADO-DENVER,2000,13737
US-UNIVERSITY-OF-COLORADO-DENVER,2001,15004
US-UNIVERSITY-OF-COLORADO-DENVER,2002,15596
US-UNIVERSITY-OF-COLORADO-DENVER,2003,15746
US-UNIVERSITY-OF-COLORADO-DENVER,2004,16610
US-UNIVERSITY-OF-COLORADO-DENVER,2005,19766
US-UNIVERSITY-OF-COLORADO-DENVER,2006,20162
US-UNIVERSITY-OF-COLORADO-DENVER,2007,21658
US-UNIVERSITY-OF-COLORADO-DENVER,2008,21903
US-UNIVERSITY-OF-COLORADO-DENVER,2009,23715
US-UNIVERSITY-OF-COLORADO-DENVER,2010,24108
US-UNIVERSITY-OF-COLORADO-DENVER,2011,22495
US-UNIVERSITY-OF-COLORADO-DENVER,2012,22396
US-UNIVERSITY-OF-COLORADO-DENVER,2013,22206
US-UNIVERSITY-OF-COLORADO-DENVER,2014,22791
US-UNIVERSITY-OF-COLORADO-DENVER,2015,23671
US-UNIVERSITY-OF-COLORADO-DENVER,2016,23960
US-UNIVERSITY-OF-COLORADO-DENVER,2017,24839
US-UNIVERSITY-OF-COLORADO-DENVER,2018,25645
US-UNIVERSITY-OF-COLORADO-DENVER,2019,24910
US-UNIVERSITY-OF-COLORADO-DENVER,2020,24723
US-UNIVERSITY-OF-COLORADO-DENVER,2021,24267
US-UNIVERSITY-OF-COLORADO-DENVER,2022,23744
US-UNIVERSITY-OF-COLORADO-DENVER,2023,23409
US-UNIVERSITY-OF-COLORADO-DENVER,2024,
US-UNIVERSITY-OF-IOWA,2000,28311
US-UNIVERSITY-OF-IOWA,2001,28768
US-UNIVERSITY-OF-IOWA,2002,29697
US-UNIVERSITY-OF-IOWA,2003,29745
US-UNIVERSITY-OF-IOWA,2004,28442
US-UNIVERSITY-OF-IOWA,2005,28426
US-UNIVERSITY-OF-IOWA,2006,28816
US-UNIVERSITY-OF-IOWA,2007,29117
US-UNIVERSITY-OF-IOWA,2008,29152
US-UNIVERSITY-OF-IOWA,2009,28987
US-UNIVERSITY-OF-IOWA,2010,29518
US-UNIVERSITY-OF-IOWA,2011,29810
US-UNIVERSITY-OF-IOWA,2012,30129
US-UNIVERSITY-OF-IOWA,2013,29748
US-UNIVERSITY-OF-IOWA,2014,29970
US-UNIVERSITY-OF-IOWA,2015,30844
US-UNIVERSITY-OF-IOWA,2016,32011
US-UNIVERSITY-OF-IOWA,2017,32166
US-UNIVERSITY-OF-IOWA,2018,31656
US-UNIVERSITY-OF-IOWA,2019,31240
US-UNIVERSITY-OF-IOWA,2020,30318
US-UNIVERSITY-OF-IOWA,2021,29909
US-UNIVERSITY-OF-IOWA,2022,30015
US-UNIVERSITY-OF-IOWA,2023,30042
US-UNIVERSITY-OF-IOWA,2024,
US-UNIVERSITY-OF-KANSAS,2000,25920
US-UNIVERSITY-OF-KANSAS,2001,25782
US-UNIVERSITY-OF-KANSAS,2002,26458
US-UNIVERSITY-OF-KANSAS,2003,26814
US-UNIVERSITY-OF-KANSAS,2004,26980
US-UNIVERSITY-OF-KANSAS,2005,26934
US-UNIVERSITY-OF-KANSAS,2006,26773
US-UNIVERSITY-OF-KANSAS,2007,28569
US-UNIVERSITY-OF-KANSAS,2008,29365
US-UNIVERSITY-OF-KANSAS,2009,29242
US-UNIVERSITY-OF-KANSAS,2010,28697
US-UNIVERSITY-OF-KANSAS,2011,27939
US-UNIVERSITY-OF-KANSAS,2012,27135
US-UNIVERSITY-OF-KANSAS,2013,26968
US-UNIVERSITY-OF-KANSAS,2014,27180
US-UNIVERSITY-OF-KANSAS,2015,27259
US-UNIVERSITY-OF-KANSAS,2016,27565
US-UNIVERSITY-OF-KANSAS,2017,27625
US-UNIVERSITY-OF-KANSAS,2018,27690
US-UNIVERSITY-OF-KANSAS,2019,27552
US-UNIVERSITY-OF-KANSAS,2020,26744
US-UNIVERSITY-OF-KANSAS,2021,26780
US-UNIVERSITY-OF-KANSAS,2022,26708
US-UNIVERSITY-OF-KANSAS,2023,28406
US-UNIVERSITY-OF-KANSAS,2024,
US-OHIO-STATE-UNIVERSITY,2000,47952
US-OHIO-STATE-UNIVERSITY,2001,48477
US-OHIO-STATE-UNIVERSITY,2002,49676
US-OHIO-STATE-UNIVERSITY,2003,50731
US-OHIO-STATE-UNIVERSITY,2004,50995
US-OHIO-STATE-UNIVERSITY,2005,50504
US-OHIO-STATE-UNIVERSITY,2006,51818
US-OHIO-STATE-UNIVERSITY,2007,52568
US-OHIO-STATE-UNIVERSITY,2008,53715
US-OHIO-STATE-UNIVERSITY,2009,55014
US-OHIO-STATE-UNIVERSITY,2010,56064
US-OHIO-STATE-UNIVERSITY,2011,56867
US-OHIO-STATE-UNIVERSITY,2012,56387
US-OHIO-STATE-UNIVERSITY,2013,57466
US-OHIO-STATE-UNIVERSITY,2014,58322
US-OHIO-STATE-UNIVERSITY,2015,58663
US-OHIO-STATE-UNIVERSITY,2016,59482
US-OHIO-STATE-UNIVERSITY,2017,59837
US-OHIO-STATE-UNIVERSITY,2018,61170
US-OHIO-STATE-UNIVERSITY,2019,61391
US-OHIO-STATE-UNIVERSITY,2020,61369
US-OHIO-STATE-UNIVERSITY,2021,61677
US-OHIO-STATE-UNIVERSITY,2022,60540
US-OHIO-STATE-UNIVERSITY,2023,60046
US-OHIO-STATE-UNIVERSITY,2024,
US-CORNELL-UNIVERSITY,2000,12043
US-CORNELL-UNIVERSITY,2001,12438
US-CORNELL-UNIVERSITY,2002,12566
US-CORNELL-UNIVERSITY,2003,19620
US-CORNELL-UNIVERSITY,2004,19518
US-CORNELL-UNIVERSITY,2005,19642
US-CORNELL-UNIVERSITY,2006,19639
US-CORNELL-UNIVERSITY,2007,19800
US-CORNELL-UNIVERSITY,2008,20273
US-CORNELL-UNIVERSITY,2009,20633
US-CORNELL-UNIVERSITY,2010,20939
US-CORNELL-UNIVERSITY,2011,21131
US-CORNELL-UNIVERSITY,2012,21424
US-CORNELL-UNIVERSITY,2013,21593
US-CORNELL-UNIVERSITY,2014,21679
US-CORNELL-UNIVERSITY,2015,21904
US-CORNELL-UNIVERSITY,2016,22319
US-CORNELL-UNIVERSITY,2017,23016
US-CORNELL-UNIVERSITY,2018,23600
US-CORNELL-UNIVERSITY,2019,24027
US-CORNELL-UNIVERSITY,2020,23620
US-CORNELL-UNIVERSITY,2021,25582
US-CORNELL-UNIVERSITY,2022,25898
US-CORNELL-UNIVERSITY,2023,26264
US-CORNELL-UNIVERSITY,2024,
US-UNIVERSITY-OF-MINNESOTA-TWIN-CITIES,2000,45481
US-UNIVERSITY-OF-MINNESOTA-TWIN-CITIES,2001,46597
US-UNIVERSITY-OF-MINNESOTA-TWIN-CITIES,2002,48677
US-UNIVERSITY-OF-MINNESOTA-TWIN-CITIES,2003,49474
US-UNIVERSITY-OF-MINNESOTA-TWIN-CITIES,2004,50954
US-UNIVERSITY-OF-MINNESOTA-TWIN-CITIES,2005,51175
US-UNIVERSITY-OF-MINNESOTA-TWIN-CITIES,2006,50402
US-UNIVERSITY-OF-MINNESOTA-TWIN-CITIES,2007,50883
US-UNIVERSITY-OF-MINNESOTA-TWIN-CITIES,2008,51140
US-UNIVERSITY-OF-MINNESOTA-TWIN-CITIES,2009,51659
US-UNIVERSITY-OF-MINNESOTA-TWIN-CITIES,2010,51721
US-UNIVERSITY-OF-MINNESOTA-TWIN-CITIES,2011,52557
US-UNIVERSITY-OF-MINNESOTA-TWIN-CITIES,2012,51853
US-UNIVERSITY-OF-MINNESOTA-TWIN-CITIES,2013,51526
US-UNIVERSITY-OF-MINNESOTA-TWIN-CITIES,2014,51147
US-UNIVERSITY-OF-MINNESOTA-TWIN-CITIES,2015,50678
US-UNIVERSITY-OF-MINNESOTA-TWIN-CITIES,2016,51580
US-UNIVERSITY-OF-MINNESOTA-TWIN-CITIES,2017,51848
US-UNIVERSITY-OF-MINNESOTA-TWIN-CITIES,2018,50943
US-UNIVERSITY-OF-MINNESOTA-TWIN-CITIES,2019,51327
US-UNIVERSITY-OF-MINNESOTA-TWIN-CITIES,2020,52017
US-UNIVERSITY-OF-MINNESOTA-TWIN-CITIES,2021,52376
US-UNIVERSITY-OF-MINNESOTA-TWIN-CITIES,2022,54955
US-UNIVERSITY-OF-MINNESOTA-TWIN-CITIES,2023,54890
US-UNIVERSITY-OF-MINNESOTA-TWIN-CITIES,2024,
US-UNIVERSITY-OF-TENNESSEE-KNOXVILLE,2000,25890
US-UNIVERSITY-OF-TENNESSEE-KNOXVILLE,2001,26033
US-UNIVERSITY-OF-TENNESSEE-KNOXVILLE,2002,27971
US-UNIVERSITY-OF-TENNESSEE-KNOXVILLE,2003,27281
US-UNIVERSITY-OF-TENNESSEE-KNOXVILLE,2004,27792
US-UNIVERSITY-OF-TENNESSEE-KNOXVILLE,2005,28512
US-UNIVERSITY-OF-TENNESSEE-KNOXVILLE,2006,28901
US-UNIVERSITY-OF-TENNESSEE-KNOXVILLE,2007,29937
US-UNIVERSITY-OF-TENNESSEE-KNOXVILLE,2008,30410
US-UNIVERSITY-OF-TENNESSEE-KNOXVILLE,2009,29934
US-UNIVERSITY-OF-TENNESSEE-KNOXVILLE,2010,30300
US-UNIVERSITY-OF-TENNESSEE-KNOXVILLE,2011,30194
US-UNIVERSITY-OF-TENNESSEE-KNOXVILLE,2012,29833
US-UNIVERSITY-OF-TENNESSEE-KNOXVILLE,2013,30030
US-UNIVERSITY-OF-TENNESSEE-KNOXVILLE,2014,30386
US-UNIVERSITY-OF-TENNESSEE-KNOXVILLE,2015,27845
US-UNIVERSITY-OF-TENNESSEE-KNOXVILLE,2016,28052
US-UNIVERSITY-OF-TENNESSEE-KNOXVILLE,2017,28321
US-UNIVERSITY-OF-TENNESSEE-KNOXVILLE,2018,28894
US-UNIVERSITY-OF-TENNESSEE-KNOXVILLE,2019,29460
US-UNIVERSITY-OF-TENNESSEE-KNOXVILLE,2020,30559
US-UNIVERSITY-OF-TENNESSEE-KNOXVILLE,2021,31701
US-UNIVERSITY-OF-TENNESSEE-KNOXVILLE,2022,33805
US-UNIVERSITY-OF-TENNESSEE-KNOXVILLE,2023,36304
US-UNIVERSITY-OF-TENNESSEE-KNOXVILLE,2024,
US-UNIVERSITY-BUFFALO,2000,24830
US-UNIVERSITY-BUFFALO,2001,25838
US-UNIVERSITY-BUFFALO,2002,26168
US-UNIVERSITY-BUFFALO,2003,27255
US-UNIVERSITY-BUFFALO,2004,27276
US-UNIVERSITY-BUFFALO,2005,27220
US-UNIVERSITY-BUFFALO,2006,27823
US-UNIVERSITY-BUFFALO,2007,28054
US-UNIVERSITY-BUFFALO,2008,28192
US-UNIVERSITY-BUFFALO,2009,28881
US-UNIVERSITY-BUFFALO,2010,29117
US-UNIVERSITY-BUFFALO,2011,28849
US-UNIVERSITY-BUFFALO,2012,28952
US-UNIVERSITY-BUFFALO,2013,29850
US-UNIVERSITY-BUFFALO,2014,29995
US-UNIVERSITY-BUFFALO,2015,29796
US-UNIVERSITY-BUFFALO,2016,30184
US-UNIVERSITY-BUFFALO,2017,30648
US-UNIVERSITY-BUFFALO,2018,31503
US-UNIVERSITY-BUFFALO,2019,31923
US-UNIVERSITY-BUFFALO,2020,32347
US-UNIVERSITY-BUFFALO,2021,32332
US-UNIVERSITY-BUFFALO,2022,32099
US-UNIVERSITY-BUFFALO,2023,31889
US-UNIVERSITY-BUFFALO,2024,
US-LONG-ISLAND-UNIVERSITY,2000,9627
US-LONG-ISLAND-UNIVERSITY,2001,10133
US-LONG-ISLAND-UNIVERSITY,2002,10644
US-LONG-ISLAND-UNIVERSITY,2003,9895
US-LONG-ISLAND-UNIVERSITY,2004,9941
US-LONG-ISLAND-UNIVERSITY,2005,9912
US-LONG-ISLAND-UNIVERSITY,2006,8137
US-LONG-ISLAND-UNIVERSITY,2007,8361
US-LONG-ISLAND-UNIVERSITY,2008,8771
US-LONG-ISLAND-UNIVERSITY,2009,11749
US-LONG-ISLAND-UNIVERSITY,2010,11052
US-LONG-ISLAND-UNIVERSITY,2011,11287
US-LONG-ISLAND-UNIVERSITY,2012,11012
US-LONG-ISLAND-UNIVERSITY,2013,10599
US-LONG-ISLAND-UNIVERSITY,2014,9486
US-LONG-ISLAND-UNIVERSITY,2015,8623
US-LONG-ISLAND-UNIVERSITY,2016,8634
US-LONG-ISLAND-UNIVERSITY,2017,8499
US-LONG-ISLAND-UNIVERSITY,2018,15196
US-LONG-ISLAND-UNIVERSITY,2019,15546
US-LONG-ISLAND-UNIVERSITY,2020,15066
US-LONG-ISLAND-UNIVERSITY,2021,15191
US-LONG-ISLAND-UNIVERSITY,2022,15737
US-LONG-ISLAND-UNIVERSITY,2023,16322
US-LONG-ISLAND-UNIVERSITY,2024,
US-UNIVERSITY-OF-COLORADO-BOULDER,2000,29352
US-UNIVERSITY-OF-COLORADO-BOULDER,2001,30063
US-UNIVERSITY-OF-COLORADO-BOULDER,2002,31415
US-UNIVERSITY-OF-COLORADO-BOULDER,2003,32423
US-UNIVERSITY-OF-COLORADO-BOULDER,2004,32362
US-UNIVERSITY-OF-COLORADO-BOULDER,2005,31589
US-UNIVERSITY-OF-COLORADO-BOULDER,2006,31665
US-UNIVERSITY-OF-COLORADO-BOULDER,2007,31796
US-UNIVERSITY-OF-COLORADO-BOULDER,2008,32469
US-UNIVERSITY-OF-COLORADO-BOULDER,2009,33010
US-UNIVERSITY-OF-COLORADO-BOULDER,2010,32697
US-UNIVERSITY-OF-COLORADO-BOULDER,2011,32558
US-UNIVERSITY-OF-COLORADO-BOULDER,2012,31945
US-UNIVERSITY-OF-COLORADO-BOULDER,2013,32017
US-UNIVERSITY-OF-COLORADO-BOULDER,2014,32432
US-UNIVERSITY-OF-COLORADO-BOULDER,2015,33056
US-UNIVERSITY-OF-COLORADO-BOULDER,2016,33977
US-UNIVERSITY-OF-COLORADO-BOULDER,2017,35338
US-UNIVERSITY-OF-COLORADO-BOULDER,2018,36681
US-UNIVERSITY-OF-COLORADO-BOULDER,2019,37883
US-UNIVERSITY-OF-COLORADO-BOULDER,2020,37437
US-UNIVERSITY-OF-COLORADO-BOULDER,2021,39000
US-UNIVERSITY-OF-COLORADO-BOULDER,2022,39585
US-UNIVERSITY-OF-COLORADO-BOULDER,2023,41432
US-UNIVERSITY-OF-COLORADO-BOULDER,2024,
US-JOHNS-HOPKINS-UNIVERSITY,2000,17774
US-JOHNS-HOPKINS-UNIVERSITY,2001,17826
US-JOHNS-HOPKINS-UNIVERSITY,2002,17989
US-JOHNS-HOPKINS-UNIVERSITY,2003,18820
US-JOHNS-HOPKINS-UNIVERSITY,2004,18626
US-JOHNS-HOPKINS-UNIVERSITY,2005,19225
US-JOHNS-HOPKINS-UNIVERSITY,2006,19708
US-JOHNS-HOPKINS-UNIVERSITY,2007,19682
US-JOHNS-HOPKINS-UNIVERSITY,2008,19758
US-JOHNS-HOPKINS-UNIVERSITY,2009,20383
US-JOHNS-HOPKINS-UNIVERSITY,2010,20977
US-JOHNS-HOPKINS-UNIVERSITY,2011,20996
US-JOHNS-HOPKINS-UNIVERSITY,2012,20871
US-JOHNS-HOPKINS-UNIVERSITY,2013,20918
US-JOHNS-HOPKINS-UNIVERSITY,2014,21372
US-JOHNS-HOPKINS-UNIVERSITY,2015,22686
US-JOHNS-HOPKINS-UNIVERSITY,2016,23917
US-JOHNS-HOPKINS-UNIVERSITY,2017,25151
US-JOHNS-HOPKINS-UNIVERSITY,2018,26152
US-JOHNS-HOPKINS-UNIVERSITY,2019,27079
US-JOHNS-HOPKINS-UNIVERSITY,2020,28890
US-JOHNS-HOPKINS-UNIVERSITY,2021,32049
US-JOHNS-HOPKINS-UNIVERSITY,2022,31275
US-JOHNS-HOPKINS-UNIVERSITY,2023,30362
US-JOHNS-HOPKINS-UNIVERSITY,2024,
US-UNIVERSITY-OF-TEXAS-AUSTIN,2000,49996
US-UNIVERSITY-OF-TEXAS-AUSTIN,2001,50616
US-UNIVERSITY-OF-TEXAS-AUSTIN,2002,52261
US-UNIVERSITY-OF-TEXAS-AUSTIN,2003,51426
US-UNIVERSITY-OF-TEXAS-AUSTIN,2004,50377
US-UNIVERSITY-OF-TEXAS-AUSTIN,2005,49696
US-UNIVERSITY-OF-TEXAS-AUSTIN,2006,49697
US-UNIVERSITY-OF-TEXAS-AUSTIN,2007,50170
US-UNIVERSITY-OF-TEXAS-AUSTIN,2008,49984
US-UNIVERSITY-OF-TEXAS-AUSTIN,2009,50995
US-UNIVERSITY-OF-TEXAS-AUSTIN,2010,51195
US-UNIVERSITY-OF-TEXAS-AUSTIN,2011,51112
US-UNIVERSITY-OF-TEXAS-AUSTIN,2012,52186
US-UNIVERSITY-OF-TEXAS-AUSTIN,2013,52059
US-UNIVERSITY-OF-TEXAS-AUSTIN,2014,51313
US-UNIVERSITY-OF-TEXAS-AUSTIN,2015,50950
US-UNIVERSITY-OF-TEXAS-AUSTIN,2016,51331
US-UNIVERSITY-OF-TEXAS-AUSTIN,2017,51525
US-UNIVERSITY-OF-TEXAS-AUSTIN,2018,51832
US-UNIVERSITY-OF-TEXAS-AUSTIN,2019,51090
US-UNIVERSITY-OF-TEXAS-AUSTIN,2020,50476
US-UNIVERSITY-OF-TEXAS-AUSTIN,2021,51991
US-UNIVERSITY-OF-TEXAS-AUSTIN,2022,52384
US-UNIVERSITY-OF-TEXAS-AUSTIN,2023,53082
US-UNIVERSITY-OF-TEXAS-AUSTIN,2024,
US-UNIVERSITY-OF-WASHINGTON,2000,36139
US-UNIVERSITY-OF-WASHINGTON,2001,37412
US-UNIVERSITY-OF-WASHINGTON,2002,39882
US-UNIVERSITY-OF-WASHINGTON,2003,39135
US-UNIVERSITY-OF-WASHINGTON,2004,39199
US-UNIVERSITY-OF-WASHINGTON,2005,39251
US-UNIVERSITY-OF-WASHINGTON,2006,39524
US-UNIVERSITY-OF-WASHINGTON,2007,40218
US-UNIVERSITY-OF-WASHINGTON,2008,39675
US-UNIVERSITY-OF-WASHINGTON,2009,45943
US-UNIVERSITY-OF-WASHINGTON,2010,42451
US-UNIVERSITY-OF-WASHINGTON,2011,42444
US-UNIVERSITY-OF-WASHINGTON,2012,43485
US-UNIVERSITY-OF-WASHINGTON,2013,43762
US-UNIVERSITY-OF-WASHINGTON,2014,44784
US-UNIVERSITY-OF-WASHINGTON,2015,45408
US-UNIVERSITY-OF-WASHINGTON,2016,45591
US-UNIVERSITY-OF-WASHINGTON,2017,46166
US-UNIVERSITY-OF-WASHINGTON,2018,47400
US-UNIVERSITY-OF-WASHINGTON,2019,47576
US-UNIVERSITY-OF-WASHINGTON,2020,48149
US-UNIVERSITY-OF-WASHINGTON,2021,52434
US-UNIVERSITY-OF-WASHINGTON,2022,52319
US-UNIVERSITY-OF-WASHINGTON,2023,55620
US-UNIVERSITY-OF-WASHINGTON,2024,
US-UNIVERSITY-OF-PITTSBURGH,2000,26329
US-UNIVERSITY-OF-PITTSBURGH,2001,26710
US-UNIVERSITY-OF-PITTSBURGH,2002,27190
US-UNIVERSITY-OF-PITTSBURGH,2003,26795
US-UNIVERSITY-OF-PITTSBURGH,2004,26731
US-UNIVERSITY-OF-PITTSBURGH,2005,26559
US-UNIVERSITY-OF-PITTSBURGH,2006,26860
US-UNIVERSITY-OF-PITTSBURGH,2007,27020
US-UNIVERSITY-OF-PITTSBURGH,2008,27562
US-UNIVERSITY-OF-PITTSBURGH,2009,28328
US-UNIVERSITY-OF-PITTSBURGH,2010,28823
US-UNIVERSITY-OF-PITTSBURGH,2011,28766
US-UNIVERSITY-OF-PITTSBURGH,2012,28769
US-UNIVERSITY-OF-PITTSBURGH,2013,28649
US-UNIVERSITY-OF-PITTSBURGH,2014,28617
US-UNIVERSITY-OF-PITTSBURGH,2015,28649
US-UNIVERSITY-OF-PITTSBURGH,2016,28664
US-UNIVERSITY-OF-PITTSBURGH,2017,28642
US-UNIVERSITY-OF-PITTSBURGH,2018,28673
US-UNIVERSITY-OF-PITTSBURGH,2019,32686
US-UNIVERSITY-OF-PITTSBURGH,2020,32277
US-UNIVERSITY-OF-PITTSBURGH,2021,33230
US-UNIVERSITY-OF-PITTSBURGH,2022,33767
US-UNIVERSITY-OF-PITTSBURGH,2023,34525
US-UNIVERSITY-OF-PITTSBURGH,2024,
US-WASHINGTON-STATE-UNIVERSITY,2000,20492
US-WASHINGTON-STATE-UNIVERSITY,2001,21073
US-WASHINGTON-STATE-UNIVERSITY,2002,21880
US-WASHINGTON-STATE-UNIVERSITY,2003,22712
US-WASHINGTON-STATE-UNIVERSITY,2004,23241
US-WASHINGTON-STATE-UNIVERSITY,2005,23544
US-WASHINGTON-STATE-UNIVERSITY,2006,23655
US-WASHINGTON-STATE-UNIVERSITY,2007,24396
US-WASHINGTON-STATE-UNIVERSITY,2008,25352
US-WASHINGTON-STATE-UNIVERSITY,2009,26101
US-WASHINGTON-STATE-UNIVERSITY,2010,26287
US-WASHINGTON-STATE-UNIVERSITY,2011,27329
US-WASHINGTON-STATE-UNIVERSITY,2012,27679
US-WASHINGTON-STATE-UNIVERSITY,2013,27642
US-WASHINGTON-STATE-UNIVERSITY,2014,28686
US-WASHINGTON-STATE-UNIVERSITY,2015,29686
US-WASHINGTON-STATE-UNIVERSITY,2016,30142
US-WASHINGTON-STATE-UNIVERSITY,2017,30614
US-WASHINGTON-STATE-UNIVERSITY,2018,31478
US-WASHINGTON-STATE-UNIVERSITY,2019,31607
US-WASHINGTON-STATE-UNIVERSITY,2020,31159
US-WASHINGTON-STATE-UNIVERSITY,2021,29843
US-WASHINGTON-STATE-UNIVERSITY,2022,27539
US-WASHINGTON-STATE-UNIVERSITY,2023,26490
US-WASHINGTON-STATE-UNIVERSITY,2024,
US-AMERICAN-UNIVERSITY,2000,10776
US-AMERICAN-UNIVERSITY,2001,10692
US-AMERICAN-UNIVERSITY,2002,11052
US-AMERICAN-UNIVERSITY,2003,10978
US-AMERICAN-UNIVERSITY,2004,11192
US-AMERICAN-UNIVERSITY,2005,11279
US-AMERICAN-UNIVERSITY,2006,11378
US-AMERICAN-UNIVERSITY,2007,11449
US-AMERICAN-UNIVERSITY,2008,11684
US-AMERICAN-UNIVERSITY,2009,12241
US-AMERICAN-UNIVERSITY,2010,12795
US-AMERICAN-UNIVERSITY,2011,12724
US-AMERICAN-UNIVERSITY,2012,12904
US-AMERICAN-UNIVERSITY,2013,12818
US-AMERICAN-UNIVERSITY,2014,13061
US-AMERICAN-UNIVERSITY,2015,13198
US-AMERICAN-UNIVERSITY,2016,13346
US-AMERICAN-UNIVERSITY,2017,13858
US-AMERICAN-UNIVERSITY,2018,14311
US-AMERICAN-UNIVERSITY,2019,14318
US-AMERICAN-UNIVERSITY,2020,14001
US-AMERICAN-UNIVERSITY,2021,14852
US-AMERICAN-UNIVERSITY,2022,13885
US-AMERICAN-UNIVERSITY,2023,13019
US-AMERICAN-UNIVERSITY,2024,
US-VIRGINIA-COMMONWEALTH-UNIVERSITY,2000,24066
US-VIRGINIA-COMMONWEALTH-UNIVERSITY,2001,25001
US-VIRGINIA-COMMONWEALTH-UNIVERSITY,2002,26009
US-VIRGINIA-COMMONWEALTH-UNIVERSITY,2003,26631
US-VIRGINIA-COMMONWEALTH-UNIVERSITY,2004,28303
US-VIRGINIA-COMMONWEALTH-UNIVERSITY,2005,29168
US-VIRGINIA-COMMONWEALTH-UNIVERSITY,2006,30189
US-VIRGINIA-COMMONWEALTH-UNIVERSITY,2007,31700
US-VIRGINIA-COMMONWEALTH-UNIVERSITY,2008,32044
US-VIRGINIA-COMMONWEALTH-UNIVERSITY,2009,32172
US-VIRGINIA-COMMONWEALTH-UNIVERSITY,2010,32027
US-VIRGINIA-COMMONWEALTH-UNIVERSITY,2011,31627
US-VIRGINIA-COMMONWEALTH-UNIVERSITY,2012,31445
US-VIRGINIA-COMMONWEALTH-UNIVERSITY,2013,30974
US-VIRGINIA-COMMONWEALTH-UNIVERSITY,2014,30848
US-VIRGINIA-COMMONWEALTH-UNIVERSITY,2015,30918
US-VIRGINIA-COMMONWEALTH-UNIVERSITY,2016,30872
US-VIRGINIA-COMMONWEALTH-UNIVERSITY,2017,30675
US-VIRGINIA-COMMONWEALTH-UNIVERSITY,2018,30697
US-VIRGINIA-COMMONWEALTH-UNIVERSITY,2019,29757
US-VIRGINIA-COMMONWEALTH-UNIVERSITY,2020,29070
US-VIRGINIA-COMMONWEALTH-UNIVERSITY,2021,28594
US-VIRGINIA-COMMONWEALTH-UNIVERSITY,2022,28082
US-VIRGINIA-COMMONWEALTH-UNIVERSITY,2023,28238
US-VIRGINIA-COMMONWEALTH-UNIVERSITY,2024,
US-UNIVERSITY-OF-OKLAHOMA,2000,24205
US-UNIVERSITY-OF-OKLAHOMA,2001,25104
US-UNIVERSITY-OF-OKLAHOMA,2002,26263
US-UNIVERSITY-OF-OKLAHOMA,2003,27146
US-UNIVERSITY-OF-OKLAHOMA,2004,27483
US-UNIVERSITY-OF-OKLAHOMA,2005,26506
US-UNIVERSITY-OF-OKLAHOMA,2006,25923
US-UNIVERSITY-OF-OKLAHOMA,2007,26068
US-UNIVERSITY-OF-OKLAHOMA,2008,26140
US-UNIVERSITY-OF-OKLAHOMA,2009,25881
US-UNIVERSITY-OF-OKLAHOMA,2010,26476
US-UNIVERSITY-OF-OKLAHOMA,2011,27138
US-UNIVERSITY-OF-OKLAHOMA,2012,27507
US-UNIVERSITY-OF-OKLAHOMA,2013,27292
US-UNIVERSITY-OF-OKLAHOMA,2014,27261
US-UNIVERSITY-OF-OKLAHOMA,2015,27428
US-UNIVERSITY-OF-OKLAHOMA,2016,27918
US-UNIVERSITY-OF-OKLAHOMA,2017,28527
US-UNIVERSITY-OF-OKLAHOMA,2018,28564
US-UNIVERSITY-OF-OKLAHOMA,2019,28079
US-UNIVERSITY-OF-OKLAHOMA,2020,27772
US-UNIVERSITY-OF-OKLAHOMA,2021,28042
US-UNIVERSITY-OF-OKLAHOMA,2022,28308
US-UNIVERSITY-OF-OKLAHOMA,2023,29145
US-UNIVERSITY-OF-OKLAHOMA,2024,
US-UNIVERSITY-OF-GEORGIA,2000,31288
US-UNIVERSITY-OF-GEORGIA,2001,32317
US-UNIVERSITY-OF-GEORGIA,2002,32941
US-UNIVERSITY-OF-GEORGIA,2003,33878
US-UNIVERSITY-OF-GEORGIA,2004,33405
US-UNIVERSITY-OF-GEORGIA,2005,33660
US-UNIVERSITY-OF-GEORGIA,2006,33959
US-UNIVERSITY-OF-GEORGIA,2007,33831
US-UNIVERSITY-OF-GEORGIA,2008,34180
US-UNIVERSITY-OF-GEORGIA,2009,34885
US-UNIVERSITY-OF-GEORGIA,2010,34677
US-UNIVERSITY-OF-GEORGIA,2011,34816
US-UNIVERSITY-OF-GEORGIA,2012,34519
US-UNIVERSITY-OF-GEORGIA,2013,34536
US-UNIVERSITY-OF-GEORGIA,2014,35197
US-UNIVERSITY-OF-GEORGIA,2015,36130
US-UNIVERSITY-OF-GEORGIA,2016,36574
US-UNIVERSITY-OF-GEORGIA,2017,37606
US-UNIVERSITY-OF-GEORGIA,2018,38652
US-UNIVERSITY-OF-GEORGIA,2019,38920
US-UNIVERSITY-OF-GEORGIA,2020,39147
US-UNIVERSITY-OF-GEORGIA,2021,40118
US-UNIVERSITY-OF-GEORGIA,2022,40607
US-UNIVERSITY-OF-GEORGIA,2023,41615
US-UNIVERSITY-OF-GEORGIA,2024,
US-UNIVERSITY-OF-SOUTHERN-CALIFORNIA,2000,29194
US-UNIVERSITY-OF-SOUTHERN-CALIFORNIA,2001,29813
US-UNIVERSITY-OF-SOUTHERN-CALIFORNIA,2002,30682
US-UNIVERSITY-OF-SOUTHERN-CALIFORNIA,2003,31606
US-UNIVERSITY-OF-SOUTHERN-CALIFORNIA,2004,32160
US-UNIVERSITY-OF-SOUTHERN-CALIFORNIA,2005,32836
US-UNIVERSITY-OF-SOUTHERN-CALIFORNIA,2006,33389
US-UNIVERSITY-OF-SOUTHERN-CALIFORNIA,2007,33408
US-UNIVERSITY-OF-SOUTHERN-CALIFORNIA,2008,33747
US-UNIVERSITY-OF-SOUTHERN-CALIFORNIA,2009,34824
US-UNIVERSITY-OF-SOUTHERN-CALIFORNIA,2010,36896
US-UNIVERSITY-OF-SOUTHERN-CALIFORNIA,2011,38010
US-UNIVERSITY-OF-SOUTHERN-CALIFORNIA,2012,39958
US-UNIVERSITY-OF-SOUTHERN-CALIFORNIA,2013,41368
US-UNIVERSITY-OF-SOUTHERN-CALIFORNIA,2014,42453
US-UNIVERSITY-OF-SOUTHERN-CALIFORNIA,2015,43401
US-UNIVERSITY-OF-SOUTHERN-CALIFORNIA,2016,43871
US-UNIVERSITY-OF-SOUTHERN-CALIFORNIA,2017,45687
US-UNIVERSITY-OF-SOUTHERN-CALIFORNIA,2018,47310
US-UNIVERSITY-OF-SOUTHERN-CALIFORNIA,2019,48321
US-UNIVERSITY-OF-SOUTHERN-CALIFORNIA,2020,46287
US-UNIVERSITY-OF-SOUTHERN-CALIFORNIA,2021,49318
US-UNIVERSITY-OF-SOUTHERN-CALIFORNIA,2022,48945
US-UNIVERSITY-OF-SOUTHERN-CALIFORNIA,2023,47147
US-UNIVERSITY-OF-SOUTHERN-CALIFORNIA,2024,
US-YALE-UNIVERSITY,2000,11099
US-YALE-UNIVERSITY,2001,11136
US-YALE-UNIVERSITY,2002,11378
US-YALE-UNIVERSITY,2003,11471
US-YALE-UNIVERSITY,2004,11441
US-YALE-UNIVERSITY,2005,11483
US-YALE-UNIVERSITY,2006,11415
US-YALE-UNIVERSITY,2007,11454
US-YALE-UNIVERSITY,2008,10192
US-YALE-UNIVERSITY,2009,11593
US-YALE-UNIVERSITY,2010,11701
US-YALE-UNIVERSITY,2011,11875
US-YALE-UNIVERSITY,2012,11906
US-YALE-UNIVERSITY,2013,12109
US-YALE-UNIVERSITY,2014,12336
US-YALE-UNIVERSITY,2015,12385
US-YALE-UNIVERSITY,2016,12458
US-YALE-UNIVERSITY,2017,12974
US-YALE-UNIVERSITY,2018,13433
US-YALE-UNIVERSITY,2019,13609
US-YALE-UNIVERSITY,2020,12060
US-YALE-UNIVERSITY,2021,14567
US-YALE-UNIVERSITY,2022,14776
US-YALE-UNIVERSITY,2023,15081
US-YALE-UNIVERSITY,2024,
US-OHIO-UNIVERSITY,2000,19920
US-OHIO-UNIVERSITY,2001,20288
US-OHIO-UNIVERSITY,2002,20548
US-OHIO-UNIVERSITY,2003,20452
US-OHIO-UNIVERSITY,2004,20143
US-OHIO-UNIVERSITY,2005,20461
US-OHIO-UNIVERSITY,2006,20610
US-OHIO-UNIVERSITY,2007,21089
US-OHIO-UNIVERSITY,2008,21369
US-OHIO-UNIVERSITY,2009,22647
US-OHIO-UNIVERSITY,2010,25108
US-OHIO-UNIVERSITY,2011,26201
US-OHIO-UNIVERSITY,2012,27402
US-OHIO-UNIVERSITY,2013,28786
US-OHIO-UNIVERSITY,2014,29217
US-OHIO-UNIVERSITY,2015,29012
US-OHIO-UNIVERSITY,2016,29509
US-OHIO-UNIVERSITY,2017,29369
US-OHIO-UNIVERSITY,2018,28480
US-OHIO-UNIVERSITY,2019,27367
US-OHIO-UNIVERSITY,2020,25714
US-OHIO-UNIVERSITY,2021,24797
US-OHIO-UNIVERSITY,2022,24145
US-OHIO-UNIVERSITY,2023,24937
US-OHIO-UNIVERSITY,2024,
US-UNIVERSITY-OF-HAWAII-MANOA,2000,17263
US-UNIVERSITY-OF-HAWAII-MANOA,2001,17532
US-UNIVERSITY-OF-HAWAII-MANOA,2002,18696
US-UNIVERSITY-OF-HAWAII-MANOA,2003,19862
US-UNIVERSITY-OF-HAWAII-MANOA,2004,20549
US-UNIVERSITY-OF-HAWAII-MANOA,2005,20644
US-UNIVERSITY-OF-HAWAII-MANOA,2006,20357
US-UNIVERSITY-OF-HAWAII-MANOA,2007,20051
US-UNIVERSITY-OF-HAWAII-MANOA,2008,20169
US-UNIVERSITY-OF-HAWAII-MANOA,2009,20435
US-UNIVERSITY-OF-HAWAII-MANOA,2010,20337
US-UNIVERSITY-OF-HAWAII-MANOA,2011,20429
US-UNIVERSITY-OF-HAWAII-MANOA,2012,20426
US-UNIVERSITY-OF-HAWAII-MANOA,2013,20006
US-UNIVERSITY-OF-HAWAII-MANOA,2014,19507
US-UNIVERSITY-OF-HAWAII-MANOA,2015,18865
US-UNIVERSITY-OF-HAWAII-MANOA,2016,18056
US-UNIVERSITY-OF-HAWAII-MANOA,2017,17612
US-UNIVERSITY-OF-HAWAII-MANOA,2018,17710
US-UNIVERSITY-OF-HAWAII-MANOA,2019,17490
US-UNIVERSITY-OF-HAWAII-MANOA,2020,18025
US-UNIVERSITY-OF-HAWAII-MANOA,2021,19098
US-UNIVERSITY-OF-HAWAII-MANOA,2022,19074
US-UNIVERSITY-OF-HAWAII-MANOA,2023,19256
US-UNIVERSITY-OF-HAWAII-MANOA,2024,
US-UNIVERSITY-OF-CHICAGO,2000,12531
US-UNIVERSITY-OF-CHICAGO,2001,12883
US-UNIVERSITY-OF-CHICAGO,2002,13177
US-UNIVERSITY-OF-CHICAGO,2003,13887
US-UNIVERSITY-OF-CHICAGO,2004,13870
US-UNIVERSITY-OF-CHICAGO,2005,14150
US-UNIVERSITY-OF-CHICAGO,2006,14263
US-UNIVERSITY-OF-CHICAGO,2007,14538
US-UNIVERSITY-OF-CHICAGO,2008,14788
US-UNIVERSITY-OF-CHICAGO,2009,15094
US-UNIVERSITY-OF-CHICAGO,2010,15152
US-UNIVERSITY-OF-CHICAGO,2011,14979
US-UNIVERSITY-OF-CHICAGO,2012,15245
US-UNIVERSITY-OF-CHICAGO,2013,15048
US-UNIVERSITY-OF-CHICAGO,2014,15097
US-UNIVERSITY-OF-CHICAGO,2015,15391
US-UNIVERSITY-OF-CHICAGO,2016,15775
US-UNIVERSITY-OF-CHICAGO,2017,16227
US-UNIVERSITY-OF-CHICAGO,2018,17002
US-UNIVERSITY-OF-CHICAGO,2019,17451
US-UNIVERSITY-OF-CHICAGO,2020,17834
US-UNIVERSITY-OF-CHICAGO,2021,18832
US-UNIVERSITY-OF-CHICAGO,2022,18339
US-UNIVERSITY-OF-CHICAGO,2023,18339
US-UNIVERSITY-OF-CHICAGO,2024,
US-WEST-VIRGINIA-UNIVERSITY,2000,21987
US-WEST-VIRGINIA-UNIVERSITY,2001,22774
US-WEST-VIRGINIA-UNIVERSITY,2002,23492
US-WEST-VIRGINIA-UNIVERSITY,2003,24260
US-WEST-VIRGINIA-UNIVERSITY,2004,25255
US-WEST-VIRGINIA-UNIVERSITY,2005,26051
US-WEST-VIRGINIA-UNIVERSITY,2006,27115
US-WEST-VIRGINIA-UNIVERSITY,2007,28113
US-WEST-VIRGINIA-UNIVERSITY,2008,28840
US-WEST-VIRGINIA-UNIVERSITY,2009,28898
US-WEST-VIRGINIA-UNIVERSITY,2010,29306
US-WEST-VIRGINIA-UNIVERSITY,2011,29617
US-WEST-VIRGINIA-UNIVERSITY,2012,29707
US-WEST-VIRGINIA-UNIVERSITY,2013,29466
US-WEST-VIRGINIA-UNIVERSITY,2014,29175
US-WEST-VIRGINIA-UNIVERSITY,2015,28776
US-WEST-VIRGINIA-UNIVERSITY,2016,28488
US-WEST-VIRGINIA-UNIVERSITY,2017,28409
US-WEST-VIRGINIA-UNIVERSITY,2018,26864
US-WEST-VIRGINIA-UNIVERSITY,2019,26839
US-WEST-VIRGINIA-UNIVERSITY,2020,26269
US-WEST-VIRGINIA-UNIVERSITY,2021,25476
US-WEST-VIRGINIA-UNIVERSITY,2022,24741
US-WEST-VIRGINIA-UNIVERSITY,2023,24200
US-WEST-VIRGINIA-UNIVERSITY,2024,
US-MISSISSIPPI-STATE-UNIVERSITY,2000,16561
US-MISSISSIPPI-STATE-UNIVERSITY,2001,16878
US-MISSISSIPPI-STATE-UNIVERSITY,2002,16610
US-MISSISSIPPI-STATE-UNIVERSITY,2003,16173
US-MISSISSIPPI-STATE-UNIVERSITY,2004,15934
US-MISSISSIPPI-STATE-UNIVERSITY,2005,16101
US-MISSISSIPPI-STATE-UNIVERSITY,2006,16206
US-MISSISSIPPI-STATE-UNIVERSITY,2007,17039
US-MISSISSIPPI-STATE-UNIVERSITY,2008,17824
US-MISSISSIPPI-STATE-UNIVERSITY,2009,18601
US-MISSISSIPPI-STATE-UNIVERSITY,2010,19644
US-MISSISSIPPI-STATE-UNIVERSITY,2011,20424
US-MISSISSIPPI-STATE-UNIVERSITY,2012,20365
US-MISSISSIPPI-STATE-UNIVERSITY,2013,20161
US-MISSISSIPPI-STATE-UNIVERSITY,2014,20138
US-MISSISSIPPI-STATE-UNIVERSITY,2015,20873
US-MISSISSIPPI-STATE-UNIVERSITY,2016,21622
US-MISSISSIPPI-STATE-UNIVERSITY,2017,21883
US-MISSISSIPPI-STATE-UNIVERSITY,2018,21974
US-MISSISSIPPI-STATE-UNIVERSITY,2019,22226
US-MISSISSIPPI-STATE-UNIVERSITY,2020,22986
US-MISSISSIPPI-STATE-UNIVERSITY,2021,23086
US-MISSISSIPPI-STATE-UNIVERSITY,2022,22649
US-MISSISSIPPI-STATE-UNIVERSITY,2023,22657
US-MISSISSIPPI-STATE-UNIVERSITY,2024,
US-MONTANA-STATE-UNIVERSITY,2000,11666
US-MONTANA-STATE-UNIVERSITY,2001,11670
US-MONTANA-STATE-UNIVERSITY,2002,11841
US-MONTANA-STATE-UNIVERSITY,2003,12005
US-MONTANA-STATE-UNIVERSITY,2004,11913
US-MONTANA-STATE-UNIVERSITY,2005,12143
US-MONTANA-STATE-UNIVERSITY,2006,12052
US-MONTANA-STATE-UNIVERSITY,2007,11932
US-MONTANA-STATE-UNIVERSITY,2008,11976
US-MONTANA-STATE-UNIVERSITY,2009,12348
US-MONTANA-STATE-UNIVERSITY,2010,13081
US-MONTANA-STATE-UNIVERSITY,2011,13671
US-MONTANA-STATE-UNIVERSITY,2012,14269
US-MONTANA-STATE-UNIVERSITY,2013,14852
US-MONTANA-STATE-UNIVERSITY,2014,14982
US-MONTANA-STATE-UNIVERSITY,2015,15236
US-MONTANA-STATE-UNIVERSITY,2016,16359
US-MONTANA-STATE-UNIVERSITY,2017,16613
US-MONTANA-STATE-UNIVERSITY,2018,16814
US-MONTANA-STATE-UNIVERSITY,2019,16692
US-MONTANA-STATE-UNIVERSITY,2020,16216
US-MONTANA-STATE-UNIVERSITY,2021,16788
US-MONTANA-STATE-UNIVERSITY,2022,16681
US-MONTANA-STATE-UNIVERSITY,2023,16960
US-MONTANA-STATE-UNIVERSITY,2024,
US-VIRGINIA-TECH,2000,27869
US-VIRGINIA-TECH,2001,28203
US-VIRGINIA-TECH,2002,28027
US-VIRGINIA-TECH,2003,27755
US-VIRGINIA-TECH,2004,27619
US-VIRGINIA-TECH,2005,27979
US-VIRGINIA-TECH,2006,28470
US-VIRGINIA-TECH,2007,29898
US-VIRGINIA-TECH,2008,30739
US-VIRGINIA-TECH,2009,30870
US-VIRGINIA-TECH,2010,31006
US-VIRGINIA-TECH,2011,30936
US-VIRGINIA-TECH,2012,31087
US-VIRGINIA-TECH,2013,31205
US-VIRGINIA-TECH,2014,31224
US-VIRGINIA-TECH,2015,32663
US-VIRGINIA-TECH,2016,33170
US-VIRGINIA-TECH,2017,34440
US-VIRGINIA-TECH,2018,34683
US-VIRGINIA-TECH,2019,36383
US-VIRGINIA-TECH,2020,37024
US-VIRGINIA-TECH,2021,37279
US-VIRGINIA-TECH,2022,38170
US-VIRGINIA-TECH,2023,38294
US-VIRGINIA-TECH,2024,
US-WAKE-FOREST-UNIVERSITY,2000,6173
US-WAKE-FOREST-UNIVERSITY,2001,6271
US-WAKE-FOREST-UNIVERSITY,2002,6410
US-WAKE-FOREST-UNIVERSITY,2003,6444
US-WAKE-FOREST-UNIVERSITY,2004,6504
US-WAKE-FOREST-UNIVERSITY,2005,6716
US-WAKE-FOREST-UNIVERSITY,2006,6739
US-WAKE-FOREST-UNIVERSITY,2007,6788
US-WAKE-FOREST-UNIVERSITY,2008,6862
US-WAKE-FOREST-UNIVERSITY,2009,7079
US-WAKE-FOREST-UNIVERSITY,2010,7162
US-WAKE-FOREST-UNIVERSITY,2011,7351
US-WAKE-FOREST-UNIVERSITY,2012,7432
US-WAKE-FOREST-UNIVERSITY,2013,7602
US-WAKE-FOREST-UNIVERSITY,2014,7788
US-WAKE-FOREST-UNIVERSITY,2015,7837
US-WAKE-FOREST-UNIVERSITY,2016,7968
US-WAKE-FOREST-UNIVERSITY,2017,8116
US-WAKE-FOREST-UNIVERSITY,2018,8401
US-WAKE-FOREST-UNIVERSITY,2019,8495
US-WAKE-FOREST-UNIVERSITY,2020,8789
US-WAKE-FOREST-UNIVERSITY,2021,8947
US-WAKE-FOREST-UNIVERSITY,2022,8963
US-WAKE-FOREST-UNIVERSITY,2023,9121
US-WAKE-FOREST-UNIVERSITY,2024,
US-UNIVERSITY-OF-UTAH,2000,24948
US-UNIVERSITY-OF-UTAH,2001,27668
US-UNIVERSITY-OF-UTAH,2002,28369
US-UNIVERSITY-OF-UTAH,2003,28436
US-UNIVERSITY-OF-UTAH,2004,28933
US-UNIVERSITY-OF-UTAH,2005,30558
US-UNIVERSITY-OF-UTAH,2006,30511
US-UNIVERSITY-OF-UTAH,2007,28025
US-UNIVERSITY-OF-UTAH,2008,28211
US-UNIVERSITY-OF-UTAH,2009,29284
US-UNIVERSITY-OF-UTAH,2010,30819
US-UNIVERSITY-OF-UTAH,2011,31660
US-UNIVERSITY-OF-UTAH,2012,32388
US-UNIVERSITY-OF-UTAH,2013,32077
US-UNIVERSITY-OF-UTAH,2014,31515
US-UNIVERSITY-OF-UTAH,2015,31592
US-UNIVERSITY-OF-UTAH,2016,31860
US-UNIVERSITY-OF-UTAH,2017,32800
US-UNIVERSITY-OF-UTAH,2018,33023
US-UNIVERSITY-OF-UTAH,2019,32852
US-UNIVERSITY-OF-UTAH,2020,33081
US-UNIVERSITY-OF-UTAH,2021,34464
US-UNIVERSITY-OF-UTAH,2022,34734
US-UNIVERSITY-OF-UTAH,2023,35260
US-UNIVERSITY-OF-UTAH,2024,
US-UNIVERSITY-OF-VIRGINIA,2000,22411
US-UNIVERSITY-OF-VIRGINIA,2001,22739
US-UNIVERSITY-OF-VIRGINIA,2002,23144
US-UNIVERSITY-OF-VIRGINIA,2003,23077
US-UNIVERSITY-OF-VIRGINIA,2004,23341
US-UNIVERSITY-OF-VIRGINIA,2005,23765
US-UNIVERSITY-OF-VIRGINIA,2006,24068
US-UNIVERSITY-OF-VIRGINIA,2007,24257
US-UNIVERSITY-OF-VIRGINIA,2008,24541
US-UNIVERSITY-OF-VIRGINIA,2009,24355
US-UNIVERSITY-OF-VIRGINIA,2010,24391
US-UNIVERSITY-OF-VIRGINIA,2011,24297
US-UNIVERSITY-OF-VIRGINIA,2012,23907
US-UNIVERSITY-OF-VIRGINIA,2013,23464
US-UNIVERSITY-OF-VIRGINIA,2014,23732
US-UNIVERSITY-OF-VIRGINIA,2015,23883
US-UNIVERSITY-OF-VIRGINIA,2016,23898
US-UNIVERSITY-OF-VIRGINIA,2017,24360
US-UNIVERSITY-OF-VIRGINIA,2018,24639
US-UNIVERSITY-OF-VIRGINIA,2019,25012
US-UNIVERSITY-OF-VIRGINIA,2020,25628
US-UNIVERSITY-OF-VIRGINIA,2021,26005
US-UNIVERSITY-OF-VIRGINIA,2022,26082
US-UNIVERSITY-OF-VIRGINIA,2023,25924
US-UNIVERSITY-OF-VIRGINIA,2024,
US-COLLEGE-OF-WILLIAM-AND-MARY,2000,7530
US-COLLEGE-OF-WILLIAM-AND-MARY,2001,7489
US-COLLEGE-OF-WILLIAM-AND-MARY,2002,7645
US-COLLEGE-OF-WILLIAM-AND-MARY,2003,7749
US-COLLEGE-OF-WILLIAM-AND-MARY,2004,7575
US-COLLEGE-OF-WILLIAM-AND-MARY,2005,7544
US-COLLEGE-OF-WILLIAM-AND-MARY,2006,7709
US-COLLEGE-OF-WILLIAM-AND-MARY,2007,7795
US-COLLEGE-OF-WILLIAM-AND-MARY,2008,7892
US-COLLEGE-OF-WILLIAM-AND-MARY,2009,7874
US-COLLEGE-OF-WILLIAM-AND-MARY,2010,8000
US-COLLEGE-OF-WILLIAM-AND-MARY,2011,8200
US-COLLEGE-OF-WILLIAM-AND-MARY,2012,8258
US-COLLEGE-OF-WILLIAM-AND-MARY,2013,8376
US-COLLEGE-OF-WILLIAM-AND-MARY,2014,8437
US-COLLEGE-OF-WILLIAM-AND-MARY,2015,8484
US-COLLEGE-OF-WILLIAM-AND-MARY,2016,8617
US-COLLEGE-OF-WILLIAM-AND-MARY,2017,8740
US-COLLEGE-OF-WILLIAM-AND-MARY,2018,8817
US-COLLEGE-OF-WILLIAM-AND-MARY,2019,8773
US-COLLEGE-OF-WILLIAM-AND-MARY,2020,8939
US-COLLEGE-OF-WILLIAM-AND-MARY,2021,9517
US-COLLEGE-OF-WILLIAM-AND-MARY,2022,9654
US-COLLEGE-OF-WILLIAM-AND-MARY,2023,9762
US-COLLEGE-OF-WILLIAM-AND-MARY,2024,
US-UNIVERSITY-OF-MISSISSIPPI,2000,12118
US-UNIVERSITY-OF-MISSISSIPPI,2001,12626
US-UNIVERSITY-OF-MISSISSIPPI,2002,13135
US-UNIVERSITY-OF-MISSISSIPPI,2003,13780
US-UNIVERSITY-OF-MISSISSIPPI,2004,14497
US-UNIVERSITY-OF-MISSISSIPPI,2005,14901
US-UNIVERSITY-OF-MISSISSIPPI,2006,15220
US-UNIVERSITY-OF-MISSISSIPPI,2007,15129
US-UNIVERSITY-OF-MISSISSIPPI,2008,15289
US-UNIVERSITY-OF-MISSISSIPPI,2009,15932
US-UNIVERSITY-OF-MISSISSIPPI,2010,17085
US-UNIVERSITY-OF-MISSISSIPPI,2011,18224
US-UNIVERSITY-OF-MISSISSIPPI,2012,18794
US-UNIVERSITY-OF-MISSISSIPPI,2013,19431
US-UNIVERSITY-OF-MISSISSIPPI,2014,22503
US-UNIVERSITY-OF-MISSISSIPPI,2015,23212
US-UNIVERSITY-OF-MISSISSIPPI,2016,23610
US-UNIVERSITY-OF-MISSISSIPPI,2017,23136
US-UNIVERSITY-OF-MISSISSIPPI,2018,22456
US-UNIVERSITY-OF-MISSISSIPPI,2019,21617
US-UNIVERSITY-OF-MISSISSIPPI,2020,21014
US-UNIVERSITY-OF-MISSISSIPPI,2021,21203
US-UNIVERSITY-OF-MISSISSIPPI,2022,22300
US-UNIVERSITY-OF-MISSISSIPPI,2023,24043
US-UNIVERSITY-OF-MISSISSIPPI,2024,
US-LOUISIANA-STATE-UNIVERSITY,2000,31527
US-LOUISIANA-STATE-UNIVERSITY,2001,32059
US-LOUISIANA-STATE-UNIVERSITY,2002,32228
US-LOUISIANA-STATE-UNIVERSITY,2003,31934
US-LOUISIANA-STATE-UNIVERSITY,2004,32241
US-LOUISIANA-STATE-UNIVERSITY,2005,34128
US-LOUISIANA-STATE-UNIVERSITY,2006,29925
US-LOUISIANA-STATE-UNIVERSITY,2007,28628
US-LOUISIANA-STATE-UNIVERSITY,2008,28810
US-LOUISIANA-STATE-UNIVERSITY,2009,28643
US-LOUISIANA-STATE-UNIVERSITY,2010,29451
US-LOUISIANA-STATE-UNIVERSITY,2011,29718
US-LOUISIANA-STATE-UNIVERSITY,2012,30225
US-LOUISIANA-STATE-UNIVERSITY,2013,30478
US-LOUISIANA-STATE-UNIVERSITY,2014,31044
US-LOUISIANA-STATE-UNIVERSITY,2015,31524
US-LOUISIANA-STATE-UNIVERSITY,2016,31409
US-LOUISIANA-STATE-UNIVERSITY,2017,30861
US-LOUISIANA-STATE-UNIVERSITY,2018,30983
US-LOUISIANA-STATE-UNIVERSITY,2019,31756
US-LOUISIANA-STATE-UNIVERSITY,2020,34285
US-LOUISIANA-STATE-UNIVERSITY,2021,35912
US-LOUISIANA-STATE-UNIVERSITY,2022,37348
US-LOUISIANA-STATE-UNIVERSITY,2023,39418
US-LOUISIANA-STATE-UNIVERSITY,2024,
US-HARVARD-UNIVERSITY,2000,24279
US-HARVARD-UNIVERSITY,2001,24474
US-HARVARD-UNIVERSITY,2002,24969
US-HARVARD-UNIVERSITY,2003,24851
US-HARVARD-UNIVERSITY,2004,24648
US-HARVARD-UNIVERSITY,2005,25017
US-HARVARD-UNIVERSITY,2006,25778
US-HARVARD-UNIVERSITY,2007,25690
US-HARVARD-UNIVERSITY,2008,26496
US-HARVARD-UNIVERSITY,2009,27651
US-HARVARD-UNIVERSITY,2010,27594
US-HARVARD-UNIVERSITY,2011,27392
US-HARVARD-UNIVERSITY,2012,28006
US-HARVARD-UNIVERSITY,2013,28242
US-HARVARD-UNIVERSITY,2014,28791
US-HARVARD-UNIVERSITY,2015,29652
US-HARVARD-UNIVERSITY,2016,29908
US-HARVARD-UNIVERSITY,2017,31120
US-HARVARD-UNIVERSITY,2018,31566
US-HARVARD-UNIVERSITY,2019,31655
US-HARVARD-UNIVERSITY,2020,30391
US-HARVARD-UNIVERSITY,2021,31345
US-HARVARD-UNIVERSITY,2022,30631
US-HARVARD-UNIVERSITY,2023,30386
US-HARVARD-UNIVERSITY,2024,
US-SYRACUSE-UNIVERSITY,2000,18186
US-SYRACUSE-UNIVERSITY,2001,18072
US-SYRACUSE-UNIVERSITY,2002,18604
US-SYRACUSE-UNIVERSITY,2003,18639
US-SYRACUSE-UNIVERSITY,2004,18247
US-SYRACUSE-UNIVERSITY,2005,18734
US-SYRACUSE-UNIVERSITY,2006,19082
US-SYRACUSE-UNIVERSITY,2007,19084
US-SYRACUSE-UNIVERSITY,2008,19366
US-SYRACUSE-UNIVERSITY,2009,19638
US-SYRACUSE-UNIVERSITY,2010,20407
US-SYRACUSE-UNIVERSITY,2011,20829
US-SYRACUSE-UNIVERSITY,2012,21029
US-SYRACUSE-UNIVERSITY,2013,21267
US-SYRACUSE-UNIVERSITY,2014,21492
US-SYRACUSE-UNIVERSITY,2015,21789
US-SYRACUSE-UNIVERSITY,2016,21970
US-SYRACUSE-UNIVERSITY,2017,22484
US-SYRACUSE-UNIVERSITY,2018,22803
US-SYRACUSE-UNIVERSITY,2019,22850
US-SYRACUSE-UNIVERSITY,2020,21322
US-SYRACUSE-UNIVERSITY,2021,21772
US-SYRACUSE-UNIVERSITY,2022,22698
US-SYRACUSE-UNIVERSITY,2023,22948
US-SYRACUSE-UNIVERSITY,2024,
US-PURDUE-UNIVERSITY,2000,39667
US-PURDUE-UNIVERSITY,2001,39882
US-PURDUE-UNIVERSITY,2002,40117
US-PURDUE-UNIVERSITY,2003,40376
US-PURDUE-UNIVERSITY,2004,40108
US-PURDUE-UNIVERSITY,2005,40151
US-PURDUE-UNIVERSITY,2006,40609
US-PURDUE-UNIVERSITY,2007,40534
US-PURDUE-UNIVERSITY,2008,41433
US-PURDUE-UNIVERSITY,2009,41052
US-PURDUE-UNIVERSITY,2010,41063
US-PURDUE-UNIVERSITY,2011,40849
US-PURDUE-UNIVERSITY,2012,40393
US-PURDUE-UNIVERSITY,2013,39794
US-PURDUE-UNIVERSITY,2014,39752
US-PURDUE-UNIVERSITY,2015,40472
US-PURDUE-UNIVERSITY,2016,41513
US-PURDUE-UNIVERSITY,2017,42699
US-PURDUE-UNIVERSITY,2018,44474
US-PURDUE-UNIVERSITY,2019,45500
US-PURDUE-UNIVERSITY,2020,46655
US-PURDUE-UNIVERSITY,2021,50344
US-PURDUE-UNIVERSITY,2022,51528
US-PURDUE-UNIVERSITY,2023,52905
US-PURDUE-UNIVERSITY,2024,
US-AUBURN-UNIVERSITY,2000,21860
US-AUBURN-UNIVERSITY,2001,22469
US-AUBURN-UNIVERSITY,2002,23276
US-AUBURN-UNIVERSITY,2003,23152
US-AUBURN-UNIVERSITY,2004,22928
US-AUBURN-UNIVERSITY,2005,23333
US-AUBURN-UNIVERSITY,2006,23547
US-AUBURN-UNIVERSITY,2007,24137
US-AUBURN-UNIVERSITY,2008,24530
US-AUBURN-UNIVERSITY,2009,24602
US-AUBURN-UNIVERSITY,2010,25078
US-AUBURN-UNIVERSITY,2011,25469
US-AUBURN-UNIVERSITY,2012,25134
US-AUBURN-UNIVERSITY,2013,24864
US-AUBURN-UNIVERSITY,2014,25912
US-AUBURN-UNIVERSITY,2015,27287
US-AUBURN-UNIVERSITY,2016,28290
US-AUBURN-UNIVERSITY,2017,29776
US-AUBURN-UNIVERSITY,2018,30440
US-AUBURN-UNIVERSITY,2019,30460
US-AUBURN-UNIVERSITY,2020,30737
US-AUBURN-UNIVERSITY,2021,31526
US-AUBURN-UNIVERSITY,2022,31764
US-AUBURN-UNIVERSITY,2023,33015
US-AUBURN-UNIVERSITY,2024,
US-COLORADO-STATE-UNIVERSITY,2000,26807
US-COLORADO-STATE-UNIVERSITY,2001,28103
US-COLORADO-STATE-UNIVERSITY,2002,29255
US-COLORADO-STATE-UNIVERSITY,2003,28186
US-COLORADO-STATE-UNIVERSITY,2004,27973
US-COLORADO-STATE-UNIVERSITY,2005,27780
US-COLORADO-STATE-UNIVERSITY,2006,27636
US-COLORADO-STATE-UNIVERSITY,2007,27569
US-COLORADO-STATE-UNIVERSITY,2008,28882
US-COLORADO-STATE-UNIVERSITY,2009,28902
US-COLORADO-STATE-UNIVERSITY,2010,30155
US-COLORADO-STATE-UNIVERSITY,2011,30467
US-COLORADO-STATE-UNIVERSITY,2012,30659
US-COLORADO-STATE-UNIVERSITY,2013,31186
US-COLORADO-STATE-UNIVERSITY,2014,31354
US-COLORADO-STATE-UNIVERSITY,2015,30614
US-COLORADO-STATE-UNIVERSITY,2016,31856
US-COLORADO-STATE-UNIVERSITY,2017,33083
US-COLORADO-STATE-UNIVERSITY,2018,33478
US-COLORADO-STATE-UNIVERSITY,2019,33426
US-COLORADO-STATE-UNIVERSITY,2020,32428
US-COLORADO-STATE-UNIVERSITY,2021,32586
US-COLORADO-STATE-UNIVERSITY,2022,33403
US-COLORADO-STATE-UNIVERSITY,2023,33500
US-COLORADO-STATE-UNIVERSITY,2024,
US-INDIANA-UNIVERSITY-BLOOMINGTON,2000,37076
US-INDIANA-UNIVERSITY-BLOOMINGTON,2001,37963
US-INDIANA-UNIVERSITY-BLOOMINGTON,2002,38903
US-INDIANA-UNIVERSITY-BLOOMINGTON,2003,38589
US-INDIANA-UNIVERSITY-BLOOMINGTON,2004,37821
US-INDIANA-UNIVERSITY-BLOOMINGTON,2005,37958
US-INDIANA-UNIVERSITY-BLOOMINGTON,2006,38247
US-INDIANA-UNIVERSITY-BLOOMINGTON,2007,38990
US-INDIANA-UNIVERSITY-BLOOMINGTON,2008,40354
US-INDIANA-UNIVERSITY-BLOOMINGTON,2009,42347
US-INDIANA-UNIVERSITY-BLOOMINGTON,2010,42464
US-INDIANA-UNIVERSITY-BLOOMINGTON,2011,42731
US-INDIANA-UNIVERSITY-BLOOMINGTON,2012,42133
US-INDIANA-UNIVERSITY-BLOOMINGTON,2013,46817
US-INDIANA-UNIVERSITY-BLOOMINGTON,2014,46416
US-INDIANA-UNIVERSITY-BLOOMINGTON,2015,48514
US-INDIANA-UNIVERSITY-BLOOMINGTON,2016,49695
US-INDIANA-UNIVERSITY-BLOOMINGTON,2017,43710
US-INDIANA-UNIVERSITY-BLOOMINGTON,2018,43503
US-INDIANA-UNIVERSITY-BLOOMINGTON,2019,43260
US-INDIANA-UNIVERSITY-BLOOMINGTON,2020,43064
US-INDIANA-UNIVERSITY-BLOOMINGTON,2021,45328
US-INDIANA-UNIVERSITY-BLOOMINGTON,2022,47005
US-INDIANA-UNIVERSITY-BLOOMINGTON,2023,47527
US-INDIANA-UNIVERSITY-BLOOMINGTON,2024,
US-KANSAS-STATE-UNIVERSITY,2000,21929
US-KANSAS-STATE-UNIVERSITY,2001,22396
US-KANSAS-STATE-UNIVERSITY,2002,22762
US-KANSAS-STATE-UNIVERSITY,2003,23050
US-KANSAS-STATE-UNIVERSITY,2004,23151
US-KANSAS-STATE-UNIVERSITY,2005,23182
US-KANSAS-STATE-UNIVERSITY,2006,23141
US-KANSAS-STATE-UNIVERSITY,2007,23332
US-KANSAS-STATE-UNIVERSITY,2008,23520
US-KANSAS-STATE-UNIVERSITY,2009,23581
US-KANSAS-STATE-UNIVERSITY,2010,23588
US-KANSAS-STATE-UNIVERSITY,2011,23863
US-KANSAS-STATE-UNIVERSITY,2012,24378
US-KANSAS-STATE-UNIVERSITY,2013,24581
US-KANSAS-STATE-UNIVERSITY,2014,24766
US-KANSAS-STATE-UNIVERSITY,2015,24146
US-KANSAS-STATE-UNIVERSITY,2016,23779
US-KANSAS-STATE-UNIVERSITY,2017,22795
US-KANSAS-STATE-UNIVERSITY,2018,22221
US-KANSAS-STATE-UNIVERSITY,2019,21719
US-KANSAS-STATE-UNIVERSITY,2020,20854
US-KANSAS-STATE-UNIVERSITY,2021,20229
US-KANSAS-STATE-UNIVERSITY,2022,19722
US-KANSAS-STATE-UNIVERSITY,2023,19745
US-KANSAS-STATE-UNIVERSITY,2024,
US-MICHIGAN-STATE-UNIVERSITY,2000,43366
US-MICHIGAN-STATE-UNIVERSITY,2001,44227
US-MICHIGAN-STATE-UNIVERSITY,2002,44937
US-MICHIGAN-STATE-UNIVERSITY,2003,44542
US-MICHIGAN-STATE-UNIVERSITY,2004,44836
US-MICHIGAN-STATE-UNIVERSITY,2005,45166
US-MICHIGAN-STATE-UNIVERSITY,2006,45520
US-MICHIGAN-STATE-UNIVERSITY,2007,46045
US-MICHIGAN-STATE-UNIVERSITY,2008,46510
US-MICHIGAN-STATE-UNIVERSITY,2009,47071
US-MICHIGAN-STATE-UNIVERSITY,2010,46985
US-MICHIGAN-STATE-UNIVERSITY,2011,47825
US-MICHIGAN-STATE-UNIVERSITY,2012,48783
US-MICHIGAN-STATE-UNIVERSITY,2013,49317
US-MICHIGAN-STATE-UNIVERSITY,2014,50081
US-MICHIGAN-STATE-UNIVERSITY,2015,50538
US-MICHIGAN-STATE-UNIVERSITY,2016,50340
US-MICHIGAN-STATE-UNIVERSITY,2017,50019
US-MICHIGAN-STATE-UNIVERSITY,2018,50351
US-MICHIGAN-STATE-UNIVERSITY,2019,49809
US-MICHIGAN-STATE-UNIVERSITY,2020,49695
US-MICHIGAN-STATE-UNIVERSITY,2021,49659
US-MICHIGAN-STATE-UNIVERSITY,2022,50023
US-MICHIGAN-STATE-UNIVERSITY,2023,51316
US-MICHIGAN-STATE-UNIVERSITY,2024,
US-OREGON-STATE-UNIVERSITY,2000,16758
US-OREGON-STATE-UNIVERSITY,2001,18013
US-OREGON-STATE-UNIVERSITY,2002,18764
US-OREGON-STATE-UNIVERSITY,2003,18958
US-OREGON-STATE-UNIVERSITY,2004,19153
US-OREGON-STATE-UNIVERSITY,2005,19224
US-OREGON-STATE-UNIVERSITY,2006,19352
US-OREGON-STATE-UNIVERSITY,2007,19738
US-OREGON-STATE-UNIVERSITY,2008,20305
US-OREGON-STATE-UNIVERSITY,2009,21950
US-OREGON-STATE-UNIVERSITY,2010,23753
US-OREGON-STATE-UNIVERSITY,2011,24962
US-OREGON-STATE-UNIVERSITY,2012,26363
US-OREGON-STATE-UNIVERSITY,2013,27902
US-OREGON-STATE-UNIVERSITY,2014,28886
US-OREGON-STATE-UNIVERSITY,2015,29576
US-OREGON-STATE-UNIVERSITY,2016,30354
US-OREGON-STATE-UNIVERSITY,2017,30896
US-OREGON-STATE-UNIVERSITY,2018,30986
US-OREGON-STATE-UNIVERSITY,2019,31719
US-OREGON-STATE-UNIVERSITY,2020,32312
US-OREGON-STATE-UNIVERSITY,2021,33193
US-OREGON-STATE-UNIVERSITY,2022,34292
US-OREGON-STATE-UNIVERSITY,2023,35622
US-OREGON-STATE-UNIVERSITY,2024,
US-UNIVERSITY-OF-KENTUCKY,2000,23114
US-UNIVERSITY-OF-KENTUCKY,2001,23901
US-UNIVERSITY-OF-KENTUCKY,2002,24985
US-UNIVERSITY-OF-KENTUCKY,2003,25397
US-UNIVERSITY-OF-KENTUCKY,2004,25686
US-UNIVERSITY-OF-KENTUCKY,2005,25672
US-UNIVERSITY-OF-KENTUCKY,2006,26382
US-UNIVERSITY-OF-KENTUCKY,2007,25856
US-UNIVERSITY-OF-KENTUCKY,2008,26054
US-UNIVERSITY-OF-KENTUCKY,2009,26295
US-UNIVERSITY-OF-KENTUCKY,2010,27108
US-UNIVERSITY-OF-KENTUCKY,2011,27226
US-UNIVERSITY-OF-KENTUCKY,2012,28034
US-UNIVERSITY-OF-KENTUCKY,2013,28435
US-UNIVERSITY-OF-KENTUCKY,2014,29203
US-UNIVERSITY-OF-KENTUCKY,2015,29727
US-UNIVERSITY-OF-KENTUCKY,2016,29781
US-UNIVERSITY-OF-KENTUCKY,2017,29465
US-UNIVERSITY-OF-KENTUCKY,2018,29182
US-UNIVERSITY-OF-KENTUCKY,2019,29402
US-UNIVERSITY-OF-KENTUCKY,2020,29986
US-UNIVERSITY-OF-KENTUCKY,2021,30390
US-UNIVERSITY-OF-KENTUCKY,2022,31547
US-UNIVERSITY-OF-KENTUCKY,2023,32703
US-UNIVERSITY-OF-KENTUCKY,2024,
US-UNIVERSITY-OF-FLORIDA,2000,45114
US-UNIVERSITY-OF-FLORIDA,2001,46515
US-UNIVERSITY-OF-FLORIDA,2002,47373
US-UNIVERSITY-OF-FLORIDA,2003,47858
US-UNIVERSITY-OF-FLORIDA,2004,47993
US-UNIVERSITY-OF-FLORIDA,2005,49693
US-UNIVERSITY-OF-FLORIDA,2006,50912
US-UNIVERSITY-OF-FLORIDA,2007,51725
US-UNIVERSITY-OF-FLORIDA,2008,51474
US-UNIVERSITY-OF-FLORIDA,2009,50691
US-UNIVERSITY-OF-FLORIDA,2010,49827
US-UNIVERSITY-OF-FLORIDA,2011,49589
US-UNIVERSITY-OF-FLORIDA,2012,49913
US-UNIVERSITY-OF-FLORIDA,2013,49878
US-UNIVERSITY-OF-FLORIDA,2014,49459
US-UNIVERSITY-OF-FLORIDA,2015,50645
US-UNIVERSITY-OF-FLORIDA,2016,52367
US-UNIVERSITY-OF-FLORIDA,2017,52669
US-UNIVERSITY-OF-FLORIDA,2018,52218
US-UNIVERSITY-OF-FLORIDA,2019,52407
US-UNIVERSITY-OF-FLORIDA,2020,53372
US-UNIVERSITY-OF-FLORIDA,2021,55781
US-UNIVERSITY-OF-FLORIDA,2022,55211
US-UNIVERSITY-OF-FLORIDA,2023,54814
US-UNIVERSITY-OF-FLORIDA,2024,
US-UNIVERSITY-OF-IDAHO,2000,11635
US-UNIVERSITY-OF-IDAHO,2001,12067
US-UNIVERSITY-OF-IDAHO,2002,12424
US-UNIVERSITY-OF-IDAHO,2003,12895
US-UNIVERSITY-OF-IDAHO,2004,12824
US-UNIVERSITY-OF-IDAHO,2005,12476
US-UNIVERSITY-OF-IDAHO,2006,11739
US-UNIVERSITY-OF-IDAHO,2007,11636
US-UNIVERSITY-OF-IDAHO,2008,11791
US-UNIVERSITY-OF-IDAHO,2009,11957
US-UNIVERSITY-OF-IDAHO,2010,12302
US-UNIVERSITY-OF-IDAHO,2011,12312
US-UNIVERSITY-OF-IDAHO,2012,12420
US-UNIVERSITY-OF-IDAHO,2013,12024
US-UNIVERSITY-OF-IDAHO,2014,11702
US-UNIVERSITY-OF-IDAHO,2015,11372
US-UNIVERSITY-OF-IDAHO,2016,11780
US-UNIVERSITY-OF-IDAHO,2017,12072
US-UNIVERSITY-OF-IDAHO,2018,11841
US-UNIVERSITY-OF-IDAHO,2019,11926
US-UNIVERSITY-OF-IDAHO,2020,10791
US-UNIVERSITY-OF-IDAHO,2021,11303
US-UNIVERSITY-OF-IDAHO,2022,11507
US-UNIVERSITY-OF-IDAHO,2023,11849
US-UNIVERSITY-OF-IDAHO,2024,
US-UNIVERSITY-OF-NEBRASKA-LINCOLN,2000,22268
US-UNIVERSITY-OF-NEBRASKA-LINCOLN,2001,22764
US-UNIVERSITY-OF-NEBRASKA-LINCOLN,2002,22988
US-UNIVERSITY-OF-NEBRASKA-LINCOLN,2003,22559
US-UNIVERSITY-OF-NEBRASKA-LINCOLN,2004,21792
US-UNIVERSITY-OF-NEBRASKA-LINCOLN,2005,21675
US-UNIVERSITY-OF-NEBRASKA-LINCOLN,2006,22106
US-UNIVERSITY-OF-NEBRASKA-LINCOLN,2007,22973
US-UNIVERSITY-OF-NEBRASKA-LINCOLN,2008,23573
US-UNIVERSITY-OF-NEBRASKA-LINCOLN,2009,24100
US-UNIVERSITY-OF-NEBRASKA-LINCOLN,2010,24610
US-UNIVERSITY-OF-NEBRASKA-LINCOLN,2011,24593
US-UNIVERSITY-OF-NEBRASKA-LINCOLN,2012,24207
US-UNIVERSITY-OF-NEBRASKA-LINCOLN,2013,24445
US-UNIVERSITY-OF-NEBRASKA-LINCOLN,2014,25006
US-UNIVERSITY-OF-NEBRASKA-LINCOLN,2015,25260
US-UNIVERSITY-OF-NEBRASKA-LINCOLN,2016,25897
US-UNIVERSITY-OF-NEBRASKA-LINCOLN,2017,26079
US-UNIVERSITY-OF-NEBRASKA-LINCOLN,2018,25820
US-UNIVERSITY-OF-NEBRASKA-LINCOLN,2019,25390
US-UNIVERSITY-OF-NEBRASKA-LINCOLN,2020,25108
US-UNIVERSITY-OF-NEBRASKA-LINCOLN,2021,24431
US-UNIVERSITY-OF-NEBRASKA-LINCOLN,2022,23805
US-UNIVERSITY-OF-NEBRASKA-LINCOLN,2023,23986
US-UNIVERSITY-OF-NEBRASKA-LINCOLN,2024,
US-ARKANSAS-STATE-UNIVERSITY,2000,10429
US-ARKANSAS-STATE-UNIVERSITY,2001,10568
US-ARKANSAS-STATE-UNIVERSITY,2002,10435
US-ARKANSAS-STATE-UNIVERSITY,2003,10573
US-ARKANSAS-STATE-UNIVERSITY,2004,10508
US-ARKANSAS-STATE-UNIVERSITY,2005,10414
US-ARKANSAS-STATE-UNIVERSITY,2006,10949
US-ARKANSAS-STATE-UNIVERSITY,2007,11130
US-ARKANSAS-STATE-UNIVERSITY,2008,11490
US-ARKANSAS-STATE-UNIVERSITY,2009,12156
US-ARKANSAS-STATE-UNIVERSITY,2010,13415
US-ARKANSAS-STATE-UNIVERSITY,2011,13900
US-ARKANSAS-STATE-UNIVERSITY,2012,13877
US-ARKANSAS-STATE-UNIVERSITY,2013,13552
US-ARKANSAS-STATE-UNIVERSITY,2014,13144
US-ARKANSAS-STATE-UNIVERSITY,2015,13410
US-ARKANSAS-STATE-UNIVERSITY,2016,14085
US-ARKANSAS-STATE-UNIVERSITY,2017,13930
US-ARKANSAS-STATE-UNIVERSITY,2018,13709
US-ARKANSAS-STATE-UNIVERSITY,2019,13356
US-ARKANSAS-STATE-UNIVERSITY,2020,13106
US-ARKANSAS-STATE-UNIVERSITY,2021,12863
US-ARKANSAS-STATE-UNIVERSITY,2022,13190
US-ARKANSAS-STATE-UNIVERSITY,2023,14032
US-ARKANSAS-STATE-UNIVERSITY,2024,
US-STANFORD-UNIVERSITY,2000,18549
US-STANFORD-UNIVERSITY,2001,18591
US-STANFORD-UNIVERSITY,2002,18297
US-STANFORD-UNIVERSITY,2003,17824
US-STANFORD-UNIVERSITY,2004,18836
US-STANFORD-UNIVERSITY,2005,19042
US-STANFORD-UNIVERSITY,2006,17747
US-STANFORD-UNIVERSITY,2007,19782
US-STANFORD-UNIVERSITY,2008,17833
US-STANFORD-UNIVERSITY,2009,18498
US-STANFORD-UNIVERSITY,2010,19535
US-STANFORD-UNIVERSITY,2011,19945
US-STANFORD-UNIVERSITY,2012,18519
US-STANFORD-UNIVERSITY,2013,18346
US-STANFORD-UNIVERSITY,2014,16963
US-STANFORD-UNIVERSITY,2015,16980
US-STANFORD-UNIVERSITY,2016,17184
US-STANFORD-UNIVERSITY,2017,17534
US-STANFORD-UNIVERSITY,2018,17381
US-STANFORD-UNIVERSITY,2019,17249
US-STANFORD-UNIVERSITY,2020,15953
US-STANFORD-UNIVERSITY,2021,17680
US-STANFORD-UNIVERSITY,2022,18283
US-STANFORD-UNIVERSITY,2023,18446
US-STANFORD-UNIVERSITY,2024,
US-UNIVERSITY-OF-CALIFORNIA-RIVERSIDE,2000,13015
US-UNIVERSITY-OF-CALIFORNIA-RIVERSIDE,2001,14429
US-UNIVERSITY-OF-CALIFORNIA-RIVERSIDE,2002,15934
US-UNIVERSITY-OF-CALIFORNIA-RIVERSIDE,2003,17296
US-UNIVERSITY-OF-CALIFORNIA-RIVERSIDE,2004,17104
US-UNIVERSITY-OF-CALIFORNIA-RIVERSIDE,2005,16622
US-UNIVERSITY-OF-CALIFORNIA-RIVERSIDE,2006,16875
US-UNIVERSITY-OF-CALIFORNIA-RIVERSIDE,2007,17187
US-UNIVERSITY-OF-CALIFORNIA-RIVERSIDE,2008,18079
US-UNIVERSITY-OF-CALIFORNIA-RIVERSIDE,2009,19384
US-UNIVERSITY-OF-CALIFORNIA-RIVERSIDE,2010,20692
US-UNIVERSITY-OF-CALIFORNIA-RIVERSIDE,2011,20900
US-UNIVERSITY-OF-CALIFORNIA-RIVERSIDE,2012,20947
US-UNIVERSITY-OF-CALIFORNIA-RIVERSIDE,2013,21207
US-UNIVERSITY-OF-CALIFORNIA-RIVERSIDE,2014,21498
US-UNIVERSITY-OF-CALIFORNIA-RIVERSIDE,2015,21385
US-UNIVERSITY-OF-CALIFORNIA-RIVERSIDE,2016,22715
US-UNIVERSITY-OF-CALIFORNIA-RIVERSIDE,2017,23279
US-UNIVERSITY-OF-CALIFORNIA-RIVERSIDE,2018,23922
US-UNIVERSITY-OF-CALIFORNIA-RIVERSIDE,2019,25547
US-UNIVERSITY-OF-CALIFORNIA-RIVERSIDE,2020,26434
US-UNIVERSITY-OF-CALIFORNIA-RIVERSIDE,2021,26847
US-UNIVERSITY-OF-CALIFORNIA-RIVERSIDE,2022,26809
US-UNIVERSITY-OF-CALIFORNIA-RIVERSIDE,2023,26426
US-UNIVERSITY-OF-CALIFORNIA-RIVERSIDE,2024,
US-CALIFORNIA-STATE-UNIVERSITY-FRESNO,2000,19056
US-CALIFORNIA-STATE-UNIVERSITY-FRESNO,2001,20007
US-CALIFORNIA-STATE-UNIVERSITY-FRESNO,2002,21272
US-CALIFORNIA-STATE-UNIVERSITY-FRESNO,2003,22342
US-CALIFORNIA-STATE-UNIVERSITY-FRESNO,2004,19781
US-CALIFORNIA-STATE-UNIVERSITY-FRESNO,2005,20371
US-CALIFORNIA-STATE-UNIVERSITY-FRESNO,2006,22098
US-CALIFORNIA-STATE-UNIVERSITY-FRESNO,2007,22383
US-CALIFORNIA-STATE-UNIVERSITY-FRESNO,2008,22613
US-CALIFORNIA-STATE-UNIVERSITY-FRESNO,2009,21500
US-CALIFORNIA-STATE-UNIVERSITY-FRESNO,2010,20932
US-CALIFORNIA-STATE-UNIVERSITY-FRESNO,2011,21981
US-CALIFORNIA-STATE-UNIVERSITY-FRESNO,2012,22565
US-CALIFORNIA-STATE-UNIVERSITY-FRESNO,2013,23060
US-CALIFORNIA-STATE-UNIVERSITY-FRESNO,2014,23179
US-CALIFORNIA-STATE-UNIVERSITY-FRESNO,2015,24136
US-CALIFORNIA-STATE-UNIVERSITY-FRESNO,2016,24405
US-CALIFORNIA-STATE-UNIVERSITY-FRESNO,2017,25325
US-CALIFORNIA-STATE-UNIVERSITY-FRESNO,2018,25137
US-CALIFORNIA-STATE-UNIVERSITY-FRESNO,2019,24298
US-CALIFORNIA-STATE-UNIVERSITY-FRESNO,2020,25497
US-CALIFORNIA-STATE-UNIVERSITY-FRESNO,2021,25047
US-CALIFORNIA-STATE-UNIVERSITY-FRESNO,2022,23999
US-CALIFORNIA-STATE-UNIVERSITY-FRESNO,2023,23986
US-CALIFORNIA-STATE-UNIVERSITY-FRESNO,2024,
US-UNIVERSITY-OF-ARKANSAS,2000,15346
US-UNIVERSITY-OF-ARKANSAS,2001,15752
US-UNIVERSITY-OF-ARKANSAS,2002,15995
US-UNIVERSITY-OF-ARKANSAS,2003,16405
US-UNIVERSITY-OF-ARKANSAS,2004,17269
US-UNIVERSITY-OF-ARKANSAS,2005,17821
US-UNIVERSITY-OF-ARKANSAS,2006,17926
US-UNIVERSITY-OF-ARKANSAS,2007,18648
US-UNIVERSITY-OF-ARKANSAS,2008,19194
US-UNIVERSITY-OF-ARKANSAS,2009,19849
US-UNIVERSITY-OF-ARKANSAS,2010,21405
US-UNIVERSITY-OF-ARKANSAS,2011,23199
US-UNIVERSITY-OF-ARKANSAS,2012,24537
US-UNIVERSITY-OF-ARKANSAS,2013,25341
US-UNIVERSITY-OF-ARKANSAS,2014,26237
US-UNIVERSITY-OF-ARKANSAS,2015,26754
US-UNIVERSITY-OF-ARKANSAS,2016,27194
US-UNIVERSITY-OF-ARKANSAS,2017,27558
US-UNIVERSITY-OF-ARKANSAS,2018,27778
US-UNIVERSITY-OF-ARKANSAS,2019,27559
US-UNIVERSITY-OF-ARKANSAS,2020,27562
US-UNIVERSITY-OF-ARKANSAS,2021,29068
US-UNIVERSITY-OF-ARKANSAS,2022,30936
US-UNIVERSITY-OF-ARKANSAS,2023,32140
US-UNIVERSITY-OF-ARKANSAS,2024,
US-UNIVERSITY-OF-CALIFORNIA-BERKELEY,2000,31277
US-UNIVERSITY-OF-CALIFORNIA-BERKELEY,2001,32128
US-UNIVERSITY-OF-CALIFORNIA-BERKELEY,2002,33145
US-UNIVERSITY-OF-CALIFORNIA-BERKELEY,2003,33065
US-UNIVERSITY-OF-CALIFORNIA-BERKELEY,2004,32803
US-UNIVERSITY-OF-CALIFORNIA-BERKELEY,2005,33547
US-UNIVERSITY-OF-CALIFORNIA-BERKELEY,2006,33920
US-UNIVERSITY-OF-CALIFORNIA-BERKELEY,2007,34940
US-UNIVERSITY-OF-CALIFORNIA-BERKELEY,2008,35396
US-UNIVERSITY-OF-CALIFORNIA-BERKELEY,2009,35830
US-UNIVERSITY-OF-CALIFORNIA-BERKELEY,2010,35833
US-UNIVERSITY-OF-CALIFORNIA-BERKELEY,2011,36137
US-UNIVERSITY-OF-CALIFORNIA-BERKELEY,2012,35893
US-UNIVERSITY-OF-CALIFORNIA-BERKELEY,2013,36198
US-UNIVERSITY-OF-CALIFORNIA-BERKELEY,2014,37565
US-UNIVERSITY-OF-CALIFORNIA-BERKELEY,2015,38189
US-UNIVERSITY-OF-CALIFORNIA-BERKELEY,2016,40154
US-UNIVERSITY-OF-CALIFORNIA-BERKELEY,2017,41891
US-UNIVERSITY-OF-CALIFORNIA-BERKELEY,2018,42501
US-UNIVERSITY-OF-CALIFORNIA-BERKELEY,2019,43185
US-UNIVERSITY-OF-CALIFORNIA-BERKELEY,2020,42327
US-UNIVERSITY-OF-CALIFORNIA-BERKELEY,2021,45036
US-UNIVERSITY-OF-CALIFORNIA-BERKELEY,2022,45307
US-UNIVERSITY-OF-CALIFORNIA-BERKELEY,2023,45699
US-UNIVERSITY-OF-CALIFORNIA-BERKELEY,2024,
US-UNIVERSITY-OF-NEW-HAMPSHIRE,2000,14689
US-UNIVERSITY-OF-NEW-HAMPSHIRE,2001,14766
US-UNIVERSITY-OF-NEW-HAMPSHIRE,2002,15407
US-UNIVERSITY-OF-NEW-HAMPSHIRE,2003,15586
US-UNIVERSITY-OF-NEW-HAMPSHIRE,2004,14370
US-UNIVERSITY-OF-NEW-HAMPSHIRE,2005,14511
US-UNIVERSITY-OF-NEW-HAMPSHIRE,2006,14811
US-UNIVERSITY-OF-NEW-HAMPSHIRE,2007,15005
US-UNIVERSITY-OF-NEW-HAMPSHIRE,2008,14898
US-UNIVERSITY-OF-NEW-HAMPSHIRE,2009,15253
US-UNIVERSITY-OF-NEW-HAMPSHIRE,2010,15095
US-UNIVERSITY-OF-NEW-HAMPSHIRE,2011,15128
US-UNIVERSITY-OF-NEW-HAMPSHIRE,2012,15267
US-UNIVERSITY-OF-NEW-HAMPSHIRE,2013,14913
US-UNIVERSITY-OF-NEW-HAMPSHIRE,2014,15117
US-UNIVERSITY-OF-NEW-HAMPSHIRE,2015,15351
US-UNIVERSITY-OF-NEW-HAMPSHIRE,2016,15188
US-UNIVERSITY-OF-NEW-HAMPSHIRE,2017,15363
US-UNIVERSITY-OF-NEW-HAMPSHIRE,2018,15298
US-UNIVERSITY-OF-NEW-HAMPSHIRE,2019,14788
US-UNIVERSITY-OF-NEW-HAMPSHIRE,2020,14348
US-UNIVERSITY-OF-NEW-HAMPSHIRE,2021,14001
US-UNIVERSITY-OF-NEW-HAMPSHIRE,2022,13930
US-UNIVERSITY-OF-NEW-HAMPSHIRE,2023,13626
US-UNIVERSITY-OF-NEW-HAMPSHIRE,2024,
US-EMORY-UNIVERSITY,2000,11398
US-EMORY-UNIVERSITY,2001,11443
US-EMORY-UNIVERSITY,2002,11600
US-EMORY-UNIVERSITY,2003,11654
US-EMORY-UNIVERSITY,2004,11781
US-EMORY-UNIVERSITY,2005,12134
US-EMORY-UNIVERSITY,2006,12338
US-EMORY-UNIVERSITY,2007,12570
US-EMORY-UNIVERSITY,2008,12755
US-EMORY-UNIVERSITY,2009,12930
US-EMORY-UNIVERSITY,2010,13381
US-EMORY-UNIVERSITY,2011,13893
US-EMORY-UNIVERSITY,2012,14236
US-EMORY-UNIVERSITY,2013,14513
US-EMORY-UNIVERSITY,2014,14769
US-EMORY-UNIVERSITY,2015,13788
US-EMORY-UNIVERSITY,2016,14067
US-EMORY-UNIVERSITY,2017,14263
US-EMORY-UNIVERSITY,2018,14458
US-EMORY-UNIVERSITY,2019,14415
US-EMORY-UNIVERSITY,2020,13997
US-EMORY-UNIVERSITY,2021,14779
US-EMORY-UNIVERSITY,2022,14841
US-EMORY-UNIVERSITY,2023,15046
US-EMORY-UNIVERSITY,2024,
US-TEXAS-A-AND-M-UNIVERSITY,2000,44026
US-TEXAS-A-AND-M-UNIVERSITY,2001,44618
US-TEXAS-A-AND-M-UNIVERSITY,2002,45083
US-TEXAS-A-AND-M-UNIVERSITY,2003,44813
US-TEXAS-A-AND-M-UNIVERSITY,2004,44435
US-TEXAS-A-AND-M-UNIVERSITY,2005,44910
US-TEXAS-A-AND-M-UNIVERSITY,2006,45380
US-TEXAS-A-AND-M-UNIVERSITY,2007,46542
US-TEXAS-A-AND-M-UNIVERSITY,2008,48039
US-TEXAS-A-AND-M-UNIVERSITY,2009,48702
US-TEXAS-A-AND-M-UNIVERSITY,2010,49129
US-TEXAS-A-AND-M-UNIVERSITY,2011,50230
US-TEXAS-A-AND-M-UNIVERSITY,2012,50627
US-TEXAS-A-AND-M-UNIVERSITY,2013,55697
US-TEXAS-A-AND-M-UNIVERSITY,2014,61642
US-TEXAS-A-AND-M-UNIVERSITY,2015,63813
US-TEXAS-A-AND-M-UNIVERSITY,2016,65632
US-TEXAS-A-AND-M-UNIVERSITY,2017,67929
US-TEXAS-A-AND-M-UNIVERSITY,2018,68679
US-TEXAS-A-AND-M-UNIVERSITY,2019,68726
US-TEXAS-A-AND-M-UNIVERSITY,2020,70418
US-TEXAS-A-AND-M-UNIVERSITY,2021,72530
US-TEXAS-A-AND-M-UNIVERSITY,2022,74014
US-TEXAS-A-AND-M-UNIVERSITY,2023,76633
US-TEXAS-A-AND-M-UNIVERSITY,2024,
US-NORTH-CAROLINA-STATE-UNIVERSITY,2000,28619
US-NORTH-CAROLINA-STATE-UNIVERSITY,2001,29286
US-NORTH-CAROLINA-STATE-UNIVERSITY,2002,29637
US-NORTH-CAROLINA-STATE-UNIVERSITY,2003,29854
US-NORTH-CAROLINA-STATE-UNIVERSITY,2004,29957
US-NORTH-CAROLINA-STATE-UNIVERSITY,2005,30148
US-NORTH-CAROLINA-STATE-UNIVERSITY,2006,31130
US-NORTH-CAROLINA-STATE-UNIVERSITY,2007,31802
US-NORTH-CAROLINA-STATE-UNIVERSITY,2008,32872
US-NORTH-CAROLINA-STATE-UNIVERSITY,2009,33819
US-NORTH-CAROLINA-STATE-UNIVERSITY,2010,34376
US-NORTH-CAROLINA-STATE-UNIVERSITY,2011,34767
US-NORTH-CAROLINA-STATE-UNIVERSITY,2012,34340
US-NORTH-CAROLINA-STATE-UNIVERSITY,2013,34009
US-NORTH-CAROLINA-STATE-UNIVERSITY,2014,33989
US-NORTH-CAROLINA-STATE-UNIVERSITY,2015,34015
US-NORTH-CAROLINA-STATE-UNIVERSITY,2016,33755
US-NORTH-CAROLINA-STATE-UNIVERSITY,2017,34432
US-NORTH-CAROLINA-STATE-UNIVERSITY,2018,35479
US-NORTH-CAROLINA-STATE-UNIVERSITY,2019,36304
US-NORTH-CAROLINA-STATE-UNIVERSITY,2020,36042
US-NORTH-CAROLINA-STATE-UNIVERSITY,2021,36831
US-NORTH-CAROLINA-STATE-UNIVERSITY,2022,36700
US-NORTH-CAROLINA-STATE-UNIVERSITY,2023,37323
US-NORTH-CAROLINA-STATE-UNIVERSITY,2024,
US-TEMPLE-UNIVERSITY,2000,28355
US-TEMPLE-UNIVERSITY,2001,29872
US-TEMPLE-UNIVERSITY,2002,32359
US-TEMPLE-UNIVERSITY,2003,32877
US-TEMPLE-UNIVERSITY,2004,33551
US-TEMPLE-UNIVERSITY,2005,33695
US-TEMPLE-UNIVERSITY,2006,33865
US-TEMPLE-UNIVERSITY,2007,34696
US-TEMPLE-UNIVERSITY,2008,35490
US-TEMPLE-UNIVERSITY,2009,36507
US-TEMPLE-UNIVERSITY,2010,37367
US-TEMPLE-UNIVERSITY,2011,36855
US-TEMPLE-UNIVERSITY,2012,36744
US-TEMPLE-UNIVERSITY,2013,37270
US-TEMPLE-UNIVERSITY,2014,37485
US-TEMPLE-UNIVERSITY,2015,38007
US-TEMPLE-UNIVERSITY,2016,39296
US-TEMPLE-UNIVERSITY,2017,39937
US-TEMPLE-UNIVERSITY,2018,39740
US-TEMPLE-UNIVERSITY,2019,38794
US-TEMPLE-UNIVERSITY,2020,37236
US-TEMPLE-UNIVERSITY,2021,35626
US-TEMPLE-UNIVERSITY,2022,33196
US-TEMPLE-UNIVERSITY,2023,30205
US-TEMPLE-UNIVERSITY,2024,
US-UNIVERSITY-OF-CONNECTICUT,2000,19393
US-UNIVERSITY-OF-CONNECTICUT,2001,19876
US-UNIVERSITY-OF-CONNECTICUT,2002,21427
US-UNIVERSITY-OF-CONNECTICUT,2003,22053
US-UNIVERSITY-OF-CONNECTICUT,2004,22694
US-UNIVERSITY-OF-CONNECTICUT,2005,23185
US-UNIVERSITY-OF-CONNECTICUT,2006,23557
US-UNIVERSITY-OF-CONNECTICUT,2007,23692
US-UNIVERSITY-OF-CONNECTICUT,2008,24273
US-UNIVERSITY-OF-CONNECTICUT,2009,25029
US-UNIVERSITY-OF-CONNECTICUT,2010,25498
US-UNIVERSITY-OF-CONNECTICUT,2011,25868
US-UNIVERSITY-OF-CONNECTICUT,2012,25483
US-UNIVERSITY-OF-CONNECTICUT,2013,25911
US-UNIVERSITY-OF-CONNECTICUT,2014,26541
US-UNIVERSITY-OF-CONNECTICUT,2015,27043
US-UNIVERSITY-OF-CONNECTICUT,2016,27721
US-UNIVERSITY-OF-CONNECTICUT,2017,27578
US-UNIVERSITY-OF-CONNECTICUT,2018,27412
US-UNIVERSITY-OF-CONNECTICUT,2019,27280
US-UNIVERSITY-OF-CONNECTICUT,2020,27215
US-UNIVERSITY-OF-CONNECTICUT,2021,26876
US-UNIVERSITY-OF-CONNECTICUT,2022,27003
US-UNIVERSITY-OF-CONNECTICUT,2023,27364
US-UNIVERSITY-OF-CONNECTICUT,2024,
US-UNIVERSITY-OF-NOTRE-DAME,2000,10800
US-UNIVERSITY-OF-NOTRE-DAME,2001,11054
US-UNIVERSITY-OF-NOTRE-DAME,2002,11311
US-UNIVERSITY-OF-NOTRE-DAME,2003,11415
US-UNIVERSITY-OF-NOTRE-DAME,2004,11479
US-UNIVERSITY-OF-NOTRE-DAME,2005,11417
US-UNIVERSITY-OF-NOTRE-DAME,2006,11603
US-UNIVERSITY-OF-NOTRE-DAME,2007,11733
US-UNIVERSITY-OF-NOTRE-DAME,2008,11731
US-UNIVERSITY-OF-NOTRE-DAME,2009,11816
US-UNIVERSITY-OF-NOTRE-DAME,2010,11992
US-UNIVERSITY-OF-NOTRE-DAME,2011,12004
US-UNIVERSITY-OF-NOTRE-DAME,2012,12126
US-UNIVERSITY-OF-NOTRE-DAME,2013,12124
US-UNIVERSITY-OF-NOTRE-DAME,2014,12179
US-UNIVERSITY-OF-NOTRE-DAME,2015,12292
US-UNIVERSITY-OF-NOTRE-DAME,2016,12393
US-UNIVERSITY-OF-NOTRE-DAME,2017,12467
US-UNIVERSITY-OF-NOTRE-DAME,2018,12607
US-UNIVERSITY-OF-NOTRE-DAME,2019,12683
US-UNIVERSITY-OF-NOTRE-DAME,2020,12809
US-UNIVERSITY-OF-NOTRE-DAME,2021,13139
US-UNIVERSITY-OF-NOTRE-DAME,2022,13105
US-UNIVERSITY-OF-NOTRE-DAME,2023,13174
US-UNIVERSITY-OF-NOTRE-DAME,2024,
US-WAYNE-STATE-UNIVERSITY,2000,30408
US-WAYNE-STATE-UNIVERSITY,2001,31040
US-WAYNE-STATE-UNIVERSITY,2002,31167
US-WAYNE-STATE-UNIVERSITY,2003,32208
US-WAYNE-STATE-UNIVERSITY,2004,32386
US-WAYNE-STATE-UNIVERSITY,2005,32160
US-WAYNE-STATE-UNIVERSITY,2006,32061
US-WAYNE-STATE-UNIVERSITY,2007,32380
US-WAYNE-STATE-UNIVERSITY,2008,31024
US-WAYNE-STATE-UNIVERSITY,2009,31786
US-WAYNE-STATE-UNIVERSITY,2010,31505
US-WAYNE-STATE-UNIVERSITY,2011,30765
US-WAYNE-STATE-UNIVERSITY,2012,28938
US-WAYNE-STATE-UNIVERSITY,2013,27897
US-WAYNE-STATE-UNIVERSITY,2014,27578
US-WAYNE-STATE-UNIVERSITY,2015,27140
US-WAYNE-STATE-UNIVERSITY,2016,27238
US-WAYNE-STATE-UNIVERSITY,2017,27064
US-WAYNE-STATE-UNIVERSITY,2018,27025
US-WAYNE-STATE-UNIVERSITY,2019,26824
US-WAYNE-STATE-UNIVERSITY,2020,26241
US-WAYNE-STATE-UNIVERSITY,2021,24919
US-WAYNE-STATE-UNIVERSITY,2022,23630
US-WAYNE-STATE-UNIVERSITY,2023,23553
US-WAYNE-STATE-UNIVERSITY,2024,
US-UNIVERSITY-OF-NORTH-CAROLINA-GREENSBORO,2000,13125
US-UNIVERSITY-OF-NORTH-CAROLINA-GREENSBORO,2001,13775
US-UNIVERSITY-OF-NORTH-CAROLINA-GREENSBORO,2002,14453
US-UNIVERSITY-OF-NORTH-CAROLINA-GREENSBORO,2003,14870
US-UNIVERSITY-OF-NORTH-CAROLINA-GREENSBORO,2004,15329
US-UNIVERSITY-OF-NORTH-CAROLINA-GREENSBORO,2005,16147
US-UNIVERSITY-OF-NORTH-CAROLINA-GREENSBORO,2006,16872
US-UNIVERSITY-OF-NORTH-CAROLINA-GREENSBORO,2007,18627
US-UNIVERSITY-OF-NORTH-CAROLINA-GREENSBORO,2008,19976
US-UNIVERSITY-OF-NORTH-CAROLINA-GREENSBORO,2009,21306
US-UNIVERSITY-OF-NORTH-CAROLINA-GREENSBORO,2010,18771
US-UNIVERSITY-OF-NORTH-CAROLINA-GREENSBORO,2011,18627
US-UNIVERSITY-OF-NORTH-CAROLINA-GREENSBORO,2012,18516
US-UNIVERSITY-OF-NORTH-CAROLINA-GREENSBORO,2013,18074
US-UNIVERSITY-OF-NORTH-CAROLINA-GREENSBORO,2014,18647
US-UNIVERSITY-OF-NORTH-CAROLINA-GREENSBORO,2015,19393
US-UNIVERSITY-OF-NORTH-CAROLINA-GREENSBORO,2016,19647
US-UNIVERSITY-OF-NORTH-CAROLINA-GREENSBORO,2017,19922
US-UNIVERSITY-OF-NORTH-CAROLINA-GREENSBORO,2018,20106
US-UNIVERSITY-OF-NORTH-CAROLINA-GREENSBORO,2019,20196
US-UNIVERSITY-OF-NORTH-CAROLINA-GREENSBORO,2020,19764
US-UNIVERSITY-OF-NORTH-CAROLINA-GREENSBORO,2021,19038
US-UNIVERSITY-OF-NORTH-CAROLINA-GREENSBORO,2022,17978
US-UNIVERSITY-OF-NORTH-CAROLINA-GREENSBORO,2023,17743
US-UNIVERSITY-OF-NORTH-CAROLINA-GREENSBORO,2024,
US-CASE-WESTERN-RESERVE-UNIVERSITY,2000,9304
US-CASE-WESTERN-RESERVE-UNIVERSITY,2001,9216
US-CASE-WESTERN-RESERVE-UNIVERSITY,2002,9097
US-CASE-WESTERN-RESERVE-UNIVERSITY,2003,9186
US-CASE-WESTERN-RESERVE-UNIVERSITY,2004,9095
US-CASE-WESTERN-RESERVE-UNIVERSITY,2005,9615
US-CASE-WESTERN-RESERVE-UNIVERSITY,2006,9592
US-CASE-WESTERN-RESERVE-UNIVERSITY,2007,9844
US-CASE-WESTERN-RESERVE-UNIVERSITY,2008,9814
US-CASE-WESTERN-RESERVE-UNIVERSITY,2009,9738
US-CASE-WESTERN-RESERVE-UNIVERSITY,2010,9837
US-CASE-WESTERN-RESERVE-UNIVERSITY,2011,9636
US-CASE-WESTERN-RESERVE-UNIVERSITY,2012,10026
US-CASE-WESTERN-RESERVE-UNIVERSITY,2013,10325
US-CASE-WESTERN-RESERVE-UNIVERSITY,2014,10771
US-CASE-WESTERN-RESERVE-UNIVERSITY,2015,11340
US-CASE-WESTERN-RESERVE-UNIVERSITY,2016,11664
US-CASE-WESTERN-RESERVE-UNIVERSITY,2017,11824
US-CASE-WESTERN-RESERVE-UNIVERSITY,2018,11890
US-CASE-WESTERN-RESERVE-UNIVERSITY,2019,11874
US-CASE-WESTERN-RESERVE-UNIVERSITY,2020,11465
US-CASE-WESTERN-RESERVE-UNIVERSITY,2021,12142
US-CASE-WESTERN-RESERVE-UNIVERSITY,2022,12201
US-CASE-WESTERN-RESERVE-UNIVERSITY,2023,12266
US-CASE-WESTERN-RESERVE-UNIVERSITY,2024,
US-PENNSYLVANIA-STATE-UNIVERSITY,2000,40571
US-PENNSYLVANIA-STATE-UNIVERSITY,2001,40828
US-PENNSYLVANIA-STATE-UNIVERSITY,2002,41445
US-PENNSYLVANIA-STATE-UNIVERSITY,2003,41795
US-PENNSYLVANIA-STATE-UNIVERSITY,2004,41289
US-PENNSYLVANIA-STATE-UNIVERSITY,2005,40709
US-PENNSYLVANIA-STATE-UNIVERSITY,2006,42914
US-PENNSYLVANIA-STATE-UNIVERSITY,2007,43252
US-PENNSYLVANIA-STATE-UNIVERSITY,2008,44406
US-PENNSYLVANIA-STATE-UNIVERSITY,2009,45185
US-PENNSYLVANIA-STATE-UNIVERSITY,2010,45233
US-PENNSYLVANIA-STATE-UNIVERSITY,2011,45628
US-PENNSYLVANIA-STATE-UNIVERSITY,2012,45783
US-PENNSYLVANIA-STATE-UNIVERSITY,2013,46615
US-PENNSYLVANIA-STATE-UNIVERSITY,2014,47040
US-PENNSYLVANIA-STATE-UNIVERSITY,2015,47307
US-PENNSYLVANIA-STATE-UNIVERSITY,2016,47789
US-PENNSYLVANIA-STATE-UNIVERSITY,2017,47119
US-PENNSYLVANIA-STATE-UNIVERSITY,2018,46810
US-PENNSYLVANIA-STATE-UNIVERSITY,2019,91427
US-PENNSYLVANIA-STATE-UNIVERSITY,2022,50028
US-PENNSYLVANIA-STATE-UNIVERSITY,2023,50399
US-PENNSYLVANIA-STATE-UNIVERSITY,2024,
US-UNIVERSITY-OF-MARYLAND-COLLEGE-PARK,2000,33189
US-UNIVERSITY-OF-MARYLAND-COLLEGE-PARK,2001,34160
US-UNIVERSITY-OF-MARYLAND-COLLEGE-PARK,2002,34801
US-UNIVERSITY-OF-MARYLAND-COLLEGE-PARK,2003,35329
US-UNIVERSITY-OF-MARYLAND-COLLEGE-PARK,2004,34933
US-UNIVERSITY-OF-MARYLAND-COLLEGE-PARK,2005,35369
US-UNIVERSITY-OF-MARYLAND-COLLEGE-PARK,2006,35102
US-UNIVERSITY-OF-MARYLAND-COLLEGE-PARK,2007,36014
US-UNIVERSITY-OF-MARYLAND-COLLEGE-PARK,2008,37000
US-UNIVERSITY-OF-MARYLAND-COLLEGE-PARK,2009,37195
US-UNIVERSITY-OF-MARYLAND-COLLEGE-PARK,2010,37641
US-UNIVERSITY-OF-MARYLAND-COLLEGE-PARK,2011,37631
US-UNIVERSITY-OF-MARYLAND-COLLEGE-PARK,2012,37248
US-UNIVERSITY-OF-MARYLAND-COLLEGE-PARK,2013,37272
US-UNIVERSITY-OF-MARYLAND-COLLEGE-PARK,2014,37610
US-UNIVERSITY-OF-MARYLAND-COLLEGE-PARK,2015,38140
US-UNIVERSITY-OF-MARYLAND-COLLEGE-PARK,2016,40225
US-UNIVERSITY-OF-MARYLAND-COLLEGE-PARK,2017,40521
US-UNIVERSITY-OF-MARYLAND-COLLEGE-PARK,2018,41200
US-UNIVERSITY-OF-MARYLAND-COLLEGE-PARK,2019,40743
US-UNIVERSITY-OF-MARYLAND-COLLEGE-PARK,2020,40709
US-UNIVERSITY-OF-MARYLAND-COLLEGE-PARK,2021,41272
US-UNIVERSITY-OF-MARYLAND-COLLEGE-PARK,2022,40792
US-UNIVERSITY-OF-MARYLAND-COLLEGE-PARK,2023,40813
US-UNIVERSITY-OF-MARYLAND-COLLEGE-PARK,2024,
US-DUQUESNE-UNIVERSITY,2000,9667
US-DUQUESNE-UNIVERSITY,2001,9451
US-DUQUESNE-UNIVERSITY,2002,9595
US-DUQUESNE-UNIVERSITY,2003,9701
US-DUQUESNE-UNIVERSITY,2004,9722
US-DUQUESNE-UNIVERSITY,2005,9916
US-DUQUESNE-UNIVERSITY,2006,10110
US-DUQUESNE-UNIVERSITY,2007,10296
US-DUQUESNE-UNIVERSITY,2008,10106
US-DUQUESNE-UNIVERSITY,2009,10294
US-DUQUESNE-UNIVERSITY,2010,10161
US-DUQUESNE-UNIVERSITY,2011,9933
US-DUQUESNE-UNIVERSITY,2012,9956
US-DUQUESNE-UNIVERSITY,2013,9904
US-DUQUESNE-UNIVERSITY,2014,9648
US-DUQUESNE-UNIVERSITY,2015,9404
US-DUQUESNE-UNIVERSITY,2016,9343
US-DUQUESNE-UNIVERSITY,2017,9190
US-DUQUESNE-UNIVERSITY,2018,9274
US-DUQUESNE-UNIVERSITY,2019,9197
US-DUQUESNE-UNIVERSITY,2020,8830
US-DUQUESNE-UNIVERSITY,2021,8300
US-DUQUESNE-UNIVERSITY,2022,8107
US-DUQUESNE-UNIVERSITY,2023,8137
US-DUQUESNE-UNIVERSITY,2024,
US-UNIVERSITY-OF-MIAMI,2000,13963
US-UNIVERSITY-OF-MIAMI,2001,14436
US-UNIVERSITY-OF-MIAMI,2002,14978
US-UNIVERSITY-OF-MIAMI,2003,15235
US-UNIVERSITY-OF-MIAMI,2004,15250
US-UNIVERSITY-OF-MIAMI,2005,15674
US-UNIVERSITY-OF-MIAMI,2006,15670
US-UNIVERSITY-OF-MIAMI,2007,15449
US-UNIVERSITY-OF-MIAMI,2008,15323
US-UNIVERSITY-OF-MIAMI,2009,15629
US-UNIVERSITY-OF-MIAMI,2010,15657
US-UNIVERSITY-OF-MIAMI,2011,16068
US-UNIVERSITY-OF-MIAMI,2012,16172
US-UNIVERSITY-OF-MIAMI,2013,16935
US-UNIVERSITY-OF-MIAMI,2014,16674
US-UNIVERSITY-OF-MIAMI,2015,16785
US-UNIVERSITY-OF-MIAMI,2016,16744
US-UNIVERSITY-OF-MIAMI,2017,17003
US-UNIVERSITY-OF-MIAMI,2018,17331
US-UNIVERSITY-OF-MIAMI,2019,17811
US-UNIVERSITY-OF-MIAMI,2020,17809
US-UNIVERSITY-OF-MIAMI,2021,19096
US-UNIVERSITY-OF-MIAMI,2022,19402
US-UNIVERSITY-OF-MIAMI,2023,19593
US-UNIVERSITY-OF-MIAMI,2024,
US-NORTHWESTERN-UNIVERSITY,2000,16952
US-NORTHWESTERN-UNIVERSITY,2001,17000
US-NORTHWESTERN-UNIVERSITY,2002,17528
US-NORTHWESTERN-UNIVERSITY,2003,17625
US-NORTHWESTERN-UNIVERSITY,2004,17747
US-NORTHWESTERN-UNIVERSITY,2005,18065
US-NORTHWESTERN-UNIVERSITY,2006,18486
US-NORTHWESTERN-UNIVERSITY,2007,19005
US-NORTHWESTERN-UNIVERSITY,2008,19291
US-NORTHWESTERN-UNIVERSITY,2009,19853
US-NORTHWESTERN-UNIVERSITY,2010,20481
US-NORTHWESTERN-UNIVERSITY,2011,20959
US-NORTHWESTERN-UNIVERSITY,2012,21215
US-NORTHWESTERN-UNIVERSITY,2013,21592
US-NORTHWESTERN-UNIVERSITY,2014,21554
US-NORTHWESTERN-UNIVERSITY,2015,21655
US-NORTHWESTERN-UNIVERSITY,2016,21823
US-NORTHWESTERN-UNIVERSITY,2017,22008
US-NORTHWESTERN-UNIVERSITY,2018,22127
US-NORTHWESTERN-UNIVERSITY,2019,22448
US-NORTHWESTERN-UNIVERSITY,2020,22603
US-NORTHWESTERN-UNIVERSITY,2021,23409
US-NORTHWESTERN-UNIVERSITY,2022,23161
US-NORTHWESTERN-UNIVERSITY,2023,23203
US-NORTHWESTERN-UNIVERSITY,2024,
US-UNIVERSITY-OF-ARKANSAS-LITTLE-ROCK,2000,10968
US-UNIVERSITY-OF-ARKANSAS-LITTLE-ROCK,2001,11318
US-UNIVERSITY-OF-ARKANSAS-LITTLE-ROCK,2002,11491
US-UNIVERSITY-OF-ARKANSAS-LITTLE-ROCK,2003,11757
US-UNIVERSITY-OF-ARKANSAS-LITTLE-ROCK,2004,11806
US-UNIVERSITY-OF-ARKANSAS-LITTLE-ROCK,2005,11896
US-UNIVERSITY-OF-ARKANSAS-LITTLE-ROCK,2006,11905
US-UNIVERSITY-OF-ARKANSAS-LITTLE-ROCK,2007,12135
US-UNIVERSITY-OF-ARKANSAS-LITTLE-ROCK,2008,11965
US-UNIVERSITY-OF-ARKANSAS-LITTLE-ROCK,2009,13132
US-UNIVERSITY-OF-ARKANSAS-LITTLE-ROCK,2010,13176
US-UNIVERSITY-OF-ARKANSAS-LITTLE-ROCK,2011,13068
US-UNIVERSITY-OF-ARKANSAS-LITTLE-ROCK,2012,12872
US-UNIVERSITY-OF-ARKANSAS-LITTLE-ROCK,2013,12377
US-UNIVERSITY-OF-ARKANSAS-LITTLE-ROCK,2014,11645
US-UNIVERSITY-OF-ARKANSAS-LITTLE-ROCK,2015,11891
US-UNIVERSITY-OF-ARKANSAS-LITTLE-ROCK,2016,11746
US-UNIVERSITY-OF-ARKANSAS-LITTLE-ROCK,2017,11624
US-UNIVERSITY-OF-ARKANSAS-LITTLE-ROCK,2018,10515
US-UNIVERSITY-OF-ARKANSAS-LITTLE-ROCK,2019,9581
US-UNIVERSITY-OF-ARKANSAS-LITTLE-ROCK,2020,8899
US-UNIVERSITY-OF-ARKANSAS-LITTLE-ROCK,2021,8295
US-UNIVERSITY-OF-ARKANSAS-LITTLE-ROCK,2022,8197
US-UNIVERSITY-OF-ARKANSAS-LITTLE-ROCK,2023,8158
US-UNIVERSITY-OF-ARKANSAS-LITTLE-ROCK,2024,
US-BOSTON-COLLEGE,2000,15240
US-BOSTON-COLLEGE,2001,14308
US-BOSTON-COLLEGE,2002,14111
US-BOSTON-COLLEGE,2003,13728
US-BOSTON-COLLEGE,2004,14561
US-BOSTON-COLLEGE,2005,14829
US-BOSTON-COLLEGE,2006,14661
US-BOSTON-COLLEGE,2007,14621
US-BOSTON-COLLEGE,2008,14836
US-BOSTON-COLLEGE,2009,15036
US-BOSTON-COLLEGE,2010,14868
US-BOSTON-COLLEGE,2011,14754
US-BOSTON-COLLEGE,2012,14605
US-BOSTON-COLLEGE,2013,14309
US-BOSTON-COLLEGE,2014,14317
US-BOSTON-COLLEGE,2015,14354
US-BOSTON-COLLEGE,2016,14466
US-BOSTON-COLLEGE,2017,14628
US-BOSTON-COLLEGE,2018,14720
US-BOSTON-COLLEGE,2019,14747
US-BOSTON-COLLEGE,2020,14934
US-BOSTON-COLLEGE,2021,15561
US-BOSTON-COLLEGE,2022,15287
US-BOSTON-COLLEGE,2023,15280
US-BOSTON-COLLEGE,2024,
US-UNIVERSITY-OF-MAINE,2000,10282
US-UNIVERSITY-OF-MAINE,2001,10698
US-UNIVERSITY-OF-MAINE,2002,11135
US-UNIVERSITY-OF-MAINE,2003,11222
US-UNIVERSITY-OF-MAINE,2004,11358
US-UNIVERSITY-OF-MAINE,2005,11435
US-UNIVERSITY-OF-MAINE,2006,11797
US-UNIVERSITY-OF-MAINE,2007,11912
US-UNIVERSITY-OF-MAINE,2008,11818
US-UNIVERSITY-OF-MAINE,2009,11894
US-UNIVERSITY-OF-MAINE,2010,11501
US-UNIVERSITY-OF-MAINE,2011,11168
US-UNIVERSITY-OF-MAINE,2012,10901
US-UNIVERSITY-OF-MAINE,2013,11247
US-UNIVERSITY-OF-MAINE,2014,11286
US-UNIVERSITY-OF-MAINE,2015,10922
US-UNIVERSITY-OF-MAINE,2016,11219
US-UNIVERSITY-OF-MAINE,2017,11240
US-UNIVERSITY-OF-MAINE,2018,11404
US-UNIVERSITY-OF-MAINE,2019,11561
US-UNIVERSITY-OF-MAINE,2020,11741
US-UNIVERSITY-OF-MAINE,2021,12657
US-UNIVERSITY-OF-MAINE,2022,12231
US-UNIVERSITY-OF-MAINE,2023,11760
US-UNIVERSITY-OF-MAINE,2024,
US-UNIVERSITY-OF-CINCINNATI,2000,27327
US-UNIVERSITY-OF-CINCINNATI,2001,27289
US-UNIVERSITY-OF-CINCINNATI,2002,26552
US-UNIVERSITY-OF-CINCINNATI,2003,26817
US-UNIVERSITY-OF-CINCINNATI,2004,27178
US-UNIVERSITY-OF-CINCINNATI,2005,27932
US-UNIVERSITY-OF-CINCINNATI,2006,28327
US-UNIVERSITY-OF-CINCINNATI,2007,29319
US-UNIVERSITY-OF-CINCINNATI,2008,29617
US-UNIVERSITY-OF-CINCINNATI,2009,31134
US-UNIVERSITY-OF-CINCINNATI,2010,32283
US-UNIVERSITY-OF-CINCINNATI,2011,33329
US-UNIVERSITY-OF-CINCINNATI,2012,33347
US-UNIVERSITY-OF-CINCINNATI,2013,34379
US-UNIVERSITY-OF-CINCINNATI,2014,35313
US-UNIVERSITY-OF-CINCINNATI,2015,36042
US-UNIVERSITY-OF-CINCINNATI,2016,36596
US-UNIVERSITY-OF-CINCINNATI,2017,37155
US-UNIVERSITY-OF-CINCINNATI,2018,37886
US-UNIVERSITY-OF-CINCINNATI,2019,39263
US-UNIVERSITY-OF-CINCINNATI,2020,40151
US-UNIVERSITY-OF-CINCINNATI,2021,40329
US-UNIVERSITY-OF-CINCINNATI,2022,41155
US-UNIVERSITY-OF-CINCINNATI,2023,43338
US-UNIVERSITY-OF-CINCINNATI,2024,
US-UNIVERSITY-OF-NORTH-CAROLINA,2000,24892
US-UNIVERSITY-OF-NORTH-CAROLINA,2001,25494
US-UNIVERSITY-OF-NORTH-CAROLINA,2002,26028
US-UNIVERSITY-OF-NORTH-CAROLINA,2003,26359
US-UNIVERSITY-OF-NORTH-CAROLINA,2004,26878
US-UNIVERSITY-OF-NORTH-CAROLINA,2005,27276
US-UNIVERSITY-OF-NORTH-CAROLINA,2006,27717
US-UNIVERSITY-OF-NORTH-CAROLINA,2007,28136
US-UNIVERSITY-OF-NORTH-CAROLINA,2008,28567
US-UNIVERSITY-OF-NORTH-CAROLINA,2009,28916
US-UNIVERSITY-OF-NORTH-CAROLINA,2010,29390
US-UNIVERSITY-OF-NORTH-CAROLINA,2011,29137
US-UNIVERSITY-OF-NORTH-CAROLINA,2012,29278
US-UNIVERSITY-OF-NORTH-CAROLINA,2013,29127
US-UNIVERSITY-OF-NORTH-CAROLINA,2014,29135
US-UNIVERSITY-OF-NORTH-CAROLINA,2015,29084
US-UNIVERSITY-OF-NORTH-CAROLINA,2016,29468
US-UNIVERSITY-OF-NORTH-CAROLINA,2017,29911
US-UNIVERSITY-OF-NORTH-CAROLINA,2018,30011
US-UNIVERSITY-OF-NORTH-CAROLINA,2019,29877
US-UNIVERSITY-OF-NORTH-CAROLINA,2020,30092
US-UNIVERSITY-OF-NORTH-CAROLINA,2021,31641
US-UNIVERSITY-OF-NORTH-CAROLINA,2022,31705
US-UNIVERSITY-OF-NORTH-CAROLINA,2023,32234
US-UNIVERSITY-OF-NORTH-CAROLINA,2024,
US-CARNEGIE-MELLON-UNIVERSITY,2000,8514
US-CARNEGIE-MELLON-UNIVERSITY,2001,8588
US-CARNEGIE-MELLON-UNIVERSITY,2002,9501
US-CARNEGIE-MELLON-UNIVERSITY,2003,9756
US-CARNEGIE-MELLON-UNIVERSITY,2004,9803
US-CARNEGIE-MELLON-UNIVERSITY,2005,10017
US-CARNEGIE-MELLON-UNIVERSITY,2006,9999
US-CARNEGIE-MELLON-UNIVERSITY,2007,10326
US-CARNEGIE-MELLON-UNIVERSITY,2008,10875
US-CARNEGIE-MELLON-UNIVERSITY,2009,11197
US-CARNEGIE-MELLON-UNIVERSITY,2010,11340
US-CARNEGIE-MELLON-UNIVERSITY,2011,11531
US-CARNEGIE-MELLON-UNIVERSITY,2012,11978
US-CARNEGIE-MELLON-UNIVERSITY,2013,12367
US-CARNEGIE-MELLON-UNIVERSITY,2014,12587
US-CARNEGIE-MELLON-UNIVERSITY,2015,12963
US-CARNEGIE-MELLON-UNIVERSITY,2016,13258
US-CARNEGIE-MELLON-UNIVERSITY,2017,13869
US-CARNEGIE-MELLON-UNIVERSITY,2018,14029
US-CARNEGIE-MELLON-UNIVERSITY,2019,14180
US-CARNEGIE-MELLON-UNIVERSITY,2020,13519
US-CARNEGIE-MELLON-UNIVERSITY,2021,15057
US-CARNEGIE-MELLON-UNIVERSITY,2022,16002
US-CARNEGIE-MELLON-UNIVERSITY,2023,15596
US-CARNEGIE-MELLON-UNIVERSITY,2024,
US-UNIVERSITY-OF-ALABAMA-BIRMINGHAM,2000,14951
US-UNIVERSITY-OF-ALABAMA-BIRMINGHAM,2001,14695
US-UNIVERSITY-OF-ALABAMA-BIRMINGHAM,2002,15579
US-UNIVERSITY-OF-ALABAMA-BIRMINGHAM,2003,16357
US-UNIVERSITY-OF-ALABAMA-BIRMINGHAM,2004,16693
US-UNIVERSITY-OF-ALABAMA-BIRMINGHAM,2005,16572
US-UNIVERSITY-OF-ALABAMA-BIRMINGHAM,2006,16561
US-UNIVERSITY-OF-ALABAMA-BIRMINGHAM,2007,16246
US-UNIVERSITY-OF-ALABAMA-BIRMINGHAM,2008,16149
US-UNIVERSITY-OF-ALABAMA-BIRMINGHAM,2009,16874
US-UNIVERSITY-OF-ALABAMA-BIRMINGHAM,2010,17543
US-UNIVERSITY-OF-ALABAMA-BIRMINGHAM,2011,17575
US-UNIVERSITY-OF-ALABAMA-BIRMINGHAM,2012,17999
US-UNIVERSITY-OF-ALABAMA-BIRMINGHAM,2013,18568
US-UNIVERSITY-OF-ALABAMA-BIRMINGHAM,2014,18698
US-UNIVERSITY-OF-ALABAMA-BIRMINGHAM,2015,18333
US-UNIVERSITY-OF-ALABAMA-BIRMINGHAM,2016,19535
US-UNIVERSITY-OF-ALABAMA-BIRMINGHAM,2017,20902
US-UNIVERSITY-OF-ALABAMA-BIRMINGHAM,2018,21923
US-UNIVERSITY-OF-ALABAMA-BIRMINGHAM,2019,22080
US-UNIVERSITY-OF-ALABAMA-BIRMINGHAM,2020,22563
US-UNIVERSITY-OF-ALABAMA-BIRMINGHAM,2021,22289
US-UNIVERSITY-OF-ALABAMA-BIRMINGHAM,2022,21639
US-UNIVERSITY-OF-ALABAMA-BIRMINGHAM,2023,21160
US-UNIVERSITY-OF-ALABAMA-BIRMINGHAM,2024,
US-VANDERBILT-UNIVERSITY,2000,10092
US-VANDERBILT-UNIVERSITY,2001,10338
US-VANDERBILT-UNIVERSITY,2002,10712
US-VANDERBILT-UNIVERSITY,2003,11092
US-VANDERBILT-UNIVERSITY,2004,11294
US-VANDERBILT-UNIVERSITY,2005,11479
US-VANDERBILT-UNIVERSITY,2006,11607
US-VANDERBILT-UNIVERSITY,2007,11847
US-VANDERBILT-UNIVERSITY,2008,12093
US-VANDERBILT-UNIVERSITY,2009,12506
US-VANDERBILT-UNIVERSITY,2010,12714
US-VANDERBILT-UNIVERSITY,2011,12836
US-VANDERBILT-UNIVERSITY,2012,12710
US-VANDERBILT-UNIVERSITY,2013,12757
US-VANDERBILT-UNIVERSITY,2014,12686
US-VANDERBILT-UNIVERSITY,2015,12567
US-VANDERBILT-UNIVERSITY,2016,12587
US-VANDERBILT-UNIVERSITY,2017,12592
US-VANDERBILT-UNIVERSITY,2018,12824
US-VANDERBILT-UNIVERSITY,2019,13131
US-VANDERBILT-UNIVERSITY,2020,13537
US-VANDERBILT-UNIVERSITY,2021,13796
US-VANDERBILT-UNIVERSITY,2022,13710
US-VANDERBILT-UNIVERSITY,2023,13456
US-VANDERBILT-UNIVERSITY,2024,
US-UNIVERSITY-OF-LOUISVILLE,2000,19771
US-UNIVERSITY-OF-LOUISVILLE,2001,19682
US-UNIVERSITY-OF-LOUISVILLE,2002,20416
US-UNIVERSITY-OF-LOUISVILLE,2003,20605
US-UNIVERSITY-OF-LOUISVILLE,2004,20729
US-UNIVERSITY-OF-LOUISVILLE,2005,20726
US-UNIVERSITY-OF-LOUISVILLE,2006,20785
US-UNIVERSITY-OF-LOUISVILLE,2007,20592
US-UNIVERSITY-OF-LOUISVILLE,2008,20834
US-UNIVERSITY-OF-LOUISVILLE,2009,21016
US-UNIVERSITY-OF-LOUISVILLE,2010,21234
US-UNIVERSITY-OF-LOUISVILLE,2011,21152
US-UNIVERSITY-OF-LOUISVILLE,2012,21239
US-UNIVERSITY-OF-LOUISVILLE,2013,21444
US-UNIVERSITY-OF-LOUISVILLE,2014,21561
US-UNIVERSITY-OF-LOUISVILLE,2015,21294
US-UNIVERSITY-OF-LOUISVILLE,2016,21578
US-UNIVERSITY-OF-LOUISVILLE,2017,21402
US-UNIVERSITY-OF-LOUISVILLE,2018,21430
US-UNIVERSITY-OF-LOUISVILLE,2019,21670
US-UNIVERSITY-OF-LOUISVILLE,2020,22211
US-UNIVERSITY-OF-LOUISVILLE,2021,22140
US-UNIVERSITY-OF-LOUISVILLE,2022,22017
US-UNIVERSITY-OF-LOUISVILLE,2023,22139
US-UNIVERSITY-OF-LOUISVILLE,2024,
US-NORTHEASTERN-UNIVERSITY,2000,23897
US-NORTHEASTERN-UNIVERSITY,2001,23422
US-NORTHEASTERN-UNIVERSITY,2002,23357
US-NORTHEASTERN-UNIVERSITY,2003,22944
US-NORTHEASTERN-UNIVERSITY,2004,22932
US-NORTHEASTERN-UNIVERSITY,2005,22604
US-NORTHEASTERN-UNIVERSITY,2006,23411
US-NORTHEASTERN-UNIVERSITY,2007,24434
US-NORTHEASTERN-UNIVERSITY,2008,25837
US-NORTHEASTERN-UNIVERSITY,2009,27537
US-NORTHEASTERN-UNIVERSITY,2010,29519
US-NORTHEASTERN-UNIVERSITY,2011,26959
US-NORTHEASTERN-UNIVERSITY,2012,27694
US-NORTHEASTERN-UNIVERSITY,2013,20053
US-NORTHEASTERN-UNIVERSITY,2014,19798
US-NORTHEASTERN-UNIVERSITY,2015,19940
US-NORTHEASTERN-UNIVERSITY,2016,20381
US-NORTHEASTERN-UNIVERSITY,2017,21489
US-NORTHEASTERN-UNIVERSITY,2018,21627
US-NORTHEASTERN-UNIVERSITY,2019,22207
US-NORTHEASTERN-UNIVERSITY,2020,22905
US-NORTHEASTERN-UNIVERSITY,2021,28167
US-NORTHEASTERN-UNIVERSITY,2022,30013
US-NORTHEASTERN-UNIVERSITY,2023,31159
US-NORTHEASTERN-UNIVERSITY,2024,
US-UNIVERSITY-OF-HOUSTON,2000,32123
US-UNIVERSITY-OF-HOUSTON,2001,33007
US-UNIVERSITY-OF-HOUSTON,2002,34443
US-UNIVERSITY-OF-HOUSTON,2003,35066
US-UNIVERSITY-OF-HOUSTON,2004,35180
US-UNIVERSITY-OF-HOUSTON,2005,35344
US-UNIVERSITY-OF-HOUSTON,2006,34334
US-UNIVERSITY-OF-HOUSTON,2007,34663
US-UNIVERSITY-OF-HOUSTON,2008,36104
US-UNIVERSITY-OF-HOUSTON,2009,37000
US-UNIVERSITY-OF-HOUSTON,2010,38752
US-UNIVERSITY-OF-HOUSTON,2011,39820
US-UNIVERSITY-OF-HOUSTON,2012,40747
US-UNIVERSITY-OF-HOUSTON,2013,39540
US-UNIVERSITY-OF-HOUSTON,2014,40914
US-UNIVERSITY-OF-HOUSTON,2015,42704
US-UNIVERSITY-OF-HOUSTON,2016,43774
US-UNIVERSITY-OF-HOUSTON,2017,45364
US-UNIVERSITY-OF-HOUSTON,2018,46324
US-UNIVERSITY-OF-HOUSTON,2019,46148
US-UNIVERSITY-OF-HOUSTON,2020,47090
US-UNIVERSITY-OF-HOUSTON,2021,47031
US-UNIVERSITY-OF-HOUSTON,2022,46700
US-UNIVERSITY-OF-HOUSTON,2023,46676
US-UNIVERSITY-OF-HOUSTON,2024,
US-INDIANA-UNIVERSITY-INDIANAPOLIS,2000,27525
US-INDIANA-UNIVERSITY-INDIANAPOLIS,2001,28339
US-INDIANA-UNIVERSITY-INDIANAPOLIS,2002,29025
US-INDIANA-UNIVERSITY-INDIANAPOLIS,2003,29860
US-INDIANA-UNIVERSITY-INDIANAPOLIS,2004,29953
US-INDIANA-UNIVERSITY-INDIANAPOLIS,2005,29933
US-INDIANA-UNIVERSITY-INDIANAPOLIS,2006,29764
US-INDIANA-UNIVERSITY-INDIANAPOLIS,2007,29854
US-INDIANA-UNIVERSITY-INDIANAPOLIS,2008,30300
US-INDIANA-UNIVERSITY-INDIANAPOLIS,2009,30383
US-INDIANA-UNIVERSITY-INDIANAPOLIS,2010,30566
US-INDIANA-UNIVERSITY-INDIANAPOLIS,2011,30530
US-INDIANA-UNIVERSITY-INDIANAPOLIS,2012,30451
US-INDIANA-UNIVERSITY-INDIANAPOLIS,2013,30488
US-INDIANA-UNIVERSITY-INDIANAPOLIS,2014,30690
US-INDIANA-UNIVERSITY-INDIANAPOLIS,2015,30105
US-INDIANA-UNIVERSITY-INDIANAPOLIS,2016,29804
US-INDIANA-UNIVERSITY-INDIANAPOLIS,2017,29791
US-INDIANA-UNIVERSITY-INDIANAPOLIS,2018,29579
US-INDIANA-UNIVERSITY-INDIANAPOLIS,2019,29537
US-INDIANA-UNIVERSITY-INDIANAPOLIS,2020,29390
US-INDIANA-UNIVERSITY-INDIANAPOLIS,2021,27690
US-INDIANA-UNIVERSITY-INDIANAPOLIS,2022,25979
US-INDIANA-UNIVERSITY-INDIANAPOLIS,2023,25497
US-INDIANA-UNIVERSITY-INDIANAPOLIS,2024,
US-UNIVERSITY-OF-CALIFORNIA-LOS-ANGELES,2000,36890
US-UNIVERSITY-OF-CALIFORNIA-LOS-ANGELES,2001,37494
US-UNIVERSITY-OF-CALIFORNIA-LOS-ANGELES,2002,37599
US-UNIVERSITY-OF-CALIFORNIA-LOS-ANGELES,2003,37055
US-UNIVERSITY-OF-CALIFORNIA-LOS-ANGELES,2004,35966
US-UNIVERSITY-OF-CALIFORNIA-LOS-ANGELES,2005,35625
US-UNIVERSITY-OF-CALIFORNIA-LOS-ANGELES,2006,36611
US-UNIVERSITY-OF-CALIFORNIA-LOS-ANGELES,2007,37476
US-UNIVERSITY-OF-CALIFORNIA-LOS-ANGELES,2008,38220
US-UNIVERSITY-OF-CALIFORNIA-LOS-ANGELES,2009,38550
US-UNIVERSITY-OF-CALIFORNIA-LOS-ANGELES,2010,38157
US-UNIVERSITY-OF-CALIFORNIA-LOS-ANGELES,2011,39271
US-UNIVERSITY-OF-CALIFORNIA-LOS-ANGELES,2012,39945
US-UNIVERSITY-OF-CALIFORNIA-LOS-ANGELES,2013,40795
US-UNIVERSITY-OF-CALIFORNIA-LOS-ANGELES,2014,41845
US-UNIVERSITY-OF-CALIFORNIA-LOS-ANGELES,2015,41908
US-UNIVERSITY-OF-CALIFORNIA-LOS-ANGELES,2016,43548
US-UNIVERSITY-OF-CALIFORNIA-LOS-ANGELES,2017,44027
US-UNIVERSITY-OF-CALIFORNIA-LOS-ANGELES,2018,44537
US-UNIVERSITY-OF-CALIFORNIA-LOS-ANGELES,2019,44371
US-UNIVERSITY-OF-CALIFORNIA-LOS-ANGELES,2020,44589
US-UNIVERSITY-OF-CALIFORNIA-LOS-ANGELES,2021,46116
US-UNIVERSITY-OF-CALIFORNIA-LOS-ANGELES,2022,46430
US-UNIVERSITY-OF-CALIFORNIA-LOS-ANGELES,2023,46678
US-UNIVERSITY-OF-CALIFORNIA-LOS-ANGELES,2024,
US-UNIVERSITY-OF-ARIZONA,2000,34488
US-UNIVERSITY-OF-ARIZONA,2001,35747
US-UNIVERSITY-OF-ARIZONA,2002,36847
US-UNIVERSITY-OF-ARIZONA,2003,37083
US-UNIVERSITY-OF-ARIZONA,2004,36932
US-UNIVERSITY-OF-ARIZONA,2005,37036
US-UNIVERSITY-OF-ARIZONA,2006,36805
US-UNIVERSITY-OF-ARIZONA,2007,37217
US-UNIVERSITY-OF-ARIZONA,2008,38057
US-UNIVERSITY-OF-ARIZONA,2009,38767
US-UNIVERSITY-OF-ARIZONA,2010,39086
US-UNIVERSITY-OF-ARIZONA,2011,39236
US-UNIVERSITY-OF-ARIZONA,2012,40223
US-UNIVERSITY-OF-ARIZONA,2013,40621
US-UNIVERSITY-OF-ARIZONA,2014,42236
US-UNIVERSITY-OF-ARIZONA,2015,42595
US-UNIVERSITY-OF-ARIZONA,2016,43161
US-UNIVERSITY-OF-ARIZONA,2017,43751
US-UNIVERSITY-OF-ARIZONA,2018,44097
US-UNIVERSITY-OF-ARIZONA,2019,44577
US-UNIVERSITY-OF-ARIZONA,2020,45601
US-UNIVERSITY-OF-ARIZONA,2021,48274
US-UNIVERSITY-OF-ARIZONA,2022,49403
US-UNIVERSITY-OF-ARIZONA,2023,53001
US-UNIVERSITY-OF-ARIZONA,2024,
US-OKLAHOMA-STATE-UNIVERSITY,2000,18676
US-OKLAHOMA-STATE-UNIVERSITY,2001,22008
US-OKLAHOMA-STATE-UNIVERSITY,2002,23220
US-OKLAHOMA-STATE-UNIVERSITY,2003,23844
US-OKLAHOMA-STATE-UNIVERSITY,2004,23819
US-OKLAHOMA-STATE-UNIVERSITY,2005,23692
US-OKLAHOMA-STATE-UNIVERSITY,2006,23499
US-OKLAHOMA-STATE-UNIVERSITY,2007,23213
US-OKLAHOMA-STATE-UNIVERSITY,2008,22995
US-OKLAHOMA-STATE-UNIVERSITY,2009,23033
US-OKLAHOMA-STATE-UNIVERSITY,2010,23667
US-OKLAHOMA-STATE-UNIVERSITY,2011,24390
US-OKLAHOMA-STATE-UNIVERSITY,2012,25708
US-OKLAHOMA-STATE-UNIVERSITY,2013,26073
US-OKLAHOMA-STATE-UNIVERSITY,2014,25962
US-OKLAHOMA-STATE-UNIVERSITY,2015,25930
US-OKLAHOMA-STATE-UNIVERSITY,2016,25622
US-OKLAHOMA-STATE-UNIVERSITY,2017,25295
US-OKLAHOMA-STATE-UNIVERSITY,2018,24690
US-OKLAHOMA-STATE-UNIVERSITY,2019,24079
US-OKLAHOMA-STATE-UNIVERSITY,2020,24535
US-OKLAHOMA-STATE-UNIVERSITY,2021,24577
US-OKLAHOMA-STATE-UNIVERSITY,2022,25372
US-OKLAHOMA-STATE-UNIVERSITY,2023,26043
US-OKLAHOMA-STATE-UNIVERSITY,2024,
US-UNIVERSITY-OF-CALIFORNIA-DAVIS,2000,26094
US-UNIVERSITY-OF-CALIFORNIA-DAVIS,2001,27292
US-UNIVERSITY-OF-CALIFORNIA-DAVIS,2002,29087
US-UNIVERSITY-OF-CALIFORNIA-DAVIS,2003,29402
US-UNIVERSITY-OF-CALIFORNIA-DAVIS,2004,29210
US-UNIVERSITY-OF-CALIFORNIA-DAVIS,2005,28815
US-UNIVERSITY-OF-CALIFORNIA-DAVIS,2006,29628
US-UNIVERSITY-OF-CALIFORNIA-DAVIS,2007,29796
US-UNIVERSITY-OF-CALIFORNIA-DAVIS,2008,30568
US-UNIVERSITY-OF-CALIFORNIA-DAVIS,2009,31247
US-UNIVERSITY-OF-CALIFORNIA-DAVIS,2010,31392
US-UNIVERSITY-OF-CALIFORNIA-DAVIS,2011,31732
US-UNIVERSITY-OF-CALIFORNIA-DAVIS,2012,32354
US-UNIVERSITY-OF-CALIFORNIA-DAVIS,2013,33307
US-UNIVERSITY-OF-CALIFORNIA-DAVIS,2014,34508
US-UNIVERSITY-OF-CALIFORNIA-DAVIS,2015,35186
US-UNIVERSITY-OF-CALIFORNIA-DAVIS,2016,36460
US-UNIVERSITY-OF-CALIFORNIA-DAVIS,2017,37380
US-UNIVERSITY-OF-CALIFORNIA-DAVIS,2018,38167
US-UNIVERSITY-OF-CALIFORNIA-DAVIS,2019,38634
US-UNIVERSITY-OF-CALIFORNIA-DAVIS,2020,39074
US-UNIVERSITY-OF-CALIFORNIA-DAVIS,2021,40050
US-UNIVERSITY-OF-CALIFORNIA-DAVIS,2022,39679
US-UNIVERSITY-OF-CALIFORNIA-DAVIS,2023,39707
US-UNIVERSITY-OF-CALIFORNIA-DAVIS,2024,
US-UNIVERSITY-OF-DELAWARE,2000,19072
US-UNIVERSITY-OF-DELAWARE,2001,20949
US-UNIVERSITY-OF-DELAWARE,2002,21289
US-UNIVERSITY-OF-DELAWARE,2003,21121
US-UNIVERSITY-OF-DELAWARE,2004,21238
US-UNIVERSITY-OF-DELAWARE,2005,20982
US-UNIVERSITY-OF-DELAWARE,2006,20380
US-UNIVERSITY-OF-DELAWARE,2007,20342
US-UNIVERSITY-OF-DELAWARE,2008,20500
US-UNIVERSITY-OF-DELAWARE,2009,21138
US-UNIVERSITY-OF-DELAWARE,2010,21177
US-UNIVERSITY-OF-DELAWARE,2011,21489
US-UNIVERSITY-OF-DELAWARE,2012,21856
US-UNIVERSITY-OF-DELAWARE,2013,22166
US-UNIVERSITY-OF-DELAWARE,2014,22680
US-UNIVERSITY-OF-DELAWARE,2015,22852
US-UNIVERSITY-OF-DELAWARE,2016,23009
US-UNIVERSITY-OF-DELAWARE,2017,23774
US-UNIVERSITY-OF-DELAWARE,2018,24120
US-UNIVERSITY-OF-DELAWARE,2019,23808
US-UNIVERSITY-OF-DELAWARE,2020,23613
US-UNIVERSITY-OF-DELAWARE,2021,23996
US-UNIVERSITY-OF-DELAWARE,2022,24039
US-UNIVERSITY-OF-DELAWARE,2023,24221
US-UNIVERSITY-OF-DELAWARE,2024,
US-TUFTS-UNIVERSITY,2000,9106
US-TUFTS-UNIVERSITY,2001,9082
US-TUFTS-UNIVERSITY,2002,9432
US-TUFTS-UNIVERSITY,2003,9509
US-TUFTS-UNIVERSITY,2004,9690
US-TUFTS-UNIVERSITY,2005,9806
US-TUFTS-UNIVERSITY,2006,9638
US-TUFTS-UNIVERSITY,2007,9758
US-TUFTS-UNIVERSITY,2008,10030
US-TUFTS-UNIVERSITY,2009,10252
US-TUFTS-UNIVERSITY,2010,10480
US-TUFTS-UNIVERSITY,2011,10777
US-TUFTS-UNIVERSITY,2012,10837
US-TUFTS-UNIVERSITY,2013,10872
US-TUFTS-UNIVERSITY,2014,10907
US-TUFTS-UNIVERSITY,2015,11137
US-TUFTS-UNIVERSITY,2016,11489
US-TUFTS-UNIVERSITY,2017,11449
US-TUFTS-UNIVERSITY,2018,11586
US-TUFTS-UNIVERSITY,2019,11878
US-TUFTS-UNIVERSITY,2020,12219
US-TUFTS-UNIVERSITY,2021,13293
US-TUFTS-UNIVERSITY,2022,13431
US-TUFTS-UNIVERSITY,2023,13274
US-TUFTS-UNIVERSITY,2024,
US-UNIVERSITY-OF-ARKANSAS-FOR-MEDICAL-SCIENCES,2000,1855
US-UNIVERSITY-OF-ARKANSAS-FOR-MEDICAL-SCIENCES,2001,1936
US-UNIVERSITY-OF-ARKANSAS-FOR-MEDICAL-SCIENCES,2002,2016
US-UNIVERSITY-OF-ARKANSAS-FOR-MEDICAL-SCIENCES,2003,2170
US-UNIVERSITY-OF-ARKANSAS-FOR-MEDICAL-SCIENCES,2004,2225
US-UNIVERSITY-OF-ARKANSAS-FOR-MEDICAL-SCIENCES,2005,2328
US-UNIVERSITY-OF-ARKANSAS-FOR-MEDICAL-SCIENCES,2006,2435
US-UNIVERSITY-OF-ARKANSAS-FOR-MEDICAL-SCIENCES,2007,2538
US-UNIVERSITY-OF-ARKANSAS-FOR-MEDICAL-SCIENCES,2008,2652
US-UNIVERSITY-OF-ARKANSAS-FOR-MEDICAL-SCIENCES,2009,2774
US-UNIVERSITY-OF-ARKANSAS-FOR-MEDICAL-SCIENCES,2010,2836
US-UNIVERSITY-OF-ARKANSAS-FOR-MEDICAL-SCIENCES,2011,2819
US-UNIVERSITY-OF-ARKANSAS-FOR-MEDICAL-SCIENCES,2012,2809
US-UNIVERSITY-OF-ARKANSAS-FOR-MEDICAL-SCIENCES,2013,2867
US-UNIVERSITY-OF-ARKANSAS-FOR-MEDICAL-SCIENCES,2014,2890
US-UNIVERSITY-OF-ARKANSAS-FOR-MEDICAL-SCIENCES,2015,3021
US-UNIVERSITY-OF-ARKANSAS-FOR-MEDICAL-SCIENCES,2016,2869
US-UNIVERSITY-OF-ARKANSAS-FOR-MEDICAL-SCIENCES,2017,2836
US-UNIVERSITY-OF-ARKANSAS-FOR-MEDICAL-SCIENCES,2018,2758
US-UNIVERSITY-OF-ARKANSAS-FOR-MEDICAL-SCIENCES,2019,2768
US-UNIVERSITY-OF-ARKANSAS-FOR-MEDICAL-SCIENCES,2020,2907
US-UNIVERSITY-OF-ARKANSAS-FOR-MEDICAL-SCIENCES,2021,3088
US-UNIVERSITY-OF-ARKANSAS-FOR-MEDICAL-SCIENCES,2022,3240
US-UNIVERSITY-OF-ARKANSAS-FOR-MEDICAL-SCIENCES,2023,3275
US-UNIVERSITY-OF-ARKANSAS-FOR-MEDICAL-SCIENCES,2024,
US-PRAIRIE-VIEW-A-AND-M-UNIVERSITY,2000,6609
US-PRAIRIE-VIEW-A-AND-M-UNIVERSITY,2001,6747
US-PRAIRIE-VIEW-A-AND-M-UNIVERSITY,2002,7255
US-PRAIRIE-VIEW-A-AND-M-UNIVERSITY,2003,7808
US-PRAIRIE-VIEW-A-AND-M-UNIVERSITY,2004,8350
US-PRAIRIE-VIEW-A-AND-M-UNIVERSITY,2005,7912
US-PRAIRIE-VIEW-A-AND-M-UNIVERSITY,2006,8006
US-PRAIRIE-VIEW-A-AND-M-UNIVERSITY,2007,8382
US-PRAIRIE-VIEW-A-AND-M-UNIVERSITY,2008,8203
US-PRAIRIE-VIEW-A-AND-M-UNIVERSITY,2009,8608
US-PRAIRIE-VIEW-A-AND-M-UNIVERSITY,2010,8781
US-PRAIRIE-VIEW-A-AND-M-UNIVERSITY,2011,8425
US-PRAIRIE-VIEW-A-AND-M-UNIVERSITY,2012,8336
US-PRAIRIE-VIEW-A-AND-M-UNIVERSITY,2013,8283
US-PRAIRIE-VIEW-A-AND-M-UNIVERSITY,2014,8429
US-PRAIRIE-VIEW-A-AND-M-UNIVERSITY,2015,8315
US-PRAIRIE-VIEW-A-AND-M-UNIVERSITY,2016,8782
US-PRAIRIE-VIEW-A-AND-M-UNIVERSITY,2017,9219
US-PRAIRIE-VIEW-A-AND-M-UNIVERSITY,2018,9516
US-PRAIRIE-VIEW-A-AND-M-UNIVERSITY,2019,8940
US-PRAIRIE-VIEW-A-AND-M-UNIVERSITY,2020,9248
US-PRAIRIE-VIEW-A-AND-M-UNIVERSITY,2021,9400
US-PRAIRIE-VIEW-A-AND-M-UNIVERSITY,2022,9056
US-PRAIRIE-VIEW-A-AND-M-UNIVERSITY,2023,9517
US-PRAIRIE-VIEW-A-AND-M-UNIVERSITY,2024,
US-UNIVERSITY-OF-MASSACHUSETTS-AMHERST,2000,24416
US-UNIVERSITY-OF-MASSACHUSETTS-AMHERST,2001,24678
US-UNIVERSITY-OF-MASSACHUSETTS-AMHERST,2002,24062
US-UNIVERSITY-OF-MASSACHUSETTS-AMHERST,2003,24310
US-UNIVERSITY-OF-MASSACHUSETTS-AMHERST,2004,24646
US-UNIVERSITY-OF-MASSACHUSETTS-AMHERST,2005,25093
US-UNIVERSITY-OF-MASSACHUSETTS-AMHERST,2006,25593
US-UNIVERSITY-OF-MASSACHUSETTS-AMHERST,2007,25873
US-UNIVERSITY-OF-MASSACHUSETTS-AMHERST,2008,26359
US-UNIVERSITY-OF-MASSACHUSETTS-AMHERST,2009,27016
US-UNIVERSITY-OF-MASSACHUSETTS-AMHERST,2010,27569
US-UNIVERSITY-OF-MASSACHUSETTS-AMHERST,2011,28084
US-UNIVERSITY-OF-MASSACHUSETTS-AMHERST,2012,28236
US-UNIVERSITY-OF-MASSACHUSETTS-AMHERST,2013,28518
US-UNIVERSITY-OF-MASSACHUSETTS-AMHERST,2014,28635
US-UNIVERSITY-OF-MASSACHUSETTS-AMHERST,2015,29269
US-UNIVERSITY-OF-MASSACHUSETTS-AMHERST,2016,30037
US-UNIVERSITY-OF-MASSACHUSETTS-AMHERST,2017,30340
US-UNIVERSITY-OF-MASSACHUSETTS-AMHERST,2018,30593
US-UNIVERSITY-OF-MASSACHUSETTS-AMHERST,2019,31350
US-UNIVERSITY-OF-MASSACHUSETTS-AMHERST,2020,31642
US-UNIVERSITY-OF-MASSACHUSETTS-AMHERST,2021,32045
US-UNIVERSITY-OF-MASSACHUSETTS-AMHERST,2022,32229
US-UNIVERSITY-OF-MASSACHUSETTS-AMHERST,2023,31810
US-UNIVERSITY-OF-MASSACHUSETTS-AMHERST,2024,
US-RICE-UNIVERSITY,2000,4205
US-RICE-UNIVERSITY,2001,4367
US-RICE-UNIVERSITY,2002,4633
US-RICE-UNIVERSITY,2003,4805
US-RICE-UNIVERSITY,2004,4855
US-RICE-UNIVERSITY,2005,5095
US-RICE-UNIVERSITY,2006,5024
US-RICE-UNIVERSITY,2007,5161
US-RICE-UNIVERSITY,2008,5357
US-RICE-UNIVERSITY,2009,5576
US-RICE-UNIVERSITY,2010,5879
US-RICE-UNIVERSITY,2011,6224
US-RICE-UNIVERSITY,2012,6484
US-RICE-UNIVERSITY,2013,6628
US-RICE-UNIVERSITY,2014,6621
US-RICE-UNIVERSITY,2015,6719
US-RICE-UNIVERSITY,2016,6855
US-RICE-UNIVERSITY,2017,7022
US-RICE-UNIVERSITY,2018,7124
US-RICE-UNIVERSITY,2019,7282
US-RICE-UNIVERSITY,2020,7643
US-RICE-UNIVERSITY,2021,8285
US-RICE-UNIVERSITY,2022,8672
US-RICE-UNIVERSITY,2023,8556
US-RICE-UNIVERSITY,2024,
US-GEORGETOWN-UNIVERSITY,2000,12427
US-GEORGETOWN-UNIVERSITY,2001,12688
US-GEORGETOWN-UNIVERSITY,2002,12856
US-GEORGETOWN-UNIVERSITY,2003,13164
US-GEORGETOWN-UNIVERSITY,2004,13233
US-GEORGETOWN-UNIVERSITY,2005,13652
US-GEORGETOWN-UNIVERSITY,2006,14148
US-GEORGETOWN-UNIVERSITY,2007,14826
US-GEORGETOWN-UNIVERSITY,2008,15318
US-GEORGETOWN-UNIVERSITY,2009,16520
US-GEORGETOWN-UNIVERSITY,2010,16937
US-GEORGETOWN-UNIVERSITY,2011,17130
US-GEORGETOWN-UNIVERSITY,2012,17357
US-GEORGETOWN-UNIVERSITY,2013,17849
US-GEORGETOWN-UNIVERSITY,2014,17858
US-GEORGETOWN-UNIVERSITY,2015,18459
US-GEORGETOWN-UNIVERSITY,2016,18525
US-GEORGETOWN-UNIVERSITY,2017,19005
US-GEORGETOWN-UNIVERSITY,2018,19204
US-GEORGETOWN-UNIVERSITY,2019,19593
US-GEORGETOWN-UNIVERSITY,2020,19371
US-GEORGETOWN-UNIVERSITY,2021,20935
US-GEORGETOWN-UNIVERSITY,2022,20984
US-GEORGETOWN-UNIVERSITY,2023,20392
US-GEORGETOWN-UNIVERSITY,2024,
US-UNIVERSITY-OF-NEVADA-RENO,2000,13149
US-UNIVERSITY-OF-NEVADA-RENO,2001,14316
US-UNIVERSITY-OF-NEVADA-RENO,2002,15093
US-UNIVERSITY-OF-NEVADA-RENO,2003,15534
US-UNIVERSITY-OF-NEVADA-RENO,2004,15950
US-UNIVERSITY-OF-NEVADA-RENO,2005,16336
US-UNIVERSITY-OF-NEVADA-RENO,2006,16663
US-UNIVERSITY-OF-NEVADA-RENO,2007,16681
US-UNIVERSITY-OF-NEVADA-RENO,2008,16867
US-UNIVERSITY-OF-NEVADA-RENO,2009,16875
US-UNIVERSITY-OF-NEVADA-RENO,2010,17680
US-UNIVERSITY-OF-NEVADA-RENO,2011,18004
US-UNIVERSITY-OF-NEVADA-RENO,2012,18227
US-UNIVERSITY-OF-NEVADA-RENO,2013,18776
US-UNIVERSITY-OF-NEVADA-RENO,2014,19934
US-UNIVERSITY-OF-NEVADA-RENO,2015,20898
US-UNIVERSITY-OF-NEVADA-RENO,2016,21353
US-UNIVERSITY-OF-NEVADA-RENO,2017,21657
US-UNIVERSITY-OF-NEVADA-RENO,2018,21463
US-UNIVERSITY-OF-NEVADA-RENO,2019,20993
US-UNIVERSITY-OF-NEVADA-RENO,2020,20722
US-UNIVERSITY-OF-NEVADA-RENO,2021,21034
US-UNIVERSITY-OF-NEVADA-RENO,2022,20945
US-UNIVERSITY-OF-NEVADA-RENO,2023,21778
US-UNIVERSITY-OF-NEVADA-RENO,2024,
US-CLEMSON-UNIVERSITY,2000,17465
US-CLEMSON-UNIVERSITY,2001,17101
US-CLEMSON-UNIVERSITY,2002,16876
US-CLEMSON-UNIVERSITY,2003,17016
US-CLEMSON-UNIVERSITY,2004,17110
US-CLEMSON-UNIVERSITY,2005,17165
US-CLEMSON-UNIVERSITY,2006,17309
US-CLEMSON-UNIVERSITY,2007,17585
US-CLEMSON-UNIVERSITY,2008,18317
US-CLEMSON-UNIVERSITY,2009,19111
US-CLEMSON-UNIVERSITY,2010,19453
US-CLEMSON-UNIVERSITY,2011,19914
US-CLEMSON-UNIVERSITY,2012,20768
US-CLEMSON-UNIVERSITY,2013,21303
US-CLEMSON-UNIVERSITY,2014,21857
US-CLEMSON-UNIVERSITY,2015,22698
US-CLEMSON-UNIVERSITY,2016,23406
US-CLEMSON-UNIVERSITY,2017,24387
US-CLEMSON-UNIVERSITY,2018,24951
US-CLEMSON-UNIVERSITY,2019,25822
US-CLEMSON-UNIVERSITY,2020,26406
US-CLEMSON-UNIVERSITY,2021,27341
US-CLEMSON-UNIVERSITY,2022,28466
US-CLEMSON-UNIVERSITY,2023,28747
US-CLEMSON-UNIVERSITY,2024,
US-UNIVERSITY-OF-NEW-MEXICO,2000,23670
US-UNIVERSITY-OF-NEW-MEXICO,2001,23753
US-UNIVERSITY-OF-NEW-MEXICO,2002,24593
US-UNIVERSITY-OF-NEW-MEXICO,2003,25686
US-UNIVERSITY-OF-NEW-MEXICO,2004,26242
US-UNIVERSITY-OF-NEW-MEXICO,2005,26172
US-UNIVERSITY-OF-NEW-MEXICO,2006,25721
US-UNIVERSITY-OF-NEW-MEXICO,2007,25672
US-UNIVERSITY-OF-NEW-MEXICO,2008,25754
US-UNIVERSITY-OF-NEW-MEXICO,2009,27241
US-UNIVERSITY-OF-NEW-MEXICO,2010,28688
US-UNIVERSITY-OF-NEW-MEXICO,2011,28977
US-UNIVERSITY-OF-NEW-MEXICO,2012,29033
US-UNIVERSITY-OF-NEW-MEXICO,2013,28592
US-UNIVERSITY-OF-NEW-MEXICO,2014,27844
US-UNIVERSITY-OF-NEW-MEXICO,2015,27285
US-UNIVERSITY-OF-NEW-MEXICO,2016,26999
US-UNIVERSITY-OF-NEW-MEXICO,2017,26221
US-UNIVERSITY-OF-NEW-MEXICO,2018,24319
US-UNIVERSITY-OF-NEW-MEXICO,2019,22729
US-UNIVERSITY-OF-NEW-MEXICO,2020,22311
US-UNIVERSITY-OF-NEW-MEXICO,2021,22139
US-UNIVERSITY-OF-NEW-MEXICO,2022,21488
US-UNIVERSITY-OF-NEW-MEXICO,2023,22700
US-UNIVERSITY-OF-NEW-MEXICO,2024,
US-UNIVERSITY-OF-THE-PACIFIC,2000,5609
US-UNIVERSITY-OF-THE-PACIFIC,2001,5697
US-UNIVERSITY-OF-THE-PACIFIC,2002,5886
US-UNIVERSITY-OF-THE-PACIFIC,2003,6121
US-UNIVERSITY-OF-THE-PACIFIC,2004,6268
US-UNIVERSITY-OF-THE-PACIFIC,2005,6196
US-UNIVERSITY-OF-THE-PACIFIC,2006,6251
US-UNIVERSITY-OF-THE-PACIFIC,2007,6235
US-UNIVERSITY-OF-THE-PACIFIC,2008,6251
US-UNIVERSITY-OF-THE-PACIFIC,2009,6401
US-UNIVERSITY-OF-THE-PACIFIC,2010,6717
US-UNIVERSITY-OF-THE-PACIFIC,2011,6710
US-UNIVERSITY-OF-THE-PACIFIC,2012,6652
US-UNIVERSITY-OF-THE-PACIFIC,2013,6421
US-UNIVERSITY-OF-THE-PACIFIC,2014,6304
US-UNIVERSITY-OF-THE-PACIFIC,2015,6281
US-UNIVERSITY-OF-THE-PACIFIC,2016,6128
US-UNIVERSITY-OF-THE-PACIFIC,2017,6255
US-UNIVERSITY-OF-THE-PACIFIC,2018,6493
US-UNIVERSITY-OF-THE-PACIFIC,2019,6447
US-UNIVERSITY-OF-THE-PACIFIC,2020,6263
US-UNIVERSITY-OF-THE-PACIFIC,2021,6066
US-UNIVERSITY-OF-THE-PACIFIC,2022,6277
US-UNIVERSITY-OF-THE-PACIFIC,2023,6755
US-UNIVERSITY-OF-THE-PACIFIC,2024,
US-EAST-TENNESSEE-STATE-UNIVERSITY,2000,11063
US-EAST-TENNESSEE-STATE-UNIVERSITY,2001,11331
US-EAST-TENNESSEE-STATE-UNIVERSITY,2002,11365
US-EAST-TENNESSEE-STATE-UNIVERSITY,2003,11624
US-EAST-TENNESSEE-STATE-UNIVERSITY,2004,11869
US-EAST-TENNESSEE-STATE-UNIVERSITY,2005,11894
US-EAST-TENNESSEE-STATE-UNIVERSITY,2006,12390
US-EAST-TENNESSEE-STATE-UNIVERSITY,2007,13119
US-EAST-TENNESSEE-STATE-UNIVERSITY,2008,13646
US-EAST-TENNESSEE-STATE-UNIVERSITY,2009,14421
US-EAST-TENNESSEE-STATE-UNIVERSITY,2010,14952
US-EAST-TENNESSEE-STATE-UNIVERSITY,2011,15250
US-EAST-TENNESSEE-STATE-UNIVERSITY,2012,15133
US-EAST-TENNESSEE-STATE-UNIVERSITY,2013,14691
US-EAST-TENNESSEE-STATE-UNIVERSITY,2014,14434
US-EAST-TENNESSEE-STATE-UNIVERSITY,2015,14334
US-EAST-TENNESSEE-STATE-UNIVERSITY,2016,14022
US-EAST-TENNESSEE-STATE-UNIVERSITY,2017,14353
US-EAST-TENNESSEE-STATE-UNIVERSITY,2018,14317
US-EAST-TENNESSEE-STATE-UNIVERSITY,2019,14191
US-EAST-TENNESSEE-STATE-UNIVERSITY,2020,13713
US-EAST-TENNESSEE-STATE-UNIVERSITY,2021,13303
US-EAST-TENNESSEE-STATE-UNIVERSITY,2022,13483
US-EAST-TENNESSEE-STATE-UNIVERSITY,2023,13586
US-EAST-TENNESSEE-STATE-UNIVERSITY,2024,
US-UNIVERSITY-OF-ILLINOIS-CHICAGO,2000,24942
US-UNIVERSITY-OF-ILLINOIS-CHICAGO,2001,24955
US-UNIVERSITY-OF-ILLINOIS-CHICAGO,2002,26138
US-UNIVERSITY-OF-ILLINOIS-CHICAGO,2003,25764
US-UNIVERSITY-OF-ILLINOIS-CHICAGO,2004,24865
US-UNIVERSITY-OF-ILLINOIS-CHICAGO,2005,24812
US-UNIVERSITY-OF-ILLINOIS-CHICAGO,2006,24644
US-UNIVERSITY-OF-ILLINOIS-CHICAGO,2007,25747
US-UNIVERSITY-OF-ILLINOIS-CHICAGO,2008,25835
US-UNIVERSITY-OF-ILLINOIS-CHICAGO,2009,26840
US-UNIVERSITY-OF-ILLINOIS-CHICAGO,2010,27850
US-UNIVERSITY-OF-ILLINOIS-CHICAGO,2011,28091
US-UNIVERSITY-OF-ILLINOIS-CHICAGO,2012,27875
US-UNIVERSITY-OF-ILLINOIS-CHICAGO,2013,28038
US-UNIVERSITY-OF-ILLINOIS-CHICAGO,2014,27969
US-UNIVERSITY-OF-ILLINOIS-CHICAGO,2015,29048
US-UNIVERSITY-OF-ILLINOIS-CHICAGO,2016,29120
US-UNIVERSITY-OF-ILLINOIS-CHICAGO,2017,30539
US-UNIVERSITY-OF-ILLINOIS-CHICAGO,2018,31683
US-UNIVERSITY-OF-ILLINOIS-CHICAGO,2019,32324
US-UNIVERSITY-OF-ILLINOIS-CHICAGO,2020,33518
US-UNIVERSITY-OF-ILLINOIS-CHICAGO,2021,34199
US-UNIVERSITY-OF-ILLINOIS-CHICAGO,2022,33747
US-UNIVERSITY-OF-ILLINOIS-CHICAGO,2023,33522
US-UNIVERSITY-OF-ILLINOIS-CHICAGO,2024,
US-GEORGE-WASHINGTON-UNIVERSITY,2000,20527
US-GEORGE-WASHINGTON-UNIVERSITY,2001,22184
US-GEORGE-WASHINGTON-UNIVERSITY,2002,23019
US-GEORGE-WASHINGTON-UNIVERSITY,2003,23417
US-GEORGE-WASHINGTON-UNIVERSITY,2004,24092
US-GEORGE-WASHINGTON-UNIVERSITY,2005,24099
US-GEORGE-WASHINGTON-UNIVERSITY,2006,24531
US-GEORGE-WASHINGTON-UNIVERSITY,2007,25078
US-GEORGE-WASHINGTON-UNIVERSITY,2008,25116
US-GEORGE-WASHINGTON-UNIVERSITY,2009,25061
US-GEORGE-WASHINGTON-UNIVERSITY,2010,25135
US-GEORGE-WASHINGTON-UNIVERSITY,2011,25260
US-GEORGE-WASHINGTON-UNIVERSITY,2012,25653
US-GEORGE-WASHINGTON-UNIVERSITY,2013,25264
US-GEORGE-WASHINGTON-UNIVERSITY,2014,25613
US-GEORGE-WASHINGTON-UNIVERSITY,2015,26212
US-GEORGE-WASHINGTON-UNIVERSITY,2016,27159
US-GEORGE-WASHINGTON-UNIVERSITY,2017,27973
US-GEORGE-WASHINGTON-UNIVERSITY,2018,28172
US-GEORGE-WASHINGTON-UNIVERSITY,2019,27814
US-GEORGE-WASHINGTON-UNIVERSITY,2020,27017
US-GEORGE-WASHINGTON-UNIVERSITY,2021,26457
US-GEORGE-WASHINGTON-UNIVERSITY,2022,25939
US-GEORGE-WASHINGTON-UNIVERSITY,2023,25568
US-GEORGE-WASHINGTON-UNIVERSITY,2024,
US-LEHIGH-UNIVERSITY,2000,6476
US-LEHIGH-UNIVERSITY,2001,6479
US-LEHIGH-UNIVERSITY,2002,6686
US-LEHIGH-UNIVERSITY,2003,6732
US-LEHIGH-UNIVERSITY,2004,6641
US-LEHIGH-UNIVERSITY,2005,6748
US-LEHIGH-UNIVERSITY,2006,6858
US-LEHIGH-UNIVERSITY,2007,6845
US-LEHIGH-UNIVERSITY,2008,6994
US-LEHIGH-UNIVERSITY,2009,6996
US-LEHIGH-UNIVERSITY,2010,7051
US-LEHIGH-UNIVERSITY,2011,7055
US-LEHIGH-UNIVERSITY,2012,7080
US-LEHIGH-UNIVERSITY,2013,7096
US-LEHIGH-UNIVERSITY,2014,7119
US-LEHIGH-UNIVERSITY,2015,7054
US-LEHIGH-UNIVERSITY,2016,7059
US-LEHIGH-UNIVERSITY,2017,7017
US-LEHIGH-UNIVERSITY,2018,6849
US-LEHIGH-UNIVERSITY,2019,6953
US-LEHIGH-UNIVERSITY,2020,7067
US-LEHIGH-UNIVERSITY,2021,7263
US-LEHIGH-UNIVERSITY,2022,7394
US-LEHIGH-UNIVERSITY,2023,7590
US-LEHIGH-UNIVERSITY,2024,
US-MERCER-UNIVERSITY,2000,6908
US-MERCER-UNIVERSITY,2001,7315
US-MERCER-UNIVERSITY,2002,7325
US-MERCER-UNIVERSITY,2003,7200
US-MERCER-UNIVERSITY,2004,7180
US-MERCER-UNIVERSITY,2005,7154
US-MERCER-UNIVERSITY,2006,7049
US-MERCER-UNIVERSITY,2007,7308
US-MERCER-UNIVERSITY,2008,7622
US-MERCER-UNIVERSITY,2009,8072
US-MERCER-UNIVERSITY,2010,8236
US-MERCER-UNIVERSITY,2011,8329
US-MERCER-UNIVERSITY,2012,8329
US-MERCER-UNIVERSITY,2013,8351
US-MERCER-UNIVERSITY,2014,8552
US-MERCER-UNIVERSITY,2015,8600
US-MERCER-UNIVERSITY,2016,8615
US-MERCER-UNIVERSITY,2017,8653
US-MERCER-UNIVERSITY,2018,8740
US-MERCER-UNIVERSITY,2019,8740
US-MERCER-UNIVERSITY,2020,9006
US-MERCER-UNIVERSITY,2021,9009
US-MERCER-UNIVERSITY,2022,8889
US-MERCER-UNIVERSITY,2023,9124
US-MERCER-UNIVERSITY,2024,
US-RENSSELAER-POLYTECHNIC-INSTITUTE,2000,8022
US-RENSSELAER-POLYTECHNIC-INSTITUTE,2001,8084
US-RENSSELAER-POLYTECHNIC-INSTITUTE,2002,7670
US-RENSSELAER-POLYTECHNIC-INSTITUTE,2003,7236
US-RENSSELAER-POLYTECHNIC-INSTITUTE,2004,6696
US-RENSSELAER-POLYTECHNIC-INSTITUTE,2005,6514
US-RENSSELAER-POLYTECHNIC-INSTITUTE,2006,6680
US-RENSSELAER-POLYTECHNIC-INSTITUTE,2007,6566
US-RENSSELAER-POLYTECHNIC-INSTITUTE,2008,6777
US-RENSSELAER-POLYTECHNIC-INSTITUTE,2009,6901
US-RENSSELAER-POLYTECHNIC-INSTITUTE,2010,6704
US-RENSSELAER-POLYTECHNIC-INSTITUTE,2011,6538
US-RENSSELAER-POLYTECHNIC-INSTITUTE,2012,6658
US-RENSSELAER-POLYTECHNIC-INSTITUTE,2013,6714
US-RENSSELAER-POLYTECHNIC-INSTITUTE,2014,6835
US-RENSSELAER-POLYTECHNIC-INSTITUTE,2015,6982
US-RENSSELAER-POLYTECHNIC-INSTITUTE,2016,7363
US-RENSSELAER-POLYTECHNIC-INSTITUTE,2017,7592
US-RENSSELAER-POLYTECHNIC-INSTITUTE,2018,7895
US-RENSSELAER-POLYTECHNIC-INSTITUTE,2019,7528
US-RENSSELAER-POLYTECHNIC-INSTITUTE,2020,7501
US-RENSSELAER-POLYTECHNIC-INSTITUTE,2021,6774
US-RENSSELAER-POLYTECHNIC-INSTITUTE,2022,6968
US-RENSSELAER-POLYTECHNIC-INSTITUTE,2023,7024
US-RENSSELAER-POLYTECHNIC-INSTITUTE,2024,
US-UNIVERSITY-OF-SOUTH-FLORIDA,2000,35561
US-UNIVERSITY-OF-SOUTH-FLORIDA,2001,37221
US-UNIVERSITY-OF-SOUTH-FLORIDA,2002,38854
US-UNIVERSITY-OF-SOUTH-FLORIDA,2003,40945
US-UNIVERSITY-OF-SOUTH-FLORIDA,2004,42238
US-UNIVERSITY-OF-SOUTH-FLORIDA,2005,42660
US-UNIVERSITY-OF-SOUTH-FLORIDA,2006,43636
US-UNIVERSITY-OF-SOUTH-FLORIDA,2007,44870
US-UNIVERSITY-OF-SOUTH-FLORIDA,2008,46189
US-UNIVERSITY-OF-SOUTH-FLORIDA,2009,40022
US-UNIVERSITY-OF-SOUTH-FLORIDA,2010,40431
US-UNIVERSITY-OF-SOUTH-FLORIDA,2011,39596
US-UNIVERSITY-OF-SOUTH-FLORIDA,2012,41116
US-UNIVERSITY-OF-SOUTH-FLORIDA,2013,41428
US-UNIVERSITY-OF-SOUTH-FLORIDA,2014,41938
US-UNIVERSITY-OF-SOUTH-FLORIDA,2015,42067
US-UNIVERSITY-OF-SOUTH-FLORIDA,2016,42861
US-UNIVERSITY-OF-SOUTH-FLORIDA,2017,43540
US-UNIVERSITY-OF-SOUTH-FLORIDA,2018,43846
US-UNIVERSITY-OF-SOUTH-FLORIDA,2019,44246
US-UNIVERSITY-OF-SOUTH-FLORIDA,2020,50626
US-UNIVERSITY-OF-SOUTH-FLORIDA,2021,49708
US-UNIVERSITY-OF-SOUTH-FLORIDA,2022,49600
US-UNIVERSITY-OF-SOUTH-FLORIDA,2023,48572
US-UNIVERSITY-OF-SOUTH-FLORIDA,2024,
US-BRIGHAM-YOUNG-UNIVERSITY,2000,8949
US-BRIGHAM-YOUNG-UNIVERSITY,2001,9200
US-BRIGHAM-YOUNG-UNIVERSITY,2002,10701
US-BRIGHAM-YOUNG-UNIVERSITY,2003,11136
US-BRIGHAM-YOUNG-UNIVERSITY,2004,11555
US-BRIGHAM-YOUNG-UNIVERSITY,2005,13047
US-BRIGHAM-YOUNG-UNIVERSITY,2006,14116
US-BRIGHAM-YOUNG-UNIVERSITY,2007,13824
US-BRIGHAM-YOUNG-UNIVERSITY,2008,14276
US-BRIGHAM-YOUNG-UNIVERSITY,2009,14944
US-BRIGHAM-YOUNG-UNIVERSITY,2010,14933
US-BRIGHAM-YOUNG-UNIVERSITY,2011,18110
US-BRIGHAM-YOUNG-UNIVERSITY,2012,23261
US-BRIGHAM-YOUNG-UNIVERSITY,2013,27692
US-BRIGHAM-YOUNG-UNIVERSITY,2014,36624
US-BRIGHAM-YOUNG-UNIVERSITY,2015,43803
US-BRIGHAM-YOUNG-UNIVERSITY,2016,44821
US-BRIGHAM-YOUNG-UNIVERSITY,2017,51881
US-BRIGHAM-YOUNG-UNIVERSITY,2018,42341
US-BRIGHAM-YOUNG-UNIVERSITY,2019,39145
US-BRIGHAM-YOUNG-UNIVERSITY,2020,44481
US-BRIGHAM-YOUNG-UNIVERSITY,2021,44304
US-BRIGHAM-YOUNG-UNIVERSITY,2022,43023
US-BRIGHAM-YOUNG-UNIVERSITY,2023,42996
US-BRIGHAM-YOUNG-UNIVERSITY,2024,
US-PACE-UNIVERSITY,2000,7911
US-PACE-UNIVERSITY,2001,13336
US-PACE-UNIVERSITY,2002,14096
US-PACE-UNIVERSITY,2003,13962
US-PACE-UNIVERSITY,2004,13670
US-PACE-UNIVERSITY,2005,14177
US-PACE-UNIVERSITY,2006,13463
US-PACE-UNIVERSITY,2007,12912
US-PACE-UNIVERSITY,2008,12704
US-PACE-UNIVERSITY,2009,12706
US-PACE-UNIVERSITY,2010,12752
US-PACE-UNIVERSITY,2011,12593
US-PACE-UNIVERSITY,2012,12772
US-PACE-UNIVERSITY,2013,12624
US-PACE-UNIVERSITY,2014,12857
US-PACE-UNIVERSITY,2015,12843
US-PACE-UNIVERSITY,2016,13245
US-PACE-UNIVERSITY,2017,12986
US-PACE-UNIVERSITY,2018,13326
US-PACE-UNIVERSITY,2019,13395
US-PACE-UNIVERSITY,2020,12835
US-PACE-UNIVERSITY,2021,13479
US-PACE-UNIVERSITY,2022,13609
US-PACE-UNIVERSITY,2023,14092
US-PACE-UNIVERSITY,2024,
US-VILLANOVA-UNIVERSITY,2000,10017
US-VILLANOVA-UNIVERSITY,2001,10259
US-VILLANOVA-UNIVERSITY,2002,10473
US-VILLANOVA-UNIVERSITY,2003,10581
US-VILLANOVA-UNIVERSITY,2004,10610
US-VILLANOVA-UNIVERSITY,2005,10367
US-VILLANOVA-UNIVERSITY,2006,10466
US-VILLANOVA-UNIVERSITY,2007,10470
US-VILLANOVA-UNIVERSITY,2008,10274
US-VILLANOVA-UNIVERSITY,2009,10375
US-VILLANOVA-UNIVERSITY,2010,10605
US-VILLANOVA-UNIVERSITY,2011,10661
US-VILLANOVA-UNIVERSITY,2012,10583
US-VILLANOVA-UNIVERSITY,2013,10696
US-VILLANOVA-UNIVERSITY,2014,10735
US-VILLANOVA-UNIVERSITY,2015,10711
US-VILLANOVA-UNIVERSITY,2016,10842
US-VILLANOVA-UNIVERSITY,2017,10967
US-VILLANOVA-UNIVERSITY,2018,11030
US-VILLANOVA-UNIVERSITY,2019,10848
US-VILLANOVA-UNIVERSITY,2020,11032
US-VILLANOVA-UNIVERSITY,2021,10870
US-VILLANOVA-UNIVERSITY,2022,10383
US-VILLANOVA-UNIVERSITY,2023,10111
US-VILLANOVA-UNIVERSITY,2024,
US-UNIVERSITY-OF-ROCHESTER,2000,8071
US-UNIVERSITY-OF-ROCHESTER,2001,8351
US-UNIVERSITY-OF-ROCHESTER,2002,8516
US-UNIVERSITY-OF-ROCHESTER,2003,8466
US-UNIVERSITY-OF-ROCHESTER,2004,8329
US-UNIVERSITY-OF-ROCHESTER,2005,8588
US-UNIVERSITY-OF-ROCHESTER,2006,8846
US-UNIVERSITY-OF-ROCHESTER,2007,9334
US-UNIVERSITY-OF-ROCHESTER,2008,9735
US-UNIVERSITY-OF-ROCHESTER,2009,9944
US-UNIVERSITY-OF-ROCHESTER,2010,10111
US-UNIVERSITY-OF-ROCHESTER,2011,10290
US-UNIVERSITY-OF-ROCHESTER,2012,10510
US-UNIVERSITY-OF-ROCHESTER,2013,11020
US-UNIVERSITY-OF-ROCHESTER,2014,11060
US-UNIVERSITY-OF-ROCHESTER,2015,11105
US-UNIVERSITY-OF-ROCHESTER,2016,11209
US-UNIVERSITY-OF-ROCHESTER,2017,11648
US-UNIVERSITY-OF-ROCHESTER,2018,11817
US-UNIVERSITY-OF-ROCHESTER,2019,12233
US-UNIVERSITY-OF-ROCHESTER,2020,11741
US-UNIVERSITY-OF-ROCHESTER,2021,12039
US-UNIVERSITY-OF-ROCHESTER,2022,12197
US-UNIVERSITY-OF-ROCHESTER,2023,12160
US-UNIVERSITY-OF-ROCHESTER,2024,
US-UNIVERSITY-OF-CALIFORNIA-IRVINE,2000,20211
US-UNIVERSITY-OF-CALIFORNIA-IRVINE,2001,21885
US-UNIVERSITY-OF-CALIFORNIA-IRVINE,2002,23779
US-UNIVERSITY-OF-CALIFORNIA-IRVINE,2003,24273
US-UNIVERSITY-OF-CALIFORNIA-IRVINE,2004,24344
US-UNIVERSITY-OF-CALIFORNIA-IRVINE,2005,24400
US-UNIVERSITY-OF-CALIFORNIA-IRVINE,2006,25230
US-UNIVERSITY-OF-CALIFORNIA-IRVINE,2007,26483
US-UNIVERSITY-OF-CALIFORNIA-IRVINE,2008,26984
US-UNIVERSITY-OF-CALIFORNIA-IRVINE,2009,27142
US-UNIVERSITY-OF-CALIFORNIA-IRVINE,2010,26994
US-UNIVERSITY-OF-CALIFORNIA-IRVINE,2011,27189
US-UNIVERSITY-OF-CALIFORNIA-IRVINE,2012,27479
US-UNIVERSITY-OF-CALIFORNIA-IRVINE,2013,28895
US-UNIVERSITY-OF-CALIFORNIA-IRVINE,2014,30051
US-UNIVERSITY-OF-CALIFORNIA-IRVINE,2015,30836
US-UNIVERSITY-OF-CALIFORNIA-IRVINE,2016,32754
US-UNIVERSITY-OF-CALIFORNIA-IRVINE,2017,35242
US-UNIVERSITY-OF-CALIFORNIA-IRVINE,2018,36032
US-UNIVERSITY-OF-CALIFORNIA-IRVINE,2019,36908
US-UNIVERSITY-OF-CALIFORNIA-IRVINE,2020,36303
US-UNIVERSITY-OF-CALIFORNIA-IRVINE,2021,36505
US-UNIVERSITY-OF-CALIFORNIA-IRVINE,2022,35937
US-UNIVERSITY-OF-CALIFORNIA-IRVINE,2023,36582
US-UNIVERSITY-OF-CALIFORNIA-IRVINE,2024,
US-WASHINGTON-UNIVERSITY-ST-LOUIS,2000,12118
US-WASHINGTON-UNIVERSITY-ST-LOUIS,2001,12187
US-WASHINGTON-UNIVERSITY-ST-LOUIS,2002,12767
US-WASHINGTON-UNIVERSITY-ST-LOUIS,2003,13020
US-WASHINGTON-UNIVERSITY-ST-LOUIS,2004,13210
US-WASHINGTON-UNIVERSITY-ST-LOUIS,2005,13383
US-WASHINGTON-UNIVERSITY-ST-LOUIS,2006,13355
US-WASHINGTON-UNIVERSITY-ST-LOUIS,2007,13382
US-WASHINGTON-UNIVERSITY-ST-LOUIS,2008,13339
US-WASHINGTON-UNIVERSITY-ST-LOUIS,2009,13575
US-WASHINGTON-UNIVERSITY-ST-LOUIS,2010,13820
US-WASHINGTON-UNIVERSITY-ST-LOUIS,2011,13908
US-WASHINGTON-UNIVERSITY-ST-LOUIS,2012,13952
US-WASHINGTON-UNIVERSITY-ST-LOUIS,2013,14032
US-WASHINGTON-UNIVERSITY-ST-LOUIS,2014,14348
US-WASHINGTON-UNIVERSITY-ST-LOUIS,2015,14688
US-WASHINGTON-UNIVERSITY-ST-LOUIS,2016,15047
US-WASHINGTON-UNIVERSITY-ST-LOUIS,2017,15303
US-WASHINGTON-UNIVERSITY-ST-LOUIS,2018,15852
US-WASHINGTON-UNIVERSITY-ST-LOUIS,2019,16191
US-WASHINGTON-UNIVERSITY-ST-LOUIS,2020,15449
US-WASHINGTON-UNIVERSITY-ST-LOUIS,2021,16973
US-WASHINGTON-UNIVERSITY-ST-LOUIS,2022,17012
US-WASHINGTON-UNIVERSITY-ST-LOUIS,2023,16500
US-WASHINGTON-UNIVERSITY-ST-LOUIS,2024,
US-DEPAUL-UNIVERSITY,2000,20548
US-DEPAUL-UNIVERSITY,2001,21363
US-DEPAUL-UNIVERSITY,2002,23227
US-DEPAUL-UNIVERSITY,2003,23610
US-DEPAUL-UNIVERSITY,2004,23570
US-DEPAUL-UNIVERSITY,2005,23145
US-DEPAUL-UNIVERSITY,2006,23149
US-DEPAUL-UNIVERSITY,2007,23401
US-DEPAUL-UNIVERSITY,2008,24352
US-DEPAUL-UNIVERSITY,2009,25072
US-DEPAUL-UNIVERSITY,2010,25145
US-DEPAUL-UNIVERSITY,2011,25398
US-DEPAUL-UNIVERSITY,2012,24966
US-DEPAUL-UNIVERSITY,2013,24414
US-DEPAUL-UNIVERSITY,2014,23799
US-DEPAUL-UNIVERSITY,2015,23539
US-DEPAUL-UNIVERSITY,2016,23110
US-DEPAUL-UNIVERSITY,2017,22769
US-DEPAUL-UNIVERSITY,2018,22437
US-DEPAUL-UNIVERSITY,2019,22064
US-DEPAUL-UNIVERSITY,2020,21922
US-DEPAUL-UNIVERSITY,2021,21670
US-DEPAUL-UNIVERSITY,2022,20917
US-DEPAUL-UNIVERSITY,2023,21348
US-DEPAUL-UNIVERSITY,2024,
US-UNIVERSITY-OF-SOUTH-ALABAMA,2000,11673
US-UNIVERSITY-OF-SOUTH-ALABAMA,2001,12122
US-UNIVERSITY-OF-SOUTH-ALABAMA,2002,12323
US-UNIVERSITY-OF-SOUTH-ALABAMA,2003,13096
US-UNIVERSITY-OF-SOUTH-ALABAMA,2004,13340
US-UNIVERSITY-OF-SOUTH-ALABAMA,2005,13122
US-UNIVERSITY-OF-SOUTH-ALABAMA,2006,13090
US-UNIVERSITY-OF-SOUTH-ALABAMA,2007,13779
US-UNIVERSITY-OF-SOUTH-ALABAMA,2008,14064
US-UNIVERSITY-OF-SOUTH-ALABAMA,2009,14522
US-UNIVERSITY-OF-SOUTH-ALABAMA,2010,14776
US-UNIVERSITY-OF-SOUTH-ALABAMA,2011,14769
US-UNIVERSITY-OF-SOUTH-ALABAMA,2012,14636
US-UNIVERSITY-OF-SOUTH-ALABAMA,2013,15065
US-UNIVERSITY-OF-SOUTH-ALABAMA,2014,15805
US-UNIVERSITY-OF-SOUTH-ALABAMA,2015,16211
US-UNIVERSITY-OF-SOUTH-ALABAMA,2016,16443
US-UNIVERSITY-OF-SOUTH-ALABAMA,2017,15569
US-UNIVERSITY-OF-SOUTH-ALABAMA,2018,14834
US-UNIVERSITY-OF-SOUTH-ALABAMA,2019,14397
US-UNIVERSITY-OF-SOUTH-ALABAMA,2020,14224
US-UNIVERSITY-OF-SOUTH-ALABAMA,2021,13992
US-UNIVERSITY-OF-SOUTH-ALABAMA,2022,13438
US-UNIVERSITY-OF-SOUTH-ALABAMA,2023,13768
US-UNIVERSITY-OF-SOUTH-ALABAMA,2024,
US-SOUTHERN-METHODIST-UNIVERSITY,2000,10064
US-SOUTHERN-METHODIST-UNIVERSITY,2001,10266
US-SOUTHERN-METHODIST-UNIVERSITY,2002,10955
US-SOUTHERN-METHODIST-UNIVERSITY,2003,11161
US-SOUTHERN-METHODIST-UNIVERSITY,2004,10901
US-SOUTHERN-METHODIST-UNIVERSITY,2005,11152
US-SOUTHERN-METHODIST-UNIVERSITY,2006,10941
US-SOUTHERN-METHODIST-UNIVERSITY,2007,10829
US-SOUTHERN-METHODIST-UNIVERSITY,2008,10965
US-SOUTHERN-METHODIST-UNIVERSITY,2009,10891
US-SOUTHERN-METHODIST-UNIVERSITY,2010,10938
US-SOUTHERN-METHODIST-UNIVERSITY,2011,10982
US-SOUTHERN-METHODIST-UNIVERSITY,2012,10893
US-SOUTHERN-METHODIST-UNIVERSITY,2013,10929
US-SOUTHERN-METHODIST-UNIVERSITY,2014,11272
US-SOUTHERN-METHODIST-UNIVERSITY,2015,11643
US-SOUTHERN-METHODIST-UNIVERSITY,2016,11739
US-SOUTHERN-METHODIST-UNIVERSITY,2017,11789
US-SOUTHERN-METHODIST-UNIVERSITY,2018,11649
US-SOUTHERN-METHODIST-UNIVERSITY,2019,11824
US-SOUTHERN-METHODIST-UNIVERSITY,2020,12373
US-SOUTHERN-METHODIST-UNIVERSITY,2021,12385
US-SOUTHERN-METHODIST-UNIVERSITY,2022,12053
US-SOUTHERN-METHODIST-UNIVERSITY,2023,11842
US-SOUTHERN-METHODIST-UNIVERSITY,2024,
US-TULANE-UNIVERSITY,2000,11652
US-TULANE-UNIVERSITY,2001,11825
US-TULANE-UNIVERSITY,2002,12206
US-TULANE-UNIVERSITY,2003,12411
US-TULANE-UNIVERSITY,2004,12667
US-TULANE-UNIVERSITY,2005,
US-TULANE-UNIVERSITY,2006,10237
US-TULANE-UNIVERSITY,2007,10125
US-TULANE-UNIVERSITY,2008,10737
US-TULANE-UNIVERSITY,2009,11464
US-TULANE-UNIVERSITY,2010,12144
US-TULANE-UNIVERSITY,2011,12845
US-TULANE-UNIVERSITY,2012,12958
US-TULANE-UNIVERSITY,2013,12938
US-TULANE-UNIVERSITY,2014,12603
US-TULANE-UNIVERSITY,2015,12485
US-TULANE-UNIVERSITY,2016,12581
US-TULANE-UNIVERSITY,2017,12384
US-TULANE-UNIVERSITY,2018,12646
US-TULANE-UNIVERSITY,2019,12923
US-TULANE-UNIVERSITY,2020,13927
US-TULANE-UNIVERSITY,2021,14124
US-TULANE-UNIVERSITY,2022,13407
US-TULANE-UNIVERSITY,2023,13078
US-TULANE-UNIVERSITY,2024,
US-RUTGERS-UNIVERSITY,2000,35236
US-RUTGERS-UNIVERSITY,2001,35650
US-RUTGERS-UNIVERSITY,2002,35886
US-RUTGERS-UNIVERSITY,2003,35318
US-RUTGERS-UNIVERSITY,2004,34696
US-RUTGERS-UNIVERSITY,2005,34449
US-RUTGERS-UNIVERSITY,2006,34392
US-RUTGERS-UNIVERSITY,2007,34804
US-RUTGERS-UNIVERSITY,2008,36041
US-RUTGERS-UNIVERSITY,2009,37366
US-RUTGERS-UNIVERSITY,2010,38912
US-RUTGERS-UNIVERSITY,2011,39950
US-RUTGERS-UNIVERSITY,2012,40434
US-RUTGERS-UNIVERSITY,2013,48036
US-RUTGERS-UNIVERSITY,2014,48378
US-RUTGERS-UNIVERSITY,2015,49428
US-RUTGERS-UNIVERSITY,2016,50146
US-RUTGERS-UNIVERSITY,2017,49577
US-RUTGERS-UNIVERSITY,2018,50254
US-RUTGERS-UNIVERSITY,2019,50173
US-RUTGERS-UNIVERSITY,2020,50411
US-RUTGERS-UNIVERSITY,2021,50804
US-RUTGERS-UNIVERSITY,2022,50637
US-RUTGERS-UNIVERSITY,2023,50617
US-RUTGERS-UNIVERSITY,2024,
US-LOYOLA-UNIVERSITY-MARYLAND,2000,6111
US-LOYOLA-UNIVERSITY-MARYLAND,2001,6144
US-LOYOLA-UNIVERSITY-MARYLAND,2002,6144
US-LOYOLA-UNIVERSITY-MARYLAND,2003,6033
US-LOYOLA-UNIVERSITY-MARYLAND,2004,6156
US-LOYOLA-UNIVERSITY-MARYLAND,2005,6187
US-LOYOLA-UNIVERSITY-MARYLAND,2006,6035
US-LOYOLA-UNIVERSITY-MARYLAND,2007,6028
US-LOYOLA-UNIVERSITY-MARYLAND,2008,6080
US-LOYOLA-UNIVERSITY-MARYLAND,2009,6067
US-LOYOLA-UNIVERSITY-MARYLAND,2010,6061
US-LOYOLA-UNIVERSITY-MARYLAND,2011,6080
US-LOYOLA-UNIVERSITY-MARYLAND,2012,5978
US-LOYOLA-UNIVERSITY-MARYLAND,2013,5977
US-LOYOLA-UNIVERSITY-MARYLAND,2014,5967
US-LOYOLA-UNIVERSITY-MARYLAND,2015,6050
US-LOYOLA-UNIVERSITY-MARYLAND,2016,6084
US-LOYOLA-UNIVERSITY-MARYLAND,2017,5783
US-LOYOLA-UNIVERSITY-MARYLAND,2018,5645
US-LOYOLA-UNIVERSITY-MARYLAND,2019,5473
US-LOYOLA-UNIVERSITY-MARYLAND,2020,5282
US-LOYOLA-UNIVERSITY-MARYLAND,2021,5140
US-LOYOLA-UNIVERSITY-MARYLAND,2022,5238
US-LOYOLA-UNIVERSITY-MARYLAND,2023,5107
US-LOYOLA-UNIVERSITY-MARYLAND,2024,
US-ARIZONA-STATE-UNIVERSITY,2000,44126
US-ARIZONA-STATE-UNIVERSITY,2001,45693
US-ARIZONA-STATE-UNIVERSITY,2002,47359
US-ARIZONA-STATE-UNIVERSITY,2003,48901
US-ARIZONA-STATE-UNIVERSITY,2004,49171
US-ARIZONA-STATE-UNIVERSITY,2005,51612
US-ARIZONA-STATE-UNIVERSITY,2006,51234
US-ARIZONA-STATE-UNIVERSITY,2007,51481
US-ARIZONA-STATE-UNIVERSITY,2008,67082
US-ARIZONA-STATE-UNIVERSITY,2009,68064
US-ARIZONA-STATE-UNIVERSITY,2010,70440
US-ARIZONA-STATE-UNIVERSITY,2011,72254
US-ARIZONA-STATE-UNIVERSITY,2012,73378
US-ARIZONA-STATE-UNIVERSITY,2013,48702
US-ARIZONA-STATE-UNIVERSITY,2014,50320
US-ARIZONA-STATE-UNIVERSITY,2015,51984
US-ARIZONA-STATE-UNIVERSITY,2016,51869
US-ARIZONA-STATE-UNIVERSITY,2017,51164
US-ARIZONA-STATE-UNIVERSITY,2018,51585
US-ARIZONA-STATE-UNIVERSITY,2019,53286
US-ARIZONA-STATE-UNIVERSITY,2020,74795
US-ARIZONA-STATE-UNIVERSITY,2021,77881
US-ARIZONA-STATE-UNIVERSITY,2022,80065
US-ARIZONA-STATE-UNIVERSITY,2023,79593
US-ARIZONA-STATE-UNIVERSITY,2024,
US-MIAMI-UNIVERSITY,2000,13963
US-MIAMI-UNIVERSITY,2001,14436
US-MIAMI-UNIVERSITY,2002,14978
US-MIAMI-UNIVERSITY,2003,15235
US-MIAMI-UNIVERSITY,2004,15250
US-MIAMI-UNIVERSITY,2005,15674
US-MIAMI-UNIVERSITY,2006,15670
US-MIAMI-UNIVERSITY,2007,15449
US-MIAMI-UNIVERSITY,2008,15323
US-MIAMI-UNIVERSITY,2009,15629
US-MIAMI-UNIVERSITY,2010,15657
US-MIAMI-UNIVERSITY,2011,16068
US-MIAMI-UNIVERSITY,2012,16172
US-MIAMI-UNIVERSITY,2013,16935
US-MIAMI-UNIVERSITY,2014,16674
US-MIAMI-UNIVERSITY,2015,16785
US-MIAMI-UNIVERSITY,2016,16744
US-MIAMI-UNIVERSITY,2017,17003
US-MIAMI-UNIVERSITY,2018,17331
US-MIAMI-UNIVERSITY,2019,17811
US-MIAMI-UNIVERSITY,2020,17809
US-MIAMI-UNIVERSITY,2021,19096
US-MIAMI-UNIVERSITY,2022,19402
US-MIAMI-UNIVERSITY,2023,19593
US-MIAMI-UNIVERSITY,2024,
US-STONY-BROOK-UNIVERSITY,2000,19924
US-STONY-BROOK-UNIVERSITY,2001,20855
US-STONY-BROOK-UNIVERSITY,2002,21989
US-STONY-BROOK-UNIVERSITY,2003,22344
US-STONY-BROOK-UNIVERSITY,2004,21685
US-STONY-BROOK-UNIVERSITY,2005,22011
US-STONY-BROOK-UNIVERSITY,2006,22522
US-STONY-BROOK-UNIVERSITY,2007,23347
US-STONY-BROOK-UNIVERSITY,2008,23991
US-STONY-BROOK-UNIVERSITY,2009,24681
US-STONY-BROOK-UNIVERSITY,2010,24363
US-STONY-BROOK-UNIVERSITY,2011,23920
US-STONY-BROOK-UNIVERSITY,2012,23946
US-STONY-BROOK-UNIVERSITY,2013,24143
US-STONY-BROOK-UNIVERSITY,2014,24607
US-STONY-BROOK-UNIVERSITY,2015,25272
US-STONY-BROOK-UNIVERSITY,2016,25734
US-STONY-BROOK-UNIVERSITY,2017,25989
US-STONY-BROOK-UNIVERSITY,2018,26256
US-STONY-BROOK-UNIVERSITY,2019,26814
US-STONY-BROOK-UNIVERSITY,2020,26782
US-STONY-BROOK-UNIVERSITY,2021,26608
US-STONY-BROOK-UNIVERSITY,2022,25710
US-STONY-BROOK-UNIVERSITY,2023,25865
US-STONY-BROOK-UNIVERSITY,2024,
US-UNIVERSITY-OF-TEXAS-SAN-ANTONIO,2000,18830
US-UNIVERSITY-OF-TEXAS-SAN-ANTONIO,2001,19881
US-UNIVERSITY-OF-TEXAS-SAN-ANTONIO,2002,22016
US-UNIVERSITY-OF-TEXAS-SAN-ANTONIO,2003,24665
US-UNIVERSITY-OF-TEXAS-SAN-ANTONIO,2004,26175
US-UNIVERSITY-OF-TEXAS-SAN-ANTONIO,2005,27337
US-UNIVERSITY-OF-TEXAS-SAN-ANTONIO,2006,28379
US-UNIVERSITY-OF-TEXAS-SAN-ANTONIO,2007,28533
US-UNIVERSITY-OF-TEXAS-SAN-ANTONIO,2008,28413
US-UNIVERSITY-OF-TEXAS-SAN-ANTONIO,2009,28955
US-UNIVERSITY-OF-TEXAS-SAN-ANTONIO,2010,30258
US-UNIVERSITY-OF-TEXAS-SAN-ANTONIO,2011,30968
US-UNIVERSITY-OF-TEXAS-SAN-ANTONIO,2012,30474
US-UNIVERSITY-OF-TEXAS-SAN-ANTONIO,2013,28623
US-UNIVERSITY-OF-TEXAS-SAN-ANTONIO,2014,28628
US-UNIVERSITY-OF-TEXAS-SAN-ANTONIO,2015,28787
US-UNIVERSITY-OF-TEXAS-SAN-ANTONIO,2016,28959
US-UNIVERSITY-OF-TEXAS-SAN-ANTONIO,2017,30768
US-UNIVERSITY-OF-TEXAS-SAN-ANTONIO,2018,32264
US-UNIVERSITY-OF-TEXAS-SAN-ANTONIO,2019,32594
US-UNIVERSITY-OF-TEXAS-SAN-ANTONIO,2020,34742
US-UNIVERSITY-OF-TEXAS-SAN-ANTONIO,2021,34734
US-UNIVERSITY-OF-TEXAS-SAN-ANTONIO,2022,34393
US-UNIVERSITY-OF-TEXAS-SAN-ANTONIO,2023,34864
US-UNIVERSITY-OF-TEXAS-SAN-ANTONIO,2024,
US-MASSACHUSETTS-INSTITUTE-OF-TECHNOLOGY,2000,10090
US-MASSACHUSETTS-INSTITUTE-OF-TECHNOLOGY,2001,10197
US-MASSACHUSETTS-INSTITUTE-OF-TECHNOLOGY,2002,10317
US-MASSACHUSETTS-INSTITUTE-OF-TECHNOLOGY,2003,10340
US-MASSACHUSETTS-INSTITUTE-OF-TECHNOLOGY,2004,10320
US-MASSACHUSETTS-INSTITUTE-OF-TECHNOLOGY,2005,10206
US-MASSACHUSETTS-INSTITUTE-OF-TECHNOLOGY,2006,10253
US-MASSACHUSETTS-INSTITUTE-OF-TECHNOLOGY,2007,10220
US-MASSACHUSETTS-INSTITUTE-OF-TECHNOLOGY,2008,10299
US-MASSACHUSETTS-INSTITUTE-OF-TECHNOLOGY,2009,10384
US-MASSACHUSETTS-INSTITUTE-OF-TECHNOLOGY,2010,10566
US-MASSACHUSETTS-INSTITUTE-OF-TECHNOLOGY,2011,10894
US-MASSACHUSETTS-INSTITUTE-OF-TECHNOLOGY,2012,11189
US-MASSACHUSETTS-INSTITUTE-OF-TECHNOLOGY,2013,11301
US-MASSACHUSETTS-INSTITUTE-OF-TECHNOLOGY,2014,11319
US-MASSACHUSETTS-INSTITUTE-OF-TECHNOLOGY,2015,11331
US-MASSACHUSETTS-INSTITUTE-OF-TECHNOLOGY,2016,11376
US-MASSACHUSETTS-INSTITUTE-OF-TECHNOLOGY,2017,11466
US-MASSACHUSETTS-INSTITUTE-OF-TECHNOLOGY,2018,11574
US-MASSACHUSETTS-INSTITUTE-OF-TECHNOLOGY,2019,11520
US-MASSACHUSETTS-INSTITUTE-OF-TECHNOLOGY,2020,11254
US-MASSACHUSETTS-INSTITUTE-OF-TECHNOLOGY,2021,11934
US-MASSACHUSETTS-INSTITUTE-OF-TECHNOLOGY,2022,11858
US-MASSACHUSETTS-INSTITUTE-OF-TECHNOLOGY,2023,11920
US-MASSACHUSETTS-INSTITUTE-OF-TECHNOLOGY,2024,
US-PRINCETON-UNIVERSITY,2000,6547
US-PRINCETON-UNIVERSITY,2001,6668
US-PRINCETON-UNIVERSITY,2002,6646
US-PRINCETON-UNIVERSITY,2003,6688
US-PRINCETON-UNIVERSITY,2004,6708
US-PRINCETON-UNIVERSITY,2005,6773
US-PRINCETON-UNIVERSITY,2006,7085
US-PRINCETON-UNIVERSITY,2007,7261
US-PRINCETON-UNIVERSITY,2008,7330
US-PRINCETON-UNIVERSITY,2009,7592
US-PRINCETON-UNIVERSITY,2010,7724
US-PRINCETON-UNIVERSITY,2011,7813
US-PRINCETON-UNIVERSITY,2012,7975
US-PRINCETON-UNIVERSITY,2013,8014
US-PRINCETON-UNIVERSITY,2014,8088
US-PRINCETON-UNIVERSITY,2015,8138
US-PRINCETON-UNIVERSITY,2016,8181
US-PRINCETON-UNIVERSITY,2017,8273
US-PRINCETON-UNIVERSITY,2018,8374
US-PRINCETON-UNIVERSITY,2019,8419
US-PRINCETON-UNIVERSITY,2020,7853
US-PRINCETON-UNIVERSITY,2021,8478
US-PRINCETON-UNIVERSITY,2022,8842
US-PRINCETON-UNIVERSITY,2023,8922
US-PRINCETON-UNIVERSITY,2024,
US-FLORIDA-STATE-UNIVERSITY,2000,33971
US-FLORIDA-STATE-UNIVERSITY,2001,34982
US-FLORIDA-STATE-UNIVERSITY,2002,36210
US-FLORIDA-STATE-UNIVERSITY,2003,36884
US-FLORIDA-STATE-UNIVERSITY,2004,38431
US-FLORIDA-STATE-UNIVERSITY,2005,39146
US-FLORIDA-STATE-UNIVERSITY,2006,39973
US-FLORIDA-STATE-UNIVERSITY,2007,40555
US-FLORIDA-STATE-UNIVERSITY,2008,38682
US-FLORIDA-STATE-UNIVERSITY,2009,39785
US-FLORIDA-STATE-UNIVERSITY,2010,40416
US-FLORIDA-STATE-UNIVERSITY,2011,41087
US-FLORIDA-STATE-UNIVERSITY,2012,40695
US-FLORIDA-STATE-UNIVERSITY,2013,40909
US-FLORIDA-STATE-UNIVERSITY,2014,41226
US-FLORIDA-STATE-UNIVERSITY,2015,40830
US-FLORIDA-STATE-UNIVERSITY,2016,41173
US-FLORIDA-STATE-UNIVERSITY,2017,41362
US-FLORIDA-STATE-UNIVERSITY,2018,41269
US-FLORIDA-STATE-UNIVERSITY,2019,42450
US-FLORIDA-STATE-UNIVERSITY,2020,43569
US-FLORIDA-STATE-UNIVERSITY,2021,45130
US-FLORIDA-STATE-UNIVERSITY,2022,44161
US-FLORIDA-STATE-UNIVERSITY,2023,43234
US-FLORIDA-STATE-UNIVERSITY,2024,
US-TEXAS-TECH-UNIVERSITY,2000,24558
US-TEXAS-TECH-UNIVERSITY,2001,25573
US-TEXAS-TECH-UNIVERSITY,2002,27569
US-TEXAS-TECH-UNIVERSITY,2003,28549
US-TEXAS-TECH-UNIVERSITY,2004,28325
US-TEXAS-TECH-UNIVERSITY,2005,28001
US-TEXAS-TECH-UNIVERSITY,2006,27996
US-TEXAS-TECH-UNIVERSITY,2007,28260
US-TEXAS-TECH-UNIVERSITY,2008,28422
US-TEXAS-TECH-UNIVERSITY,2009,30049
US-TEXAS-TECH-UNIVERSITY,2010,31637
US-TEXAS-TECH-UNIVERSITY,2011,32327
US-TEXAS-TECH-UNIVERSITY,2012,32467
US-TEXAS-TECH-UNIVERSITY,2013,33111
US-TEXAS-TECH-UNIVERSITY,2014,35158
US-TEXAS-TECH-UNIVERSITY,2015,35859
US-TEXAS-TECH-UNIVERSITY,2016,36551
US-TEXAS-TECH-UNIVERSITY,2017,36996
US-TEXAS-TECH-UNIVERSITY,2018,38209
US-TEXAS-TECH-UNIVERSITY,2019,38742
US-TEXAS-TECH-UNIVERSITY,2020,40227
US-TEXAS-TECH-UNIVERSITY,2021,40542
US-TEXAS-TECH-UNIVERSITY,2022,40378
US-TEXAS-TECH-UNIVERSITY,2023,40773
US-TEXAS-TECH-UNIVERSITY,2024,
US-DARTMOUTH-COLLEGE,2000,5386
US-DARTMOUTH-COLLEGE,2001,5495
US-DARTMOUTH-COLLEGE,2002,5593
US-DARTMOUTH-COLLEGE,2003,5682
US-DARTMOUTH-COLLEGE,2004,5704
US-DARTMOUTH-COLLEGE,2005,5780
US-DARTMOUTH-COLLEGE,2006,5753
US-DARTMOUTH-COLLEGE,2007,5849
US-DARTMOUTH-COLLEGE,2008,5848
US-DARTMOUTH-COLLEGE,2009,5987
US-DARTMOUTH-COLLEGE,2010,6141
US-DARTMOUTH-COLLEGE,2011,6144
US-DARTMOUTH-COLLEGE,2012,6277
US-DARTMOUTH-COLLEGE,2013,6342
US-DARTMOUTH-COLLEGE,2014,6298
US-DARTMOUTH-COLLEGE,2015,6350
US-DARTMOUTH-COLLEGE,2016,6409
US-DARTMOUTH-COLLEGE,2017,6509
US-DARTMOUTH-COLLEGE,2018,6572
US-DARTMOUTH-COLLEGE,2019,6606
US-DARTMOUTH-COLLEGE,2020,6292
US-DARTMOUTH-COLLEGE,2021,6761
US-DARTMOUTH-COLLEGE,2022,6744
US-DARTMOUTH-COLLEGE,2023,6746
US-DARTMOUTH-COLLEGE,2024,
US-WIDENER-UNIVERSITY,2000,5192
US-WIDENER-UNIVERSITY,2001,4728
US-WIDENER-UNIVERSITY,2002,4545
US-WIDENER-UNIVERSITY,2003,4279
US-WIDENER-UNIVERSITY,2004,4518
US-WIDENER-UNIVERSITY,2005,4465
US-WIDENER-UNIVERSITY,2006,4703
US-WIDENER-UNIVERSITY,2007,4866
US-WIDENER-UNIVERSITY,2008,4861
US-WIDENER-UNIVERSITY,2009,4814
US-WIDENER-UNIVERSITY,2010,4851
US-WIDENER-UNIVERSITY,2011,4748
US-WIDENER-UNIVERSITY,2012,4716
US-WIDENER-UNIVERSITY,2013,5025
US-WIDENER-UNIVERSITY,2014,4912
US-WIDENER-UNIVERSITY,2015,5303
US-WIDENER-UNIVERSITY,2016,6402
US-WIDENER-UNIVERSITY,2017,6518
US-WIDENER-UNIVERSITY,2018,6621
US-WIDENER-UNIVERSITY,2019,6496
US-WIDENER-UNIVERSITY,2020,6150
US-WIDENER-UNIVERSITY,2021,5875
US-WIDENER-UNIVERSITY,2022,5416
US-WIDENER-UNIVERSITY,2023,5610
US-WIDENER-UNIVERSITY,2024,
US-UNIVERSITY-OF-NORTH-DAKOTA,2000,11031
US-UNIVERSITY-OF-NORTH-DAKOTA,2001,11764
US-UNIVERSITY-OF-NORTH-DAKOTA,2002,12423
US-UNIVERSITY-OF-NORTH-DAKOTA,2003,13034
US-UNIVERSITY-OF-NORTH-DAKOTA,2004,13187
US-UNIVERSITY-OF-NORTH-DAKOTA,2005,12954
US-UNIVERSITY-OF-NORTH-DAKOTA,2006,12834
US-UNIVERSITY-OF-NORTH-DAKOTA,2007,12559
US-UNIVERSITY-OF-NORTH-DAKOTA,2008,12748
US-UNIVERSITY-OF-NORTH-DAKOTA,2009,13172
US-UNIVERSITY-OF-NORTH-DAKOTA,2010,14194
US-UNIVERSITY-OF-NORTH-DAKOTA,2011,14697
US-UNIVERSITY-OF-NORTH-DAKOTA,2012,15250
US-UNIVERSITY-OF-NORTH-DAKOTA,2013,15143
US-UNIVERSITY-OF-NORTH-DAKOTA,2014,14906
US-UNIVERSITY-OF-NORTH-DAKOTA,2015,14951
US-UNIVERSITY-OF-NORTH-DAKOTA,2016,14648
US-UNIVERSITY-OF-NORTH-DAKOTA,2017,14406
US-UNIVERSITY-OF-NORTH-DAKOTA,2018,13847
US-UNIVERSITY-OF-NORTH-DAKOTA,2019,13581
US-UNIVERSITY-OF-NORTH-DAKOTA,2020,13615
US-UNIVERSITY-OF-NORTH-DAKOTA,2021,13772
US-UNIVERSITY-OF-NORTH-DAKOTA,2022,13876
US-UNIVERSITY-OF-NORTH-DAKOTA,2023,14172
US-UNIVERSITY-OF-NORTH-DAKOTA,2024,
US-UNIVERSITY-OF-TEXAS-ARLINGTON,2000,20424
US-UNIVERSITY-OF-TEXAS-ARLINGTON,2001,21180
US-UNIVERSITY-OF-TEXAS-ARLINGTON,2002,23821
US-UNIVERSITY-OF-TEXAS-ARLINGTON,2003,24979
US-UNIVERSITY-OF-TEXAS-ARLINGTON,2004,25297
US-UNIVERSITY-OF-TEXAS-ARLINGTON,2005,25432
US-UNIVERSITY-OF-TEXAS-ARLINGTON,2006,24825
US-UNIVERSITY-OF-TEXAS-ARLINGTON,2007,24889
US-UNIVERSITY-OF-TEXAS-ARLINGTON,2008,25084
US-UNIVERSITY-OF-TEXAS-ARLINGTON,2009,28085
US-UNIVERSITY-OF-TEXAS-ARLINGTON,2010,32975
US-UNIVERSITY-OF-TEXAS-ARLINGTON,2011,33439
US-UNIVERSITY-OF-TEXAS-ARLINGTON,2012,33239
US-UNIVERSITY-OF-TEXAS-ARLINGTON,2013,33329
US-UNIVERSITY-OF-TEXAS-ARLINGTON,2014,39740
US-UNIVERSITY-OF-TEXAS-ARLINGTON,2015,41988
US-UNIVERSITY-OF-TEXAS-ARLINGTON,2016,45282
US-UNIVERSITY-OF-TEXAS-ARLINGTON,2017,46497
US-UNIVERSITY-OF-TEXAS-ARLINGTON,2018,47899
US-UNIVERSITY-OF-TEXAS-ARLINGTON,2019,48635
US-UNIVERSITY-OF-TEXAS-ARLINGTON,2020,48072
US-UNIVERSITY-OF-TEXAS-ARLINGTON,2021,45949
US-UNIVERSITY-OF-TEXAS-ARLINGTON,2022,43946
US-UNIVERSITY-OF-TEXAS-ARLINGTON,2023,43992
US-UNIVERSITY-OF-TEXAS-ARLINGTON,2024,
US-CAMPBELL-UNIVERSITY,2000,5880
US-CAMPBELL-UNIVERSITY,2001,6522
US-CAMPBELL-UNIVERSITY,2002,6686
US-CAMPBELL-UNIVERSITY,2003,6841
US-CAMPBELL-UNIVERSITY,2004,6982
US-CAMPBELL-UNIVERSITY,2005,6669
US-CAMPBELL-UNIVERSITY,2006,6033
US-CAMPBELL-UNIVERSITY,2007,6208
US-CAMPBELL-UNIVERSITY,2008,6075
US-CAMPBELL-UNIVERSITY,2009,5894
US-CAMPBELL-UNIVERSITY,2010,6103
US-CAMPBELL-UNIVERSITY,2011,6182
US-CAMPBELL-UNIVERSITY,2012,6189
US-CAMPBELL-UNIVERSITY,2013,6122
US-CAMPBELL-UNIVERSITY,2014,6101
US-CAMPBELL-UNIVERSITY,2015,6484
US-CAMPBELL-UNIVERSITY,2016,6786
US-CAMPBELL-UNIVERSITY,2017,6604
US-CAMPBELL-UNIVERSITY,2018,6448
US-CAMPBELL-UNIVERSITY,2019,6185
US-CAMPBELL-UNIVERSITY,2020,5964
US-CAMPBELL-UNIVERSITY,2021,5622
US-CAMPBELL-UNIVERSITY,2022,5272
US-CAMPBELL-UNIVERSITY,2023,5115
US-CAMPBELL-UNIVERSITY,2024,
US-CHAPMAN-UNIVERSITY,2000,4353
US-CHAPMAN-UNIVERSITY,2001,4591
US-CHAPMAN-UNIVERSITY,2002,4784
US-CHAPMAN-UNIVERSITY,2003,5134
US-CHAPMAN-UNIVERSITY,2004,5554
US-CHAPMAN-UNIVERSITY,2005,5732
US-CHAPMAN-UNIVERSITY,2006,5908
US-CHAPMAN-UNIVERSITY,2007,6022
US-CHAPMAN-UNIVERSITY,2008,6128
US-CHAPMAN-UNIVERSITY,2009,6398
US-CHAPMAN-UNIVERSITY,2010,6881
US-CHAPMAN-UNIVERSITY,2011,7155
US-CHAPMAN-UNIVERSITY,2012,7566
US-CHAPMAN-UNIVERSITY,2013,7892
US-CHAPMAN-UNIVERSITY,2014,8132
US-CHAPMAN-UNIVERSITY,2015,8305
US-CHAPMAN-UNIVERSITY,2016,8542
US-CHAPMAN-UNIVERSITY,2017,9392
US-CHAPMAN-UNIVERSITY,2018,9608
US-CHAPMAN-UNIVERSITY,2019,9850
US-CHAPMAN-UNIVERSITY,2020,9761
US-CHAPMAN-UNIVERSITY,2021,9991
US-CHAPMAN-UNIVERSITY,2022,10014
US-CHAPMAN-UNIVERSITY,2023,9961
US-CHAPMAN-UNIVERSITY,2024,
US-NORTH-DAKOTA-STATE-UNIVERSITY,2000,9902
US-NORTH-DAKOTA-STATE-UNIVERSITY,2001,10534
US-NORTH-DAKOTA-STATE-UNIVERSITY,2002,11146
US-NORTH-DAKOTA-STATE-UNIVERSITY,2003,11623
US-NORTH-DAKOTA-STATE-UNIVERSITY,2004,12026
US-NORTH-DAKOTA-STATE-UNIVERSITY,2005,12099
US-NORTH-DAKOTA-STATE-UNIVERSITY,2006,12258
US-NORTH-DAKOTA-STATE-UNIVERSITY,2007,12527
US-NORTH-DAKOTA-STATE-UNIVERSITY,2008,13230
US-NORTH-DAKOTA-STATE-UNIVERSITY,2009,14189
US-NORTH-DAKOTA-STATE-UNIVERSITY,2010,14407
US-NORTH-DAKOTA-STATE-UNIVERSITY,2011,14399
US-NORTH-DAKOTA-STATE-UNIVERSITY,2012,14443
US-NORTH-DAKOTA-STATE-UNIVERSITY,2013,14629
US-NORTH-DAKOTA-STATE-UNIVERSITY,2014,14747
US-NORTH-DAKOTA-STATE-UNIVERSITY,2015,14516
US-NORTH-DAKOTA-STATE-UNIVERSITY,2016,14432
US-NORTH-DAKOTA-STATE-UNIVERSITY,2017,14358
US-NORTH-DAKOTA-STATE-UNIVERSITY,2018,13796
US-NORTH-DAKOTA-STATE-UNIVERSITY,2019,13173
US-NORTH-DAKOTA-STATE-UNIVERSITY,2020,12846
US-NORTH-DAKOTA-STATE-UNIVERSITY,2021,12461
US-NORTH-DAKOTA-STATE-UNIVERSITY,2022,12242
US-NORTH-DAKOTA-STATE-UNIVERSITY,2023,11952
US-NORTH-DAKOTA-STATE-UNIVERSITY,2024,
US-SANTA-CLARA-UNIVERSITY,2000,7356
US-SANTA-CLARA-UNIVERSITY,2001,7368
US-SANTA-CLARA-UNIVERSITY,2002,7811
US-SANTA-CLARA-UNIVERSITY,2003,7794
US-SANTA-CLARA-UNIVERSITY,2004,7908
US-SANTA-CLARA-UNIVERSITY,2005,8097
US-SANTA-CLARA-UNIVERSITY,2006,7952
US-SANTA-CLARA-UNIVERSITY,2007,8685
US-SANTA-CLARA-UNIVERSITY,2008,8758
US-SANTA-CLARA-UNIVERSITY,2009,8846
US-SANTA-CLARA-UNIVERSITY,2010,8687
US-SANTA-CLARA-UNIVERSITY,2011,8800
US-SANTA-CLARA-UNIVERSITY,2012,8519
US-SANTA-CLARA-UNIVERSITY,2013,8770
US-SANTA-CLARA-UNIVERSITY,2014,9015
US-SANTA-CLARA-UNIVERSITY,2015,8680
US-SANTA-CLARA-UNIVERSITY,2016,8422
US-SANTA-CLARA-UNIVERSITY,2017,8631
US-SANTA-CLARA-UNIVERSITY,2018,8642
US-SANTA-CLARA-UNIVERSITY,2019,8669
US-SANTA-CLARA-UNIVERSITY,2020,8616
US-SANTA-CLARA-UNIVERSITY,2021,8918
US-SANTA-CLARA-UNIVERSITY,2022,9178
US-SANTA-CLARA-UNIVERSITY,2023,9340
US-SANTA-CLARA-UNIVERSITY,2024,
US-UNIVERSITY-OF-OREGON,2000,17801
US-UNIVERSITY-OF-OREGON,2001,18956
US-UNIVERSITY-OF-OREGON,2002,19997
US-UNIVERSITY-OF-OREGON,2003,19992
US-UNIVERSITY-OF-OREGON,2004,20296
US-UNIVERSITY-OF-OREGON,2005,20347
US-UNIVERSITY-OF-OREGON,2006,20348
US-UNIVERSITY-OF-OREGON,2007,20332
US-UNIVERSITY-OF-OREGON,2008,21452
US-UNIVERSITY-OF-OREGON,2009,22335
US-UNIVERSITY-OF-OREGON,2010,23342
US-UNIVERSITY-OF-OREGON,2011,24396
US-UNIVERSITY-OF-OREGON,2012,24518
US-UNIVERSITY-OF-OREGON,2013,24473
US-UNIVERSITY-OF-OREGON,2014,24096
US-UNIVERSITY-OF-OREGON,2015,24032
US-UNIVERSITY-OF-OREGON,2016,23546
US-UNIVERSITY-OF-OREGON,2017,22887
US-UNIVERSITY-OF-OREGON,2018,22644
US-UNIVERSITY-OF-OREGON,2019,22517
US-UNIVERSITY-OF-OREGON,2020,21752
US-UNIVERSITY-OF-OREGON,2021,22257
US-UNIVERSITY-OF-OREGON,2022,23163
US-UNIVERSITY-OF-OREGON,2023,23786
US-UNIVERSITY-OF-OREGON,2024,
US-BOISE-STATE-UNIVERSITY,2000,16287
US-BOISE-STATE-UNIVERSITY,2001,17100
US-BOISE-STATE-UNIVERSITY,2002,17637
US-BOISE-STATE-UNIVERSITY,2003,18332
US-BOISE-STATE-UNIVERSITY,2004,18332
US-BOISE-STATE-UNIVERSITY,2005,18385
US-BOISE-STATE-UNIVERSITY,2006,18829
US-BOISE-STATE-UNIVERSITY,2007,19540
US-BOISE-STATE-UNIVERSITY,2008,19667
US-BOISE-STATE-UNIVERSITY,2009,18933
US-BOISE-STATE-UNIVERSITY,2010,19992
US-BOISE-STATE-UNIVERSITY,2011,19664
US-BOISE-STATE-UNIVERSITY,2012,22344
US-BOISE-STATE-UNIVERSITY,2013,21981
US-BOISE-STATE-UNIVERSITY,2014,22227
US-BOISE-STATE-UNIVERSITY,2015,22086
US-BOISE-STATE-UNIVERSITY,2016,23854
US-BOISE-STATE-UNIVERSITY,2017,24121
US-BOISE-STATE-UNIVERSITY,2018,25504
US-BOISE-STATE-UNIVERSITY,2019,26217
US-BOISE-STATE-UNIVERSITY,2020,24069
US-BOISE-STATE-UNIVERSITY,2021,25794
US-BOISE-STATE-UNIVERSITY,2022,26115
US-BOISE-STATE-UNIVERSITY,2023,26670
US-BOISE-STATE-UNIVERSITY,2024,
US-GRAND-VALLEY-STATE-UNIVERSITY,2000,18569
US-GRAND-VALLEY-STATE-UNIVERSITY,2001,19762
US-GRAND-VALLEY-STATE-UNIVERSITY,2002,20407
US-GRAND-VALLEY-STATE-UNIVERSITY,2003,21429
US-GRAND-VALLEY-STATE-UNIVERSITY,2004,22063
US-GRAND-VALLEY-STATE-UNIVERSITY,2005,22565
US-GRAND-VALLEY-STATE-UNIVERSITY,2006,23295
US-GRAND-VALLEY-STATE-UNIVERSITY,2007,23464
US-GRAND-VALLEY-STATE-UNIVERSITY,2008,23892
US-GRAND-VALLEY-STATE-UNIVERSITY,2009,24408
US-GRAND-VALLEY-STATE-UNIVERSITY,2010,24541
US-GRAND-VALLEY-STATE-UNIVERSITY,2011,24662
US-GRAND-VALLEY-STATE-UNIVERSITY,2012,24654
US-GRAND-VALLEY-STATE-UNIVERSITY,2013,24477
US-GRAND-VALLEY-STATE-UNIVERSITY,2014,25094
US-GRAND-VALLEY-STATE-UNIVERSITY,2015,25325
US-GRAND-VALLEY-STATE-UNIVERSITY,2016,25460
US-GRAND-VALLEY-STATE-UNIVERSITY,2017,25049
US-GRAND-VALLEY-STATE-UNIVERSITY,2018,24677
US-GRAND-VALLEY-STATE-UNIVERSITY,2019,24033
US-GRAND-VALLEY-STATE-UNIVERSITY,2020,23350
US-GRAND-VALLEY-STATE-UNIVERSITY,2021,22406
US-GRAND-VALLEY-STATE-UNIVERSITY,2022,21648
US-GRAND-VALLEY-STATE-UNIVERSITY,2023,22269
US-GRAND-VALLEY-STATE-UNIVERSITY,2024,
US-UNIVERSITY-OF-MASSACHUSETTS-DARTMOUTH,2000,7122
US-UNIVERSITY-OF-MASSACHUSETTS-DARTMOUTH,2001,7460
US-UNIVERSITY-OF-MASSACHUSETTS-DARTMOUTH,2002,8122
US-UNIVERSITY-OF-MASSACHUSETTS-DARTMOUTH,2003,8284
US-UNIVERSITY-OF-MASSACHUSETTS-DARTMOUTH,2004,8299
US-UNIVERSITY-OF-MASSACHUSETTS-DARTMOUTH,2005,8549
US-UNIVERSITY-OF-MASSACHUSETTS-DARTMOUTH,2006,8756
US-UNIVERSITY-OF-MASSACHUSETTS-DARTMOUTH,2007,9080
US-UNIVERSITY-OF-MASSACHUSETTS-DARTMOUTH,2008,9155
US-UNIVERSITY-OF-MASSACHUSETTS-DARTMOUTH,2009,9302
US-UNIVERSITY-OF-MASSACHUSETTS-DARTMOUTH,2010,9432
US-UNIVERSITY-OF-MASSACHUSETTS-DARTMOUTH,2011,9225
US-UNIVERSITY-OF-MASSACHUSETTS-DARTMOUTH,2012,9210
US-UNIVERSITY-OF-MASSACHUSETTS-DARTMOUTH,2013,9053
US-UNIVERSITY-OF-MASSACHUSETTS-DARTMOUTH,2014,9111
US-UNIVERSITY-OF-MASSACHUSETTS-DARTMOUTH,2015,8916
US-UNIVERSITY-OF-MASSACHUSETTS-DARTMOUTH,2016,8647
US-UNIVERSITY-OF-MASSACHUSETTS-DARTMOUTH,2017,8406
US-UNIVERSITY-OF-MASSACHUSETTS-DARTMOUTH,2018,8513
US-UNIVERSITY-OF-MASSACHUSETTS-DARTMOUTH,2019,8154
US-UNIVERSITY-OF-MASSACHUSETTS-DARTMOUTH,2020,7869
US-UNIVERSITY-OF-MASSACHUSETTS-DARTMOUTH,2021,7717
US-UNIVERSITY-OF-MASSACHUSETTS-DARTMOUTH,2022,7457
US-UNIVERSITY-OF-MASSACHUSETTS-DARTMOUTH,2023,7759
US-UNIVERSITY-OF-MASSACHUSETTS-DARTMOUTH,2024,
US-NEW-YORK-UNIVERSITY,2000,37150
US-NEW-YORK-UNIVERSITY,2001,37134
US-NEW-YORK-UNIVERSITY,2002,38096
US-NEW-YORK-UNIVERSITY,2003,38188
US-NEW-YORK-UNIVERSITY,2004,39408
US-NEW-YORK-UNIVERSITY,2005,40004
US-NEW-YORK-UNIVERSITY,2006,40870
US-NEW-YORK-UNIVERSITY,2007,41783
US-NEW-YORK-UNIVERSITY,2008,42189
US-NEW-YORK-UNIVERSITY,2009,43404
US-NEW-YORK-UNIVERSITY,2010,43797
US-NEW-YORK-UNIVERSITY,2011,43911
US-NEW-YORK-UNIVERSITY,2012,44516
US-NEW-YORK-UNIVERSITY,2013,44599
US-NEW-YORK-UNIVERSITY,2014,49274
US-NEW-YORK-UNIVERSITY,2015,50027
US-NEW-YORK-UNIVERSITY,2016,50550
US-NEW-YORK-UNIVERSITY,2017,51123
US-NEW-YORK-UNIVERSITY,2018,51847
US-NEW-YORK-UNIVERSITY,2019,52885
US-NEW-YORK-UNIVERSITY,2020,52775
US-NEW-YORK-UNIVERSITY,2021,58226
US-NEW-YORK-UNIVERSITY,2022,59144
US-NEW-YORK-UNIVERSITY,2023,57335
US-NEW-YORK-UNIVERSITY,2024,
US-SUNY-COLLEGE-OF-ENVIRONMENTAL-SCIENCE-AND-FORESTRY,2000,1749
US-SUNY-COLLEGE-OF-ENVIRONMENTAL-SCIENCE-AND-FORESTRY,2001,1848
US-SUNY-COLLEGE-OF-ENVIRONMENTAL-SCIENCE-AND-FORESTRY,2002,1909
US-SUNY-COLLEGE-OF-ENVIRONMENTAL-SCIENCE-AND-FORESTRY,2003,2016
US-SUNY-COLLEGE-OF-ENVIRONMENTAL-SCIENCE-AND-FORESTRY,2004,2046
US-SUNY-COLLEGE-OF-ENVIRONMENTAL-SCIENCE-AND-FORESTRY,2005,2140
US-SUNY-COLLEGE-OF-ENVIRONMENTAL-SCIENCE-AND-FORESTRY,2006,2069
US-SUNY-COLLEGE-OF-ENVIRONMENTAL-SCIENCE-AND-FORESTRY,2007,2299
US-SUNY-COLLEGE-OF-ENVIRONMENTAL-SCIENCE-AND-FORESTRY,2008,2523
US-SUNY-COLLEGE-OF-ENVIRONMENTAL-SCIENCE-AND-FORESTRY,2009,2642
US-SUNY-COLLEGE-OF-ENVIRONMENTAL-SCIENCE-AND-FORESTRY,2010,2682
US-SUNY-COLLEGE-OF-ENVIRONMENTAL-SCIENCE-AND-FORESTRY,2011,2680
US-SUNY-COLLEGE-OF-ENVIRONMENTAL-SCIENCE-AND-FORESTRY,2012,2255
US-SUNY-COLLEGE-OF-ENVIRONMENTAL-SCIENCE-AND-FORESTRY,2013,2229
US-SUNY-COLLEGE-OF-ENVIRONMENTAL-SCIENCE-AND-FORESTRY,2014,2200
US-SUNY-COLLEGE-OF-ENVIRONMENTAL-SCIENCE-AND-FORESTRY,2015,2222
US-SUNY-COLLEGE-OF-ENVIRONMENTAL-SCIENCE-AND-FORESTRY,2016,2186
US-SUNY-COLLEGE-OF-ENVIRONMENTAL-SCIENCE-AND-FORESTRY,2017,2213
US-SUNY-COLLEGE-OF-ENVIRONMENTAL-SCIENCE-AND-FORESTRY,2018,2220
US-SUNY-COLLEGE-OF-ENVIRONMENTAL-SCIENCE-AND-FORESTRY,2019,2209
US-SUNY-COLLEGE-OF-ENVIRONMENTAL-SCIENCE-AND-FORESTRY,2020,2127
US-SUNY-COLLEGE-OF-ENVIRONMENTAL-SCIENCE-AND-FORESTRY,2021,2012
US-SUNY-COLLEGE-OF-ENVIRONMENTAL-SCIENCE-AND-FORESTRY,2022,1976
US-SUNY-COLLEGE-OF-ENVIRONMENTAL-SCIENCE-AND-FORESTRY,2023,2737
US-SUNY-COLLEGE-OF-ENVIRONMENTAL-SCIENCE-AND-FORESTRY,2024,
US-COLORADO-SCHOOL-OF-MINES,2000,3738
US-COLORADO-SCHOOL-OF-MINES,2001,3705
US-COLORADO-SCHOOL-OF-MINES,2002,3787
US-COLORADO-SCHOOL-OF-MINES,2003,4050
US-COLORADO-SCHOOL-OF-MINES,2004,4101
US-COLORADO-SCHOOL-OF-MINES,2005,4318
US-COLORADO-SCHOOL-OF-MINES,2006,4357
US-COLORADO-SCHOOL-OF-MINES,2007,4560
US-COLORADO-SCHOOL-OF-MINES,2008,4704
US-COLORADO-SCHOOL-OF-MINES,2009,5124
US-COLORADO-SCHOOL-OF-MINES,2010,5287
US-COLORADO-SCHOOL-OF-MINES,2011,5524
US-COLORADO-SCHOOL-OF-MINES,2012,5721
US-COLORADO-SCHOOL-OF-MINES,2013,5790
US-COLORADO-SCHOOL-OF-MINES,2014,5962
US-COLORADO-SCHOOL-OF-MINES,2015,6054
US-COLORADO-SCHOOL-OF-MINES,2016,6069
US-COLORADO-SCHOOL-OF-MINES,2017,6209
US-COLORADO-SCHOOL-OF-MINES,2018,6325
US-COLORADO-SCHOOL-OF-MINES,2019,6628
US-COLORADO-SCHOOL-OF-MINES,2020,6744
US-COLORADO-SCHOOL-OF-MINES,2021,7187
US-COLORADO-SCHOOL-OF-MINES,2022,7403
US-COLORADO-SCHOOL-OF-MINES,2023,7599
US-COLORADO-SCHOOL-OF-MINES,2024,
US-AMERICAN-INTERNATIONAL-COLLEGE,2000,1548
US-AMERICAN-INTERNATIONAL-COLLEGE,2001,1515
US-AMERICAN-INTERNATIONAL-COLLEGE,2002,1589
US-AMERICAN-INTERNATIONAL-COLLEGE,2003,1580
US-AMERICAN-INTERNATIONAL-COLLEGE,2004,1621
US-AMERICAN-INTERNATIONAL-COLLEGE,2005,1815
US-AMERICAN-INTERNATIONAL-COLLEGE,2006,1957
US-AMERICAN-INTERNATIONAL-COLLEGE,2007,2678
US-AMERICAN-INTERNATIONAL-COLLEGE,2008,3112
US-AMERICAN-INTERNATIONAL-COLLEGE,2009,3414
US-AMERICAN-INTERNATIONAL-COLLEGE,2010,3509
US-AMERICAN-INTERNATIONAL-COLLEGE,2011,3428
US-AMERICAN-INTERNATIONAL-COLLEGE,2012,3607
US-AMERICAN-INTERNATIONAL-COLLEGE,2013,3657
US-AMERICAN-INTERNATIONAL-COLLEGE,2014,3629
US-AMERICAN-INTERNATIONAL-COLLEGE,2015,3539
US-AMERICAN-INTERNATIONAL-COLLEGE,2016,3377
US-AMERICAN-INTERNATIONAL-COLLEGE,2017,3283
US-AMERICAN-INTERNATIONAL-COLLEGE,2018,3152
US-AMERICAN-INTERNATIONAL-COLLEGE,2019,2891
US-AMERICAN-INTERNATIONAL-COLLEGE,2020,2612
US-AMERICAN-INTERNATIONAL-COLLEGE,2021,2244
US-AMERICAN-INTERNATIONAL-COLLEGE,2022,2010
US-AMERICAN-INTERNATIONAL-COLLEGE,2023,2142
US-AMERICAN-INTERNATIONAL-COLLEGE,2024,
US-PEPPERDINE-UNIVERSITY,2000,7476
US-PEPPERDINE-UNIVERSITY,2001,7383
US-PEPPERDINE-UNIVERSITY,2002,7791
US-PEPPERDINE-UNIVERSITY,2003,8021
US-PEPPERDINE-UNIVERSITY,2004,7919
US-PEPPERDINE-UNIVERSITY,2005,7685
US-PEPPERDINE-UNIVERSITY,2006,7317
US-PEPPERDINE-UNIVERSITY,2007,7582
US-PEPPERDINE-UNIVERSITY,2008,7614
US-PEPPERDINE-UNIVERSITY,2009,7733
US-PEPPERDINE-UNIVERSITY,2010,7604
US-PEPPERDINE-UNIVERSITY,2011,7539
US-PEPPERDINE-UNIVERSITY,2012,7319
US-PEPPERDINE-UNIVERSITY,2013,7315
US-PEPPERDINE-UNIVERSITY,2014,7417
US-PEPPERDINE-UNIVERSITY,2015,7632
US-PEPPERDINE-UNIVERSITY,2016,7826
US-PEPPERDINE-UNIVERSITY,2017,7710
US-PEPPERDINE-UNIVERSITY,2018,7961
US-PEPPERDINE-UNIVERSITY,2019,8824
US-PEPPERDINE-UNIVERSITY,2020,9554
US-PEPPERDINE-UNIVERSITY,2021,10446
US-PEPPERDINE-UNIVERSITY,2022,10030
US-PEPPERDINE-UNIVERSITY,2023,9545
US-PEPPERDINE-UNIVERSITY,2024,
US-UNIVERSITY-OF-ALABAMA,2000,19277
US-UNIVERSITY-OF-ALABAMA,2001,19130
US-UNIVERSITY-OF-ALABAMA,2002,19584
US-UNIVERSITY-OF-ALABAMA,2003,20290
US-UNIVERSITY-OF-ALABAMA,2004,20929
US-UNIVERSITY-OF-ALABAMA,2005,21793
US-UNIVERSITY-OF-ALABAMA,2006,23838
US-UNIVERSITY-OF-ALABAMA,2007,25544
US-UNIVERSITY-OF-ALABAMA,2008,27014
US-UNIVERSITY-OF-ALABAMA,2009,28699
US-UNIVERSITY-OF-ALABAMA,2010,30127
US-UNIVERSITY-OF-ALABAMA,2011,31647
US-UNIVERSITY-OF-ALABAMA,2012,33503
US-UNIVERSITY-OF-ALABAMA,2013,34752
US-UNIVERSITY-OF-ALABAMA,2014,36047
US-UNIVERSITY-OF-ALABAMA,2015,37098
US-UNIVERSITY-OF-ALABAMA,2016,37663
US-UNIVERSITY-OF-ALABAMA,2017,38563
US-UNIVERSITY-OF-ALABAMA,2018,38390
US-UNIVERSITY-OF-ALABAMA,2019,38100
US-UNIVERSITY-OF-ALABAMA,2020,37840
US-UNIVERSITY-OF-ALABAMA,2021,38316
US-UNIVERSITY-OF-ALABAMA,2022,38644
US-UNIVERSITY-OF-ALABAMA,2023,39622
US-UNIVERSITY-OF-ALABAMA,2024,
US-FAIRFIELD-UNIVERSITY,2000,5188
US-FAIRFIELD-UNIVERSITY,2001,5154
US-FAIRFIELD-UNIVERSITY,2002,5114
US-FAIRFIELD-UNIVERSITY,2003,5053
US-FAIRFIELD-UNIVERSITY,2004,5060
US-FAIRFIELD-UNIVERSITY,2005,5173
US-FAIRFIELD-UNIVERSITY,2006,5091
US-FAIRFIELD-UNIVERSITY,2007,5024
US-FAIRFIELD-UNIVERSITY,2008,5128
US-FAIRFIELD-UNIVERSITY,2009,5074
US-FAIRFIELD-UNIVERSITY,2010,5181
US-FAIRFIELD-UNIVERSITY,2011,4991
US-FAIRFIELD-UNIVERSITY,2012,4999
US-FAIRFIELD-UNIVERSITY,2013,4919
US-FAIRFIELD-UNIVERSITY,2014,5123
US-FAIRFIELD-UNIVERSITY,2015,5138
US-FAIRFIELD-UNIVERSITY,2016,5137
US-FAIRFIELD-UNIVERSITY,2017,5192
US-FAIRFIELD-UNIVERSITY,2018,5273
US-FAIRFIELD-UNIVERSITY,2019,5349
US-FAIRFIELD-UNIVERSITY,2020,5513
US-FAIRFIELD-UNIVERSITY,2021,5826
US-FAIRFIELD-UNIVERSITY,2022,6019
US-FAIRFIELD-UNIVERSITY,2023,6289
US-FAIRFIELD-UNIVERSITY,2024,
US-UNIVERSITY-OF-TEXAS-DALLAS,2000,10945
US-UNIVERSITY-OF-TEXAS-DALLAS,2001,12454
US-UNIVERSITY-OF-TEXAS-DALLAS,2002,13229
US-UNIVERSITY-OF-TEXAS-DALLAS,2003,13718
US-UNIVERSITY-OF-TEXAS-DALLAS,2004,14092
US-UNIVERSITY-OF-TEXAS-DALLAS,2005,14480
US-UNIVERSITY-OF-TEXAS-DALLAS,2006,14523
US-UNIVERSITY-OF-TEXAS-DALLAS,2007,14556
US-UNIVERSITY-OF-TEXAS-DALLAS,2008,14913
US-UNIVERSITY-OF-TEXAS-DALLAS,2009,15783
US-UNIVERSITY-OF-TEXAS-DALLAS,2010,17128
US-UNIVERSITY-OF-TEXAS-DALLAS,2011,18864
US-UNIVERSITY-OF-TEXAS-DALLAS,2012,19727
US-UNIVERSITY-OF-TEXAS-DALLAS,2013,21193
US-UNIVERSITY-OF-TEXAS-DALLAS,2014,23095
US-UNIVERSITY-OF-TEXAS-DALLAS,2015,24554
US-UNIVERSITY-OF-TEXAS-DALLAS,2016,26793
US-UNIVERSITY-OF-TEXAS-DALLAS,2017,27642
US-UNIVERSITY-OF-TEXAS-DALLAS,2018,28755
US-UNIVERSITY-OF-TEXAS-DALLAS,2019,29543
US-UNIVERSITY-OF-TEXAS-DALLAS,2020,28669
US-UNIVERSITY-OF-TEXAS-DALLAS,2021,29696
US-UNIVERSITY-OF-TEXAS-DALLAS,2022,31570
US-UNIVERSITY-OF-TEXAS-DALLAS,2023,30885
US-UNIVERSITY-OF-TEXAS-DALLAS,2024,
US-JAMES-MADISON-UNIVERSITY,2000,15326
US-JAMES-MADISON-UNIVERSITY,2001,15562
US-JAMES-MADISON-UNIVERSITY,2002,15965
US-JAMES-MADISON-UNIVERSITY,2003,16203
US-JAMES-MADISON-UNIVERSITY,2004,16108
US-JAMES-MADISON-UNIVERSITY,2005,16938
US-JAMES-MADISON-UNIVERSITY,2006,17393
US-JAMES-MADISON-UNIVERSITY,2007,17918
US-JAMES-MADISON-UNIVERSITY,2008,18454
US-JAMES-MADISON-UNIVERSITY,2009,18971
US-JAMES-MADISON-UNIVERSITY,2010,19434
US-JAMES-MADISON-UNIVERSITY,2011,19722
US-JAMES-MADISON-UNIVERSITY,2012,19927
US-JAMES-MADISON-UNIVERSITY,2013,20181
US-JAMES-MADISON-UNIVERSITY,2014,20855
US-JAMES-MADISON-UNIVERSITY,2015,21227
US-JAMES-MADISON-UNIVERSITY,2016,21270
US-JAMES-MADISON-UNIVERSITY,2017,21836
US-JAMES-MADISON-UNIVERSITY,2018,21751
US-JAMES-MADISON-UNIVERSITY,2019,21820
US-JAMES-MADISON-UNIVERSITY,2020,21594
US-JAMES-MADISON-UNIVERSITY,2021,22166
US-JAMES-MADISON-UNIVERSITY,2022,22224
US-JAMES-MADISON-UNIVERSITY,2023,22758
US-JAMES-MADISON-UNIVERSITY,2024,
US-LIBERTY-UNIVERSITY,2000,6192
US-LIBERTY-UNIVERSITY,2001,6162
US-LIBERTY-UNIVERSITY,2002,7709
US-LIBERTY-UNIVERSITY,2003,9050
US-LIBERTY-UNIVERSITY,2004,10475
US-LIBERTY-UNIVERSITY,2005,12458
US-LIBERTY-UNIVERSITY,2006,17798
US-LIBERTY-UNIVERSITY,2007,27068
US-LIBERTY-UNIVERSITY,2008,33604
US-LIBERTY-UNIVERSITY,2009,46312
US-LIBERTY-UNIVERSITY,2010,56625
US-LIBERTY-UNIVERSITY,2011,64096
US-LIBERTY-UNIVERSITY,2012,74372
US-LIBERTY-UNIVERSITY,2013,77338
US-LIBERTY-UNIVERSITY,2014,81459
US-LIBERTY-UNIVERSITY,2015,80494
US-LIBERTY-UNIVERSITY,2016,75756
US-LIBERTY-UNIVERSITY,2017,75044
US-LIBERTY-UNIVERSITY,2018,79152
US-LIBERTY-UNIVERSITY,2019,85586
US-LIBERTY-UNIVERSITY,2020,93349
US-LIBERTY-UNIVERSITY,2021,95148
US-LIBERTY-UNIVERSITY,2022,96709
US-LIBERTY-UNIVERSITY,2023,103068
US-LIBERTY-UNIVERSITY,2024,
US-TOURO-UNIVERSITY,2000,8092
US-TOURO-UNIVERSITY,2001,10720
US-TOURO-UNIVERSITY,2002,15941
US-TOURO-UNIVERSITY,2003,18174
US-TOURO-UNIVERSITY,2004,19618
US-TOURO-UNIVERSITY,2005,22540
US-TOURO-UNIVERSITY,2006,23651
US-TOURO-UNIVERSITY,2007,17129
US-TOURO-UNIVERSITY,2008,17327
US-TOURO-UNIVERSITY,2009,17116
US-TOURO-UNIVERSITY,2010,14254
US-TOURO-UNIVERSITY,2011,14530
US-TOURO-UNIVERSITY,2012,13909
US-TOURO-UNIVERSITY,2013,13868
US-TOURO-UNIVERSITY,2014,12381
US-TOURO-UNIVERSITY,2015,13033
US-TOURO-UNIVERSITY,2016,13528
US-TOURO-UNIVERSITY,2017,12397
US-TOURO-UNIVERSITY,2018,11800
US-TOURO-UNIVERSITY,2019,11631
US-TOURO-UNIVERSITY,2020,11699
US-TOURO-UNIVERSITY,2021,11222
US-TOURO-UNIVERSITY,2022,11111
US-TOURO-UNIVERSITY,2023,11953
US-TOURO-UNIVERSITY,2024,
US-UNIVERSITY-OF-ALABAMA-HUNTSVILLE,2000,6563
US-UNIVERSITY-OF-ALABAMA-HUNTSVILLE,2001,6754
US-UNIVERSITY-OF-ALABAMA-HUNTSVILLE,2002,7045
US-UNIVERSITY-OF-ALABAMA-HUNTSVILLE,2003,7051
US-UNIVERSITY-OF-ALABAMA-HUNTSVILLE,2004,7036
US-UNIVERSITY-OF-ALABAMA-HUNTSVILLE,2005,7084
US-UNIVERSITY-OF-ALABAMA-HUNTSVILLE,2006,7091
US-UNIVERSITY-OF-ALABAMA-HUNTSVILLE,2007,7264
US-UNIVERSITY-OF-ALABAMA-HUNTSVILLE,2008,7431
US-UNIVERSITY-OF-ALABAMA-HUNTSVILLE,2009,7681
US-UNIVERSITY-OF-ALABAMA-HUNTSVILLE,2010,7614
US-UNIVERSITY-OF-ALABAMA-HUNTSVILLE,2011,7629
US-UNIVERSITY-OF-ALABAMA-HUNTSVILLE,2012,7636
US-UNIVERSITY-OF-ALABAMA-HUNTSVILLE,2013,7376
US-UNIVERSITY-OF-ALABAMA-HUNTSVILLE,2014,7348
US-UNIVERSITY-OF-ALABAMA-HUNTSVILLE,2015,7866
US-UNIVERSITY-OF-ALABAMA-HUNTSVILLE,2016,8468
US-UNIVERSITY-OF-ALABAMA-HUNTSVILLE,2017,9101
US-UNIVERSITY-OF-ALABAMA-HUNTSVILLE,2018,9736
US-UNIVERSITY-OF-ALABAMA-HUNTSVILLE,2019,9988
US-UNIVERSITY-OF-ALABAMA-HUNTSVILLE,2020,9999
US-UNIVERSITY-OF-ALABAMA-HUNTSVILLE,2021,9636
US-UNIVERSITY-OF-ALABAMA-HUNTSVILLE,2022,9237
US-UNIVERSITY-OF-ALABAMA-HUNTSVILLE,2023,8743
US-UNIVERSITY-OF-ALABAMA-HUNTSVILLE,2024,
US-BRANDEIS-UNIVERSITY,2000,4774
US-BRANDEIS-UNIVERSITY,2001,4882
US-BRANDEIS-UNIVERSITY,2002,4852
US-BRANDEIS-UNIVERSITY,2003,4985
US-BRANDEIS-UNIVERSITY,2004,5072
US-BRANDEIS-UNIVERSITY,2005,5189
US-BRANDEIS-UNIVERSITY,2006,5313
US-BRANDEIS-UNIVERSITY,2007,5333
US-BRANDEIS-UNIVERSITY,2008,5327
US-BRANDEIS-UNIVERSITY,2009,5598
US-BRANDEIS-UNIVERSITY,2010,5642
US-BRANDEIS-UNIVERSITY,2011,5828
US-BRANDEIS-UNIVERSITY,2012,5808
US-BRANDEIS-UNIVERSITY,2013,5825
US-BRANDEIS-UNIVERSITY,2014,5945
US-BRANDEIS-UNIVERSITY,2015,5752
US-BRANDEIS-UNIVERSITY,2016,5729
US-BRANDEIS-UNIVERSITY,2017,5721
US-BRANDEIS-UNIVERSITY,2018,5800
US-BRANDEIS-UNIVERSITY,2019,5825
US-BRANDEIS-UNIVERSITY,2020,5440
US-BRANDEIS-UNIVERSITY,2021,5558
US-BRANDEIS-UNIVERSITY,2022,5581
US-BRANDEIS-UNIVERSITY,2023,5302
US-BRANDEIS-UNIVERSITY,2024,
US-GEORGIA-INSTITUTE-OF-TECHNOLOGY,2000,14805
US-GEORGIA-INSTITUTE-OF-TECHNOLOGY,2001,15575
US-GEORGIA-INSTITUTE-OF-TECHNOLOGY,2002,16481
US-GEORGIA-INSTITUTE-OF-TECHNOLOGY,2003,16643
US-GEORGIA-INSTITUTE-OF-TECHNOLOGY,2004,16841
US-GEORGIA-INSTITUTE-OF-TECHNOLOGY,2005,17135
US-GEORGIA-INSTITUTE-OF-TECHNOLOGY,2006,17936
US-GEORGIA-INSTITUTE-OF-TECHNOLOGY,2007,18742
US-GEORGIA-INSTITUTE-OF-TECHNOLOGY,2008,19413
US-GEORGIA-INSTITUTE-OF-TECHNOLOGY,2009,20291
US-GEORGIA-INSTITUTE-OF-TECHNOLOGY,2010,20720
US-GEORGIA-INSTITUTE-OF-TECHNOLOGY,2011,20941
US-GEORGIA-INSTITUTE-OF-TECHNOLOGY,2012,21557
US-GEORGIA-INSTITUTE-OF-TECHNOLOGY,2013,21471
US-GEORGIA-INSTITUTE-OF-TECHNOLOGY,2014,23109
US-GEORGIA-INSTITUTE-OF-TECHNOLOGY,2015,25034
US-GEORGIA-INSTITUTE-OF-TECHNOLOGY,2016,26839
US-GEORGIA-INSTITUTE-OF-TECHNOLOGY,2017,29376
US-GEORGIA-INSTITUTE-OF-TECHNOLOGY,2018,32723
US-GEORGIA-INSTITUTE-OF-TECHNOLOGY,2019,36302
US-GEORGIA-INSTITUTE-OF-TECHNOLOGY,2020,39771
US-GEORGIA-INSTITUTE-OF-TECHNOLOGY,2021,43843
US-GEORGIA-INSTITUTE-OF-TECHNOLOGY,2022,45296
US-GEORGIA-INSTITUTE-OF-TECHNOLOGY,2023,47946
US-GEORGIA-INSTITUTE-OF-TECHNOLOGY,2024,
US-NORTH-CAROLINA-A-AND-T-STATE-UNIVERSITY,2000,7748
US-NORTH-CAROLINA-A-AND-T-STATE-UNIVERSITY,2001,8319
US-NORTH-CAROLINA-A-AND-T-STATE-UNIVERSITY,2002,9115
US-NORTH-CAROLINA-A-AND-T-STATE-UNIVERSITY,2003,10030
US-NORTH-CAROLINA-A-AND-T-STATE-UNIVERSITY,2004,10383
US-NORTH-CAROLINA-A-AND-T-STATE-UNIVERSITY,2005,11103
US-NORTH-CAROLINA-A-AND-T-STATE-UNIVERSITY,2006,11098
US-NORTH-CAROLINA-A-AND-T-STATE-UNIVERSITY,2007,10498
US-NORTH-CAROLINA-A-AND-T-STATE-UNIVERSITY,2008,10388
US-NORTH-CAROLINA-A-AND-T-STATE-UNIVERSITY,2009,10614
US-NORTH-CAROLINA-A-AND-T-STATE-UNIVERSITY,2010,10795
US-NORTH-CAROLINA-A-AND-T-STATE-UNIVERSITY,2011,10881
US-NORTH-CAROLINA-A-AND-T-STATE-UNIVERSITY,2012,10636
US-NORTH-CAROLINA-A-AND-T-STATE-UNIVERSITY,2013,10561
US-NORTH-CAROLINA-A-AND-T-STATE-UNIVERSITY,2014,10725
US-NORTH-CAROLINA-A-AND-T-STATE-UNIVERSITY,2015,10852
US-NORTH-CAROLINA-A-AND-T-STATE-UNIVERSITY,2016,11177
US-NORTH-CAROLINA-A-AND-T-STATE-UNIVERSITY,2017,11877
US-NORTH-CAROLINA-A-AND-T-STATE-UNIVERSITY,2018,12142
US-NORTH-CAROLINA-A-AND-T-STATE-UNIVERSITY,2019,12556
US-NORTH-CAROLINA-A-AND-T-STATE-UNIVERSITY,2020,12753
US-NORTH-CAROLINA-A-AND-T-STATE-UNIVERSITY,2021,13322
US-NORTH-CAROLINA-A-AND-T-STATE-UNIVERSITY,2022,13487
US-NORTH-CAROLINA-A-AND-T-STATE-UNIVERSITY,2023,13885
US-NORTH-CAROLINA-A-AND-T-STATE-UNIVERSITY,2024,
US-STEVENS-INSTITUTE-OF-TECHNOLOGY,2000,4121
US-STEVENS-INSTITUTE-OF-TECHNOLOGY,2001,4273
US-STEVENS-INSTITUTE-OF-TECHNOLOGY,2002,4527
US-STEVENS-INSTITUTE-OF-TECHNOLOGY,2003,4538
US-STEVENS-INSTITUTE-OF-TECHNOLOGY,2004,4638
US-STEVENS-INSTITUTE-OF-TECHNOLOGY,2005,4690
US-STEVENS-INSTITUTE-OF-TECHNOLOGY,2006,4829
US-STEVENS-INSTITUTE-OF-TECHNOLOGY,2007,5241
US-STEVENS-INSTITUTE-OF-TECHNOLOGY,2008,5595
US-STEVENS-INSTITUTE-OF-TECHNOLOGY,2009,5757
US-STEVENS-INSTITUTE-OF-TECHNOLOGY,2010,5629
US-STEVENS-INSTITUTE-OF-TECHNOLOGY,2011,5541
US-STEVENS-INSTITUTE-OF-TECHNOLOGY,2012,5649
US-STEVENS-INSTITUTE-OF-TECHNOLOGY,2013,5784
US-STEVENS-INSTITUTE-OF-TECHNOLOGY,2014,6125
US-STEVENS-INSTITUTE-OF-TECHNOLOGY,2015,6359
US-STEVENS-INSTITUTE-OF-TECHNOLOGY,2016,6617
US-STEVENS-INSTITUTE-OF-TECHNOLOGY,2017,6916
US-STEVENS-INSTITUTE-OF-TECHNOLOGY,2018,6929
US-STEVENS-INSTITUTE-OF-TECHNOLOGY,2019,7283
US-STEVENS-INSTITUTE-OF-TECHNOLOGY,2020,7257
US-STEVENS-INSTITUTE-OF-TECHNOLOGY,2021,8287
US-STEVENS-INSTITUTE-OF-TECHNOLOGY,2022,9314
US-STEVENS-INSTITUTE-OF-TECHNOLOGY,2023,8842
US-STEVENS-INSTITUTE-OF-TECHNOLOGY,2024,
US-TEXAS-CHRISTIAN-UNIVERSITY,2000,7775
US-TEXAS-CHRISTIAN-UNIVERSITY,2001,8054
US-TEXAS-CHRISTIAN-UNIVERSITY,2002,8074
US-TEXAS-CHRISTIAN-UNIVERSITY,2003,8275
US-TEXAS-CHRISTIAN-UNIVERSITY,2004,8632
US-TEXAS-CHRISTIAN-UNIVERSITY,2005,8749
US-TEXAS-CHRISTIAN-UNIVERSITY,2006,8865
US-TEXAS-CHRISTIAN-UNIVERSITY,2007,8668
US-TEXAS-CHRISTIAN-UNIVERSITY,2008,8696
US-TEXAS-CHRISTIAN-UNIVERSITY,2009,8853
US-TEXAS-CHRISTIAN-UNIVERSITY,2010,9142
US-TEXAS-CHRISTIAN-UNIVERSITY,2011,9518
US-TEXAS-CHRISTIAN-UNIVERSITY,2012,9727
US-TEXAS-CHRISTIAN-UNIVERSITY,2013,9925
US-TEXAS-CHRISTIAN-UNIVERSITY,2014,10033
US-TEXAS-CHRISTIAN-UNIVERSITY,2015,10324
US-TEXAS-CHRISTIAN-UNIVERSITY,2016,10394
US-TEXAS-CHRISTIAN-UNIVERSITY,2017,10489
US-TEXAS-CHRISTIAN-UNIVERSITY,2018,10918
US-TEXAS-CHRISTIAN-UNIVERSITY,2019,11024
US-TEXAS-CHRISTIAN-UNIVERSITY,2020,11379
US-TEXAS-CHRISTIAN-UNIVERSITY,2021,11938
US-TEXAS-CHRISTIAN-UNIVERSITY,2022,12273
US-TEXAS-CHRISTIAN-UNIVERSITY,2023,12785
US-TEXAS-CHRISTIAN-UNIVERSITY,2024,
US-UNIVERSITY-OF-CALIFORNIA-SAN-DIEGO,2000,20197
US-UNIVERSITY-OF-CALIFORNIA-SAN-DIEGO,2001,21558
US-UNIVERSITY-OF-CALIFORNIA-SAN-DIEGO,2002,23528
US-UNIVERSITY-OF-CALIFORNIA-SAN-DIEGO,2003,24105
US-UNIVERSITY-OF-CALIFORNIA-SAN-DIEGO,2004,24663
US-UNIVERSITY-OF-CALIFORNIA-SAN-DIEGO,2005,25320
US-UNIVERSITY-OF-CALIFORNIA-SAN-DIEGO,2006,26247
US-UNIVERSITY-OF-CALIFORNIA-SAN-DIEGO,2007,27020
US-UNIVERSITY-OF-CALIFORNIA-SAN-DIEGO,2008,27520
US-UNIVERSITY-OF-CALIFORNIA-SAN-DIEGO,2009,28418
US-UNIVERSITY-OF-CALIFORNIA-SAN-DIEGO,2010,29176
US-UNIVERSITY-OF-CALIFORNIA-SAN-DIEGO,2011,28593
US-UNIVERSITY-OF-CALIFORNIA-SAN-DIEGO,2012,28294
US-UNIVERSITY-OF-CALIFORNIA-SAN-DIEGO,2013,29517
US-UNIVERSITY-OF-CALIFORNIA-SAN-DIEGO,2014,30709
US-UNIVERSITY-OF-CALIFORNIA-SAN-DIEGO,2015,32906
US-UNIVERSITY-OF-CALIFORNIA-SAN-DIEGO,2016,34979
US-UNIVERSITY-OF-CALIFORNIA-SAN-DIEGO,2017,35772
US-UNIVERSITY-OF-CALIFORNIA-SAN-DIEGO,2018,37887
US-UNIVERSITY-OF-CALIFORNIA-SAN-DIEGO,2019,38736
US-UNIVERSITY-OF-CALIFORNIA-SAN-DIEGO,2020,39576
US-UNIVERSITY-OF-CALIFORNIA-SAN-DIEGO,2021,41885
US-UNIVERSITY-OF-CALIFORNIA-SAN-DIEGO,2022,42006
US-UNIVERSITY-OF-CALIFORNIA-SAN-DIEGO,2023,42376
US-UNIVERSITY-OF-CALIFORNIA-SAN-DIEGO,2024,
US-GEORGE-MASON-UNIVERSITY,2000,23408
US-GEORGE-MASON-UNIVERSITY,2001,24897
US-GEORGE-MASON-UNIVERSITY,2002,26796
US-GEORGE-MASON-UNIVERSITY,2003,28246
US-GEORGE-MASON-UNIVERSITY,2004,28874
US-GEORGE-MASON-UNIVERSITY,2005,29728
US-GEORGE-MASON-UNIVERSITY,2006,29889
US-GEORGE-MASON-UNIVERSITY,2007,30276
US-GEORGE-MASON-UNIVERSITY,2008,30613
US-GEORGE-MASON-UNIVERSITY,2009,32067
US-GEORGE-MASON-UNIVERSITY,2010,32562
US-GEORGE-MASON-UNIVERSITY,2011,33320
US-GEORGE-MASON-UNIVERSITY,2012,32961
US-GEORGE-MASON-UNIVERSITY,2013,33917
US-GEORGE-MASON-UNIVERSITY,2014,33729
US-GEORGE-MASON-UNIVERSITY,2015,33929
US-GEORGE-MASON-UNIVERSITY,2016,34909
US-GEORGE-MASON-UNIVERSITY,2017,35984
US-GEORGE-MASON-UNIVERSITY,2018,37316
US-GEORGE-MASON-UNIVERSITY,2019,37863
US-GEORGE-MASON-UNIVERSITY,2020,38541
US-GEORGE-MASON-UNIVERSITY,2021,38628
US-GEORGE-MASON-UNIVERSITY,2022,39049
US-GEORGE-MASON-UNIVERSITY,2023,39527
US-GEORGE-MASON-UNIVERSITY,2024,
US-RUSH-UNIVERSITY,2000,1282
US-RUSH-UNIVERSITY,2001,1268
US-RUSH-UNIVERSITY,2002,1232
US-RUSH-UNIVERSITY,2003,1253
US-RUSH-UNIVERSITY,2004,1362
US-RUSH-UNIVERSITY,2005,1452
US-RUSH-UNIVERSITY,2006,1508
US-RUSH-UNIVERSITY,2007,1596
US-RUSH-UNIVERSITY,2008,1731
US-RUSH-UNIVERSITY,2009,1804
US-RUSH-UNIVERSITY,2010,1917
US-RUSH-UNIVERSITY,2011,2118
US-RUSH-UNIVERSITY,2012,2172
US-RUSH-UNIVERSITY,2013,2280
US-RUSH-UNIVERSITY,2014,2457
US-RUSH-UNIVERSITY,2015,2515
US-RUSH-UNIVERSITY,2016,2503
US-RUSH-UNIVERSITY,2017,2569
US-RUSH-UNIVERSITY,2018,2708
US-RUSH-UNIVERSITY,2019,2755
US-RUSH-UNIVERSITY,2020,2816
US-RUSH-UNIVERSITY,2021,2889
US-RUSH-UNIVERSITY,2022,2870
US-RUSH-UNIVERSITY,2023,2782
US-RUSH-UNIVERSITY,2024,
US-DAEMEN-UNIVERSITY,2000,1824
US-DAEMEN-UNIVERSITY,2001,1988
US-DAEMEN-UNIVERSITY,2002,2027
US-DAEMEN-UNIVERSITY,2003,2205
US-DAEMEN-UNIVERSITY,2004,2186
US-DAEMEN-UNIVERSITY,2005,2315
US-DAEMEN-UNIVERSITY,2006,2414
US-DAEMEN-UNIVERSITY,2007,2511
US-DAEMEN-UNIVERSITY,2008,2716
US-DAEMEN-UNIVERSITY,2009,2921
US-DAEMEN-UNIVERSITY,2010,2958
US-DAEMEN-UNIVERSITY,2011,3005
US-DAEMEN-UNIVERSITY,2012,2966
US-DAEMEN-UNIVERSITY,2013,2871
US-DAEMEN-UNIVERSITY,2014,2800
US-DAEMEN-UNIVERSITY,2015,2767
US-DAEMEN-UNIVERSITY,2016,2760
US-DAEMEN-UNIVERSITY,2017,2635
US-DAEMEN-UNIVERSITY,2018,2574
US-DAEMEN-UNIVERSITY,2019,2603
US-DAEMEN-UNIVERSITY,2020,2536
US-DAEMEN-UNIVERSITY,2021,2642
US-DAEMEN-UNIVERSITY,2022,2642
US-DAEMEN-UNIVERSITY,2023,2625
US-DAEMEN-UNIVERSITY,2024,
US-ELON-UNIVERSITY,2000,4138
US-ELON-UNIVERSITY,2001,4341
US-ELON-UNIVERSITY,2002,4432
US-ELON-UNIVERSITY,2003,4584
US-ELON-UNIVERSITY,2004,4796
US-ELON-UNIVERSITY,2005,4956
US-ELON-UNIVERSITY,2006,5230
US-ELON-UNIVERSITY,2007,5456
US-ELON-UNIVERSITY,2008,5628
US-ELON-UNIVERSITY,2009,5666
US-ELON-UNIVERSITY,2010,5709
US-ELON-UNIVERSITY,2011,5916
US-ELON-UNIVERSITY,2012,6029
US-ELON-UNIVERSITY,2013,6305
US-ELON-UNIVERSITY,2014,6483
US-ELON-UNIVERSITY,2015,6631
US-ELON-UNIVERSITY,2016,6739
US-ELON-UNIVERSITY,2017,6791
US-ELON-UNIVERSITY,2018,6991
US-ELON-UNIVERSITY,2019,7088
US-ELON-UNIVERSITY,2020,7117
US-ELON-UNIVERSITY,2021,7127
US-ELON-UNIVERSITY,2022,7123
US-ELON-UNIVERSITY,2023,7207
US-ELON-UNIVERSITY,2024,
US-BROWN-UNIVERSITY,2000,7723
US-BROWN-UNIVERSITY,2001,7774
US-BROWN-UNIVERSITY,2002,7892
US-BROWN-UNIVERSITY,2003,7882
US-BROWN-UNIVERSITY,2004,8004
US-BROWN-UNIVERSITY,2005,8261
US-BROWN-UNIVERSITY,2006,8125
US-BROWN-UNIVERSITY,2007,8167
US-BROWN-UNIVERSITY,2008,8318
US-BROWN-UNIVERSITY,2009,8574
US-BROWN-UNIVERSITY,2010,8705
US-BROWN-UNIVERSITY,2011,8768
US-BROWN-UNIVERSITY,2012,8885
US-BROWN-UNIVERSITY,2013,8943
US-BROWN-UNIVERSITY,2014,9181
US-BROWN-UNIVERSITY,2015,9458
US-BROWN-UNIVERSITY,2016,9781
US-BROWN-UNIVERSITY,2017,10095
US-BROWN-UNIVERSITY,2018,10257
US-BROWN-UNIVERSITY,2019,10333
US-BROWN-UNIVERSITY,2020,9948
US-BROWN-UNIVERSITY,2021,10696
US-BROWN-UNIVERSITY,2022,11189
US-BROWN-UNIVERSITY,2023,11516
US-BROWN-UNIVERSITY,2024,
US-SAMFORD-UNIVERSITY,2000,4379
US-SAMFORD-UNIVERSITY,2001,4377
US-SAMFORD-UNIVERSITY,2002,4366
US-SAMFORD-UNIVERSITY,2003,4440
US-SAMFORD-UNIVERSITY,2004,4416
US-SAMFORD-UNIVERSITY,2005,4507
US-SAMFORD-UNIVERSITY,2006,4478
US-SAMFORD-UNIVERSITY,2007,4485
US-SAMFORD-UNIVERSITY,2008,4469
US-SAMFORD-UNIVERSITY,2009,4658
US-SAMFORD-UNIVERSITY,2010,4715
US-SAMFORD-UNIVERSITY,2011,4758
US-SAMFORD-UNIVERSITY,2012,4758
US-SAMFORD-UNIVERSITY,2013,4833
US-SAMFORD-UNIVERSITY,2014,4933
US-SAMFORD-UNIVERSITY,2015,5206
US-SAMFORD-UNIVERSITY,2016,5471
US-SAMFORD-UNIVERSITY,2017,5509
US-SAMFORD-UNIVERSITY,2018,5619
US-SAMFORD-UNIVERSITY,2019,5692
US-SAMFORD-UNIVERSITY,2020,5729
US-SAMFORD-UNIVERSITY,2021,5758
US-SAMFORD-UNIVERSITY,2022,5682
US-SAMFORD-UNIVERSITY,2023,5791
US-SAMFORD-UNIVERSITY,2024,
US-UNIVERSITY-OF-RHODE-ISLAND,2000,14362
US-UNIVERSITY-OF-RHODE-ISLAND,2001,14264
US-UNIVERSITY-OF-RHODE-ISLAND,2002,14180
US-UNIVERSITY-OF-RHODE-ISLAND,2003,14791
US-UNIVERSITY-OF-RHODE-ISLAND,2004,14749
US-UNIVERSITY-OF-RHODE-ISLAND,2005,15095
US-UNIVERSITY-OF-RHODE-ISLAND,2006,15062
US-UNIVERSITY-OF-RHODE-ISLAND,2007,15650
US-UNIVERSITY-OF-RHODE-ISLAND,2008,15904
US-UNIVERSITY-OF-RHODE-ISLAND,2009,16389
US-UNIVERSITY-OF-RHODE-ISLAND,2010,16294
US-UNIVERSITY-OF-RHODE-ISLAND,2011,16317
US-UNIVERSITY-OF-RHODE-ISLAND,2012,16451
US-UNIVERSITY-OF-RHODE-ISLAND,2013,16387
US-UNIVERSITY-OF-RHODE-ISLAND,2014,16571
US-UNIVERSITY-OF-RHODE-ISLAND,2015,16613
US-UNIVERSITY-OF-RHODE-ISLAND,2016,17822
US-UNIVERSITY-OF-RHODE-ISLAND,2017,18089
US-UNIVERSITY-OF-RHODE-ISLAND,2018,17777
US-UNIVERSITY-OF-RHODE-ISLAND,2019,17465
US-UNIVERSITY-OF-RHODE-ISLAND,2020,17649
US-UNIVERSITY-OF-RHODE-ISLAND,2021,17511
US-UNIVERSITY-OF-RHODE-ISLAND,2022,17473
US-UNIVERSITY-OF-RHODE-ISLAND,2023,17351
US-UNIVERSITY-OF-RHODE-ISLAND,2024,
US-OAKLAND-CITY-UNIVERSITY,2000,1418
US-OAKLAND-CITY-UNIVERSITY,2001,1738
US-OAKLAND-CITY-UNIVERSITY,2002,1857
US-OAKLAND-CITY-UNIVERSITY,2003,1715
US-OAKLAND-CITY-UNIVERSITY,2004,1985
US-OAKLAND-CITY-UNIVERSITY,2005,1900
US-OAKLAND-CITY-UNIVERSITY,2006,1513
US-OAKLAND-CITY-UNIVERSITY,2007,2007
US-OAKLAND-CITY-UNIVERSITY,2008,1733
US-OAKLAND-CITY-UNIVERSITY,2009,2550
US-OAKLAND-CITY-UNIVERSITY,2010,2883
US-OAKLAND-CITY-UNIVERSITY,2011,2610
US-OAKLAND-CITY-UNIVERSITY,2012,2517
US-OAKLAND-CITY-UNIVERSITY,2013,2418
US-OAKLAND-CITY-UNIVERSITY,2014,2086
US-OAKLAND-CITY-UNIVERSITY,2015,1450
US-OAKLAND-CITY-UNIVERSITY,2016,1469
US-OAKLAND-CITY-UNIVERSITY,2017,1303
US-OAKLAND-CITY-UNIVERSITY,2018,1419
US-OAKLAND-CITY-UNIVERSITY,2019,1435
US-OAKLAND-CITY-UNIVERSITY,2020,1241
US-OAKLAND-CITY-UNIVERSITY,2021,867
US-OAKLAND-CITY-UNIVERSITY,2022,880
US-OAKLAND-CITY-UNIVERSITY,2023,650
US-OAKLAND-CITY-UNIVERSITY,2024,
US-BARRY-UNIVERSITY,2000,8650
US-BARRY-UNIVERSITY,2001,8691
US-BARRY-UNIVERSITY,2002,8469
US-BARRY-UNIVERSITY,2003,9042
US-BARRY-UNIVERSITY,2004,9298
US-BARRY-UNIVERSITY,2005,9324
US-BARRY-UNIVERSITY,2006,8882
US-BARRY-UNIVERSITY,2007,8733
US-BARRY-UNIVERSITY,2008,8581
US-BARRY-UNIVERSITY,2009,8846
US-BARRY-UNIVERSITY,2010,8995
US-BARRY-UNIVERSITY,2011,8905
US-BARRY-UNIVERSITY,2012,9070
US-BARRY-UNIVERSITY,2013,9030
US-BARRY-UNIVERSITY,2014,8518
US-BARRY-UNIVERSITY,2015,7971
US-BARRY-UNIVERSITY,2016,7404
US-BARRY-UNIVERSITY,2017,7358
US-BARRY-UNIVERSITY,2018,7186
US-BARRY-UNIVERSITY,2019,7401
US-BARRY-UNIVERSITY,2020,7515
US-BARRY-UNIVERSITY,2021,7337
US-BARRY-UNIVERSITY,2022,6958
US-BARRY-UNIVERSITY,2023,6836
US-BARRY-UNIVERSITY,2024,
US-OAKLAND-UNIVERSITY,2000,15235
US-OAKLAND-UNIVERSITY,2001,15875
US-OAKLAND-UNIVERSITY,2002,16059
US-OAKLAND-UNIVERSITY,2003,16575
US-OAKLAND-UNIVERSITY,2004,16902
US-OAKLAND-UNIVERSITY,2005,17339
US-OAKLAND-UNIVERSITY,2006,17737
US-OAKLAND-UNIVERSITY,2007,18081
US-OAKLAND-UNIVERSITY,2008,18175
US-OAKLAND-UNIVERSITY,2009,18918
US-OAKLAND-UNIVERSITY,2010,19053
US-OAKLAND-UNIVERSITY,2011,19379
US-OAKLAND-UNIVERSITY,2012,19740
US-OAKLAND-UNIVERSITY,2013,20169
US-OAKLAND-UNIVERSITY,2014,20519
US-OAKLAND-UNIVERSITY,2015,20261
US-OAKLAND-UNIVERSITY,2016,20012
US-OAKLAND-UNIVERSITY,2017,19333
US-OAKLAND-UNIVERSITY,2018,19309
US-OAKLAND-UNIVERSITY,2019,19013
US-OAKLAND-UNIVERSITY,2020,18552
US-OAKLAND-UNIVERSITY,2021,17170
US-OAKLAND-UNIVERSITY,2022,16108
US-OAKLAND-UNIVERSITY,2023,15922
US-OAKLAND-UNIVERSITY,2024,
US-BINGHAMTON-UNIVERSITY,2000,12473
US-BINGHAMTON-UNIVERSITY,2001,12820
US-BINGHAMTON-UNIVERSITY,2002,13099
US-BINGHAMTON-UNIVERSITY,2003,13385
US-BINGHAMTON-UNIVERSITY,2004,13860
US-BINGHAMTON-UNIVERSITY,2005,14018
US-BINGHAMTON-UNIVERSITY,2006,14373
US-BINGHAMTON-UNIVERSITY,2007,14435
US-BINGHAMTON-UNIVERSITY,2008,14882
US-BINGHAMTON-UNIVERSITY,2009,14709
US-BINGHAMTON-UNIVERSITY,2010,14895
US-BINGHAMTON-UNIVERSITY,2011,14746
US-BINGHAMTON-UNIVERSITY,2012,15308
US-BINGHAMTON-UNIVERSITY,2013,16077
US-BINGHAMTON-UNIVERSITY,2014,16695
US-BINGHAMTON-UNIVERSITY,2015,16913
US-BINGHAMTON-UNIVERSITY,2016,17292
US-BINGHAMTON-UNIVERSITY,2017,17351
US-BINGHAMTON-UNIVERSITY,2018,17768
US-BINGHAMTON-UNIVERSITY,2019,18124
US-BINGHAMTON-UNIVERSITY,2020,18148
US-BINGHAMTON-UNIVERSITY,2021,18055
US-BINGHAMTON-UNIVERSITY,2022,18312
US-BINGHAMTON-UNIVERSITY,2023,18456
US-BINGHAMTON-UNIVERSITY,2024,
US-UNIVERSITY-OF-VERMONT,2000,10118
US-UNIVERSITY-OF-VERMONT,2001,10078
US-UNIVERSITY-OF-VERMONT,2002,10314
US-UNIVERSITY-OF-VERMONT,2003,10967
US-UNIVERSITY-OF-VERMONT,2004,10940
US-UNIVERSITY-OF-VERMONT,2005,11597
US-UNIVERSITY-OF-VERMONT,2006,11870
US-UNIVERSITY-OF-VERMONT,2007,12239
US-UNIVERSITY-OF-VERMONT,2008,12800
US-UNIVERSITY-OF-VERMONT,2009,13391
US-UNIVERSITY-OF-VERMONT,2010,13554
US-UNIVERSITY-OF-VERMONT,2011,13478
US-UNIVERSITY-OF-VERMONT,2012,13098
US-UNIVERSITY-OF-VERMONT,2013,12723
US-UNIVERSITY-OF-VERMONT,2014,12856
US-UNIVERSITY-OF-VERMONT,2015,12815
US-UNIVERSITY-OF-VERMONT,2016,13105
US-UNIVERSITY-OF-VERMONT,2017,13340
US-UNIVERSITY-OF-VERMONT,2018,13395
US-UNIVERSITY-OF-VERMONT,2019,13548
US-UNIVERSITY-OF-VERMONT,2020,13292
US-UNIVERSITY-OF-VERMONT,2021,13826
US-UNIVERSITY-OF-VERMONT,2022,14088
US-UNIVERSITY-OF-VERMONT,2023,14320
US-UNIVERSITY-OF-VERMONT,2024,
US-HOFSTRA-UNIVERSITY,2000,13144
US-HOFSTRA-UNIVERSITY,2001,13428
US-HOFSTRA-UNIVERSITY,2002,13412
US-HOFSTRA-UNIVERSITY,2003,13210
US-HOFSTRA-UNIVERSITY,2004,12999
US-HOFSTRA-UNIVERSITY,2005,12890
US-HOFSTRA-UNIVERSITY,2006,12550
US-HOFSTRA-UNIVERSITY,2007,12490
US-HOFSTRA-UNIVERSITY,2008,12333
US-HOFSTRA-UNIVERSITY,2009,12068
US-HOFSTRA-UNIVERSITY,2010,11579
US-HOFSTRA-UNIVERSITY,2011,11404
US-HOFSTRA-UNIVERSITY,2012,11023
US-HOFSTRA-UNIVERSITY,2013,10928
US-HOFSTRA-UNIVERSITY,2014,10953
US-HOFSTRA-UNIVERSITY,2015,10814
US-HOFSTRA-UNIVERSITY,2016,11145
US-HOFSTRA-UNIVERSITY,2017,11131
US-HOFSTRA-UNIVERSITY,2018,10871
US-HOFSTRA-UNIVERSITY,2019,10804
US-HOFSTRA-UNIVERSITY,2020,10444
US-HOFSTRA-UNIVERSITY,2021,10243
US-HOFSTRA-UNIVERSITY,2022,10238
US-HOFSTRA-UNIVERSITY,2023,10393
US-HOFSTRA-UNIVERSITY,2024,
US-YESHIVA-UNIVERSITY,2000,5814
US-YESHIVA-UNIVERSITY,2001,5999
US-YESHIVA-UNIVERSITY,2002,5989
US-YESHIVA-UNIVERSITY,2003,6019
US-YESHIVA-UNIVERSITY,2004,6129
US-YESHIVA-UNIVERSITY,2005,6240
US-YESHIVA-UNIVERSITY,2006,6211
US-YESHIVA-UNIVERSITY,2007,6358
US-YESHIVA-UNIVERSITY,2008,6292
US-YESHIVA-UNIVERSITY,2009,6228
US-YESHIVA-UNIVERSITY,2010,6444
US-YESHIVA-UNIVERSITY,2011,6563
US-YESHIVA-UNIVERSITY,2012,6740
US-YESHIVA-UNIVERSITY,2013,6747
US-YESHIVA-UNIVERSITY,2014,6348
US-YESHIVA-UNIVERSITY,2015,6194
US-YESHIVA-UNIVERSITY,2016,6168
US-YESHIVA-UNIVERSITY,2017,6330
US-YESHIVA-UNIVERSITY,2018,6479
US-YESHIVA-UNIVERSITY,2019,5357
US-YESHIVA-UNIVERSITY,2020,5524
US-YESHIVA-UNIVERSITY,2021,5501
US-YESHIVA-UNIVERSITY,2022,6056
US-YESHIVA-UNIVERSITY,2023,6826
US-YESHIVA-UNIVERSITY,2024,
US-SEATTLE-UNIVERSITY,2000,5852
US-SEATTLE-UNIVERSITY,2001,5981
US-SEATTLE-UNIVERSITY,2002,6270
US-SEATTLE-UNIVERSITY,2003,6659
US-SEATTLE-UNIVERSITY,2004,6810
US-SEATTLE-UNIVERSITY,2005,7109
US-SEATTLE-UNIVERSITY,2006,7226
US-SEATTLE-UNIVERSITY,2007,7529
US-SEATTLE-UNIVERSITY,2008,7560
US-SEATTLE-UNIVERSITY,2009,7751
US-SEATTLE-UNIVERSITY,2010,7817
US-SEATTLE-UNIVERSITY,2011,7755
US-SEATTLE-UNIVERSITY,2012,7484
US-SEATTLE-UNIVERSITY,2013,7422
US-SEATTLE-UNIVERSITY,2014,7273
US-SEATTLE-UNIVERSITY,2015,7405
US-SEATTLE-UNIVERSITY,2016,7487
US-SEATTLE-UNIVERSITY,2017,7278
US-SEATTLE-UNIVERSITY,2018,7291
US-SEATTLE-UNIVERSITY,2019,7199
US-SEATTLE-UNIVERSITY,2020,7050
US-SEATTLE-UNIVERSITY,2021,7268
US-SEATTLE-UNIVERSITY,2022,7121
US-SEATTLE-UNIVERSITY,2023,7182
US-SEATTLE-UNIVERSITY,2024,
US-OREGON-HEALTH-AND-SCIENCE-UNIVERSITY,2000,1905
US-OREGON-HEALTH-AND-SCIENCE-UNIVERSITY,2001,1976
US-OREGON-HEALTH-AND-SCIENCE-UNIVERSITY,2002,2524
US-OREGON-HEALTH-AND-SCIENCE-UNIVERSITY,2003,2454
US-OREGON-HEALTH-AND-SCIENCE-UNIVERSITY,2004,2553
US-OREGON-HEALTH-AND-SCIENCE-UNIVERSITY,2005,2511
US-OREGON-HEALTH-AND-SCIENCE-UNIVERSITY,2006,2418
US-OREGON-HEALTH-AND-SCIENCE-UNIVERSITY,2007,2455
US-OREGON-HEALTH-AND-SCIENCE-UNIVERSITY,2008,2424
US-OREGON-HEALTH-AND-SCIENCE-UNIVERSITY,2009,2583
US-OREGON-HEALTH-AND-SCIENCE-UNIVERSITY,2010,2721
US-OREGON-HEALTH-AND-SCIENCE-UNIVERSITY,2011,2802
US-OREGON-HEALTH-AND-SCIENCE-UNIVERSITY,2012,2849
US-OREGON-HEALTH-AND-SCIENCE-UNIVERSITY,2013,2838
US-OREGON-HEALTH-AND-SCIENCE-UNIVERSITY,2014,2861
US-OREGON-HEALTH-AND-SCIENCE-UNIVERSITY,2015,2895
US-OREGON-HEALTH-AND-SCIENCE-UNIVERSITY,2016,2899
US-OREGON-HEALTH-AND-SCIENCE-UNIVERSITY,2017,2895
US-OREGON-HEALTH-AND-SCIENCE-UNIVERSITY,2018,2999
US-OREGON-HEALTH-AND-SCIENCE-UNIVERSITY,2019,3017
US-OREGON-HEALTH-AND-SCIENCE-UNIVERSITY,2020,3035
US-OREGON-HEALTH-AND-SCIENCE-UNIVERSITY,2021,2984
US-OREGON-HEALTH-AND-SCIENCE-UNIVERSITY,2022,2870
US-OREGON-HEALTH-AND-SCIENCE-UNIVERSITY,2023,2877
US-OREGON-HEALTH-AND-SCIENCE-UNIVERSITY,2024,
US-UNIVERSITY-OF-TEXAS-EL-PASO,2000,15224
US-UNIVERSITY-OF-TEXAS-EL-PASO,2001,16220
US-UNIVERSITY-OF-TEXAS-EL-PASO,2002,17232
US-UNIVERSITY-OF-TEXAS-EL-PASO,2003,18542
US-UNIVERSITY-OF-TEXAS-EL-PASO,2004,18918
US-UNIVERSITY-OF-TEXAS-EL-PASO,2005,19268
US-UNIVERSITY-OF-TEXAS-EL-PASO,2006,19842
US-UNIVERSITY-OF-TEXAS-EL-PASO,2007,20154
US-UNIVERSITY-OF-TEXAS-EL-PASO,2008,20458
US-UNIVERSITY-OF-TEXAS-EL-PASO,2009,21011
US-UNIVERSITY-OF-TEXAS-EL-PASO,2010,22106
US-UNIVERSITY-OF-TEXAS-EL-PASO,2011,22640
US-UNIVERSITY-OF-TEXAS-EL-PASO,2012,22749
US-UNIVERSITY-OF-TEXAS-EL-PASO,2013,23003
US-UNIVERSITY-OF-TEXAS-EL-PASO,2014,23079
US-UNIVERSITY-OF-TEXAS-EL-PASO,2015,23397
US-UNIVERSITY-OF-TEXAS-EL-PASO,2016,23922
US-UNIVERSITY-OF-TEXAS-EL-PASO,2017,25078
US-UNIVERSITY-OF-TEXAS-EL-PASO,2018,25151
US-UNIVERSITY-OF-TEXAS-EL-PASO,2019,25177
US-UNIVERSITY-OF-TEXAS-EL-PASO,2020,24879
US-UNIVERSITY-OF-TEXAS-EL-PASO,2021,24003
US-UNIVERSITY-OF-TEXAS-EL-PASO,2022,23880
US-UNIVERSITY-OF-TEXAS-EL-PASO,2023,24351
US-UNIVERSITY-OF-TEXAS-EL-PASO,2024,
US-CUNY-BARUCH-COLLEGE,2000,15698
US-CUNY-BARUCH-COLLEGE,2001,15773
US-CUNY-BARUCH-COLLEGE,2002,15361
US-CUNY-BARUCH-COLLEGE,2003,15126
US-CUNY-BARUCH-COLLEGE,2004,15537
US-CUNY-BARUCH-COLLEGE,2005,15756
US-CUNY-BARUCH-COLLEGE,2006,15730
US-CUNY-BARUCH-COLLEGE,2007,16097
US-CUNY-BARUCH-COLLEGE,2008,16321
US-CUNY-BARUCH-COLLEGE,2009,16195
US-CUNY-BARUCH-COLLEGE,2010,17063
US-CUNY-BARUCH-COLLEGE,2011,18055
US-CUNY-BARUCH-COLLEGE,2012,17373
US-CUNY-BARUCH-COLLEGE,2013,17505
US-CUNY-BARUCH-COLLEGE,2014,18090
US-CUNY-BARUCH-COLLEGE,2015,18433
US-CUNY-BARUCH-COLLEGE,2016,18286
US-CUNY-BARUCH-COLLEGE,2017,18289
US-CUNY-BARUCH-COLLEGE,2018,18029
US-CUNY-BARUCH-COLLEGE,2019,18679
US-CUNY-BARUCH-COLLEGE,2020,19740
US-CUNY-BARUCH-COLLEGE,2021,19969
US-CUNY-BARUCH-COLLEGE,2022,19854
US-CUNY-BARUCH-COLLEGE,2023,19698
US-CUNY-BARUCH-COLLEGE,2024,
US-KENT-STATE-UNIVERSITY,2000,21924
US-KENT-STATE-UNIVERSITY,2001,22828
US-KENT-STATE-UNIVERSITY,2002,23504
US-KENT-STATE-UNIVERSITY,2003,24242
US-KENT-STATE-UNIVERSITY,2004,24347
US-KENT-STATE-UNIVERSITY,2005,23622
US-KENT-STATE-UNIVERSITY,2006,22697
US-KENT-STATE-UNIVERSITY,2007,22819
US-KENT-STATE-UNIVERSITY,2008,22944
US-KENT-STATE-UNIVERSITY,2009,25127
US-KENT-STATE-UNIVERSITY,2010,26589
US-KENT-STATE-UNIVERSITY,2011,27855
US-KENT-STATE-UNIVERSITY,2012,28602
US-KENT-STATE-UNIVERSITY,2013,28998
US-KENT-STATE-UNIVERSITY,2014,29477
US-KENT-STATE-UNIVERSITY,2015,30067
US-KENT-STATE-UNIVERSITY,2016,30167
US-KENT-STATE-UNIVERSITY,2017,28972
US-KENT-STATE-UNIVERSITY,2018,28122
US-KENT-STATE-UNIVERSITY,2019,27716
US-KENT-STATE-UNIVERSITY,2020,26822
US-KENT-STATE-UNIVERSITY,2021,26597
US-KENT-STATE-UNIVERSITY,2022,25854
US-KENT-STATE-UNIVERSITY,2023,26106
US-KENT-STATE-UNIVERSITY,2024,
US-UNIVERSITY-ALBANY-SUNY,2000,16751
US-UNIVERSITY-ALBANY-SUNY,2001,17204
US-UNIVERSITY-ALBANY-SUNY,2002,17426
US-UNIVERSITY-ALBANY-SUNY,2003,16998
US-UNIVERSITY-ALBANY-SUNY,2004,16293
US-UNIVERSITY-ALBANY-SUNY,2005,17040
US-UNIVERSITY-ALBANY-SUNY,2006,17434
US-UNIVERSITY-ALBANY-SUNY,2007,17684
US-UNIVERSITY-ALBANY-SUNY,2008,18204
US-UNIVERSITY-ALBANY-SUNY,2009,18020
US-UNIVERSITY-ALBANY-SUNY,2010,17615
US-UNIVERSITY-ALBANY-SUNY,2011,17114
US-UNIVERSITY-ALBANY-SUNY,2012,17312
US-UNIVERSITY-ALBANY-SUNY,2013,17338
US-UNIVERSITY-ALBANY-SUNY,2014,17273
US-UNIVERSITY-ALBANY-SUNY,2015,17178
US-UNIVERSITY-ALBANY-SUNY,2016,17373
US-UNIVERSITY-ALBANY-SUNY,2017,17743
US-UNIVERSITY-ALBANY-SUNY,2018,17944
US-UNIVERSITY-ALBANY-SUNY,2019,17544
US-UNIVERSITY-ALBANY-SUNY,2020,17688
US-UNIVERSITY-ALBANY-SUNY,2021,17075
US-UNIVERSITY-ALBANY-SUNY,2022,16658
US-UNIVERSITY-ALBANY-SUNY,2023,16880
US-UNIVERSITY-ALBANY-SUNY,2024,
US-UNIVERSITY-OF-CALIFORNIA-SANTA-BARBARA,2000,19962
US-UNIVERSITY-OF-CALIFORNIA-SANTA-BARBARA,2001,20373
US-UNIVERSITY-OF-CALIFORNIA-SANTA-BARBARA,2002,20559
US-UNIVERSITY-OF-CALIFORNIA-SANTA-BARBARA,2003,20847
US-UNIVERSITY-OF-CALIFORNIA-SANTA-BARBARA,2004,21026
US-UNIVERSITY-OF-CALIFORNIA-SANTA-BARBARA,2005,21016
US-UNIVERSITY-OF-CALIFORNIA-SANTA-BARBARA,2006,21082
US-UNIVERSITY-OF-CALIFORNIA-SANTA-BARBARA,2007,21410
US-UNIVERSITY-OF-CALIFORNIA-SANTA-BARBARA,2008,21868
US-UNIVERSITY-OF-CALIFORNIA-SANTA-BARBARA,2009,22850
US-UNIVERSITY-OF-CALIFORNIA-SANTA-BARBARA,2010,22218
US-UNIVERSITY-OF-CALIFORNIA-SANTA-BARBARA,2011,21685
US-UNIVERSITY-OF-CALIFORNIA-SANTA-BARBARA,2012,21927
US-UNIVERSITY-OF-CALIFORNIA-SANTA-BARBARA,2013,22225
US-UNIVERSITY-OF-CALIFORNIA-SANTA-BARBARA,2014,23051
US-UNIVERSITY-OF-CALIFORNIA-SANTA-BARBARA,2015,23497
US-UNIVERSITY-OF-CALIFORNIA-SANTA-BARBARA,2016,24346
US-UNIVERSITY-OF-CALIFORNIA-SANTA-BARBARA,2017,25057
US-UNIVERSITY-OF-CALIFORNIA-SANTA-BARBARA,2018,25976
US-UNIVERSITY-OF-CALIFORNIA-SANTA-BARBARA,2019,26314
US-UNIVERSITY-OF-CALIFORNIA-SANTA-BARBARA,2020,26179
US-UNIVERSITY-OF-CALIFORNIA-SANTA-BARBARA,2021,26124
US-UNIVERSITY-OF-CALIFORNIA-SANTA-BARBARA,2022,26420
US-UNIVERSITY-OF-CALIFORNIA-SANTA-BARBARA,2023,26068
US-UNIVERSITY-OF-CALIFORNIA-SANTA-BARBARA,2024,
US-UNIVERSITY-OF-CALIFORNIA-SANTA-CRUZ,2000,12144
US-UNIVERSITY-OF-CALIFORNIA-SANTA-CRUZ,2001,13170
US-UNIVERSITY-OF-CALIFORNIA-SANTA-CRUZ,2002,14139
US-UNIVERSITY-OF-CALIFORNIA-SANTA-CRUZ,2003,14997
US-UNIVERSITY-OF-CALIFORNIA-SANTA-CRUZ,2004,15036
US-UNIVERSITY-OF-CALIFORNIA-SANTA-CRUZ,2005,15012
US-UNIVERSITY-OF-CALIFORNIA-SANTA-CRUZ,2006,15364
US-UNIVERSITY-OF-CALIFORNIA-SANTA-CRUZ,2007,15825
US-UNIVERSITY-OF-CALIFORNIA-SANTA-CRUZ,2008,16615
US-UNIVERSITY-OF-CALIFORNIA-SANTA-CRUZ,2009,16775
US-UNIVERSITY-OF-CALIFORNIA-SANTA-CRUZ,2010,17187
US-UNIVERSITY-OF-CALIFORNIA-SANTA-CRUZ,2011,17454
US-UNIVERSITY-OF-CALIFORNIA-SANTA-CRUZ,2012,17404
US-UNIVERSITY-OF-CALIFORNIA-SANTA-CRUZ,2013,17203
US-UNIVERSITY-OF-CALIFORNIA-SANTA-CRUZ,2014,17866
US-UNIVERSITY-OF-CALIFORNIA-SANTA-CRUZ,2015,17868
US-UNIVERSITY-OF-CALIFORNIA-SANTA-CRUZ,2016,18783
US-UNIVERSITY-OF-CALIFORNIA-SANTA-CRUZ,2017,19457
US-UNIVERSITY-OF-CALIFORNIA-SANTA-CRUZ,2018,19700
US-UNIVERSITY-OF-CALIFORNIA-SANTA-CRUZ,2019,19494
US-UNIVERSITY-OF-CALIFORNIA-SANTA-CRUZ,2020,19161
US-UNIVERSITY-OF-CALIFORNIA-SANTA-CRUZ,2021,19841
US-UNIVERSITY-OF-CALIFORNIA-SANTA-CRUZ,2022,19478
US-UNIVERSITY-OF-CALIFORNIA-SANTA-CRUZ,2023,19764
US-UNIVERSITY-OF-CALIFORNIA-SANTA-CRUZ,2024,
US-UNIVERSITY-OF-MARYLAND-BALTIMORE-COUNTY,2000,10759
US-UNIVERSITY-OF-MARYLAND-BALTIMORE-COUNTY,2001,11237
US-UNIVERSITY-OF-MARYLAND-BALTIMORE-COUNTY,2002,11711
US-UNIVERSITY-OF-MARYLAND-BALTIMORE-COUNTY,2003,11872
US-UNIVERSITY-OF-MARYLAND-BALTIMORE-COUNTY,2004,11852
US-UNIVERSITY-OF-MARYLAND-BALTIMORE-COUNTY,2005,11650
US-UNIVERSITY-OF-MARYLAND-BALTIMORE-COUNTY,2006,11798
US-UNIVERSITY-OF-MARYLAND-BALTIMORE-COUNTY,2007,12041
US-UNIVERSITY-OF-MARYLAND-BALTIMORE-COUNTY,2008,12268
US-UNIVERSITY-OF-MARYLAND-BALTIMORE-COUNTY,2009,12870
US-UNIVERSITY-OF-MARYLAND-BALTIMORE-COUNTY,2010,12888
US-UNIVERSITY-OF-MARYLAND-BALTIMORE-COUNTY,2011,13199
US-UNIVERSITY-OF-MARYLAND-BALTIMORE-COUNTY,2012,13637
US-UNIVERSITY-OF-MARYLAND-BALTIMORE-COUNTY,2013,13908
US-UNIVERSITY-OF-MARYLAND-BALTIMORE-COUNTY,2014,13979
US-UNIVERSITY-OF-MARYLAND-BALTIMORE-COUNTY,2015,13839
US-UNIVERSITY-OF-MARYLAND-BALTIMORE-COUNTY,2016,13640
US-UNIVERSITY-OF-MARYLAND-BALTIMORE-COUNTY,2017,13662
US-UNIVERSITY-OF-MARYLAND-BALTIMORE-COUNTY,2018,13767
US-UNIVERSITY-OF-MARYLAND-BALTIMORE-COUNTY,2019,13602
US-UNIVERSITY-OF-MARYLAND-BALTIMORE-COUNTY,2020,13497
US-UNIVERSITY-OF-MARYLAND-BALTIMORE-COUNTY,2021,13638
US-UNIVERSITY-OF-MARYLAND-BALTIMORE-COUNTY,2022,13991
US-UNIVERSITY-OF-MARYLAND-BALTIMORE-COUNTY,2023,14148
US-UNIVERSITY-OF-MARYLAND-BALTIMORE-COUNTY,2024,
US-UNIVERSITY-OF-NEBRASKA-OMAHA,2000,13479
US-UNIVERSITY-OF-NEBRASKA-OMAHA,2001,14143
US-UNIVERSITY-OF-NEBRASKA-OMAHA,2002,14451
US-UNIVERSITY-OF-NEBRASKA-OMAHA,2003,13997
US-UNIVERSITY-OF-NEBRASKA-OMAHA,2004,13824
US-UNIVERSITY-OF-NEBRASKA-OMAHA,2005,14093
US-UNIVERSITY-OF-NEBRASKA-OMAHA,2006,13906
US-UNIVERSITY-OF-NEBRASKA-OMAHA,2007,14156
US-UNIVERSITY-OF-NEBRASKA-OMAHA,2008,14213
US-UNIVERSITY-OF-NEBRASKA-OMAHA,2009,14620
US-UNIVERSITY-OF-NEBRASKA-OMAHA,2010,14665
US-UNIVERSITY-OF-NEBRASKA-OMAHA,2011,14712
US-UNIVERSITY-OF-NEBRASKA-OMAHA,2012,14786
US-UNIVERSITY-OF-NEBRASKA-OMAHA,2013,15227
US-UNIVERSITY-OF-NEBRASKA-OMAHA,2014,15227
US-UNIVERSITY-OF-NEBRASKA-OMAHA,2015,15526
US-UNIVERSITY-OF-NEBRASKA-OMAHA,2016,15627
US-UNIVERSITY-OF-NEBRASKA-OMAHA,2017,15731
US-UNIVERSITY-OF-NEBRASKA-OMAHA,2018,15431
US-UNIVERSITY-OF-NEBRASKA-OMAHA,2019,15153
US-UNIVERSITY-OF-NEBRASKA-OMAHA,2020,15892
US-UNIVERSITY-OF-NEBRASKA-OMAHA,2021,15328
US-UNIVERSITY-OF-NEBRASKA-OMAHA,2022,15058
US-UNIVERSITY-OF-NEBRASKA-OMAHA,2023,15015
US-UNIVERSITY-OF-NEBRASKA-OMAHA,2024,
US-CAPITOL-TECHNOLOGY-UNIVERSITY,2000,787
US-CAPITOL-TECHNOLOGY-UNIVERSITY,2001,800
US-CAPITOL-TECHNOLOGY-UNIVERSITY,2002,835
US-CAPITOL-TECHNOLOGY-UNIVERSITY,2003,739
US-CAPITOL-TECHNOLOGY-UNIVERSITY,2004,738
US-CAPITOL-TECHNOLOGY-UNIVERSITY,2005,755
US-CAPITOL-TECHNOLOGY-UNIVERSITY,2006,780
US-CAPITOL-TECHNOLOGY-UNIVERSITY,2007,699
US-CAPITOL-TECHNOLOGY-UNIVERSITY,2008,701
US-CAPITOL-TECHNOLOGY-UNIVERSITY,2009,713
US-CAPITOL-TECHNOLOGY-UNIVERSITY,2010,754
US-CAPITOL-TECHNOLOGY-UNIVERSITY,2011,816
US-CAPITOL-TECHNOLOGY-UNIVERSITY,2012,905
US-CAPITOL-TECHNOLOGY-UNIVERSITY,2013,844
US-CAPITOL-TECHNOLOGY-UNIVERSITY,2014,793
US-CAPITOL-TECHNOLOGY-UNIVERSITY,2015,804
US-CAPITOL-TECHNOLOGY-UNIVERSITY,2016,769
US-CAPITOL-TECHNOLOGY-UNIVERSITY,2017,736
US-CAPITOL-TECHNOLOGY-UNIVERSITY,2018,743
US-CAPITOL-TECHNOLOGY-UNIVERSITY,2019,740
US-CAPITOL-TECHNOLOGY-UNIVERSITY,2020,754
US-CAPITOL-TECHNOLOGY-UNIVERSITY,2021,796
US-CAPITOL-TECHNOLOGY-UNIVERSITY,2022,823
US-CAPITOL-TECHNOLOGY-UNIVERSITY,2023,902
US-CAPITOL-TECHNOLOGY-UNIVERSITY,2024,
US-CARSON-NEWMAN-UNIVERSITY,2000,2230
US-CARSON-NEWMAN-UNIVERSITY,2001,2195
US-CARSON-NEWMAN-UNIVERSITY,2002,2639
US-CARSON-NEWMAN-UNIVERSITY,2003,2114
US-CARSON-NEWMAN-UNIVERSITY,2004,2053
US-CARSON-NEWMAN-UNIVERSITY,2005,2007
US-CARSON-NEWMAN-UNIVERSITY,2006,1958
US-CARSON-NEWMAN-UNIVERSITY,2007,2012
US-CARSON-NEWMAN-UNIVERSITY,2008,2032
US-CARSON-NEWMAN-UNIVERSITY,2009,2150
US-CARSON-NEWMAN-UNIVERSITY,2010,2064
US-CARSON-NEWMAN-UNIVERSITY,2011,1970
US-CARSON-NEWMAN-UNIVERSITY,2012,1967
US-CARSON-NEWMAN-UNIVERSITY,2013,2045
US-CARSON-NEWMAN-UNIVERSITY,2014,2362
US-CARSON-NEWMAN-UNIVERSITY,2015,2528
US-CARSON-NEWMAN-UNIVERSITY,2016,2659
US-CARSON-NEWMAN-UNIVERSITY,2017,2514
US-CARSON-NEWMAN-UNIVERSITY,2018,2560
US-CARSON-NEWMAN-UNIVERSITY,2019,2725
US-CARSON-NEWMAN-UNIVERSITY,2020,2911
US-CARSON-NEWMAN-UNIVERSITY,2021,2835
US-CARSON-NEWMAN-UNIVERSITY,2022,2586
US-CARSON-NEWMAN-UNIVERSITY,2023,2735
US-CARSON-NEWMAN-UNIVERSITY,2024,
US-KEISER-UNIVERSITY-FT-LAUDERDALE,2000,3086
US-KEISER-UNIVERSITY-FT-LAUDERDALE,2001,3166
US-KEISER-UNIVERSITY-FT-LAUDERDALE,2002,3603
US-KEISER-UNIVERSITY-FT-LAUDERDALE,2003,4673
US-KEISER-UNIVERSITY-FT-LAUDERDALE,2004,6121
US-KEISER-UNIVERSITY-FT-LAUDERDALE,2005,7371
US-KEISER-UNIVERSITY-FT-LAUDERDALE,2006,9639
US-KEISER-UNIVERSITY-FT-LAUDERDALE,2007,11548
US-KEISER-UNIVERSITY-FT-LAUDERDALE,2008,13392
US-KEISER-UNIVERSITY-FT-LAUDERDALE,2009,16882
US-KEISER-UNIVERSITY-FT-LAUDERDALE,2010,16968
US-KEISER-UNIVERSITY-FT-LAUDERDALE,2011,17042
US-KEISER-UNIVERSITY-FT-LAUDERDALE,2012,16713
US-KEISER-UNIVERSITY-FT-LAUDERDALE,2013,17129
US-KEISER-UNIVERSITY-FT-LAUDERDALE,2014,19110
US-KEISER-UNIVERSITY-FT-LAUDERDALE,2015,16579
US-KEISER-UNIVERSITY-FT-LAUDERDALE,2016,19688
US-KEISER-UNIVERSITY-FT-LAUDERDALE,2017,20205
US-KEISER-UNIVERSITY-FT-LAUDERDALE,2018,18495
US-KEISER-UNIVERSITY-FT-LAUDERDALE,2019,19567
US-KEISER-UNIVERSITY-FT-LAUDERDALE,2020,20330
US-KEISER-UNIVERSITY-FT-LAUDERDALE,2021,19861
US-KEISER-UNIVERSITY-FT-LAUDERDALE,2022,19020
US-KEISER-UNIVERSITY-FT-LAUDERDALE,2023,20102
US-KEISER-UNIVERSITY-FT-LAUDERDALE,2024,
US-NATIONAL-LOUIS-UNIVERSITY,2000,7222
US-NATIONAL-LOUIS-UNIVERSITY,2001,7879
US-NATIONAL-LOUIS-UNIVERSITY,2002,7904
US-NATIONAL-LOUIS-UNIVERSITY,2003,7666
US-NATIONAL-LOUIS-UNIVERSITY,2004,7433
US-NATIONAL-LOUIS-UNIVERSITY,2005,7345
US-NATIONAL-LOUIS-UNIVERSITY,2006,7289
US-NATIONAL-LOUIS-UNIVERSITY,2007,7405
US-NATIONAL-LOUIS-UNIVERSITY,2008,7056
US-NATIONAL-LOUIS-UNIVERSITY,2009,6385
US-NATIONAL-LOUIS-UNIVERSITY,2010,6154
US-NATIONAL-LOUIS-UNIVERSITY,2011,5679
US-NATIONAL-LOUIS-UNIVERSITY,2012,5081
US-NATIONAL-LOUIS-UNIVERSITY,2013,4814
US-NATIONAL-LOUIS-UNIVERSITY,2014,4582
US-NATIONAL-LOUIS-UNIVERSITY,2015,4384
US-NATIONAL-LOUIS-UNIVERSITY,2016,4515
US-NATIONAL-LOUIS-UNIVERSITY,2017,4918
US-NATIONAL-LOUIS-UNIVERSITY,2018,5992
US-NATIONAL-LOUIS-UNIVERSITY,2019,7005
US-NATIONAL-LOUIS-UNIVERSITY,2020,7402
US-NATIONAL-LOUIS-UNIVERSITY,2021,7315
US-NATIONAL-LOUIS-UNIVERSITY,2022,7525
US-NATIONAL-LOUIS-UNIVERSITY,2023,8270
US-NATIONAL-LOUIS-UNIVERSITY,2024,
US-FERRIS-STATE-UNIVERSITY,2000,9847
US-FERRIS-STATE-UNIVERSITY,2001,10930
US-FERRIS-STATE-UNIVERSITY,2002,11074
US-FERRIS-STATE-UNIVERSITY,2003,11821
US-FERRIS-STATE-UNIVERSITY,2004,11803
US-FERRIS-STATE-UNIVERSITY,2005,12547
US-FERRIS-STATE-UNIVERSITY,2006,12574
US-FERRIS-STATE-UNIVERSITY,2007,13087
US-FERRIS-STATE-UNIVERSITY,2008,13532
US-FERRIS-STATE-UNIVERSITY,2009,13865
US-FERRIS-STATE-UNIVERSITY,2010,14381
US-FERRIS-STATE-UNIVERSITY,2011,14560
US-FERRIS-STATE-UNIVERSITY,2012,14533
US-FERRIS-STATE-UNIVERSITY,2013,14707
US-FERRIS-STATE-UNIVERSITY,2014,14600
US-FERRIS-STATE-UNIVERSITY,2015,14715
US-FERRIS-STATE-UNIVERSITY,2016,14187
US-FERRIS-STATE-UNIVERSITY,2017,13798
US-FERRIS-STATE-UNIVERSITY,2018,13250
US-FERRIS-STATE-UNIVERSITY,2019,12472
US-FERRIS-STATE-UNIVERSITY,2020,11165
US-FERRIS-STATE-UNIVERSITY,2021,10361
US-FERRIS-STATE-UNIVERSITY,2022,10072
US-FERRIS-STATE-UNIVERSITY,2023,9918
US-FERRIS-STATE-UNIVERSITY,2024,
US-CALIFORNIA-INSTITUTE-OF-TECHNOLOGY,2000,1968
US-CALIFORNIA-INSTITUTE-OF-TECHNOLOGY,2001,2058
US-CALIFORNIA-INSTITUTE-OF-TECHNOLOGY,2002,2120
US-CALIFORNIA-INSTITUTE-OF-TECHNOLOGY,2003,2172
US-CALIFORNIA-INSTITUTE-OF-TECHNOLOGY,2004,2171
US-CALIFORNIA-INSTITUTE-OF-TECHNOLOGY,2005,2169
US-CALIFORNIA-INSTITUTE-OF-TECHNOLOGY,2006,2086
US-CALIFORNIA-INSTITUTE-OF-TECHNOLOGY,2007,2133
US-CALIFORNIA-INSTITUTE-OF-TECHNOLOGY,2008,2126
US-CALIFORNIA-INSTITUTE-OF-TECHNOLOGY,2009,2130
US-CALIFORNIA-INSTITUTE-OF-TECHNOLOGY,2010,2175
US-CALIFORNIA-INSTITUTE-OF-TECHNOLOGY,2011,2231
US-CALIFORNIA-INSTITUTE-OF-TECHNOLOGY,2012,2243
US-CALIFORNIA-INSTITUTE-OF-TECHNOLOGY,2013,2181
US-CALIFORNIA-INSTITUTE-OF-TECHNOLOGY,2014,2209
US-CALIFORNIA-INSTITUTE-OF-TECHNOLOGY,2015,2255
US-CALIFORNIA-INSTITUTE-OF-TECHNOLOGY,2016,2240
US-CALIFORNIA-INSTITUTE-OF-TECHNOLOGY,2017,2238
US-CALIFORNIA-INSTITUTE-OF-TECHNOLOGY,2018,2233
US-CALIFORNIA-INSTITUTE-OF-TECHNOLOGY,2019,2237
US-CALIFORNIA-INSTITUTE-OF-TECHNOLOGY,2020,2240
US-CALIFORNIA-INSTITUTE-OF-TECHNOLOGY,2021,2397
US-CALIFORNIA-INSTITUTE-OF-TECHNOLOGY,2022,2401
US-CALIFORNIA-INSTITUTE-OF-TECHNOLOGY,2023,2463
US-CALIFORNIA-INSTITUTE-OF-TECHNOLOGY,2024,
US-COLLEGE-OF-CHARLESTON,2000,11129
US-COLLEGE-OF-CHARLESTON,2001,11617
US-COLLEGE-OF-CHARLESTON,2002,11716
US-COLLEGE-OF-CHARLESTON,2003,11536
US-COLLEGE-OF-CHARLESTON,2004,11607
US-COLLEGE-OF-CHARLESTON,2005,11332
US-COLLEGE-OF-CHARLESTON,2006,11218
US-COLLEGE-OF-CHARLESTON,2007,11316
US-COLLEGE-OF-CHARLESTON,2008,11367
US-COLLEGE-OF-CHARLESTON,2009,11772
US-COLLEGE-OF-CHARLESTON,2010,11532
US-COLLEGE-OF-CHARLESTON,2011,11649
US-COLLEGE-OF-CHARLESTON,2012,11723
US-COLLEGE-OF-CHARLESTON,2013,11619
US-COLLEGE-OF-CHARLESTON,2014,11456
US-COLLEGE-OF-CHARLESTON,2015,11531
US-COLLEGE-OF-CHARLESTON,2016,11294
US-COLLEGE-OF-CHARLESTON,2017,10863
US-COLLEGE-OF-CHARLESTON,2018,10783
US-COLLEGE-OF-CHARLESTON,2019,10545
US-COLLEGE-OF-CHARLESTON,2020,10384
US-COLLEGE-OF-CHARLESTON,2021,10941
US-COLLEGE-OF-CHARLESTON,2022,10885
US-COLLEGE-OF-CHARLESTON,2023,11729
US-COLLEGE-OF-CHARLESTON,2024,
US-MISSOURI-UNIVERSITY-OF-SCIENCE-AND-TECHNOLOGY,2000,4626
US-MISSOURI-UNIVERSITY-OF-SCIENCE-AND-TECHNOLOGY,2001,4883
US-MISSOURI-UNIVERSITY-OF-SCIENCE-AND-TECHNOLOGY,2002,5240
US-MISSOURI-UNIVERSITY-OF-SCIENCE-AND-TECHNOLOGY,2003,5459
US-MISSOURI-UNIVERSITY-OF-SCIENCE-AND-TECHNOLOGY,2004,5404
US-MISSOURI-UNIVERSITY-OF-SCIENCE-AND-TECHNOLOGY,2005,5600
US-MISSOURI-UNIVERSITY-OF-SCIENCE-AND-TECHNOLOGY,2006,5858
US-MISSOURI-UNIVERSITY-OF-SCIENCE-AND-TECHNOLOGY,2007,6166
US-MISSOURI-UNIVERSITY-OF-SCIENCE-AND-TECHNOLOGY,2008,6367
US-MISSOURI-UNIVERSITY-OF-SCIENCE-AND-TECHNOLOGY,2009,6814
US-MISSOURI-UNIVERSITY-OF-SCIENCE-AND-TECHNOLOGY,2010,7205
US-MISSOURI-UNIVERSITY-OF-SCIENCE-AND-TECHNOLOGY,2011,7521
US-MISSOURI-UNIVERSITY-OF-SCIENCE-AND-TECHNOLOGY,2012,7645
US-MISSOURI-UNIVERSITY-OF-SCIENCE-AND-TECHNOLOGY,2013,8129
US-MISSOURI-UNIVERSITY-OF-SCIENCE-AND-TECHNOLOGY,2014,8640
US-MISSOURI-UNIVERSITY-OF-SCIENCE-AND-TECHNOLOGY,2015,8886
US-MISSOURI-UNIVERSITY-OF-SCIENCE-AND-TECHNOLOGY,2016,8835
US-MISSOURI-UNIVERSITY-OF-SCIENCE-AND-TECHNOLOGY,2017,8883
US-MISSOURI-UNIVERSITY-OF-SCIENCE-AND-TECHNOLOGY,2018,8601
US-MISSOURI-UNIVERSITY-OF-SCIENCE-AND-TECHNOLOGY,2019,8088
US-MISSOURI-UNIVERSITY-OF-SCIENCE-AND-TECHNOLOGY,2020,7642
US-MISSOURI-UNIVERSITY-OF-SCIENCE-AND-TECHNOLOGY,2021,7241
US-MISSOURI-UNIVERSITY-OF-SCIENCE-AND-TECHNOLOGY,2022,7080
US-MISSOURI-UNIVERSITY-OF-SCIENCE-AND-TECHNOLOGY,2023,7156
US-MISSOURI-UNIVERSITY-OF-SCIENCE-AND-TECHNOLOGY,2024,
US-NEW-JERSEY-INSTITUTE-OF-TECHNOLOGY,2000,8820
US-NEW-JERSEY-INSTITUTE-OF-TECHNOLOGY,2001,8862
US-NEW-JERSEY-INSTITUTE-OF-TECHNOLOGY,2002,8828
US-NEW-JERSEY-INSTITUTE-OF-TECHNOLOGY,2003,8770
US-NEW-JERSEY-INSTITUTE-OF-TECHNOLOGY,2004,8249
US-NEW-JERSEY-INSTITUTE-OF-TECHNOLOGY,2005,8058
US-NEW-JERSEY-INSTITUTE-OF-TECHNOLOGY,2006,8209
US-NEW-JERSEY-INSTITUTE-OF-TECHNOLOGY,2007,8288
US-NEW-JERSEY-INSTITUTE-OF-TECHNOLOGY,2008,8398
US-NEW-JERSEY-INSTITUTE-OF-TECHNOLOGY,2009,8840
US-NEW-JERSEY-INSTITUTE-OF-TECHNOLOGY,2010,8934
US-NEW-JERSEY-INSTITUTE-OF-TECHNOLOGY,2011,9558
US-NEW-JERSEY-INSTITUTE-OF-TECHNOLOGY,2012,9944
US-NEW-JERSEY-INSTITUTE-OF-TECHNOLOGY,2013,10130
US-NEW-JERSEY-INSTITUTE-OF-TECHNOLOGY,2014,10646
US-NEW-JERSEY-INSTITUTE-OF-TECHNOLOGY,2015,11325
US-NEW-JERSEY-INSTITUTE-OF-TECHNOLOGY,2016,11317
US-NEW-JERSEY-INSTITUTE-OF-TECHNOLOGY,2017,11446
US-NEW-JERSEY-INSTITUTE-OF-TECHNOLOGY,2018,11423
US-NEW-JERSEY-INSTITUTE-OF-TECHNOLOGY,2019,11518
US-NEW-JERSEY-INSTITUTE-OF-TECHNOLOGY,2020,11652
US-NEW-JERSEY-INSTITUTE-OF-TECHNOLOGY,2021,11901
US-NEW-JERSEY-INSTITUTE-OF-TECHNOLOGY,2022,12332
US-NEW-JERSEY-INSTITUTE-OF-TECHNOLOGY,2023,13007
US-NEW-JERSEY-INSTITUTE-OF-TECHNOLOGY,2024,
US-UNIVERSITY-OF-CENTRAL-FLORIDA,2000,33713
US-UNIVERSITY-OF-CENTRAL-FLORIDA,2001,35850
US-UNIVERSITY-OF-CENTRAL-FLORIDA,2002,38501
US-UNIVERSITY-OF-CENTRAL-FLORIDA,2003,41535
US-UNIVERSITY-OF-CENTRAL-FLORIDA,2004,42465
US-UNIVERSITY-OF-CENTRAL-FLORIDA,2005,44856
US-UNIVERSITY-OF-CENTRAL-FLORIDA,2006,46646
US-UNIVERSITY-OF-CENTRAL-FLORIDA,2007,48398
US-UNIVERSITY-OF-CENTRAL-FLORIDA,2008,50121
US-UNIVERSITY-OF-CENTRAL-FLORIDA,2009,53401
US-UNIVERSITY-OF-CENTRAL-FLORIDA,2010,56106
US-UNIVERSITY-OF-CENTRAL-FLORIDA,2011,58465
US-UNIVERSITY-OF-CENTRAL-FLORIDA,2012,59601
US-UNIVERSITY-OF-CENTRAL-FLORIDA,2013,59589
US-UNIVERSITY-OF-CENTRAL-FLORIDA,2014,60767
US-UNIVERSITY-OF-CENTRAL-FLORIDA,2015,62953
US-UNIVERSITY-OF-CENTRAL-FLORIDA,2016,64088
US-UNIVERSITY-OF-CENTRAL-FLORIDA,2017,66059
US-UNIVERSITY-OF-CENTRAL-FLORIDA,2018,68475
US-UNIVERSITY-OF-CENTRAL-FLORIDA,2019,69402
US-UNIVERSITY-OF-CENTRAL-FLORIDA,2020,71881
US-UNIVERSITY-OF-CENTRAL-FLORIDA,2021,70309
US-UNIVERSITY-OF-CENTRAL-FLORIDA,2022,68346
US-UNIVERSITY-OF-CENTRAL-FLORIDA,2023,69233
US-UNIVERSITY-OF-CENTRAL-FLORIDA,2024,
US-HAMPTON-UNIVERSITY,2000,5743
US-HAMPTON-UNIVERSITY,2001,5787
US-HAMPTON-UNIVERSITY,2002,5793
US-HAMPTON-UNIVERSITY,2003,5797
US-HAMPTON-UNIVERSITY,2004,6154
US-HAMPTON-UNIVERSITY,2005,6309
US-HAMPTON-UNIVERSITY,2006,6152
US-HAMPTON-UNIVERSITY,2007,5658
US-HAMPTON-UNIVERSITY,2008,5427
US-HAMPTON-UNIVERSITY,2009,5402
US-HAMPTON-UNIVERSITY,2010,5254
US-HAMPTON-UNIVERSITY,2011,5221
US-HAMPTON-UNIVERSITY,2012,4765
US-HAMPTON-UNIVERSITY,2013,4622
US-HAMPTON-UNIVERSITY,2014,4393
US-HAMPTON-UNIVERSITY,2015,4269
US-HAMPTON-UNIVERSITY,2016,4646
US-HAMPTON-UNIVERSITY,2017,4618
US-HAMPTON-UNIVERSITY,2018,4321
US-HAMPTON-UNIVERSITY,2019,4293
US-HAMPTON-UNIVERSITY,2020,3516
US-HAMPTON-UNIVERSITY,2021,3317
US-HAMPTON-UNIVERSITY,2022,3286
US-HAMPTON-UNIVERSITY,2023,3649
US-HAMPTON-UNIVERSITY,2024,
US-BASTYR-UNIVERSITY,2000,1075
US-BASTYR-UNIVERSITY,2001,1117
US-BASTYR-UNIVERSITY,2002,1154
US-BASTYR-UNIVERSITY,2003,1164
US-BASTYR-UNIVERSITY,2004,1126
US-BASTYR-UNIVERSITY,2005,1076
US-BASTYR-UNIVERSITY,2006,1138
US-BASTYR-UNIVERSITY,2007,1103
US-BASTYR-UNIVERSITY,2008,988
US-BASTYR-UNIVERSITY,2009,918
US-BASTYR-UNIVERSITY,2010,970
US-BASTYR-UNIVERSITY,2011,1018
US-BASTYR-UNIVERSITY,2012,1028
US-BASTYR-UNIVERSITY,2013,1115
US-BASTYR-UNIVERSITY,2014,1195
US-BASTYR-UNIVERSITY,2015,1264
US-BASTYR-UNIVERSITY,2016,1258
US-BASTYR-UNIVERSITY,2017,1195
US-BASTYR-UNIVERSITY,2018,1098
US-BASTYR-UNIVERSITY,2019,994
US-BASTYR-UNIVERSITY,2020,904
US-BASTYR-UNIVERSITY,2021,751
US-BASTYR-UNIVERSITY,2022,728
US-BASTYR-UNIVERSITY,2023,760
US-BASTYR-UNIVERSITY,2024,
US-DESALES-UNIVERSITY,2000,2549
US-DESALES-UNIVERSITY,2001,2734
US-DESALES-UNIVERSITY,2002,2867
US-DESALES-UNIVERSITY,2003,2914
US-DESALES-UNIVERSITY,2004,3000
US-DESALES-UNIVERSITY,2005,3077
US-DESALES-UNIVERSITY,2006,2936
US-DESALES-UNIVERSITY,2007,2967
US-DESALES-UNIVERSITY,2008,3162
US-DESALES-UNIVERSITY,2009,3150
US-DESALES-UNIVERSITY,2010,3199
US-DESALES-UNIVERSITY,2011,3171
US-DESALES-UNIVERSITY,2012,3245
US-DESALES-UNIVERSITY,2013,3270
US-DESALES-UNIVERSITY,2014,3190
US-DESALES-UNIVERSITY,2015,3136
US-DESALES-UNIVERSITY,2016,3309
US-DESALES-UNIVERSITY,2017,3315
US-DESALES-UNIVERSITY,2018,3438
US-DESALES-UNIVERSITY,2019,3460
US-DESALES-UNIVERSITY,2020,3302
US-DESALES-UNIVERSITY,2021,3101
US-DESALES-UNIVERSITY,2022,2991
US-DESALES-UNIVERSITY,2023,2919
US-DESALES-UNIVERSITY,2024,
US-GRAND-CANYON-UNIVERSITY,2000,3615
US-GRAND-CANYON-UNIVERSITY,2001,4113
US-GRAND-CANYON-UNIVERSITY,2002,3973
US-GRAND-CANYON-UNIVERSITY,2003,3091
US-GRAND-CANYON-UNIVERSITY,2004,4491
US-GRAND-CANYON-UNIVERSITY,2005,7969
US-GRAND-CANYON-UNIVERSITY,2006,10297
US-GRAND-CANYON-UNIVERSITY,2007,13415
US-GRAND-CANYON-UNIVERSITY,2008,22025
US-GRAND-CANYON-UNIVERSITY,2009,34205
US-GRAND-CANYON-UNIVERSITY,2010,37440
US-GRAND-CANYON-UNIVERSITY,2011,40487
US-GRAND-CANYON-UNIVERSITY,2012,48650
US-GRAND-CANYON-UNIVERSITY,2013,55497
US-GRAND-CANYON-UNIVERSITY,2014,62304
US-GRAND-CANYON-UNIVERSITY,2015,69444
US-GRAND-CANYON-UNIVERSITY,2016,75834
US-GRAND-CANYON-UNIVERSITY,2017,83284
US-GRAND-CANYON-UNIVERSITY,2018,90253
US-GRAND-CANYON-UNIVERSITY,2019,96211
US-GRAND-CANYON-UNIVERSITY,2020,103427
US-GRAND-CANYON-UNIVERSITY,2021,103072
US-GRAND-CANYON-UNIVERSITY,2022,101816
US-GRAND-CANYON-UNIVERSITY,2023,107563
US-GRAND-CANYON-UNIVERSITY,2024,
US-OUR-LADY-OF-THE-LAKE-UNIVERSITY,2000,3474
US-OUR-LADY-OF-THE-LAKE-UNIVERSITY,2001,3324
US-OUR-LADY-OF-THE-LAKE-UNIVERSITY,2002,3395
US-OUR-LADY-OF-THE-LAKE-UNIVERSITY,2003,3245
US-OUR-LADY-OF-THE-LAKE-UNIVERSITY,2004,3025
US-OUR-LADY-OF-THE-LAKE-UNIVERSITY,2005,2872
US-OUR-LADY-OF-THE-LAKE-UNIVERSITY,2006,2783
US-OUR-LADY-OF-THE-LAKE-UNIVERSITY,2007,2608
US-OUR-LADY-OF-THE-LAKE-UNIVERSITY,2008,2642
US-OUR-LADY-OF-THE-LAKE-UNIVERSITY,2009,2660
US-OUR-LADY-OF-THE-LAKE-UNIVERSITY,2010,2751
US-OUR-LADY-OF-THE-LAKE-UNIVERSITY,2011,2614
US-OUR-LADY-OF-THE-LAKE-UNIVERSITY,2012,2799
US-OUR-LADY-OF-THE-LAKE-UNIVERSITY,2013,2927
US-OUR-LADY-OF-THE-LAKE-UNIVERSITY,2014,3173
US-OUR-LADY-OF-THE-LAKE-UNIVERSITY,2015,3334
US-OUR-LADY-OF-THE-LAKE-UNIVERSITY,2016,3233
US-OUR-LADY-OF-THE-LAKE-UNIVERSITY,2017,3212
US-OUR-LADY-OF-THE-LAKE-UNIVERSITY,2018,3149
US-OUR-LADY-OF-THE-LAKE-UNIVERSITY,2019,2974
US-OUR-LADY-OF-THE-LAKE-UNIVERSITY,2020,2771
US-OUR-LADY-OF-THE-LAKE-UNIVERSITY,2021,2550
US-OUR-LADY-OF-THE-LAKE-UNIVERSITY,2022,2326
US-OUR-LADY-OF-THE-LAKE-UNIVERSITY,2023,2096
US-OUR-LADY-OF-THE-LAKE-UNIVERSITY,2024,
US-UNIVERSITY-OF-MARY,2000,2343
US-UNIVERSITY-OF-MARY,2001,2444
US-UNIVERSITY-OF-MARY,2002,2541
US-UNIVERSITY-OF-MARY,2003,2619
US-UNIVERSITY-OF-MARY,2004,2757
US-UNIVERSITY-OF-MARY,2005,2758
US-UNIVERSITY-OF-MARY,2006,2765
US-UNIVERSITY-OF-MARY,2007,2786
US-UNIVERSITY-OF-MARY,2008,2862
US-UNIVERSITY-OF-MARY,2009,2979
US-UNIVERSITY-OF-MARY,2010,3317
US-UNIVERSITY-OF-MARY,2011,3134
US-UNIVERSITY-OF-MARY,2012,2991
US-UNIVERSITY-OF-MARY,2013,2910
US-UNIVERSITY-OF-MARY,2014,2809
US-UNIVERSITY-OF-MARY,2015,2872
US-UNIVERSITY-OF-MARY,2016,3260
US-UNIVERSITY-OF-MARY,2017,3396
US-UNIVERSITY-OF-MARY,2018,3796
US-UNIVERSITY-OF-MARY,2019,3813
US-UNIVERSITY-OF-MARY,2020,3799
US-UNIVERSITY-OF-MARY,2021,3794
US-UNIVERSITY-OF-MARY,2022,3652
US-UNIVERSITY-OF-MARY,2023,3794
US-UNIVERSITY-OF-MARY,2024,
US-VALDOSTA-STATE-UNIVERSITY,2000,8792
US-VALDOSTA-STATE-UNIVERSITY,2001,9230
US-VALDOSTA-STATE-UNIVERSITY,2002,9900
US-VALDOSTA-STATE-UNIVERSITY,2003,10547
US-VALDOSTA-STATE-UNIVERSITY,2004,10400
US-VALDOSTA-STATE-UNIVERSITY,2005,10503
US-VALDOSTA-STATE-UNIVERSITY,2006,10888
US-VALDOSTA-STATE-UNIVERSITY,2007,11280
US-VALDOSTA-STATE-UNIVERSITY,2008,11490
US-VALDOSTA-STATE-UNIVERSITY,2009,12391
US-VALDOSTA-STATE-UNIVERSITY,2010,12898
US-VALDOSTA-STATE-UNIVERSITY,2011,13089
US-VALDOSTA-STATE-UNIVERSITY,2012,12515
US-VALDOSTA-STATE-UNIVERSITY,2013,11885
US-VALDOSTA-STATE-UNIVERSITY,2014,11563
US-VALDOSTA-STATE-UNIVERSITY,2015,11302
US-VALDOSTA-STATE-UNIVERSITY,2016,11375
US-VALDOSTA-STATE-UNIVERSITY,2017,11341
US-VALDOSTA-STATE-UNIVERSITY,2018,11211
US-VALDOSTA-STATE-UNIVERSITY,2019,11270
US-VALDOSTA-STATE-UNIVERSITY,2020,12304
US-VALDOSTA-STATE-UNIVERSITY,2021,11557
US-VALDOSTA-STATE-UNIVERSITY,2022,10209
US-VALDOSTA-STATE-UNIVERSITY,2023,10151
US-VALDOSTA-STATE-UNIVERSITY,2024,
US-FLORIDA-INTERNATIONAL-UNIVERSITY,2000,31945
US-FLORIDA-INTERNATIONAL-UNIVERSITY,2001,31727
US-FLORIDA-INTERNATIONAL-UNIVERSITY,2002,33349
US-FLORIDA-INTERNATIONAL-UNIVERSITY,2003,33228
US-FLORIDA-INTERNATIONAL-UNIVERSITY,2004,34865
US-FLORIDA-INTERNATIONAL-UNIVERSITY,2005,36904
US-FLORIDA-INTERNATIONAL-UNIVERSITY,2006,37997
US-FLORIDA-INTERNATIONAL-UNIVERSITY,2007,38182
US-FLORIDA-INTERNATIONAL-UNIVERSITY,2008,38759
US-FLORIDA-INTERNATIONAL-UNIVERSITY,2009,39610
US-FLORIDA-INTERNATIONAL-UNIVERSITY,2010,42197
US-FLORIDA-INTERNATIONAL-UNIVERSITY,2011,44616
US-FLORIDA-INTERNATIONAL-UNIVERSITY,2012,46171
US-FLORIDA-INTERNATIONAL-UNIVERSITY,2013,47663
US-FLORIDA-INTERNATIONAL-UNIVERSITY,2014,49610
US-FLORIDA-INTERNATIONAL-UNIVERSITY,2015,49782
US-FLORIDA-INTERNATIONAL-UNIVERSITY,2016,55003
US-FLORIDA-INTERNATIONAL-UNIVERSITY,2017,56718
US-FLORIDA-INTERNATIONAL-UNIVERSITY,2018,57942
US-FLORIDA-INTERNATIONAL-UNIVERSITY,2019,58711
US-FLORIDA-INTERNATIONAL-UNIVERSITY,2020,58836
US-FLORIDA-INTERNATIONAL-UNIVERSITY,2021,56664
US-FLORIDA-INTERNATIONAL-UNIVERSITY,2022,55609
US-FLORIDA-INTERNATIONAL-UNIVERSITY,2023,53953
US-FLORIDA-INTERNATIONAL-UNIVERSITY,2024,
US-UNIVERSITY-OF-NEVADA-LAS-VEGAS,2000,22041
US-UNIVERSITY-OF-NEVADA-LAS-VEGAS,2001,23313
US-UNIVERSITY-OF-NEVADA-LAS-VEGAS,2002,24679
US-UNIVERSITY-OF-NEVADA-LAS-VEGAS,2003,26161
US-UNIVERSITY-OF-NEVADA-LAS-VEGAS,2004,27339
US-UNIVERSITY-OF-NEVADA-LAS-VEGAS,2005,28134
US-UNIVERSITY-OF-NEVADA-LAS-VEGAS,2006,27912
US-UNIVERSITY-OF-NEVADA-LAS-VEGAS,2007,27960
US-UNIVERSITY-OF-NEVADA-LAS-VEGAS,2008,28600
US-UNIVERSITY-OF-NEVADA-LAS-VEGAS,2009,29080
US-UNIVERSITY-OF-NEVADA-LAS-VEGAS,2010,28203
US-UNIVERSITY-OF-NEVADA-LAS-VEGAS,2011,27364
US-UNIVERSITY-OF-NEVADA-LAS-VEGAS,2012,27389
US-UNIVERSITY-OF-NEVADA-LAS-VEGAS,2013,27848
US-UNIVERSITY-OF-NEVADA-LAS-VEGAS,2014,28515
US-UNIVERSITY-OF-NEVADA-LAS-VEGAS,2015,28600
US-UNIVERSITY-OF-NEVADA-LAS-VEGAS,2016,29702
US-UNIVERSITY-OF-NEVADA-LAS-VEGAS,2017,30471
US-UNIVERSITY-OF-NEVADA-LAS-VEGAS,2018,30457
US-UNIVERSITY-OF-NEVADA-LAS-VEGAS,2019,31171
US-UNIVERSITY-OF-NEVADA-LAS-VEGAS,2020,31142
US-UNIVERSITY-OF-NEVADA-LAS-VEGAS,2021,30679
US-UNIVERSITY-OF-NEVADA-LAS-VEGAS,2022,30660
US-UNIVERSITY-OF-NEVADA-LAS-VEGAS,2023,31094
US-UNIVERSITY-OF-NEVADA-LAS-VEGAS,2024,
US-UTAH-STATE-UNIVERSITY,2000,21490
US-UTAH-STATE-UNIVERSITY,2001,23001
US-UTAH-STATE-UNIVERSITY,2002,22848
US-UTAH-STATE-UNIVERSITY,2003,16460
US-UTAH-STATE-UNIVERSITY,2004,16130
US-UTAH-STATE-UNIVERSITY,2005,14458
US-UTAH-STATE-UNIVERSITY,2006,14444
US-UTAH-STATE-UNIVERSITY,2007,14893
US-UTAH-STATE-UNIVERSITY,2008,15099
US-UTAH-STATE-UNIVERSITY,2009,15612
US-UTAH-STATE-UNIVERSITY,2010,16472
US-UTAH-STATE-UNIVERSITY,2011,26757
US-UTAH-STATE-UNIVERSITY,2012,28786
US-UTAH-STATE-UNIVERSITY,2013,27812
US-UTAH-STATE-UNIVERSITY,2014,27662
US-UTAH-STATE-UNIVERSITY,2015,28622
US-UTAH-STATE-UNIVERSITY,2016,28118
US-UTAH-STATE-UNIVERSITY,2017,27679
US-UTAH-STATE-UNIVERSITY,2018,27932
US-UTAH-STATE-UNIVERSITY,2019,27810
US-UTAH-STATE-UNIVERSITY,2020,27691
US-UTAH-STATE-UNIVERSITY,2021,27426
US-UTAH-STATE-UNIVERSITY,2022,27943
US-UTAH-STATE-UNIVERSITY,2023,28063
US-UTAH-STATE-UNIVERSITY,2024,
US-CALIFORNIA-STATE-UNIVERSITY-LOS-ANGELES,2000,19593
US-CALIFORNIA-STATE-UNIVERSITY-LOS-ANGELES,2001,20675
US-CALIFORNIA-STATE-UNIVERSITY-LOS-ANGELES,2002,21099
US-CALIFORNIA-STATE-UNIVERSITY-LOS-ANGELES,2003,20637
US-CALIFORNIA-STATE-UNIVERSITY-LOS-ANGELES,2004,20307
US-CALIFORNIA-STATE-UNIVERSITY-LOS-ANGELES,2005,20034
US-CALIFORNIA-STATE-UNIVERSITY-LOS-ANGELES,2006,20565
US-CALIFORNIA-STATE-UNIVERSITY-LOS-ANGELES,2007,21051
US-CALIFORNIA-STATE-UNIVERSITY-LOS-ANGELES,2008,20743
US-CALIFORNIA-STATE-UNIVERSITY-LOS-ANGELES,2009,20619
US-CALIFORNIA-STATE-UNIVERSITY-LOS-ANGELES,2010,20142
US-CALIFORNIA-STATE-UNIVERSITY-LOS-ANGELES,2011,21284
US-CALIFORNIA-STATE-UNIVERSITY-LOS-ANGELES,2012,21755
US-CALIFORNIA-STATE-UNIVERSITY-LOS-ANGELES,2013,23258
US-CALIFORNIA-STATE-UNIVERSITY-LOS-ANGELES,2014,24488
US-CALIFORNIA-STATE-UNIVERSITY-LOS-ANGELES,2015,27680
US-CALIFORNIA-STATE-UNIVERSITY-LOS-ANGELES,2016,27827
US-CALIFORNIA-STATE-UNIVERSITY-LOS-ANGELES,2017,28531
US-CALIFORNIA-STATE-UNIVERSITY-LOS-ANGELES,2018,28036
US-CALIFORNIA-STATE-UNIVERSITY-LOS-ANGELES,2019,26671
US-CALIFORNIA-STATE-UNIVERSITY-LOS-ANGELES,2020,26745
US-CALIFORNIA-STATE-UNIVERSITY-LOS-ANGELES,2021,27513
US-CALIFORNIA-STATE-UNIVERSITY-LOS-ANGELES,2022,26460
US-CALIFORNIA-STATE-UNIVERSITY-LOS-ANGELES,2023,25080
US-CALIFORNIA-STATE-UNIVERSITY-LOS-ANGELES,2024,
US-CONCORDIA-UNIVERSITY-WISCONSIN,2000,4603
US-CONCORDIA-UNIVERSITY-WISCONSIN,2001,4810
US-CONCORDIA-UNIVERSITY-WISCONSIN,2002,4904
US-CONCORDIA-UNIVERSITY-WISCONSIN,2003,5152
US-CONCORDIA-UNIVERSITY-WISCONSIN,2004,5395
US-CONCORDIA-UNIVERSITY-WISCONSIN,2005,5418
US-CONCORDIA-UNIVERSITY-WISCONSIN,2006,5574
US-CONCORDIA-UNIVERSITY-WISCONSIN,2007,5933
US-CONCORDIA-UNIVERSITY-WISCONSIN,2008,6549
US-CONCORDIA-UNIVERSITY-WISCONSIN,2009,7178
US-CONCORDIA-UNIVERSITY-WISCONSIN,2010,7484
US-CONCORDIA-UNIVERSITY-WISCONSIN,2011,7618
US-CONCORDIA-UNIVERSITY-WISCONSIN,2012,7751
US-CONCORDIA-UNIVERSITY-WISCONSIN,2013,7943
US-CONCORDIA-UNIVERSITY-WISCONSIN,2014,8161
US-CONCORDIA-UNIVERSITY-WISCONSIN,2015,8268
US-CONCORDIA-UNIVERSITY-WISCONSIN,2016,7721
US-CONCORDIA-UNIVERSITY-WISCONSIN,2017,7288
US-CONCORDIA-UNIVERSITY-WISCONSIN,2018,6374
US-CONCORDIA-UNIVERSITY-WISCONSIN,2019,5777
US-CONCORDIA-UNIVERSITY-WISCONSIN,2020,5492
US-CONCORDIA-UNIVERSITY-WISCONSIN,2021,5204
US-CONCORDIA-UNIVERSITY-WISCONSIN,2022,4988
US-CONCORDIA-UNIVERSITY-WISCONSIN,2023,5063
US-CONCORDIA-UNIVERSITY-WISCONSIN,2024,
US-CONCORDIA-UNIVERSITY-IRVINE,2000,1319
US-CONCORDIA-UNIVERSITY-IRVINE,2001,1314
US-CONCORDIA-UNIVERSITY-IRVINE,2002,1800
US-CONCORDIA-UNIVERSITY-IRVINE,2003,1747
US-CONCORDIA-UNIVERSITY-IRVINE,2004,1834
US-CONCORDIA-UNIVERSITY-IRVINE,2005,2092
US-CONCORDIA-UNIVERSITY-IRVINE,2006,2317
US-CONCORDIA-UNIVERSITY-IRVINE,2007,2392
US-CONCORDIA-UNIVERSITY-IRVINE,2008,2543
US-CONCORDIA-UNIVERSITY-IRVINE,2009,2564
US-CONCORDIA-UNIVERSITY-IRVINE,2010,2927
US-CONCORDIA-UNIVERSITY-IRVINE,2011,3251
US-CONCORDIA-UNIVERSITY-IRVINE,2012,3519
US-CONCORDIA-UNIVERSITY-IRVINE,2013,4046
US-CONCORDIA-UNIVERSITY-IRVINE,2014,4311
US-CONCORDIA-UNIVERSITY-IRVINE,2015,4505
US-CONCORDIA-UNIVERSITY-IRVINE,2016,4299
US-CONCORDIA-UNIVERSITY-IRVINE,2017,4229
US-CONCORDIA-UNIVERSITY-IRVINE,2018,4162
US-CONCORDIA-UNIVERSITY-IRVINE,2019,3911
US-CONCORDIA-UNIVERSITY-IRVINE,2020,4071
US-CONCORDIA-UNIVERSITY-IRVINE,2021,3710
US-CONCORDIA-UNIVERSITY-IRVINE,2022,3744
US-CONCORDIA-UNIVERSITY-IRVINE,2023,3481
US-CONCORDIA-UNIVERSITY-IRVINE,2024,
US-DYOUVILLE-UNIVERSITY,2000,2397
US-DYOUVILLE-UNIVERSITY,2001,2486
US-DYOUVILLE-UNIVERSITY,2002,2465
US-DYOUVILLE-UNIVERSITY,2003,2490
US-DYOUVILLE-UNIVERSITY,2004,2728
US-DYOUVILLE-UNIVERSITY,2005,2906
US-DYOUVILLE-UNIVERSITY,2006,3024
US-DYOUVILLE-UNIVERSITY,2007,3018
US-DYOUVILLE-UNIVERSITY,2008,2943
US-DYOUVILLE-UNIVERSITY,2009,2971
US-DYOUVILLE-UNIVERSITY,2010,3152
US-DYOUVILLE-UNIVERSITY,2011,3145
US-DYOUVILLE-UNIVERSITY,2012,3204
US-DYOUVILLE-UNIVERSITY,2013,3150
US-DYOUVILLE-UNIVERSITY,2014,3067
US-DYOUVILLE-UNIVERSITY,2015,2909
US-DYOUVILLE-UNIVERSITY,2016,2965
US-DYOUVILLE-UNIVERSITY,2017,3021
US-DYOUVILLE-UNIVERSITY,2018,3045
US-DYOUVILLE-UNIVERSITY,2019,3048
US-DYOUVILLE-UNIVERSITY,2020,2785
US-DYOUVILLE-UNIVERSITY,2021,2619
US-DYOUVILLE-UNIVERSITY,2022,2518
US-DYOUVILLE-UNIVERSITY,2023,2544
US-DYOUVILLE-UNIVERSITY,2024,
US-OKLAHOMA-CITY-UNIVERSITY,2000,3878
US-OKLAHOMA-CITY-UNIVERSITY,2001,3724
US-OKLAHOMA-CITY-UNIVERSITY,2002,3566
US-OKLAHOMA-CITY-UNIVERSITY,2003,3728
US-OKLAHOMA-CITY-UNIVERSITY,2004,3708
US-OKLAHOMA-CITY-UNIVERSITY,2005,3756
US-OKLAHOMA-CITY-UNIVERSITY,2006,3765
US-OKLAHOMA-CITY-UNIVERSITY,2007,3895
US-OKLAHOMA-CITY-UNIVERSITY,2008,3884
US-OKLAHOMA-CITY-UNIVERSITY,2009,3829
US-OKLAHOMA-CITY-UNIVERSITY,2010,3750
US-OKLAHOMA-CITY-UNIVERSITY,2011,3575
US-OKLAHOMA-CITY-UNIVERSITY,2012,3299
US-OKLAHOMA-CITY-UNIVERSITY,2013,3179
US-OKLAHOMA-CITY-UNIVERSITY,2014,3035
US-OKLAHOMA-CITY-UNIVERSITY,2015,2991
US-OKLAHOMA-CITY-UNIVERSITY,2016,2968
US-OKLAHOMA-CITY-UNIVERSITY,2017,2845
US-OKLAHOMA-CITY-UNIVERSITY,2018,2773
US-OKLAHOMA-CITY-UNIVERSITY,2019,2687
US-OKLAHOMA-CITY-UNIVERSITY,2020,2617
US-OKLAHOMA-CITY-UNIVERSITY,2021,2551
US-OKLAHOMA-CITY-UNIVERSITY,2022,2550
US-OKLAHOMA-CITY-UNIVERSITY,2023,2763
US-OKLAHOMA-CITY-UNIVERSITY,2024,
US-WILMINGTON-UNIVERSITY,2000,5298
US-WILMINGTON-UNIVERSITY,2001,5829
US-WILMINGTON-UNIVERSITY,2002,6597
US-WILMINGTON-UNIVERSITY,2003,6952
US-WILMINGTON-UNIVERSITY,2004,7126
US-WILMINGTON-UNIVERSITY,2005,7911
US-WILMINGTON-UNIVERSITY,2006,8205
US-WILMINGTON-UNIVERSITY,2007,8353
US-WILMINGTON-UNIVERSITY,2008,9133
US-WILMINGTON-UNIVERSITY,2009,9650
US-WILMINGTON-UNIVERSITY,2010,10101
US-WILMINGTON-UNIVERSITY,2011,10848
US-WILMINGTON-UNIVERSITY,2012,12581
US-WILMINGTON-UNIVERSITY,2013,13621
US-WILMINGTON-UNIVERSITY,2014,14467
US-WILMINGTON-UNIVERSITY,2015,15002
US-WILMINGTON-UNIVERSITY,2016,15316
US-WILMINGTON-UNIVERSITY,2017,14170
US-WILMINGTON-UNIVERSITY,2018,14096
US-WILMINGTON-UNIVERSITY,2019,14730
US-WILMINGTON-UNIVERSITY,2020,14769
US-WILMINGTON-UNIVERSITY,2021,13129
US-WILMINGTON-UNIVERSITY,2022,14020
US-WILMINGTON-UNIVERSITY,2023,14678
US-WILMINGTON-UNIVERSITY,2024,
US-HARDING-UNIVERSITY,2000,4337
US-HARDING-UNIVERSITY,2001,4677
US-HARDING-UNIVERSITY,2002,5095
US-HARDING-UNIVERSITY,2003,5110
US-HARDING-UNIVERSITY,2004,5348
US-HARDING-UNIVERSITY,2005,5744
US-HARDING-UNIVERSITY,2006,6085
US-HARDING-UNIVERSITY,2007,6139
US-HARDING-UNIVERSITY,2008,6446
US-HARDING-UNIVERSITY,2009,6484
US-HARDING-UNIVERSITY,2010,6748
US-HARDING-UNIVERSITY,2011,7056
US-HARDING-UNIVERSITY,2012,6769
US-HARDING-UNIVERSITY,2013,6238
US-HARDING-UNIVERSITY,2014,6059
US-HARDING-UNIVERSITY,2015,6009
US-HARDING-UNIVERSITY,2016,5902
US-HARDING-UNIVERSITY,2017,5541
US-HARDING-UNIVERSITY,2018,5121
US-HARDING-UNIVERSITY,2019,4879
US-HARDING-UNIVERSITY,2020,4617
US-HARDING-UNIVERSITY,2021,4973
US-HARDING-UNIVERSITY,2022,4805
US-HARDING-UNIVERSITY,2023,4608
US-HARDING-UNIVERSITY,2024,
US-UNIVERSITY-OF-NORTH-CAROLINA-WILMINGTON,2000,10100
US-UNIVERSITY-OF-NORTH-CAROLINA-WILMINGTON,2001,10799
US-UNIVERSITY-OF-NORTH-CAROLINA-WILMINGTON,2002,10918
US-UNIVERSITY-OF-NORTH-CAROLINA-WILMINGTON,2003,11079
US-UNIVERSITY-OF-NORTH-CAROLINA-WILMINGTON,2004,11574
US-UNIVERSITY-OF-NORTH-CAROLINA-WILMINGTON,2005,11839
US-UNIVERSITY-OF-NORTH-CAROLINA-WILMINGTON,2006,12098
US-UNIVERSITY-OF-NORTH-CAROLINA-WILMINGTON,2007,12180
US-UNIVERSITY-OF-NORTH-CAROLINA-WILMINGTON,2008,12643
US-UNIVERSITY-OF-NORTH-CAROLINA-WILMINGTON,2009,12924
US-UNIVERSITY-OF-NORTH-CAROLINA-WILMINGTON,2010,13071
US-UNIVERSITY-OF-NORTH-CAROLINA-WILMINGTON,2011,13145
US-UNIVERSITY-OF-NORTH-CAROLINA-WILMINGTON,2012,13733
US-UNIVERSITY-OF-NORTH-CAROLINA-WILMINGTON,2013,13937
US-UNIVERSITY-OF-NORTH-CAROLINA-WILMINGTON,2014,14570
US-UNIVERSITY-OF-NORTH-CAROLINA-WILMINGTON,2015,14918
US-UNIVERSITY-OF-NORTH-CAROLINA-WILMINGTON,2016,15740
US-UNIVERSITY-OF-NORTH-CAROLINA-WILMINGTON,2017,16487
US-UNIVERSITY-OF-NORTH-CAROLINA-WILMINGTON,2018,16747
US-UNIVERSITY-OF-NORTH-CAROLINA-WILMINGTON,2019,17499
US-UNIVERSITY-OF-NORTH-CAROLINA-WILMINGTON,2020,17915
US-UNIVERSITY-OF-NORTH-CAROLINA-WILMINGTON,2021,18030
US-UNIVERSITY-OF-NORTH-CAROLINA-WILMINGTON,2022,17843
US-UNIVERSITY-OF-NORTH-CAROLINA-WILMINGTON,2023,17987
US-UNIVERSITY-OF-NORTH-CAROLINA-WILMINGTON,2024,
US-UNIVERSITY-OF-MEMPHIS,2000,19986
US-UNIVERSITY-OF-MEMPHIS,2001,20332
US-UNIVERSITY-OF-MEMPHIS,2002,19797
US-UNIVERSITY-OF-MEMPHIS,2003,19911
US-UNIVERSITY-OF-MEMPHIS,2004,20668
US-UNIVERSITY-OF-MEMPHIS,2005,20465
US-UNIVERSITY-OF-MEMPHIS,2006,20562
US-UNIVERSITY-OF-MEMPHIS,2007,20379
US-UNIVERSITY-OF-MEMPHIS,2008,20220
US-UNIVERSITY-OF-MEMPHIS,2009,21424
US-UNIVERSITY-OF-MEMPHIS,2010,22420
US-UNIVERSITY-OF-MEMPHIS,2011,22725
US-UNIVERSITY-OF-MEMPHIS,2012,22139
US-UNIVERSITY-OF-MEMPHIS,2013,21480
US-UNIVERSITY-OF-MEMPHIS,2014,21059
US-UNIVERSITY-OF-MEMPHIS,2015,20585
US-UNIVERSITY-OF-MEMPHIS,2016,21301
US-UNIVERSITY-OF-MEMPHIS,2017,21521
US-UNIVERSITY-OF-MEMPHIS,2018,21458
US-UNIVERSITY-OF-MEMPHIS,2019,21685
US-UNIVERSITY-OF-MEMPHIS,2020,22205
US-UNIVERSITY-OF-MEMPHIS,2021,21622
US-UNIVERSITY-OF-MEMPHIS,2022,21917
US-UNIVERSITY-OF-MEMPHIS,2023,21736
US-UNIVERSITY-OF-MEMPHIS,2024,
US-UNIVERSITY-OF-THE-CUMBERLANDS,2000,1702
US-UNIVERSITY-OF-THE-CUMBERLANDS,2001,1704
US-UNIVERSITY-OF-THE-CUMBERLANDS,2002,1743
US-UNIVERSITY-OF-THE-CUMBERLANDS,2003,1724
US-UNIVERSITY-OF-THE-CUMBERLANDS,2004,1744
US-UNIVERSITY-OF-THE-CUMBERLANDS,2005,1843
US-UNIVERSITY-OF-THE-CUMBERLANDS,2006,1885
US-UNIVERSITY-OF-THE-CUMBERLANDS,2007,2245
US-UNIVERSITY-OF-THE-CUMBERLANDS,2008,2553
US-UNIVERSITY-OF-THE-CUMBERLANDS,2009,2955
US-UNIVERSITY-OF-THE-CUMBERLANDS,2010,3300
US-UNIVERSITY-OF-THE-CUMBERLANDS,2011,3747
US-UNIVERSITY-OF-THE-CUMBERLANDS,2012,4297
US-UNIVERSITY-OF-THE-CUMBERLANDS,2013,4924
US-UNIVERSITY-OF-THE-CUMBERLANDS,2014,5736
US-UNIVERSITY-OF-THE-CUMBERLANDS,2015,6276
US-UNIVERSITY-OF-THE-CUMBERLANDS,2016,7652
US-UNIVERSITY-OF-THE-CUMBERLANDS,2017,10097
US-UNIVERSITY-OF-THE-CUMBERLANDS,2018,13472
US-UNIVERSITY-OF-THE-CUMBERLANDS,2019,16966
US-UNIVERSITY-OF-THE-CUMBERLANDS,2020,19110
US-UNIVERSITY-OF-THE-CUMBERLANDS,2021,19272
US-UNIVERSITY-OF-THE-CUMBERLANDS,2022,18053
US-UNIVERSITY-OF-THE-CUMBERLANDS,2023,20327
US-UNIVERSITY-OF-THE-CUMBERLANDS,2024,
US-MISSOURI-STATE-UNIVERSITY,2000,17703
US-MISSOURI-STATE-UNIVERSITY,2001,18252
US-MISSOURI-STATE-UNIVERSITY,2002,18718
US-MISSOURI-STATE-UNIVERSITY,2003,18930
US-MISSOURI-STATE-UNIVERSITY,2004,19114
US-MISSOURI-STATE-UNIVERSITY,2005,18928
US-MISSOURI-STATE-UNIVERSITY,2006,19218
US-MISSOURI-STATE-UNIVERSITY,2007,19348
US-MISSOURI-STATE-UNIVERSITY,2008,19489
US-MISSOURI-STATE-UNIVERSITY,2009,20371
US-MISSOURI-STATE-UNIVERSITY,2010,20383
US-MISSOURI-STATE-UNIVERSITY,2011,20276
US-MISSOURI-STATE-UNIVERSITY,2012,20629
US-MISSOURI-STATE-UNIVERSITY,2013,21271
US-MISSOURI-STATE-UNIVERSITY,2014,21816
US-MISSOURI-STATE-UNIVERSITY,2015,22273
US-MISSOURI-STATE-UNIVERSITY,2016,23538
US-MISSOURI-STATE-UNIVERSITY,2017,23697
US-MISSOURI-STATE-UNIVERSITY,2018,23697
US-MISSOURI-STATE-UNIVERSITY,2019,23453
US-MISSOURI-STATE-UNIVERSITY,2020,23505
US-MISSOURI-STATE-UNIVERSITY,2021,22925
US-MISSOURI-STATE-UNIVERSITY,2022,22535
US-MISSOURI-STATE-UNIVERSITY,2023,23418
US-MISSOURI-STATE-UNIVERSITY,2024,
US-CLAREMONT-GRADUATE-UNIVERSITY,2000,1969
US-CLAREMONT-GRADUATE-UNIVERSITY,2001,1944
US-CLAREMONT-GRADUATE-UNIVERSITY,2002,2108
US-CLAREMONT-GRADUATE-UNIVERSITY,2003,2013
US-CLAREMONT-GRADUATE-UNIVERSITY,2004,2038
US-CLAREMONT-GRADUATE-UNIVERSITY,2005,2043
US-CLAREMONT-GRADUATE-UNIVERSITY,2006,2039
US-CLAREMONT-GRADUATE-UNIVERSITY,2007,2127
US-CLAREMONT-GRADUATE-UNIVERSITY,2008,2215
US-CLAREMONT-GRADUATE-UNIVERSITY,2009,2261
US-CLAREMONT-GRADUATE-UNIVERSITY,2010,2265
US-CLAREMONT-GRADUATE-UNIVERSITY,2011,2177
US-CLAREMONT-GRADUATE-UNIVERSITY,2012,2261
US-CLAREMONT-GRADUATE-UNIVERSITY,2013,2204
US-CLAREMONT-GRADUATE-UNIVERSITY,2014,2160
US-CLAREMONT-GRADUATE-UNIVERSITY,2015,2136
US-CLAREMONT-GRADUATE-UNIVERSITY,2016,2038
US-CLAREMONT-GRADUATE-UNIVERSITY,2017,1913
US-CLAREMONT-GRADUATE-UNIVERSITY,2018,1882
US-CLAREMONT-GRADUATE-UNIVERSITY,2019,1950
US-CLAREMONT-GRADUATE-UNIVERSITY,2020,1949
US-CLAREMONT-GRADUATE-UNIVERSITY,2021,1953
US-CLAREMONT-GRADUATE-UNIVERSITY,2022,1903
US-CLAREMONT-GRADUATE-UNIVERSITY,2023,1763
US-CLAREMONT-GRADUATE-UNIVERSITY,2024,
US-CREIGHTON-UNIVERSITY,2000,6237
US-CREIGHTON-UNIVERSITY,2001,6297
US-CREIGHTON-UNIVERSITY,2002,6327
US-CREIGHTON-UNIVERSITY,2003,6537
US-CREIGHTON-UNIVERSITY,2004,6722
US-CREIGHTON-UNIVERSITY,2005,6791
US-CREIGHTON-UNIVERSITY,2006,6981
US-CREIGHTON-UNIVERSITY,2007,6992
US-CREIGHTON-UNIVERSITY,2008,7051
US-CREIGHTON-UNIVERSITY,2009,7385
US-CREIGHTON-UNIVERSITY,2010,7662
US-CREIGHTON-UNIVERSITY,2011,7730
US-CREIGHTON-UNIVERSITY,2012,7736
US-CREIGHTON-UNIVERSITY,2013,8019
US-CREIGHTON-UNIVERSITY,2014,8236
US-CREIGHTON-UNIVERSITY,2015,8435
US-CREIGHTON-UNIVERSITY,2016,8393
US-CREIGHTON-UNIVERSITY,2017,8654
US-CREIGHTON-UNIVERSITY,2018,8910
US-CREIGHTON-UNIVERSITY,2019,8821
US-CREIGHTON-UNIVERSITY,2020,8770
US-CREIGHTON-UNIVERSITY,2021,8735
US-CREIGHTON-UNIVERSITY,2022,8397
US-CREIGHTON-UNIVERSITY,2023,8255
US-CREIGHTON-UNIVERSITY,2024,
US-KENNESAW-STATE-UNIVERSITY,2015,33252
US-KENNESAW-STATE-UNIVERSITY,2016,35018
US-KENNESAW-STATE-UNIVERSITY,2017,35846
US-KENNESAW-STATE-UNIVERSITY,2018,35420
US-KENNESAW-STATE-UNIVERSITY,2019,37807
US-KENNESAW-STATE-UNIVERSITY,2020,41181
US-KENNESAW-STATE-UNIVERSITY,2021,42899
US-KENNESAW-STATE-UNIVERSITY,2022,43190
US-KENNESAW-STATE-UNIVERSITY,2023,45069
US-KENNESAW-STATE-UNIVERSITY,2024,
US-RUTGERS-UNIVERSITY-CAMDEN,2000,5136
US-RUTGERS-UNIVERSITY-CAMDEN,2001,5097
US-RUTGERS-UNIVERSITY-CAMDEN,2002,5248
US-RUTGERS-UNIVERSITY-CAMDEN,2003,5485
US-RUTGERS-UNIVERSITY-CAMDEN,2004,5563
US-RUTGERS-UNIVERSITY-CAMDEN,2005,5321
US-RUTGERS-UNIVERSITY-CAMDEN,2006,5165
US-RUTGERS-UNIVERSITY-CAMDEN,2007,5159
US-RUTGERS-UNIVERSITY-CAMDEN,2008,5398
US-RUTGERS-UNIVERSITY-CAMDEN,2009,5781
US-RUTGERS-UNIVERSITY-CAMDEN,2010,6158
US-RUTGERS-UNIVERSITY-CAMDEN,2011,6428
US-RUTGERS-UNIVERSITY-CAMDEN,2012,6343
US-RUTGERS-UNIVERSITY-CAMDEN,2013,6264
US-RUTGERS-UNIVERSITY-CAMDEN,2014,6321
US-RUTGERS-UNIVERSITY-CAMDEN,2015,6408
US-RUTGERS-UNIVERSITY-CAMDEN,2016,6475
US-RUTGERS-UNIVERSITY-CAMDEN,2017,6853
US-RUTGERS-UNIVERSITY-CAMDEN,2018,7171
US-RUTGERS-UNIVERSITY-CAMDEN,2019,7233
US-RUTGERS-UNIVERSITY-CAMDEN,2020,7076
US-RUTGERS-UNIVERSITY-CAMDEN,2021,6569
US-RUTGERS-UNIVERSITY-CAMDEN,2022,5966
US-RUTGERS-UNIVERSITY-CAMDEN,2023,5776
US-RUTGERS-UNIVERSITY-CAMDEN,2024,
US-UNIVERSITY-OF-TEXAS-TYLER,2000,3594
US-UNIVERSITY-OF-TEXAS-TYLER,2001,3728
US-UNIVERSITY-OF-TEXAS-TYLER,2002,4266
US-UNIVERSITY-OF-TEXAS-TYLER,2003,4760
US-UNIVERSITY-OF-TEXAS-TYLER,2004,5303
US-UNIVERSITY-OF-TEXAS-TYLER,2005,5777
US-UNIVERSITY-OF-TEXAS-TYLER,2006,5926
US-UNIVERSITY-OF-TEXAS-TYLER,2007,6137
US-UNIVERSITY-OF-TEXAS-TYLER,2008,6117
US-UNIVERSITY-OF-TEXAS-TYLER,2009,6201
US-UNIVERSITY-OF-TEXAS-TYLER,2010,6476
US-UNIVERSITY-OF-TEXAS-TYLER,2011,6696
US-UNIVERSITY-OF-TEXAS-TYLER,2012,6858
US-UNIVERSITY-OF-TEXAS-TYLER,2013,7476
US-UNIVERSITY-OF-TEXAS-TYLER,2014,8036
US-UNIVERSITY-OF-TEXAS-TYLER,2015,8785
US-UNIVERSITY-OF-TEXAS-TYLER,2016,9835
US-UNIVERSITY-OF-TEXAS-TYLER,2017,10402
US-UNIVERSITY-OF-TEXAS-TYLER,2018,10206
US-UNIVERSITY-OF-TEXAS-TYLER,2019,9617
US-UNIVERSITY-OF-TEXAS-TYLER,2020,9781
US-UNIVERSITY-OF-TEXAS-TYLER,2021,9687
US-UNIVERSITY-OF-TEXAS-TYLER,2022,9322
US-UNIVERSITY-OF-TEXAS-TYLER,2023,9678
US-UNIVERSITY-OF-TEXAS-TYLER,2024,
US-COLLEGE-OF-SAINT-SCHOLASTICA,2000,2054
US-COLLEGE-OF-SAINT-SCHOLASTICA,2001,2228
US-COLLEGE-OF-SAINT-SCHOLASTICA,2002,2512
US-COLLEGE-OF-SAINT-SCHOLASTICA,2003,2838
US-COLLEGE-OF-SAINT-SCHOLASTICA,2004,3012
US-COLLEGE-OF-SAINT-SCHOLASTICA,2005,3238
US-COLLEGE-OF-SAINT-SCHOLASTICA,2006,3304
US-COLLEGE-OF-SAINT-SCHOLASTICA,2007,3259
US-COLLEGE-OF-SAINT-SCHOLASTICA,2008,3593
US-COLLEGE-OF-SAINT-SCHOLASTICA,2009,3746
US-COLLEGE-OF-SAINT-SCHOLASTICA,2010,3898
US-COLLEGE-OF-SAINT-SCHOLASTICA,2011,4014
US-COLLEGE-OF-SAINT-SCHOLASTICA,2012,4100
US-COLLEGE-OF-SAINT-SCHOLASTICA,2013,4206
US-COLLEGE-OF-SAINT-SCHOLASTICA,2014,4204
US-COLLEGE-OF-SAINT-SCHOLASTICA,2015,4329
US-COLLEGE-OF-SAINT-SCHOLASTICA,2016,4351
US-COLLEGE-OF-SAINT-SCHOLASTICA,2017,4276
US-COLLEGE-OF-SAINT-SCHOLASTICA,2018,4043
US-COLLEGE-OF-SAINT-SCHOLASTICA,2019,3906
US-COLLEGE-OF-SAINT-SCHOLASTICA,2020,3712
US-COLLEGE-OF-SAINT-SCHOLASTICA,2021,3512
US-COLLEGE-OF-SAINT-SCHOLASTICA,2022,3207
US-COLLEGE-OF-SAINT-SCHOLASTICA,2023,2979
US-COLLEGE-OF-SAINT-SCHOLASTICA,2024,
US-UNIVERSITY-OF-TENNESSEE-CHATTANOOGA,2000,8319
US-UNIVERSITY-OF-TENNESSEE-CHATTANOOGA,2001,8485
US-UNIVERSITY-OF-TENNESSEE-CHATTANOOGA,2002,8524
US-UNIVERSITY-OF-TENNESSEE-CHATTANOOGA,2003,8557
US-UNIVERSITY-OF-TENNESSEE-CHATTANOOGA,2004,8689
US-UNIVERSITY-OF-TENNESSEE-CHATTANOOGA,2005,8656
US-UNIVERSITY-OF-TENNESSEE-CHATTANOOGA,2006,8923
US-UNIVERSITY-OF-TENNESSEE-CHATTANOOGA,2007,9558
US-UNIVERSITY-OF-TENNESSEE-CHATTANOOGA,2008,9807
US-UNIVERSITY-OF-TENNESSEE-CHATTANOOGA,2009,10526
US-UNIVERSITY-OF-TENNESSEE-CHATTANOOGA,2010,10781
US-UNIVERSITY-OF-TENNESSEE-CHATTANOOGA,2011,11438
US-UNIVERSITY-OF-TENNESSEE-CHATTANOOGA,2012,11660
US-UNIVERSITY-OF-TENNESSEE-CHATTANOOGA,2013,11674
US-UNIVERSITY-OF-TENNESSEE-CHATTANOOGA,2014,11670
US-UNIVERSITY-OF-TENNESSEE-CHATTANOOGA,2015,11387
US-UNIVERSITY-OF-TENNESSEE-CHATTANOOGA,2016,11533
US-UNIVERSITY-OF-TENNESSEE-CHATTANOOGA,2017,11587
US-UNIVERSITY-OF-TENNESSEE-CHATTANOOGA,2018,11638
US-UNIVERSITY-OF-TENNESSEE-CHATTANOOGA,2019,11651
US-UNIVERSITY-OF-TENNESSEE-CHATTANOOGA,2020,11728
US-UNIVERSITY-OF-TENNESSEE-CHATTANOOGA,2021,11457
US-UNIVERSITY-OF-TENNESSEE-CHATTANOOGA,2022,11283
US-UNIVERSITY-OF-TENNESSEE-CHATTANOOGA,2023,11380
US-UNIVERSITY-OF-TENNESSEE-CHATTANOOGA,2024,
US-RUTGERS-UNIVERSITY-NEWARK,2000,9352
US-RUTGERS-UNIVERSITY-NEWARK,2001,9602
US-RUTGERS-UNIVERSITY-NEWARK,2002,10346
US-RUTGERS-UNIVERSITY-NEWARK,2003,10465
US-RUTGERS-UNIVERSITY-NEWARK,2004,10293
US-RUTGERS-UNIVERSITY-NEWARK,2005,10246
US-RUTGERS-UNIVERSITY-NEWARK,2006,10203
US-RUTGERS-UNIVERSITY-NEWARK,2007,10553
US-RUTGERS-UNIVERSITY-NEWARK,2008,11032
US-RUTGERS-UNIVERSITY-NEWARK,2009,11501
US-RUTGERS-UNIVERSITY-NEWARK,2010,11798
US-RUTGERS-UNIVERSITY-NEWARK,2011,11804
US-RUTGERS-UNIVERSITY-NEWARK,2012,12011
US-RUTGERS-UNIVERSITY-NEWARK,2013,11212
US-RUTGERS-UNIVERSITY-NEWARK,2014,11314
US-RUTGERS-UNIVERSITY-NEWARK,2015,11720
US-RUTGERS-UNIVERSITY-NEWARK,2016,12321
US-RUTGERS-UNIVERSITY-NEWARK,2017,12768
US-RUTGERS-UNIVERSITY-NEWARK,2018,13451
US-RUTGERS-UNIVERSITY-NEWARK,2019,13605
US-RUTGERS-UNIVERSITY-NEWARK,2020,13231
US-RUTGERS-UNIVERSITY-NEWARK,2021,12168
US-RUTGERS-UNIVERSITY-NEWARK,2022,11017
US-RUTGERS-UNIVERSITY-NEWARK,2023,10809
US-RUTGERS-UNIVERSITY-NEWARK,2024,
US-NEW-SCHOOL,2000,7867
US-NEW-SCHOOL,2001,7867
US-NEW-SCHOOL,2002,8179
US-NEW-SCHOOL,2003,8337
US-NEW-SCHOOL,2004,8812
US-NEW-SCHOOL,2005,9001
US-NEW-SCHOOL,2006,9123
US-NEW-SCHOOL,2007,9659
US-NEW-SCHOOL,2008,9825
US-NEW-SCHOOL,2009,10260
US-NEW-SCHOOL,2010,10678
US-NEW-SCHOOL,2011,10797
US-NEW-SCHOOL,2012,10575
US-NEW-SCHOOL,2013,10301
US-NEW-SCHOOL,2014,10477
US-NEW-SCHOOL,2015,10344
US-NEW-SCHOOL,2016,10301
US-NEW-SCHOOL,2017,10389
US-NEW-SCHOOL,2018,10544
US-NEW-SCHOOL,2019,10432
US-NEW-SCHOOL,2020,9047
US-NEW-SCHOOL,2021,10493
US-NEW-SCHOOL,2022,10108
US-NEW-SCHOOL,2023,9434
US-NEW-SCHOOL,2024,
US-BELMONT-UNIVERSITY,2000,2976
US-BELMONT-UNIVERSITY,2001,3129
US-BELMONT-UNIVERSITY,2002,3344
US-BELMONT-UNIVERSITY,2003,3629
US-BELMONT-UNIVERSITY,2004,3941
US-BELMONT-UNIVERSITY,2005,4319
US-BELMONT-UNIVERSITY,2006,4481
US-BELMONT-UNIVERSITY,2007,4742
US-BELMONT-UNIVERSITY,2008,4991
US-BELMONT-UNIVERSITY,2009,5424
US-BELMONT-UNIVERSITY,2010,5888
US-BELMONT-UNIVERSITY,2011,6395
US-BELMONT-UNIVERSITY,2012,6665
US-BELMONT-UNIVERSITY,2013,6915
US-BELMONT-UNIVERSITY,2014,7244
US-BELMONT-UNIVERSITY,2015,7350
US-BELMONT-UNIVERSITY,2016,7723
US-BELMONT-UNIVERSITY,2017,8012
US-BELMONT-UNIVERSITY,2018,8260
US-BELMONT-UNIVERSITY,2019,8440
US-BELMONT-UNIVERSITY,2020,8204
US-BELMONT-UNIVERSITY,2021,8696
US-BELMONT-UNIVERSITY,2022,8910
US-BELMONT-UNIVERSITY,2023,8862
US-BELMONT-UNIVERSITY,2024,
US-BETHEL-UNIVERSITY,2000,2953
US-BETHEL-UNIVERSITY,2001,2991
US-BETHEL-UNIVERSITY,2002,3091
US-BETHEL-UNIVERSITY,2003,3303
US-BETHEL-UNIVERSITY,2004,3605
US-BETHEL-UNIVERSITY,2005,3857
US-BETHEL-UNIVERSITY,2006,4106
US-BETHEL-UNIVERSITY,2007,4280
US-BETHEL-UNIVERSITY,2008,4332
US-BETHEL-UNIVERSITY,2009,4361
US-BETHEL-UNIVERSITY,2010,4242
US-BETHEL-UNIVERSITY,2011,4364
US-BETHEL-UNIVERSITY,2012,4343
US-BETHEL-UNIVERSITY,2013,4340
US-BETHEL-UNIVERSITY,2014,3979
US-BETHEL-UNIVERSITY,2015,3952
US-BETHEL-UNIVERSITY,2016,4016
US-BETHEL-UNIVERSITY,2017,3797
US-BETHEL-UNIVERSITY,2018,3692
US-BETHEL-UNIVERSITY,2019,4005
US-BETHEL-UNIVERSITY,2020,3814
US-BETHEL-UNIVERSITY,2021,3731
US-BETHEL-UNIVERSITY,2022,3546
US-BETHEL-UNIVERSITY,2023,3521
US-BETHEL-UNIVERSITY,2024,
US-BIOLA-UNIVERSITY,2000,4092
US-BIOLA-UNIVERSITY,2001,4317
US-BIOLA-UNIVERSITY,2002,4535
US-BIOLA-UNIVERSITY,2003,5084
US-BIOLA-UNIVERSITY,2004,5362
US-BIOLA-UNIVERSITY,2005,5658
US-BIOLA-UNIVERSITY,2006,5745
US-BIOLA-UNIVERSITY,2007,5830
US-BIOLA-UNIVERSITY,2008,5893
US-BIOLA-UNIVERSITY,2009,5942
US-BIOLA-UNIVERSITY,2010,6113
US-BIOLA-UNIVERSITY,2011,6251
US-BIOLA-UNIVERSITY,2012,6303
US-BIOLA-UNIVERSITY,2013,6301
US-BIOLA-UNIVERSITY,2014,6358
US-BIOLA-UNIVERSITY,2015,6227
US-BIOLA-UNIVERSITY,2016,6095
US-BIOLA-UNIVERSITY,2017,6172
US-BIOLA-UNIVERSITY,2018,6109
US-BIOLA-UNIVERSITY,2019,6103
US-BIOLA-UNIVERSITY,2020,5815
US-BIOLA-UNIVERSITY,2021,5551
US-BIOLA-UNIVERSITY,2022,5387
US-BIOLA-UNIVERSITY,2023,5296
US-BIOLA-UNIVERSITY,2024,
US-SHENANDOAH-UNIVERSITY,2000,2428
US-SHENANDOAH-UNIVERSITY,2001,2451
US-SHENANDOAH-UNIVERSITY,2002,2583
US-SHENANDOAH-UNIVERSITY,2003,2851
US-SHENANDOAH-UNIVERSITY,2004,3000
US-SHENANDOAH-UNIVERSITY,2005,2998
US-SHENANDOAH-UNIVERSITY,2006,3107
US-SHENANDOAH-UNIVERSITY,2007,3393
US-SHENANDOAH-UNIVERSITY,2008,3511
US-SHENANDOAH-UNIVERSITY,2009,3619
US-SHENANDOAH-UNIVERSITY,2010,3679
US-SHENANDOAH-UNIVERSITY,2011,4052
US-SHENANDOAH-UNIVERSITY,2012,4176
US-SHENANDOAH-UNIVERSITY,2013,4003
US-SHENANDOAH-UNIVERSITY,2014,3693
US-SHENANDOAH-UNIVERSITY,2015,3820
US-SHENANDOAH-UNIVERSITY,2016,3918
US-SHENANDOAH-UNIVERSITY,2017,3844
US-SHENANDOAH-UNIVERSITY,2018,3817
US-SHENANDOAH-UNIVERSITY,2019,3791
US-SHENANDOAH-UNIVERSITY,2020,4174
US-SHENANDOAH-UNIVERSITY,2021,4287
US-SHENANDOAH-UNIVERSITY,2022,4260
US-SHENANDOAH-UNIVERSITY,2023,4343
US-SHENANDOAH-UNIVERSITY,2024,
US-ILLINOIS-STATE-UNIVERSITY,2000,20755
US-ILLINOIS-STATE-UNIVERSITY,2001,21240
US-ILLINOIS-STATE-UNIVERSITY,2002,21183
US-ILLINOIS-STATE-UNIVERSITY,2003,20860
US-ILLINOIS-STATE-UNIVERSITY,2004,20757
US-ILLINOIS-STATE-UNIVERSITY,2005,20653
US-ILLINOIS-STATE-UNIVERSITY,2006,20521
US-ILLINOIS-STATE-UNIVERSITY,2007,20274
US-ILLINOIS-STATE-UNIVERSITY,2008,20799
US-ILLINOIS-STATE-UNIVERSITY,2009,21184
US-ILLINOIS-STATE-UNIVERSITY,2010,21134
US-ILLINOIS-STATE-UNIVERSITY,2011,21310
US-ILLINOIS-STATE-UNIVERSITY,2012,20706
US-ILLINOIS-STATE-UNIVERSITY,2013,20272
US-ILLINOIS-STATE-UNIVERSITY,2014,20615
US-ILLINOIS-STATE-UNIVERSITY,2015,20760
US-ILLINOIS-STATE-UNIVERSITY,2016,21039
US-ILLINOIS-STATE-UNIVERSITY,2017,20784
US-ILLINOIS-STATE-UNIVERSITY,2018,20635
US-ILLINOIS-STATE-UNIVERSITY,2019,20878
US-ILLINOIS-STATE-UNIVERSITY,2020,20720
US-ILLINOIS-STATE-UNIVERSITY,2021,20233
US-ILLINOIS-STATE-UNIVERSITY,2022,20683
US-ILLINOIS-STATE-UNIVERSITY,2023,20989
US-ILLINOIS-STATE-UNIVERSITY,2024,
US-GEORGE-FOX-UNIVERSITY,2000,2635
US-GEORGE-FOX-UNIVERSITY,2001,2637
US-GEORGE-FOX-UNIVERSITY,2002,2748
US-GEORGE-FOX-UNIVERSITY,2003,3022
US-GEORGE-FOX-UNIVERSITY,2004,2981
US-GEORGE-FOX-UNIVERSITY,2005,3267
US-GEORGE-FOX-UNIVERSITY,2006,3323
US-GEORGE-FOX-UNIVERSITY,2007,3372
US-GEORGE-FOX-UNIVERSITY,2008,3383
US-GEORGE-FOX-UNIVERSITY,2009,3388
US-GEORGE-FOX-UNIVERSITY,2010,3538
US-GEORGE-FOX-UNIVERSITY,2011,3502
US-GEORGE-FOX-UNIVERSITY,2012,3484
US-GEORGE-FOX-UNIVERSITY,2013,3712
US-GEORGE-FOX-UNIVERSITY,2014,3786
US-GEORGE-FOX-UNIVERSITY,2015,3925
US-GEORGE-FOX-UNIVERSITY,2016,4139
US-GEORGE-FOX-UNIVERSITY,2017,4076
US-GEORGE-FOX-UNIVERSITY,2018,3941
US-GEORGE-FOX-UNIVERSITY,2019,4063
US-GEORGE-FOX-UNIVERSITY,2020,4106
US-GEORGE-FOX-UNIVERSITY,2021,4285
US-GEORGE-FOX-UNIVERSITY,2022,4350
US-GEORGE-FOX-UNIVERSITY,2023,4531
US-GEORGE-FOX-UNIVERSITY,2024,
US-NORTHERN-KENTUCKY-UNIVERSITY,2000,12080
US-NORTHERN-KENTUCKY-UNIVERSITY,2001,12530
US-NORTHERN-KENTUCKY-UNIVERSITY,2002,13715
US-NORTHERN-KENTUCKY-UNIVERSITY,2003,13910
US-NORTHERN-KENTUCKY-UNIVERSITY,2004,13903
US-NORTHERN-KENTUCKY-UNIVERSITY,2005,14004
US-NORTHERN-KENTUCKY-UNIVERSITY,2006,14617
US-NORTHERN-KENTUCKY-UNIVERSITY,2007,14785
US-NORTHERN-KENTUCKY-UNIVERSITY,2008,15082
US-NORTHERN-KENTUCKY-UNIVERSITY,2009,15378
US-NORTHERN-KENTUCKY-UNIVERSITY,2010,15716
US-NORTHERN-KENTUCKY-UNIVERSITY,2011,15724
US-NORTHERN-KENTUCKY-UNIVERSITY,2012,15634
US-NORTHERN-KENTUCKY-UNIVERSITY,2013,15263
US-NORTHERN-KENTUCKY-UNIVERSITY,2014,15090
US-NORTHERN-KENTUCKY-UNIVERSITY,2015,14699
US-NORTHERN-KENTUCKY-UNIVERSITY,2016,14542
US-NORTHERN-KENTUCKY-UNIVERSITY,2017,14456
US-NORTHERN-KENTUCKY-UNIVERSITY,2018,14764
US-NORTHERN-KENTUCKY-UNIVERSITY,2019,15664
US-NORTHERN-KENTUCKY-UNIVERSITY,2020,16211
US-NORTHERN-KENTUCKY-UNIVERSITY,2021,15979
US-NORTHERN-KENTUCKY-UNIVERSITY,2022,15801
US-NORTHERN-KENTUCKY-UNIVERSITY,2023,14961
US-NORTHERN-KENTUCKY-UNIVERSITY,2024,
US-STOCKTON-UNIVERSITY,2000,6312
US-STOCKTON-UNIVERSITY,2001,6459
US-STOCKTON-UNIVERSITY,2002,6538
US-STOCKTON-UNIVERSITY,2003,6881
US-STOCKTON-UNIVERSITY,2004,7002
US-STOCKTON-UNIVERSITY,2005,7035
US-STOCKTON-UNIVERSITY,2006,7212
US-STOCKTON-UNIVERSITY,2007,7355
US-STOCKTON-UNIVERSITY,2008,7307
US-STOCKTON-UNIVERSITY,2009,7559
US-STOCKTON-UNIVERSITY,2010,7879
US-STOCKTON-UNIVERSITY,2011,8108
US-STOCKTON-UNIVERSITY,2012,8400
US-STOCKTON-UNIVERSITY,2013,8458
US-STOCKTON-UNIVERSITY,2014,8570
US-STOCKTON-UNIVERSITY,2015,8674
US-STOCKTON-UNIVERSITY,2016,8728
US-STOCKTON-UNIVERSITY,2017,9216
US-STOCKTON-UNIVERSITY,2018,9621
US-STOCKTON-UNIVERSITY,2019,9934
US-STOCKTON-UNIVERSITY,2020,9893
US-STOCKTON-UNIVERSITY,2021,9352
US-STOCKTON-UNIVERSITY,2022,9080
US-STOCKTON-UNIVERSITY,2023,8788
US-STOCKTON-UNIVERSITY,2024,
US-UNIVERSITY-OF-FINDLAY,2000,4510
US-UNIVERSITY-OF-FINDLAY,2001,4585
US-UNIVERSITY-OF-FINDLAY,2002,4591
US-UNIVERSITY-OF-FINDLAY,2003,4712
US-UNIVERSITY-OF-FINDLAY,2004,4654
US-UNIVERSITY-OF-FINDLAY,2005,4743
US-UNIVERSITY-OF-FINDLAY,2006,5263
US-UNIVERSITY-OF-FINDLAY,2007,5388
US-UNIVERSITY-OF-FINDLAY,2008,5761
US-UNIVERSITY-OF-FINDLAY,2009,5485
US-UNIVERSITY-OF-FINDLAY,2010,5438
US-UNIVERSITY-OF-FINDLAY,2011,4983
US-UNIVERSITY-OF-FINDLAY,2012,4860
US-UNIVERSITY-OF-FINDLAY,2013,4880
US-UNIVERSITY-OF-FINDLAY,2014,5172
US-UNIVERSITY-OF-FINDLAY,2015,5031
US-UNIVERSITY-OF-FINDLAY,2016,5078
US-UNIVERSITY-OF-FINDLAY,2017,4888
US-UNIVERSITY-OF-FINDLAY,2018,4870
US-UNIVERSITY-OF-FINDLAY,2019,4714
US-UNIVERSITY-OF-FINDLAY,2020,4829
US-UNIVERSITY-OF-FINDLAY,2021,4811
US-UNIVERSITY-OF-FINDLAY,2022,4869
US-UNIVERSITY-OF-FINDLAY,2023,5057
US-UNIVERSITY-OF-FINDLAY,2024,
US-ALBERT-EINSTEIN-COLLEGE-OF-MEDICINE,2019,962
US-ALBERT-EINSTEIN-COLLEGE-OF-MEDICINE,2020,1048
US-ALBERT-EINSTEIN-COLLEGE-OF-MEDICINE,2021,1271
US-ALBERT-EINSTEIN-COLLEGE-OF-MEDICINE,2022,1303
US-ALBERT-EINSTEIN-COLLEGE-OF-MEDICINE,2023,1328
US-ALBERT-EINSTEIN-COLLEGE-OF-MEDICINE,2024,
US-BALL-STATE-UNIVERSITY,2000,19004
US-BALL-STATE-UNIVERSITY,2001,18965
US-BALL-STATE-UNIVERSITY,2002,19411
US-BALL-STATE-UNIVERSITY,2003,20490
US-BALL-STATE-UNIVERSITY,2004,20507
US-BALL-STATE-UNIVERSITY,2005,20351
US-BALL-STATE-UNIVERSITY,2006,20030
US-BALL-STATE-UNIVERSITY,2007,19849
US-BALL-STATE-UNIVERSITY,2008,20243
US-BALL-STATE-UNIVERSITY,2009,21401
US-BALL-STATE-UNIVERSITY,2010,22083
US-BALL-STATE-UNIVERSITY,2011,22147
US-BALL-STATE-UNIVERSITY,2012,21053
US-BALL-STATE-UNIVERSITY,2013,20503
US-BALL-STATE-UNIVERSITY,2014,20655
US-BALL-STATE-UNIVERSITY,2015,21196
US-BALL-STATE-UNIVERSITY,2016,21998
US-BALL-STATE-UNIVERSITY,2017,22513
US-BALL-STATE-UNIVERSITY,2018,21795
US-BALL-STATE-UNIVERSITY,2019,22443
US-BALL-STATE-UNIVERSITY,2020,21597
US-BALL-STATE-UNIVERSITY,2021,20319
US-BALL-STATE-UNIVERSITY,2022,19777
US-BALL-STATE-UNIVERSITY,2023,20440
US-BALL-STATE-UNIVERSITY,2024,
US-CALIFORNIA-STATE-UNIVERSITY-SACRAMENTO,2000,25714
US-CALIFORNIA-STATE-UNIVERSITY-SACRAMENTO,2001,26923
US-CALIFORNIA-STATE-UNIVERSITY-SACRAMENTO,2002,28558
US-CALIFORNIA-STATE-UNIVERSITY-SACRAMENTO,2003,28375
US-CALIFORNIA-STATE-UNIVERSITY-SACRAMENTO,2004,27972
US-CALIFORNIA-STATE-UNIVERSITY-SACRAMENTO,2005,27932
US-CALIFORNIA-STATE-UNIVERSITY-SACRAMENTO,2006,28529
US-CALIFORNIA-STATE-UNIVERSITY-SACRAMENTO,2007,28829
US-CALIFORNIA-STATE-UNIVERSITY-SACRAMENTO,2008,29011
US-CALIFORNIA-STATE-UNIVERSITY-SACRAMENTO,2009,29241
US-CALIFORNIA-STATE-UNIVERSITY-SACRAMENTO,2010,27033
US-CALIFORNIA-STATE-UNIVERSITY-SACRAMENTO,2011,28016
US-CALIFORNIA-STATE-UNIVERSITY-SACRAMENTO,2012,28539
US-CALIFORNIA-STATE-UNIVERSITY-SACRAMENTO,2013,28811
US-CALIFORNIA-STATE-UNIVERSITY-SACRAMENTO,2014,29349
US-CALIFORNIA-STATE-UNIVERSITY-SACRAMENTO,2015,30284
US-CALIFORNIA-STATE-UNIVERSITY-SACRAMENTO,2016,30510
US-CALIFORNIA-STATE-UNIVERSITY-SACRAMENTO,2017,31255
US-CALIFORNIA-STATE-UNIVERSITY-SACRAMENTO,2018,31902
US-CALIFORNIA-STATE-UNIVERSITY-SACRAMENTO,2019,31992
US-CALIFORNIA-STATE-UNIVERSITY-SACRAMENTO,2020,32293
US-CALIFORNIA-STATE-UNIVERSITY-SACRAMENTO,2021,32498
US-CALIFORNIA-STATE-UNIVERSITY-SACRAMENTO,2022,31818
US-CALIFORNIA-STATE-UNIVERSITY-SACRAMENTO,2023,31172
US-CALIFORNIA-STATE-UNIVERSITY-SACRAMENTO,2024,
US-CLARK-UNIVERSITY,2000,2910
US-CLARK-UNIVERSITY,2001,2955
US-CLARK-UNIVERSITY,2002,3035
US-CLARK-UNIVERSITY,2003,3084
US-CLARK-UNIVERSITY,2004,3115
US-CLARK-UNIVERSITY,2005,3118
US-CLARK-UNIVERSITY,2006,3071
US-CLARK-UNIVERSITY,2007,3210
US-CLARK-UNIVERSITY,2008,3330
US-CLARK-UNIVERSITY,2009,3416
US-CLARK-UNIVERSITY,2010,3451
US-CLARK-UNIVERSITY,2011,3462
US-CLARK-UNIVERSITY,2012,3503
US-CLARK-UNIVERSITY,2013,3551
US-CLARK-UNIVERSITY,2014,3423
US-CLARK-UNIVERSITY,2015,3485
US-CLARK-UNIVERSITY,2016,3298
US-CLARK-UNIVERSITY,2017,3153
US-CLARK-UNIVERSITY,2018,3122
US-CLARK-UNIVERSITY,2019,3498
US-CLARK-UNIVERSITY,2020,3405
US-CLARK-UNIVERSITY,2021,3350
US-CLARK-UNIVERSITY,2022,3770
US-CLARK-UNIVERSITY,2023,4124
US-CLARK-UNIVERSITY,2024,
US-FORDHAM-UNIVERSITY,2000,13650
US-FORDHAM-UNIVERSITY,2001,13843
US-FORDHAM-UNIVERSITY,2002,14318
US-FORDHAM-UNIVERSITY,2003,14731
US-FORDHAM-UNIVERSITY,2004,14861
US-FORDHAM-UNIVERSITY,2005,14664
US-FORDHAM-UNIVERSITY,2006,14732
US-FORDHAM-UNIVERSITY,2007,14448
US-FORDHAM-UNIVERSITY,2008,14666
US-FORDHAM-UNIVERSITY,2009,14544
US-FORDHAM-UNIVERSITY,2010,15158
US-FORDHAM-UNIVERSITY,2011,15189
US-FORDHAM-UNIVERSITY,2012,15170
US-FORDHAM-UNIVERSITY,2013,15097
US-FORDHAM-UNIVERSITY,2014,15231
US-FORDHAM-UNIVERSITY,2015,15286
US-FORDHAM-UNIVERSITY,2016,15582
US-FORDHAM-UNIVERSITY,2017,16037
US-FORDHAM-UNIVERSITY,2018,16515
US-FORDHAM-UNIVERSITY,2019,16972
US-FORDHAM-UNIVERSITY,2020,16364
US-FORDHAM-UNIVERSITY,2021,16986
US-FORDHAM-UNIVERSITY,2022,16556
US-FORDHAM-UNIVERSITY,2023,16153
US-FORDHAM-UNIVERSITY,2024,
US-MORGAN-STATE-UNIVERSITY,2000,6269
US-MORGAN-STATE-UNIVERSITY,2001,6498
US-MORGAN-STATE-UNIVERSITY,2002,6660
US-MORGAN-STATE-UNIVERSITY,2003,6621
US-MORGAN-STATE-UNIVERSITY,2004,6891
US-MORGAN-STATE-UNIVERSITY,2005,6438
US-MORGAN-STATE-UNIVERSITY,2006,6705
US-MORGAN-STATE-UNIVERSITY,2007,6847
US-MORGAN-STATE-UNIVERSITY,2008,7005
US-MORGAN-STATE-UNIVERSITY,2009,7226
US-MORGAN-STATE-UNIVERSITY,2010,7805
US-MORGAN-STATE-UNIVERSITY,2011,8018
US-MORGAN-STATE-UNIVERSITY,2012,7952
US-MORGAN-STATE-UNIVERSITY,2013,7546
US-MORGAN-STATE-UNIVERSITY,2014,7698
US-MORGAN-STATE-UNIVERSITY,2015,7725
US-MORGAN-STATE-UNIVERSITY,2016,7689
US-MORGAN-STATE-UNIVERSITY,2017,7747
US-MORGAN-STATE-UNIVERSITY,2018,7712
US-MORGAN-STATE-UNIVERSITY,2019,7763
US-MORGAN-STATE-UNIVERSITY,2020,7634
US-MORGAN-STATE-UNIVERSITY,2021,8469
US-MORGAN-STATE-UNIVERSITY,2022,9101
US-MORGAN-STATE-UNIVERSITY,2023,9808
US-MORGAN-STATE-UNIVERSITY,2024,
US-ROWAN-UNIVERSITY,2000,9364
US-ROWAN-UNIVERSITY,2001,9788
US-ROWAN-UNIVERSITY,2002,9685
US-ROWAN-UNIVERSITY,2003,9667
US-ROWAN-UNIVERSITY,2004,9688
US-ROWAN-UNIVERSITY,2005,9762
US-ROWAN-UNIVERSITY,2006,9578
US-ROWAN-UNIVERSITY,2007,10091
US-ROWAN-UNIVERSITY,2008,10270
US-ROWAN-UNIVERSITY,2009,11006
US-ROWAN-UNIVERSITY,2010,11300
US-ROWAN-UNIVERSITY,2011,11786
US-ROWAN-UNIVERSITY,2012,12183
US-ROWAN-UNIVERSITY,2013,13349
US-ROWAN-UNIVERSITY,2014,14778
US-ROWAN-UNIVERSITY,2015,16155
US-ROWAN-UNIVERSITY,2016,17372
US-ROWAN-UNIVERSITY,2017,18484
US-ROWAN-UNIVERSITY,2018,19465
US-ROWAN-UNIVERSITY,2019,19618
US-ROWAN-UNIVERSITY,2020,19654
US-ROWAN-UNIVERSITY,2021,19052
US-ROWAN-UNIVERSITY,2022,19535
US-ROWAN-UNIVERSITY,2023,19660
US-ROWAN-UNIVERSITY,2024,
US-SOUTHERN-CONNECTICUT-STATE-UNIVERSITY,2000,12127
US-SOUTHERN-CONNECTICUT-STATE-UNIVERSITY,2001,12254
US-SOUTHERN-CONNECTICUT-STATE-UNIVERSITY,2002,12219
US-SOUTHERN-CONNECTICUT-STATE-UNIVERSITY,2003,12143
US-SOUTHERN-CONNECTICUT-STATE-UNIVERSITY,2004,12177
US-SOUTHERN-CONNECTICUT-STATE-UNIVERSITY,2005,12158
US-SOUTHERN-CONNECTICUT-STATE-UNIVERSITY,2006,12326
US-SOUTHERN-CONNECTICUT-STATE-UNIVERSITY,2007,11930
US-SOUTHERN-CONNECTICUT-STATE-UNIVERSITY,2008,11769
US-SOUTHERN-CONNECTICUT-STATE-UNIVERSITY,2009,11815
US-SOUTHERN-CONNECTICUT-STATE-UNIVERSITY,2010,11964
US-SOUTHERN-CONNECTICUT-STATE-UNIVERSITY,2011,11533
US-SOUTHERN-CONNECTICUT-STATE-UNIVERSITY,2012,11117
US-SOUTHERN-CONNECTICUT-STATE-UNIVERSITY,2013,10804
US-SOUTHERN-CONNECTICUT-STATE-UNIVERSITY,2014,10825
US-SOUTHERN-CONNECTICUT-STATE-UNIVERSITY,2015,10473
US-SOUTHERN-CONNECTICUT-STATE-UNIVERSITY,2016,10320
US-SOUTHERN-CONNECTICUT-STATE-UNIVERSITY,2017,10202
US-SOUTHERN-CONNECTICUT-STATE-UNIVERSITY,2018,10050
US-SOUTHERN-CONNECTICUT-STATE-UNIVERSITY,2019,9817
US-SOUTHERN-CONNECTICUT-STATE-UNIVERSITY,2020,9331
US-SOUTHERN-CONNECTICUT-STATE-UNIVERSITY,2021,8788
US-SOUTHERN-CONNECTICUT-STATE-UNIVERSITY,2022,8889
US-SOUTHERN-CONNECTICUT-STATE-UNIVERSITY,2023,8820
US-SOUTHERN-CONNECTICUT-STATE-UNIVERSITY,2024,
US-CLARKE-UNIVERSITY,2000,1249
US-CLARKE-UNIVERSITY,2001,1201
US-CLARKE-UNIVERSITY,2002,1078
US-CLARKE-UNIVERSITY,2003,1116
US-CLARKE-UNIVERSITY,2004,1180
US-CLARKE-UNIVERSITY,2005,1246
US-CLARKE-UNIVERSITY,2006,1201
US-CLARKE-UNIVERSITY,2007,1230
US-CLARKE-UNIVERSITY,2008,1156
US-CLARKE-UNIVERSITY,2009,1202
US-CLARKE-UNIVERSITY,2010,1255
US-CLARKE-UNIVERSITY,2011,1232
US-CLARKE-UNIVERSITY,2012,1191
US-CLARKE-UNIVERSITY,2013,1225
US-CLARKE-UNIVERSITY,2014,1200
US-CLARKE-UNIVERSITY,2015,1075
US-CLARKE-UNIVERSITY,2016,1043
US-CLARKE-UNIVERSITY,2017,1039
US-CLARKE-UNIVERSITY,2018,1004
US-CLARKE-UNIVERSITY,2019,904
US-CLARKE-UNIVERSITY,2020,855
US-CLARKE-UNIVERSITY,2021,888
US-CLARKE-UNIVERSITY,2022,965
US-CLARKE-UNIVERSITY,2023,1025
US-CLARKE-UNIVERSITY,2024,
US-EASTERN-KENTUCKY-UNIVERSITY,2000,13285
US-EASTERN-KENTUCKY-UNIVERSITY,2001,14945
US-EASTERN-KENTUCKY-UNIVERSITY,2002,14695
US-EASTERN-KENTUCKY-UNIVERSITY,2003,15951
US-EASTERN-KENTUCKY-UNIVERSITY,2004,16183
US-EASTERN-KENTUCKY-UNIVERSITY,2005,16219
US-EASTERN-KENTUCKY-UNIVERSITY,2006,15763
US-EASTERN-KENTUCKY-UNIVERSITY,2007,15839
US-EASTERN-KENTUCKY-UNIVERSITY,2008,16031
US-EASTERN-KENTUCKY-UNIVERSITY,2009,16268
US-EASTERN-KENTUCKY-UNIVERSITY,2010,16567
US-EASTERN-KENTUCKY-UNIVERSITY,2011,16062
US-EASTERN-KENTUCKY-UNIVERSITY,2012,15968
US-EASTERN-KENTUCKY-UNIVERSITY,2013,16111
US-EASTERN-KENTUCKY-UNIVERSITY,2014,16305
US-EASTERN-KENTUCKY-UNIVERSITY,2015,16844
US-EASTERN-KENTUCKY-UNIVERSITY,2016,16881
US-EASTERN-KENTUCKY-UNIVERSITY,2017,16612
US-EASTERN-KENTUCKY-UNIVERSITY,2018,15815
US-EASTERN-KENTUCKY-UNIVERSITY,2019,14980
US-EASTERN-KENTUCKY-UNIVERSITY,2020,14465
US-EASTERN-KENTUCKY-UNIVERSITY,2021,13984
US-EASTERN-KENTUCKY-UNIVERSITY,2022,14324
US-EASTERN-KENTUCKY-UNIVERSITY,2023,15008
US-EASTERN-KENTUCKY-UNIVERSITY,2024,
US-PONTIFICAL-CATHOLIC-UNIVERSITY-OF-PUERTO-RICO-PONCE,2000,7448
US-PONTIFICAL-CATHOLIC-UNIVERSITY-OF-PUERTO-RICO-PONCE,2001,7614
US-PONTIFICAL-CATHOLIC-UNIVERSITY-OF-PUERTO-RICO-PONCE,2002,7536
US-PONTIFICAL-CATHOLIC-UNIVERSITY-OF-PUERTO-RICO-PONCE,2003,7468
US-PONTIFICAL-CATHOLIC-UNIVERSITY-OF-PUERTO-RICO-PONCE,2004,7548
US-PONTIFICAL-CATHOLIC-UNIVERSITY-OF-PUERTO-RICO-PONCE,2005,7474
US-PONTIFICAL-CATHOLIC-UNIVERSITY-OF-PUERTO-RICO-PONCE,2006,7380
US-PONTIFICAL-CATHOLIC-UNIVERSITY-OF-PUERTO-RICO-PONCE,2007,7321
US-PONTIFICAL-CATHOLIC-UNIVERSITY-OF-PUERTO-RICO-PONCE,2008,7413
US-PONTIFICAL-CATHOLIC-UNIVERSITY-OF-PUERTO-RICO-PONCE,2009,7682
US-PONTIFICAL-CATHOLIC-UNIVERSITY-OF-PUERTO-RICO-PONCE,2010,8203
US-PONTIFICAL-CATHOLIC-UNIVERSITY-OF-PUERTO-RICO-PONCE,2011,8782
US-PONTIFICAL-CATHOLIC-UNIVERSITY-OF-PUERTO-RICO-PONCE,2012,8553
US-PONTIFICAL-CATHOLIC-UNIVERSITY-OF-PUERTO-RICO-PONCE,2013,8341
US-PONTIFICAL-CATHOLIC-UNIVERSITY-OF-PUERTO-RICO-PONCE,2014,8079
US-PONTIFICAL-CATHOLIC-UNIVERSITY-OF-PUERTO-RICO-PONCE,2015,7767
US-PONTIFICAL-CATHOLIC-UNIVERSITY-OF-PUERTO-RICO-PONCE,2016,7360
US-PONTIFICAL-CATHOLIC-UNIVERSITY-OF-PUERTO-RICO-PONCE,2017,7381
US-PONTIFICAL-CATHOLIC-UNIVERSITY-OF-PUERTO-RICO-PONCE,2018,7136
US-PONTIFICAL-CATHOLIC-UNIVERSITY-OF-PUERTO-RICO-PONCE,2019,7152
US-PONTIFICAL-CATHOLIC-UNIVERSITY-OF-PUERTO-RICO-PONCE,2020,6614
US-PONTIFICAL-CATHOLIC-UNIVERSITY-OF-PUERTO-RICO-PONCE,2021,6175
US-PONTIFICAL-CATHOLIC-UNIVERSITY-OF-PUERTO-RICO-PONCE,2022,5776
US-PONTIFICAL-CATHOLIC-UNIVERSITY-OF-PUERTO-RICO-PONCE,2023,5562
US-PONTIFICAL-CATHOLIC-UNIVERSITY-OF-PUERTO-RICO-PONCE,2024,
US-SAINT-MARYS-UNIVERSITY-OF-MINNESOTA,2000,5010
US-SAINT-MARYS-UNIVERSITY-OF-MINNESOTA,2001,5008
US-SAINT-MARYS-UNIVERSITY-OF-MINNESOTA,2002,5065
US-SAINT-MARYS-UNIVERSITY-OF-MINNESOTA,2003,4996
US-SAINT-MARYS-UNIVERSITY-OF-MINNESOTA,2004,4861
US-SAINT-MARYS-UNIVERSITY-OF-MINNESOTA,2005,5222
US-SAINT-MARYS-UNIVERSITY-OF-MINNESOTA,2006,5566
US-SAINT-MARYS-UNIVERSITY-OF-MINNESOTA,2007,5960
US-SAINT-MARYS-UNIVERSITY-OF-MINNESOTA,2008,5611
US-SAINT-MARYS-UNIVERSITY-OF-MINNESOTA,2009,5565
US-SAINT-MARYS-UNIVERSITY-OF-MINNESOTA,2010,6058
US-SAINT-MARYS-UNIVERSITY-OF-MINNESOTA,2011,5688
US-SAINT-MARYS-UNIVERSITY-OF-MINNESOTA,2012,5574
US-SAINT-MARYS-UNIVERSITY-OF-MINNESOTA,2013,5528
US-SAINT-MARYS-UNIVERSITY-OF-MINNESOTA,2014,5825
US-SAINT-MARYS-UNIVERSITY-OF-MINNESOTA,2015,5931
US-SAINT-MARYS-UNIVERSITY-OF-MINNESOTA,2016,5640
US-SAINT-MARYS-UNIVERSITY-OF-MINNESOTA,2017,5754
US-SAINT-MARYS-UNIVERSITY-OF-MINNESOTA,2018,5560
US-SAINT-MARYS-UNIVERSITY-OF-MINNESOTA,2019,5548
US-SAINT-MARYS-UNIVERSITY-OF-MINNESOTA,2020,5152
US-SAINT-MARYS-UNIVERSITY-OF-MINNESOTA,2021,4701
US-SAINT-MARYS-UNIVERSITY-OF-MINNESOTA,2022,4133
US-SAINT-MARYS-UNIVERSITY-OF-MINNESOTA,2023,3831
US-SAINT-MARYS-UNIVERSITY-OF-MINNESOTA,2024,
US-ST-CATHERINE-UNIVERSITY,2000,4487
US-ST-CATHERINE-UNIVERSITY,2001,4622
US-ST-CATHERINE-UNIVERSITY,2002,4704
US-ST-CATHERINE-UNIVERSITY,2003,4807
US-ST-CATHERINE-UNIVERSITY,2004,4809
US-ST-CATHERINE-UNIVERSITY,2005,4907
US-ST-CATHERINE-UNIVERSITY,2006,5246
US-ST-CATHERINE-UNIVERSITY,2007,5238
US-ST-CATHERINE-UNIVERSITY,2008,5201
US-ST-CATHERINE-UNIVERSITY,2009,5277
US-ST-CATHERINE-UNIVERSITY,2010,5328
US-ST-CATHERINE-UNIVERSITY,2011,5227
US-ST-CATHERINE-UNIVERSITY,2012,5075
US-ST-CATHERINE-UNIVERSITY,2013,5017
US-ST-CATHERINE-UNIVERSITY,2014,5055
US-ST-CATHERINE-UNIVERSITY,2015,4961
US-ST-CATHERINE-UNIVERSITY,2016,4786
US-ST-CATHERINE-UNIVERSITY,2017,4724
US-ST-CATHERINE-UNIVERSITY,2018,4859
US-ST-CATHERINE-UNIVERSITY,2019,4401
US-ST-CATHERINE-UNIVERSITY,2020,4277
US-ST-CATHERINE-UNIVERSITY,2021,3904
US-ST-CATHERINE-UNIVERSITY,2022,3577
US-ST-CATHERINE-UNIVERSITY,2023,3533
US-ST-CATHERINE-UNIVERSITY,2024,
US-WILKES-UNIVERSITY,2000,3570
US-WILKES-UNIVERSITY,2001,3697
US-WILKES-UNIVERSITY,2002,3954
US-WILKES-UNIVERSITY,2003,4390
US-WILKES-UNIVERSITY,2004,4364
US-WILKES-UNIVERSITY,2005,4480
US-WILKES-UNIVERSITY,2006,4777
US-WILKES-UNIVERSITY,2007,5114
US-WILKES-UNIVERSITY,2008,5901
US-WILKES-UNIVERSITY,2009,6239
US-WILKES-UNIVERSITY,2010,5926
US-WILKES-UNIVERSITY,2011,5163
US-WILKES-UNIVERSITY,2012,5030
US-WILKES-UNIVERSITY,2013,4665
US-WILKES-UNIVERSITY,2014,4562
US-WILKES-UNIVERSITY,2015,5053
US-WILKES-UNIVERSITY,2016,5552
US-WILKES-UNIVERSITY,2017,5545
US-WILKES-UNIVERSITY,2018,5132
US-WILKES-UNIVERSITY,2019,4680
US-WILKES-UNIVERSITY,2020,4781
US-WILKES-UNIVERSITY,2021,5276
US-WILKES-UNIVERSITY,2022,5207
US-WILKES-UNIVERSITY,2023,5198
US-WILKES-UNIVERSITY,2024,
US-FLORIDA-AGRICULTURAL-AND-MECHANICAL-UNIVERSITY,2000,12126
US-FLORIDA-AGRICULTURAL-AND-MECHANICAL-UNIVERSITY,2001,12316
US-FLORIDA-AGRICULTURAL-AND-MECHANICAL-UNIVERSITY,2002,12464
US-FLORIDA-AGRICULTURAL-AND-MECHANICAL-UNIVERSITY,2003,13013
US-FLORIDA-AGRICULTURAL-AND-MECHANICAL-UNIVERSITY,2004,13067
US-FLORIDA-AGRICULTURAL-AND-MECHANICAL-UNIVERSITY,2005,12154
US-FLORIDA-AGRICULTURAL-AND-MECHANICAL-UNIVERSITY,2006,11907
US-FLORIDA-AGRICULTURAL-AND-MECHANICAL-UNIVERSITY,2007,11562
US-FLORIDA-AGRICULTURAL-AND-MECHANICAL-UNIVERSITY,2008,11857
US-FLORIDA-AGRICULTURAL-AND-MECHANICAL-UNIVERSITY,2009,12274
US-FLORIDA-AGRICULTURAL-AND-MECHANICAL-UNIVERSITY,2010,13284
US-FLORIDA-AGRICULTURAL-AND-MECHANICAL-UNIVERSITY,2011,13204
US-FLORIDA-AGRICULTURAL-AND-MECHANICAL-UNIVERSITY,2012,12057
US-FLORIDA-AGRICULTURAL-AND-MECHANICAL-UNIVERSITY,2013,10743
US-FLORIDA-AGRICULTURAL-AND-MECHANICAL-UNIVERSITY,2014,10241
US-FLORIDA-AGRICULTURAL-AND-MECHANICAL-UNIVERSITY,2015,9928
US-FLORIDA-AGRICULTURAL-AND-MECHANICAL-UNIVERSITY,2016,9619
US-FLORIDA-AGRICULTURAL-AND-MECHANICAL-UNIVERSITY,2017,9913
US-FLORIDA-AGRICULTURAL-AND-MECHANICAL-UNIVERSITY,2018,10021
US-FLORIDA-AGRICULTURAL-AND-MECHANICAL-UNIVERSITY,2019,9626
US-FLORIDA-AGRICULTURAL-AND-MECHANICAL-UNIVERSITY,2020,9184
US-FLORIDA-AGRICULTURAL-AND-MECHANICAL-UNIVERSITY,2021,9000
US-FLORIDA-AGRICULTURAL-AND-MECHANICAL-UNIVERSITY,2022,9215
US-FLORIDA-AGRICULTURAL-AND-MECHANICAL-UNIVERSITY,2023,9265
US-FLORIDA-AGRICULTURAL-AND-MECHANICAL-UNIVERSITY,2024,
US-ICAHN-SCHOOL-OF-MEDICINE-MOUNT-SINAI,2000,609
US-ICAHN-SCHOOL-OF-MEDICINE-MOUNT-SINAI,2001,610
US-ICAHN-SCHOOL-OF-MEDICINE-MOUNT-SINAI,2002,625
US-ICAHN-SCHOOL-OF-MEDICINE-MOUNT-SINAI,2003,649
US-ICAHN-SCHOOL-OF-MEDICINE-MOUNT-SINAI,2004,650
US-ICAHN-SCHOOL-OF-MEDICINE-MOUNT-SINAI,2005,663
US-ICAHN-SCHOOL-OF-MEDICINE-MOUNT-SINAI,2006,696
US-ICAHN-SCHOOL-OF-MEDICINE-MOUNT-SINAI,2007,878
US-ICAHN-SCHOOL-OF-MEDICINE-MOUNT-SINAI,2008,902
US-ICAHN-SCHOOL-OF-MEDICINE-MOUNT-SINAI,2009,1004
US-ICAHN-SCHOOL-OF-MEDICINE-MOUNT-SINAI,2010,1086
US-ICAHN-SCHOOL-OF-MEDICINE-MOUNT-SINAI,2011,1187
US-ICAHN-SCHOOL-OF-MEDICINE-MOUNT-SINAI,2012,1064
US-ICAHN-SCHOOL-OF-MEDICINE-MOUNT-SINAI,2013,1090
US-ICAHN-SCHOOL-OF-MEDICINE-MOUNT-SINAI,2014,1074
US-ICAHN-SCHOOL-OF-MEDICINE-MOUNT-SINAI,2015,1150
US-ICAHN-SCHOOL-OF-MEDICINE-MOUNT-SINAI,2016,1203
US-ICAHN-SCHOOL-OF-MEDICINE-MOUNT-SINAI,2017,1208
US-ICAHN-SCHOOL-OF-MEDICINE-MOUNT-SINAI,2018,1214
US-ICAHN-SCHOOL-OF-MEDICINE-MOUNT-SINAI,2019,1233
US-ICAHN-SCHOOL-OF-MEDICINE-MOUNT-SINAI,2020,1298
US-ICAHN-SCHOOL-OF-MEDICINE-MOUNT-SINAI,2021,1249
US-ICAHN-SCHOOL-OF-MEDICINE-MOUNT-SINAI,2022,1253
US-ICAHN-SCHOOL-OF-MEDICINE-MOUNT-SINAI,2023,1234
US-ICAHN-SCHOOL-OF-MEDICINE-MOUNT-SINAI,2024,
US-IDAHO-STATE-UNIVERSITY,2000,13040
US-IDAHO-STATE-UNIVERSITY,2001,13663
US-IDAHO-STATE-UNIVERSITY,2002,13350
US-IDAHO-STATE-UNIVERSITY,2003,13621
US-IDAHO-STATE-UNIVERSITY,2004,13802
US-IDAHO-STATE-UNIVERSITY,2005,13977
US-IDAHO-STATE-UNIVERSITY,2006,12679
US-IDAHO-STATE-UNIVERSITY,2007,13208
US-IDAHO-STATE-UNIVERSITY,2008,12653
US-IDAHO-STATE-UNIVERSITY,2009,13493
US-IDAHO-STATE-UNIVERSITY,2010,12543
US-IDAHO-STATE-UNIVERSITY,2011,12418
US-IDAHO-STATE-UNIVERSITY,2012,13852
US-IDAHO-STATE-UNIVERSITY,2013,13326
US-IDAHO-STATE-UNIVERSITY,2014,13429
US-IDAHO-STATE-UNIVERSITY,2015,13078
US-IDAHO-STATE-UNIVERSITY,2016,12916
US-IDAHO-STATE-UNIVERSITY,2017,12493
US-IDAHO-STATE-UNIVERSITY,2018,12363
US-IDAHO-STATE-UNIVERSITY,2019,12402
US-IDAHO-STATE-UNIVERSITY,2020,11766
US-IDAHO-STATE-UNIVERSITY,2021,12135
US-IDAHO-STATE-UNIVERSITY,2022,12301
US-IDAHO-STATE-UNIVERSITY,2023,12614
US-IDAHO-STATE-UNIVERSITY,2024,
US-SOUTH-DAKOTA-STATE-UNIVERSITY,2000,8695
US-SOUTH-DAKOTA-STATE-UNIVERSITY,2001,9260
US-SOUTH-DAKOTA-STATE-UNIVERSITY,2002,9900
US-SOUTH-DAKOTA-STATE-UNIVERSITY,2003,10566
US-SOUTH-DAKOTA-STATE-UNIVERSITY,2004,10884
US-SOUTH-DAKOTA-STATE-UNIVERSITY,2005,10938
US-SOUTH-DAKOTA-STATE-UNIVERSITY,2006,11303
US-SOUTH-DAKOTA-STATE-UNIVERSITY,2007,11645
US-SOUTH-DAKOTA-STATE-UNIVERSITY,2008,11995
US-SOUTH-DAKOTA-STATE-UNIVERSITY,2009,12376
US-SOUTH-DAKOTA-STATE-UNIVERSITY,2010,12816
US-SOUTH-DAKOTA-STATE-UNIVERSITY,2011,12725
US-SOUTH-DAKOTA-STATE-UNIVERSITY,2012,12583
US-SOUTH-DAKOTA-STATE-UNIVERSITY,2013,12525
US-SOUTH-DAKOTA-STATE-UNIVERSITY,2014,12543
US-SOUTH-DAKOTA-STATE-UNIVERSITY,2015,12576
US-SOUTH-DAKOTA-STATE-UNIVERSITY,2016,12600
US-SOUTH-DAKOTA-STATE-UNIVERSITY,2017,12516
US-SOUTH-DAKOTA-STATE-UNIVERSITY,2018,12104
US-SOUTH-DAKOTA-STATE-UNIVERSITY,2019,11512
US-SOUTH-DAKOTA-STATE-UNIVERSITY,2020,11405
US-SOUTH-DAKOTA-STATE-UNIVERSITY,2021,11465
US-SOUTH-DAKOTA-STATE-UNIVERSITY,2022,11327
US-SOUTH-DAKOTA-STATE-UNIVERSITY,2023,11498
US-SOUTH-DAKOTA-STATE-UNIVERSITY,2024,
US-WESTERN-MICHIGAN-UNIVERSITY,2000,28657
US-WESTERN-MICHIGAN-UNIVERSITY,2001,28931
US-WESTERN-MICHIGAN-UNIVERSITY,2002,29732
US-WESTERN-MICHIGAN-UNIVERSITY,2003,29178
US-WESTERN-MICHIGAN-UNIVERSITY,2004,27829
US-WESTERN-MICHIGAN-UNIVERSITY,2005,26239
US-WESTERN-MICHIGAN-UNIVERSITY,2006,24841
US-WESTERN-MICHIGAN-UNIVERSITY,2007,24433
US-WESTERN-MICHIGAN-UNIVERSITY,2008,24818
US-WESTERN-MICHIGAN-UNIVERSITY,2009,24576
US-WESTERN-MICHIGAN-UNIVERSITY,2010,25045
US-WESTERN-MICHIGAN-UNIVERSITY,2011,25086
US-WESTERN-MICHIGAN-UNIVERSITY,2012,24598
US-WESTERN-MICHIGAN-UNIVERSITY,2013,24294
US-WESTERN-MICHIGAN-UNIVERSITY,2014,23914
US-WESTERN-MICHIGAN-UNIVERSITY,2015,23529
US-WESTERN-MICHIGAN-UNIVERSITY,2016,23227
US-WESTERN-MICHIGAN-UNIVERSITY,2017,22869
US-WESTERN-MICHIGAN-UNIVERSITY,2018,22562
US-WESTERN-MICHIGAN-UNIVERSITY,2019,21470
US-WESTERN-MICHIGAN-UNIVERSITY,2020,19887
US-WESTERN-MICHIGAN-UNIVERSITY,2021,18266
US-WESTERN-MICHIGAN-UNIVERSITY,2022,17000
US-WESTERN-MICHIGAN-UNIVERSITY,2023,16693
US-WESTERN-MICHIGAN-UNIVERSITY,2024,
US-ADELPHI-UNIVERSITY,2000,5908
US-ADELPHI-UNIVERSITY,2001,6433
US-ADELPHI-UNIVERSITY,2002,6993
US-ADELPHI-UNIVERSITY,2003,7355
US-ADELPHI-UNIVERSITY,2004,7592
US-ADELPHI-UNIVERSITY,2005,7898
US-ADELPHI-UNIVERSITY,2006,8017
US-ADELPHI-UNIVERSITY,2007,8308
US-ADELPHI-UNIVERSITY,2008,8177
US-ADELPHI-UNIVERSITY,2009,7951
US-ADELPHI-UNIVERSITY,2010,7917
US-ADELPHI-UNIVERSITY,2011,7922
US-ADELPHI-UNIVERSITY,2012,7859
US-ADELPHI-UNIVERSITY,2013,7645
US-ADELPHI-UNIVERSITY,2014,7610
US-ADELPHI-UNIVERSITY,2015,7256
US-ADELPHI-UNIVERSITY,2016,7687
US-ADELPHI-UNIVERSITY,2017,7978
US-ADELPHI-UNIVERSITY,2018,8146
US-ADELPHI-UNIVERSITY,2019,7991
US-ADELPHI-UNIVERSITY,2020,7584
US-ADELPHI-UNIVERSITY,2021,7520
US-ADELPHI-UNIVERSITY,2022,7252
US-ADELPHI-UNIVERSITY,2023,7406
US-ADELPHI-UNIVERSITY,2024,
US-ALBIZU-UNIVERSITY-MIAMI,2000,606
US-ALBIZU-UNIVERSITY-MIAMI,2001,610
US-ALBIZU-UNIVERSITY-MIAMI,2002,715
US-ALBIZU-UNIVERSITY-MIAMI,2003,850
US-ALBIZU-UNIVERSITY-MIAMI,2004,1010
US-ALBIZU-UNIVERSITY-MIAMI,2005,1013
US-ALBIZU-UNIVERSITY-MIAMI,2006,1079
US-ALBIZU-UNIVERSITY-MIAMI,2007,1092
US-ALBIZU-UNIVERSITY-MIAMI,2008,1134
US-ALBIZU-UNIVERSITY-MIAMI,2009,1081
US-ALBIZU-UNIVERSITY-MIAMI,2010,1078
US-ALBIZU-UNIVERSITY-MIAMI,2011,1047
US-ALBIZU-UNIVERSITY-MIAMI,2012,1046
US-ALBIZU-UNIVERSITY-MIAMI,2013,991
US-ALBIZU-UNIVERSITY-MIAMI,2014,1000
US-ALBIZU-UNIVERSITY-MIAMI,2015,1046
US-ALBIZU-UNIVERSITY-MIAMI,2016,1029
US-ALBIZU-UNIVERSITY-MIAMI,2017,1035
US-ALBIZU-UNIVERSITY-MIAMI,2018,746
US-ALBIZU-UNIVERSITY-MIAMI,2019,720
US-ALBIZU-UNIVERSITY-MIAMI,2020,802
US-ALBIZU-UNIVERSITY-MIAMI,2021,838
US-ALBIZU-UNIVERSITY-MIAMI,2022,864
US-ALBIZU-UNIVERSITY-MIAMI,2023,787
US-ALBIZU-UNIVERSITY-MIAMI,2024,
US-BRENAU-UNIVERSITY,2000,2266
US-BRENAU-UNIVERSITY,2001,2251
US-BRENAU-UNIVERSITY,2002,2113
US-BRENAU-UNIVERSITY,2003,2073
US-BRENAU-UNIVERSITY,2004,2117
US-BRENAU-UNIVERSITY,2005,2168
US-BRENAU-UNIVERSITY,2006,2407
US-BRENAU-UNIVERSITY,2007,2577
US-BRENAU-UNIVERSITY,2008,2591
US-BRENAU-UNIVERSITY,2009,2760
US-BRENAU-UNIVERSITY,2010,2770
US-BRENAU-UNIVERSITY,2011,2789
US-BRENAU-UNIVERSITY,2012,2777
US-BRENAU-UNIVERSITY,2013,2854
US-BRENAU-UNIVERSITY,2014,2789
US-BRENAU-UNIVERSITY,2015,2883
US-BRENAU-UNIVERSITY,2016,2899
US-BRENAU-UNIVERSITY,2017,2932
US-BRENAU-UNIVERSITY,2018,2842
US-BRENAU-UNIVERSITY,2019,2817
US-BRENAU-UNIVERSITY,2020,2813
US-BRENAU-UNIVERSITY,2021,2551
US-BRENAU-UNIVERSITY,2022,2704
US-BRENAU-UNIVERSITY,2023,2420
US-BRENAU-UNIVERSITY,2024,
US-DRAKE-UNIVERSITY,2000,5126
US-DRAKE-UNIVERSITY,2001,5150
US-DRAKE-UNIVERSITY,2002,5127
US-DRAKE-UNIVERSITY,2003,5160
US-DRAKE-UNIVERSITY,2004,5221
US-DRAKE-UNIVERSITY,2005,5277
US-DRAKE-UNIVERSITY,2006,5366
US-DRAKE-UNIVERSITY,2007,5617
US-DRAKE-UNIVERSITY,2008,5668
US-DRAKE-UNIVERSITY,2009,5653
US-DRAKE-UNIVERSITY,2010,5616
US-DRAKE-UNIVERSITY,2011,5384
US-DRAKE-UNIVERSITY,2012,5270
US-DRAKE-UNIVERSITY,2013,5139
US-DRAKE-UNIVERSITY,2014,5062
US-DRAKE-UNIVERSITY,2015,4991
US-DRAKE-UNIVERSITY,2016,5001
US-DRAKE-UNIVERSITY,2017,4904
US-DRAKE-UNIVERSITY,2018,4869
US-DRAKE-UNIVERSITY,2019,4884
US-DRAKE-UNIVERSITY,2020,4774
US-DRAKE-UNIVERSITY,2021,4875
US-DRAKE-UNIVERSITY,2022,4685
US-DRAKE-UNIVERSITY,2023,4504
US-DRAKE-UNIVERSITY,2024,
US-LESLEY-UNIVERSITY,2000,6840
US-LESLEY-UNIVERSITY,2001,6358
US-LESLEY-UNIVERSITY,2002,6864
US-LESLEY-UNIVERSITY,2003,7295
US-LESLEY-UNIVERSITY,2004,7046
US-LESLEY-UNIVERSITY,2005,7808
US-LESLEY-UNIVERSITY,2006,6981
US-LESLEY-UNIVERSITY,2007,7003
US-LESLEY-UNIVERSITY,2008,6690
US-LESLEY-UNIVERSITY,2009,6173
US-LESLEY-UNIVERSITY,2010,5999
US-LESLEY-UNIVERSITY,2011,5896
US-LESLEY-UNIVERSITY,2012,5944
US-LESLEY-UNIVERSITY,2013,5195
US-LESLEY-UNIVERSITY,2014,4859
US-LESLEY-UNIVERSITY,2015,5067
US-LESLEY-UNIVERSITY,2016,4865
US-LESLEY-UNIVERSITY,2017,4732
US-LESLEY-UNIVERSITY,2018,4838
US-LESLEY-UNIVERSITY,2019,4510
US-LESLEY-UNIVERSITY,2020,4200
US-LESLEY-UNIVERSITY,2021,4010
US-LESLEY-UNIVERSITY,2022,3406
US-LESLEY-UNIVERSITY,2023,3134
US-LESLEY-UNIVERSITY,2024,
US-MARY-BALDWIN-UNIVERSITY,2000,1451
US-MARY-BALDWIN-UNIVERSITY,2001,1564
US-MARY-BALDWIN-UNIVERSITY,2002,1625
US-MARY-BALDWIN-UNIVERSITY,2003,1731
US-MARY-BALDWIN-UNIVERSITY,2004,1718
US-MARY-BALDWIN-UNIVERSITY,2005,1740
US-MARY-BALDWIN-UNIVERSITY,2006,1755
US-MARY-BALDWIN-UNIVERSITY,2007,1685
US-MARY-BALDWIN-UNIVERSITY,2008,1738
US-MARY-BALDWIN-UNIVERSITY,2009,1782
US-MARY-BALDWIN-UNIVERSITY,2010,1849
US-MARY-BALDWIN-UNIVERSITY,2011,1783
US-MARY-BALDWIN-UNIVERSITY,2012,1791
US-MARY-BALDWIN-UNIVERSITY,2013,1711
US-MARY-BALDWIN-UNIVERSITY,2014,1757
US-MARY-BALDWIN-UNIVERSITY,2015,1666
US-MARY-BALDWIN-UNIVERSITY,2016,1748
US-MARY-BALDWIN-UNIVERSITY,2017,1654
US-MARY-BALDWIN-UNIVERSITY,2018,1902
US-MARY-BALDWIN-UNIVERSITY,2019,1986
US-MARY-BALDWIN-UNIVERSITY,2020,2110
US-MARY-BALDWIN-UNIVERSITY,2021,2142
US-MARY-BALDWIN-UNIVERSITY,2022,1957
US-MARY-BALDWIN-UNIVERSITY,2023,1792
US-MARY-BALDWIN-UNIVERSITY,2024,
US-MASTERS-UNIVERSITY-AND-SEMINARY,2000,1448
US-MASTERS-UNIVERSITY-AND-SEMINARY,2001,1524
US-MASTERS-UNIVERSITY-AND-SEMINARY,2002,1503
US-MASTERS-UNIVERSITY-AND-SEMINARY,2003,1461
US-MASTERS-UNIVERSITY-AND-SEMINARY,2004,1523
US-MASTERS-UNIVERSITY-AND-SEMINARY,2005,1555
US-MASTERS-UNIVERSITY-AND-SEMINARY,2006,1545
US-MASTERS-UNIVERSITY-AND-SEMINARY,2007,1511
US-MASTERS-UNIVERSITY-AND-SEMINARY,2008,1417
US-MASTERS-UNIVERSITY-AND-SEMINARY,2009,1348
US-MASTERS-UNIVERSITY-AND-SEMINARY,2010,1442
US-MASTERS-UNIVERSITY-AND-SEMINARY,2011,1596
US-MASTERS-UNIVERSITY-AND-SEMINARY,2012,1534
US-MASTERS-UNIVERSITY-AND-SEMINARY,2013,1499
US-MASTERS-UNIVERSITY-AND-SEMINARY,2014,1572
US-MASTERS-UNIVERSITY-AND-SEMINARY,2015,1713
US-MASTERS-UNIVERSITY-AND-SEMINARY,2016,1895
US-MASTERS-UNIVERSITY-AND-SEMINARY,2017,1946
US-MASTERS-UNIVERSITY-AND-SEMINARY,2018,2057
US-MASTERS-UNIVERSITY-AND-SEMINARY,2019,2006
US-MASTERS-UNIVERSITY-AND-SEMINARY,2020,2449
US-MASTERS-UNIVERSITY-AND-SEMINARY,2021,2435
US-MASTERS-UNIVERSITY-AND-SEMINARY,2022,2606
US-MASTERS-UNIVERSITY-AND-SEMINARY,2023,2799
US-MASTERS-UNIVERSITY-AND-SEMINARY,2024,
US-UNIVERSITY-OF-LA-VERNE,2000,6603
US-UNIVERSITY-OF-LA-VERNE,2001,7283
US-UNIVERSITY-OF-LA-VERNE,2002,7519
US-UNIVERSITY-OF-LA-VERNE,2003,7471
US-UNIVERSITY-OF-LA-VERNE,2004,8140
US-UNIVERSITY-OF-LA-VERNE,2005,8148
US-UNIVERSITY-OF-LA-VERNE,2006,7482
US-UNIVERSITY-OF-LA-VERNE,2007,7370
US-UNIVERSITY-OF-LA-VERNE,2008,7511
US-UNIVERSITY-OF-LA-VERNE,2009,7482
US-UNIVERSITY-OF-LA-VERNE,2010,8032
US-UNIVERSITY-OF-LA-VERNE,2011,8370
US-UNIVERSITY-OF-LA-VERNE,2012,8628
US-UNIVERSITY-OF-LA-VERNE,2013,8796
US-UNIVERSITY-OF-LA-VERNE,2014,8517
US-UNIVERSITY-OF-LA-VERNE,2015,8334
US-UNIVERSITY-OF-LA-VERNE,2016,8369
US-UNIVERSITY-OF-LA-VERNE,2017,8159
US-UNIVERSITY-OF-LA-VERNE,2018,8064
US-UNIVERSITY-OF-LA-VERNE,2019,7396
US-UNIVERSITY-OF-LA-VERNE,2020,6983
US-UNIVERSITY-OF-LA-VERNE,2021,6201
US-UNIVERSITY-OF-LA-VERNE,2022,5662
US-UNIVERSITY-OF-LA-VERNE,2023,5596
US-UNIVERSITY-OF-LA-VERNE,2024,
US-UNIVERSITY-OF-PIKEVILLE,2000,1156
US-UNIVERSITY-OF-PIKEVILLE,2001,1194
US-UNIVERSITY-OF-PIKEVILLE,2002,1201
US-UNIVERSITY-OF-PIKEVILLE,2003,1013
US-UNIVERSITY-OF-PIKEVILLE,2004,1066
US-UNIVERSITY-OF-PIKEVILLE,2005,1129
US-UNIVERSITY-OF-PIKEVILLE,2006,1098
US-UNIVERSITY-OF-PIKEVILLE,2007,1100
US-UNIVERSITY-OF-PIKEVILLE,2008,1077
US-UNIVERSITY-OF-PIKEVILLE,2009,1009
US-UNIVERSITY-OF-PIKEVILLE,2010,1325
US-UNIVERSITY-OF-PIKEVILLE,2011,1839
US-UNIVERSITY-OF-PIKEVILLE,2012,2032
US-UNIVERSITY-OF-PIKEVILLE,2013,2205
US-UNIVERSITY-OF-PIKEVILLE,2014,2458
US-UNIVERSITY-OF-PIKEVILLE,2015,2531
US-UNIVERSITY-OF-PIKEVILLE,2016,2365
US-UNIVERSITY-OF-PIKEVILLE,2017,2336
US-UNIVERSITY-OF-PIKEVILLE,2018,2317
US-UNIVERSITY-OF-PIKEVILLE,2019,2261
US-UNIVERSITY-OF-PIKEVILLE,2020,2240
US-UNIVERSITY-OF-PIKEVILLE,2021,2269
US-UNIVERSITY-OF-PIKEVILLE,2022,2434
US-UNIVERSITY-OF-PIKEVILLE,2023,2610
US-UNIVERSITY-OF-PIKEVILLE,2024,
US-SOUTHERN-UNIVERSITY-AND-A-AND-M-COLLEGE,2000,9449
US-SOUTHERN-UNIVERSITY-AND-A-AND-M-COLLEGE,2001,9035
US-SOUTHERN-UNIVERSITY-AND-A-AND-M-COLLEGE,2002,8888
US-SOUTHERN-UNIVERSITY-AND-A-AND-M-COLLEGE,2003,8884
US-SOUTHERN-UNIVERSITY-AND-A-AND-M-COLLEGE,2004,9438
US-SOUTHERN-UNIVERSITY-AND-A-AND-M-COLLEGE,2005,10364
US-SOUTHERN-UNIVERSITY-AND-A-AND-M-COLLEGE,2006,8624
US-SOUTHERN-UNIVERSITY-AND-A-AND-M-COLLEGE,2007,8288
US-SOUTHERN-UNIVERSITY-AND-A-AND-M-COLLEGE,2008,7669
US-SOUTHERN-UNIVERSITY-AND-A-AND-M-COLLEGE,2009,7619
US-SOUTHERN-UNIVERSITY-AND-A-AND-M-COLLEGE,2010,6897
US-SOUTHERN-UNIVERSITY-AND-A-AND-M-COLLEGE,2011,6866
US-SOUTHERN-UNIVERSITY-AND-A-AND-M-COLLEGE,2012,6397
US-SOUTHERN-UNIVERSITY-AND-A-AND-M-COLLEGE,2013,6777
US-SOUTHERN-UNIVERSITY-AND-A-AND-M-COLLEGE,2014,6330
US-SOUTHERN-UNIVERSITY-AND-A-AND-M-COLLEGE,2015,6401
US-SOUTHERN-UNIVERSITY-AND-A-AND-M-COLLEGE,2016,5877
US-SOUTHERN-UNIVERSITY-AND-A-AND-M-COLLEGE,2017,6118
US-SOUTHERN-UNIVERSITY-AND-A-AND-M-COLLEGE,2018,6693
US-SOUTHERN-UNIVERSITY-AND-A-AND-M-COLLEGE,2019,7140
US-SOUTHERN-UNIVERSITY-AND-A-AND-M-COLLEGE,2020,6917
US-SOUTHERN-UNIVERSITY-AND-A-AND-M-COLLEGE,2021,8317
US-SOUTHERN-UNIVERSITY-AND-A-AND-M-COLLEGE,2022,8226
US-SOUTHERN-UNIVERSITY-AND-A-AND-M-COLLEGE,2023,8249
US-SOUTHERN-UNIVERSITY-AND-A-AND-M-COLLEGE,2024,
US-NORTHERN-ILLINOIS-UNIVERSITY,2000,23248
US-NORTHERN-ILLINOIS-UNIVERSITY,2001,23783
US-NORTHERN-ILLINOIS-UNIVERSITY,2002,24948
US-NORTHERN-ILLINOIS-UNIVERSITY,2003,25260
US-NORTHERN-ILLINOIS-UNIVERSITY,2004,24820
US-NORTHERN-ILLINOIS-UNIVERSITY,2005,25208
US-NORTHERN-ILLINOIS-UNIVERSITY,2006,25313
US-NORTHERN-ILLINOIS-UNIVERSITY,2007,25254
US-NORTHERN-ILLINOIS-UNIVERSITY,2008,24397
US-NORTHERN-ILLINOIS-UNIVERSITY,2009,24424
US-NORTHERN-ILLINOIS-UNIVERSITY,2010,23850
US-NORTHERN-ILLINOIS-UNIVERSITY,2011,22990
US-NORTHERN-ILLINOIS-UNIVERSITY,2012,21869
US-NORTHERN-ILLINOIS-UNIVERSITY,2013,21138
US-NORTHERN-ILLINOIS-UNIVERSITY,2014,20611
US-NORTHERN-ILLINOIS-UNIVERSITY,2015,20130
US-NORTHERN-ILLINOIS-UNIVERSITY,2016,19015
US-NORTHERN-ILLINOIS-UNIVERSITY,2017,18045
US-NORTHERN-ILLINOIS-UNIVERSITY,2018,17169
US-NORTHERN-ILLINOIS-UNIVERSITY,2019,16609
US-NORTHERN-ILLINOIS-UNIVERSITY,2020,16769
US-NORTHERN-ILLINOIS-UNIVERSITY,2021,16234
US-NORTHERN-ILLINOIS-UNIVERSITY,2022,15649
US-NORTHERN-ILLINOIS-UNIVERSITY,2023,15504
US-NORTHERN-ILLINOIS-UNIVERSITY,2024,
US-SAINT-JOSEPHS-UNIVERSITY,2000,6961
US-SAINT-JOSEPHS-UNIVERSITY,2001,7353
US-SAINT-JOSEPHS-UNIVERSITY,2002,7318
US-SAINT-JOSEPHS-UNIVERSITY,2003,7565
US-SAINT-JOSEPHS-UNIVERSITY,2004,7730
US-SAINT-JOSEPHS-UNIVERSITY,2005,7714
US-SAINT-JOSEPHS-UNIVERSITY,2006,7535
US-SAINT-JOSEPHS-UNIVERSITY,2007,7542
US-SAINT-JOSEPHS-UNIVERSITY,2008,7900
US-SAINT-JOSEPHS-UNIVERSITY,2009,8337
US-SAINT-JOSEPHS-UNIVERSITY,2010,8916
US-SAINT-JOSEPHS-UNIVERSITY,2011,9011
US-SAINT-JOSEPHS-UNIVERSITY,2012,8805
US-SAINT-JOSEPHS-UNIVERSITY,2013,8954
US-SAINT-JOSEPHS-UNIVERSITY,2014,8974
US-SAINT-JOSEPHS-UNIVERSITY,2015,8625
US-SAINT-JOSEPHS-UNIVERSITY,2016,8415
US-SAINT-JOSEPHS-UNIVERSITY,2017,8085
US-SAINT-JOSEPHS-UNIVERSITY,2018,7589
US-SAINT-JOSEPHS-UNIVERSITY,2019,7362
US-SAINT-JOSEPHS-UNIVERSITY,2020,6779
US-SAINT-JOSEPHS-UNIVERSITY,2021,6464
US-SAINT-JOSEPHS-UNIVERSITY,2022,7861
US-SAINT-JOSEPHS-UNIVERSITY,2023,7201
US-SAINT-JOSEPHS-UNIVERSITY,2024,
US-GARDNER-WEBB-UNIVERSITY,2000,3194
US-GARDNER-WEBB-UNIVERSITY,2001,3544
US-GARDNER-WEBB-UNIVERSITY,2002,3805
US-GARDNER-WEBB-UNIVERSITY,2003,3864
US-GARDNER-WEBB-UNIVERSITY,2004,3697
US-GARDNER-WEBB-UNIVERSITY,2005,3709
US-GARDNER-WEBB-UNIVERSITY,2006,3556
US-GARDNER-WEBB-UNIVERSITY,2007,3892
US-GARDNER-WEBB-UNIVERSITY,2008,4070
US-GARDNER-WEBB-UNIVERSITY,2009,3909
US-GARDNER-WEBB-UNIVERSITY,2010,4282
US-GARDNER-WEBB-UNIVERSITY,2011,4703
US-GARDNER-WEBB-UNIVERSITY,2012,4868
US-GARDNER-WEBB-UNIVERSITY,2013,4656
US-GARDNER-WEBB-UNIVERSITY,2014,4470
US-GARDNER-WEBB-UNIVERSITY,2015,4329
US-GARDNER-WEBB-UNIVERSITY,2016,3915
US-GARDNER-WEBB-UNIVERSITY,2017,3818
US-GARDNER-WEBB-UNIVERSITY,2018,3598
US-GARDNER-WEBB-UNIVERSITY,2019,3518
US-GARDNER-WEBB-UNIVERSITY,2020,3536
US-GARDNER-WEBB-UNIVERSITY,2021,3441
US-GARDNER-WEBB-UNIVERSITY,2022,3144
US-GARDNER-WEBB-UNIVERSITY,2023,3125
US-GARDNER-WEBB-UNIVERSITY,2024,
US-LIPSCOMB-UNIVERSITY,2000,2528
US-LIPSCOMB-UNIVERSITY,2001,2621
US-LIPSCOMB-UNIVERSITY,2002,2583
US-LIPSCOMB-UNIVERSITY,2003,2644
US-LIPSCOMB-UNIVERSITY,2004,2535
US-LIPSCOMB-UNIVERSITY,2005,2517
US-LIPSCOMB-UNIVERSITY,2006,2565
US-LIPSCOMB-UNIVERSITY,2007,2744
US-LIPSCOMB-UNIVERSITY,2008,3071
US-LIPSCOMB-UNIVERSITY,2009,3413
US-LIPSCOMB-UNIVERSITY,2010,3742
US-LIPSCOMB-UNIVERSITY,2011,4010
US-LIPSCOMB-UNIVERSITY,2012,4254
US-LIPSCOMB-UNIVERSITY,2013,4580
US-LIPSCOMB-UNIVERSITY,2014,4489
US-LIPSCOMB-UNIVERSITY,2015,4680
US-LIPSCOMB-UNIVERSITY,2016,4632
US-LIPSCOMB-UNIVERSITY,2017,4642
US-LIPSCOMB-UNIVERSITY,2018,4620
US-LIPSCOMB-UNIVERSITY,2019,4595
US-LIPSCOMB-UNIVERSITY,2020,4884
US-LIPSCOMB-UNIVERSITY,2021,4778
US-LIPSCOMB-UNIVERSITY,2022,4898
US-LIPSCOMB-UNIVERSITY,2023,5047
US-LIPSCOMB-UNIVERSITY,2024,
US-TEXAS-WOMANS-UNIVERSITY,2000,8404
US-TEXAS-WOMANS-UNIVERSITY,2001,7928
US-TEXAS-WOMANS-UNIVERSITY,2002,8694
US-TEXAS-WOMANS-UNIVERSITY,2003,9709
US-TEXAS-WOMANS-UNIVERSITY,2004,10750
US-TEXAS-WOMANS-UNIVERSITY,2005,11344
US-TEXAS-WOMANS-UNIVERSITY,2006,11832
US-TEXAS-WOMANS-UNIVERSITY,2007,12168
US-TEXAS-WOMANS-UNIVERSITY,2008,12465
US-TEXAS-WOMANS-UNIVERSITY,2009,13338
US-TEXAS-WOMANS-UNIVERSITY,2010,14180
US-TEXAS-WOMANS-UNIVERSITY,2011,14718
US-TEXAS-WOMANS-UNIVERSITY,2012,15168
US-TEXAS-WOMANS-UNIVERSITY,2013,15058
US-TEXAS-WOMANS-UNIVERSITY,2014,15071
US-TEXAS-WOMANS-UNIVERSITY,2015,15286
US-TEXAS-WOMANS-UNIVERSITY,2016,15655
US-TEXAS-WOMANS-UNIVERSITY,2017,15473
US-TEXAS-WOMANS-UNIVERSITY,2018,15518
US-TEXAS-WOMANS-UNIVERSITY,2019,15886
US-TEXAS-WOMANS-UNIVERSITY,2020,16433
US-TEXAS-WOMANS-UNIVERSITY,2021,16338
US-TEXAS-WOMANS-UNIVERSITY,2022,15958
US-TEXAS-WOMANS-UNIVERSITY,2023,15664
US-TEXAS-WOMANS-UNIVERSITY,2024,
US-UNIVERSITY-OF-THE-INCARNATE-WORD,2000,3702
US-UNIVERSITY-OF-THE-INCARNATE-WORD,2001,4283
US-UNIVERSITY-OF-THE-INCARNATE-WORD,2002,4077
US-UNIVERSITY-OF-THE-INCARNATE-WORD,2003,4333
US-UNIVERSITY-OF-THE-INCARNATE-WORD,2004,4698
US-UNIVERSITY-OF-THE-INCARNATE-WORD,2005,5046
US-UNIVERSITY-OF-THE-INCARNATE-WORD,2006,5388
US-UNIVERSITY-OF-THE-INCARNATE-WORD,2007,5752
US-UNIVERSITY-OF-THE-INCARNATE-WORD,2008,6361
US-UNIVERSITY-OF-THE-INCARNATE-WORD,2009,6756
US-UNIVERSITY-OF-THE-INCARNATE-WORD,2010,7214
US-UNIVERSITY-OF-THE-INCARNATE-WORD,2011,7782
US-UNIVERSITY-OF-THE-INCARNATE-WORD,2012,8442
US-UNIVERSITY-OF-THE-INCARNATE-WORD,2013,8685
US-UNIVERSITY-OF-THE-INCARNATE-WORD,2014,8745
US-UNIVERSITY-OF-THE-INCARNATE-WORD,2015,8666
US-UNIVERSITY-OF-THE-INCARNATE-WORD,2016,8906
US-UNIVERSITY-OF-THE-INCARNATE-WORD,2017,8603
US-UNIVERSITY-OF-THE-INCARNATE-WORD,2018,8263
US-UNIVERSITY-OF-THE-INCARNATE-WORD,2019,8175
US-UNIVERSITY-OF-THE-INCARNATE-WORD,2020,7917
US-UNIVERSITY-OF-THE-INCARNATE-WORD,2021,7508
US-UNIVERSITY-OF-THE-INCARNATE-WORD,2022,7305
US-UNIVERSITY-OF-THE-INCARNATE-WORD,2023,7251
US-UNIVERSITY-OF-THE-INCARNATE-WORD,2024,
US-UNIVERSITY-OF-WESTERN-STATES,2000,364
US-UNIVERSITY-OF-WESTERN-STATES,2001,331
US-UNIVERSITY-OF-WESTERN-STATES,2002,355
US-UNIVERSITY-OF-WESTERN-STATES,2003,372
US-UNIVERSITY-OF-WESTERN-STATES,2004,405
US-UNIVERSITY-OF-WESTERN-STATES,2005,423
US-UNIVERSITY-OF-WESTERN-STATES,2006,433
US-UNIVERSITY-OF-WESTERN-STATES,2007,453
US-UNIVERSITY-OF-WESTERN-STATES,2008,449
US-UNIVERSITY-OF-WESTERN-STATES,2009,474
US-UNIVERSITY-OF-WESTERN-STATES,2010,514
US-UNIVERSITY-OF-WESTERN-STATES,2011,531
US-UNIVERSITY-OF-WESTERN-STATES,2012,589
US-UNIVERSITY-OF-WESTERN-STATES,2013,663
US-UNIVERSITY-OF-WESTERN-STATES,2014,690
US-UNIVERSITY-OF-WESTERN-STATES,2015,839
US-UNIVERSITY-OF-WESTERN-STATES,2016,922
US-UNIVERSITY-OF-WESTERN-STATES,2017,1041
US-UNIVERSITY-OF-WESTERN-STATES,2018,1076
US-UNIVERSITY-OF-WESTERN-STATES,2019,1097
US-UNIVERSITY-OF-WESTERN-STATES,2020,1195
US-UNIVERSITY-OF-WESTERN-STATES,2021,1141
US-UNIVERSITY-OF-WESTERN-STATES,2022,1096
US-UNIVERSITY-OF-WESTERN-STATES,2023,979
US-UNIVERSITY-OF-WESTERN-STATES,2024,
US-DELAWARE-STATE-UNIVERSITY,2000,3103
US-DELAWARE-STATE-UNIVERSITY,2001,3343
US-DELAWARE-STATE-UNIVERSITY,2002,3367
US-DELAWARE-STATE-UNIVERSITY,2003,3178
US-DELAWARE-STATE-UNIVERSITY,2004,3270
US-DELAWARE-STATE-UNIVERSITY,2005,3722
US-DELAWARE-STATE-UNIVERSITY,2006,3690
US-DELAWARE-STATE-UNIVERSITY,2007,3756
US-DELAWARE-STATE-UNIVERSITY,2008,3534
US-DELAWARE-STATE-UNIVERSITY,2009,3609
US-DELAWARE-STATE-UNIVERSITY,2010,3757
US-DELAWARE-STATE-UNIVERSITY,2011,4154
US-DELAWARE-STATE-UNIVERSITY,2012,4324
US-DELAWARE-STATE-UNIVERSITY,2013,4336
US-DELAWARE-STATE-UNIVERSITY,2014,4397
US-DELAWARE-STATE-UNIVERSITY,2015,4288
US-DELAWARE-STATE-UNIVERSITY,2016,4328
US-DELAWARE-STATE-UNIVERSITY,2017,4352
US-DELAWARE-STATE-UNIVERSITY,2018,4586
US-DELAWARE-STATE-UNIVERSITY,2019,4768
US-DELAWARE-STATE-UNIVERSITY,2020,4739
US-DELAWARE-STATE-UNIVERSITY,2021,5200
US-DELAWARE-STATE-UNIVERSITY,2022,5826
US-DELAWARE-STATE-UNIVERSITY,2023,5828
US-DELAWARE-STATE-UNIVERSITY,2024,
US-EAST-TEXAS-A-AND-M-UNIVERSITY,2000,7508
US-EAST-TEXAS-A-AND-M-UNIVERSITY,2001,7988
US-EAST-TEXAS-A-AND-M-UNIVERSITY,2002,8542
US-EAST-TEXAS-A-AND-M-UNIVERSITY,2003,8391
US-EAST-TEXAS-A-AND-M-UNIVERSITY,2004,8620
US-EAST-TEXAS-A-AND-M-UNIVERSITY,2005,8777
US-EAST-TEXAS-A-AND-M-UNIVERSITY,2006,8471
US-EAST-TEXAS-A-AND-M-UNIVERSITY,2007,8813
US-EAST-TEXAS-A-AND-M-UNIVERSITY,2008,8725
US-EAST-TEXAS-A-AND-M-UNIVERSITY,2009,9021
US-EAST-TEXAS-A-AND-M-UNIVERSITY,2010,10787
US-EAST-TEXAS-A-AND-M-UNIVERSITY,2011,11417
US-EAST-TEXAS-A-AND-M-UNIVERSITY,2012,11861
US-EAST-TEXAS-A-AND-M-UNIVERSITY,2013,11591
US-EAST-TEXAS-A-AND-M-UNIVERSITY,2014,12111
US-EAST-TEXAS-A-AND-M-UNIVERSITY,2015,12928
US-EAST-TEXAS-A-AND-M-UNIVERSITY,2016,13514
US-EAST-TEXAS-A-AND-M-UNIVERSITY,2017,13244
US-EAST-TEXAS-A-AND-M-UNIVERSITY,2018,12411
US-EAST-TEXAS-A-AND-M-UNIVERSITY,2019,12109
US-EAST-TEXAS-A-AND-M-UNIVERSITY,2020,12249
US-EAST-TEXAS-A-AND-M-UNIVERSITY,2021,11504
US-EAST-TEXAS-A-AND-M-UNIVERSITY,2022,11306
US-EAST-TEXAS-A-AND-M-UNIVERSITY,2023,12013
US-EAST-TEXAS-A-AND-M-UNIVERSITY,2024,
US-FLORIDA-INSTITUTE-OF-TECHNOLOGY,2000,4248
US-FLORIDA-INSTITUTE-OF-TECHNOLOGY,2001,4409
US-FLORIDA-INSTITUTE-OF-TECHNOLOGY,2002,4506
US-FLORIDA-INSTITUTE-OF-TECHNOLOGY,2003,4689
US-FLORIDA-INSTITUTE-OF-TECHNOLOGY,2004,4683
US-FLORIDA-INSTITUTE-OF-TECHNOLOGY,2005,4745
US-FLORIDA-INSTITUTE-OF-TECHNOLOGY,2006,4741
US-FLORIDA-INSTITUTE-OF-TECHNOLOGY,2007,5118
US-FLORIDA-INSTITUTE-OF-TECHNOLOGY,2008,6400
US-FLORIDA-INSTITUTE-OF-TECHNOLOGY,2009,8227
US-FLORIDA-INSTITUTE-OF-TECHNOLOGY,2010,8985
US-FLORIDA-INSTITUTE-OF-TECHNOLOGY,2011,8980
US-FLORIDA-INSTITUTE-OF-TECHNOLOGY,2012,5384
US-FLORIDA-INSTITUTE-OF-TECHNOLOGY,2013,5644
US-FLORIDA-INSTITUTE-OF-TECHNOLOGY,2014,6393
US-FLORIDA-INSTITUTE-OF-TECHNOLOGY,2015,6631
US-FLORIDA-INSTITUTE-OF-TECHNOLOGY,2016,6451
US-FLORIDA-INSTITUTE-OF-TECHNOLOGY,2017,6379
US-FLORIDA-INSTITUTE-OF-TECHNOLOGY,2018,6271
US-FLORIDA-INSTITUTE-OF-TECHNOLOGY,2019,6022
US-FLORIDA-INSTITUTE-OF-TECHNOLOGY,2020,6775
US-FLORIDA-INSTITUTE-OF-TECHNOLOGY,2021,7830
US-FLORIDA-INSTITUTE-OF-TECHNOLOGY,2022,8315
US-FLORIDA-INSTITUTE-OF-TECHNOLOGY,2023,8516
US-FLORIDA-INSTITUTE-OF-TECHNOLOGY,2024,
US-GEORGIA-SOUTHERN-UNIVERSITY,2000,14184
US-GEORGIA-SOUTHERN-UNIVERSITY,2001,14371
US-GEORGIA-SOUTHERN-UNIVERSITY,2002,15075
US-GEORGIA-SOUTHERN-UNIVERSITY,2003,15704
US-GEORGIA-SOUTHERN-UNIVERSITY,2004,16100
US-GEORGIA-SOUTHERN-UNIVERSITY,2005,16646
US-GEORGIA-SOUTHERN-UNIVERSITY,2006,16425
US-GEORGIA-SOUTHERN-UNIVERSITY,2007,16841
US-GEORGIA-SOUTHERN-UNIVERSITY,2008,17764
US-GEORGIA-SOUTHERN-UNIVERSITY,2009,19086
US-GEORGIA-SOUTHERN-UNIVERSITY,2010,19691
US-GEORGIA-SOUTHERN-UNIVERSITY,2011,20212
US-GEORGIA-SOUTHERN-UNIVERSITY,2012,20574
US-GEORGIA-SOUTHERN-UNIVERSITY,2013,20517
US-GEORGIA-SOUTHERN-UNIVERSITY,2014,20517
US-GEORGIA-SOUTHERN-UNIVERSITY,2015,20459
US-GEORGIA-SOUTHERN-UNIVERSITY,2016,20673
US-GEORGIA-SOUTHERN-UNIVERSITY,2017,20418
US-GEORGIA-SOUTHERN-UNIVERSITY,2018,26408
US-GEORGIA-SOUTHERN-UNIVERSITY,2019,26054
US-GEORGIA-SOUTHERN-UNIVERSITY,2020,26949
US-GEORGIA-SOUTHERN-UNIVERSITY,2021,27076
US-GEORGIA-SOUTHERN-UNIVERSITY,2022,25481
US-GEORGIA-SOUTHERN-UNIVERSITY,2023,26041
US-GEORGIA-SOUTHERN-UNIVERSITY,2024,
US-LOUISIANA-TECH-UNIVERSITY,2000,10363
US-LOUISIANA-TECH-UNIVERSITY,2001,10694
US-LOUISIANA-TECH-UNIVERSITY,2002,11257
US-LOUISIANA-TECH-UNIVERSITY,2003,11960
US-LOUISIANA-TECH-UNIVERSITY,2004,11691
US-LOUISIANA-TECH-UNIVERSITY,2005,11593
US-LOUISIANA-TECH-UNIVERSITY,2006,11203
US-LOUISIANA-TECH-UNIVERSITY,2007,10564
US-LOUISIANA-TECH-UNIVERSITY,2008,10917
US-LOUISIANA-TECH-UNIVERSITY,2009,11264
US-LOUISIANA-TECH-UNIVERSITY,2010,11743
US-LOUISIANA-TECH-UNIVERSITY,2011,11518
US-LOUISIANA-TECH-UNIVERSITY,2012,11304
US-LOUISIANA-TECH-UNIVERSITY,2013,11015
US-LOUISIANA-TECH-UNIVERSITY,2014,11225
US-LOUISIANA-TECH-UNIVERSITY,2015,12371
US-LOUISIANA-TECH-UNIVERSITY,2016,12672
US-LOUISIANA-TECH-UNIVERSITY,2017,12314
US-LOUISIANA-TECH-UNIVERSITY,2018,11909
US-LOUISIANA-TECH-UNIVERSITY,2019,11510
US-LOUISIANA-TECH-UNIVERSITY,2020,11126
US-LOUISIANA-TECH-UNIVERSITY,2021,11037
US-LOUISIANA-TECH-UNIVERSITY,2022,10839
US-LOUISIANA-TECH-UNIVERSITY,2023,11427
US-LOUISIANA-TECH-UNIVERSITY,2024,
US-TENNESSEE-TECHNOLOGICAL-UNIVERSITY,2000,8410
US-TENNESSEE-TECHNOLOGICAL-UNIVERSITY,2001,8653
US-TENNESSEE-TECHNOLOGICAL-UNIVERSITY,2002,8890
US-TENNESSEE-TECHNOLOGICAL-UNIVERSITY,2003,9107
US-TENNESSEE-TECHNOLOGICAL-UNIVERSITY,2004,9217
US-TENNESSEE-TECHNOLOGICAL-UNIVERSITY,2005,9313
US-TENNESSEE-TECHNOLOGICAL-UNIVERSITY,2006,9733
US-TENNESSEE-TECHNOLOGICAL-UNIVERSITY,2007,10321
US-TENNESSEE-TECHNOLOGICAL-UNIVERSITY,2008,10793
US-TENNESSEE-TECHNOLOGICAL-UNIVERSITY,2009,10847
US-TENNESSEE-TECHNOLOGICAL-UNIVERSITY,2010,11538
US-TENNESSEE-TECHNOLOGICAL-UNIVERSITY,2011,11768
US-TENNESSEE-TECHNOLOGICAL-UNIVERSITY,2012,11469
US-TENNESSEE-TECHNOLOGICAL-UNIVERSITY,2013,11118
US-TENNESSEE-TECHNOLOGICAL-UNIVERSITY,2014,11339
US-TENNESSEE-TECHNOLOGICAL-UNIVERSITY,2015,10900
US-TENNESSEE-TECHNOLOGICAL-UNIVERSITY,2016,10493
US-TENNESSEE-TECHNOLOGICAL-UNIVERSITY,2017,10504
US-TENNESSEE-TECHNOLOGICAL-UNIVERSITY,2018,10186
US-TENNESSEE-TECHNOLOGICAL-UNIVERSITY,2019,10140
US-TENNESSEE-TECHNOLOGICAL-UNIVERSITY,2020,10177
US-TENNESSEE-TECHNOLOGICAL-UNIVERSITY,2021,9840
US-TENNESSEE-TECHNOLOGICAL-UNIVERSITY,2022,9902
US-TENNESSEE-TECHNOLOGICAL-UNIVERSITY,2023,10117
US-TENNESSEE-TECHNOLOGICAL-UNIVERSITY,2024,
US-UNIVERSITY-OF-TEXAS-MEDICAL-BRANCH-GALVESTON,2000,1927
US-UNIVERSITY-OF-TEXAS-MEDICAL-BRANCH-GALVESTON,2001,1927
US-UNIVERSITY-OF-TEXAS-MEDICAL-BRANCH-GALVESTON,2002,1938
US-UNIVERSITY-OF-TEXAS-MEDICAL-BRANCH-GALVESTON,2003,1981
US-UNIVERSITY-OF-TEXAS-MEDICAL-BRANCH-GALVESTON,2004,2051
US-UNIVERSITY-OF-TEXAS-MEDICAL-BRANCH-GALVESTON,2005,2172
US-UNIVERSITY-OF-TEXAS-MEDICAL-BRANCH-GALVESTON,2006,2255
US-UNIVERSITY-OF-TEXAS-MEDICAL-BRANCH-GALVESTON,2007,2422
US-UNIVERSITY-OF-TEXAS-MEDICAL-BRANCH-GALVESTON,2008,2338
US-UNIVERSITY-OF-TEXAS-MEDICAL-BRANCH-GALVESTON,2009,2430
US-UNIVERSITY-OF-TEXAS-MEDICAL-BRANCH-GALVESTON,2010,2660
US-UNIVERSITY-OF-TEXAS-MEDICAL-BRANCH-GALVESTON,2011,2825
US-UNIVERSITY-OF-TEXAS-MEDICAL-BRANCH-GALVESTON,2012,3012
US-UNIVERSITY-OF-TEXAS-MEDICAL-BRANCH-GALVESTON,2013,3112
US-UNIVERSITY-OF-TEXAS-MEDICAL-BRANCH-GALVESTON,2014,3211
US-UNIVERSITY-OF-TEXAS-MEDICAL-BRANCH-GALVESTON,2015,3169
US-UNIVERSITY-OF-TEXAS-MEDICAL-BRANCH-GALVESTON,2016,3277
US-UNIVERSITY-OF-TEXAS-MEDICAL-BRANCH-GALVESTON,2017,3302
US-UNIVERSITY-OF-TEXAS-MEDICAL-BRANCH-GALVESTON,2018,3343
US-UNIVERSITY-OF-TEXAS-MEDICAL-BRANCH-GALVESTON,2019,3354
US-UNIVERSITY-OF-TEXAS-MEDICAL-BRANCH-GALVESTON,2020,3458
US-UNIVERSITY-OF-TEXAS-MEDICAL-BRANCH-GALVESTON,2021,3484
US-UNIVERSITY-OF-TEXAS-MEDICAL-BRANCH-GALVESTON,2022,3361
US-UNIVERSITY-OF-TEXAS-MEDICAL-BRANCH-GALVESTON,2023,3315
US-UNIVERSITY-OF-TEXAS-MEDICAL-BRANCH-GALVESTON,2024,
US-UNIVERSITY-OF-NEW-ORLEANS,2000,16218
US-UNIVERSITY-OF-NEW-ORLEANS,2001,17014
US-UNIVERSITY-OF-NEW-ORLEANS,2002,17320
US-UNIVERSITY-OF-NEW-ORLEANS,2003,17360
US-UNIVERSITY-OF-NEW-ORLEANS,2004,17350
US-UNIVERSITY-OF-NEW-ORLEANS,2005,6684
US-UNIVERSITY-OF-NEW-ORLEANS,2006,11747
US-UNIVERSITY-OF-NEW-ORLEANS,2007,11363
US-UNIVERSITY-OF-NEW-ORLEANS,2008,11428
US-UNIVERSITY-OF-NEW-ORLEANS,2009,11724
US-UNIVERSITY-OF-NEW-ORLEANS,2010,11276
US-UNIVERSITY-OF-NEW-ORLEANS,2011,10903
US-UNIVERSITY-OF-NEW-ORLEANS,2012,10071
US-UNIVERSITY-OF-NEW-ORLEANS,2013,9323
US-UNIVERSITY-OF-NEW-ORLEANS,2014,9234
US-UNIVERSITY-OF-NEW-ORLEANS,2015,8423
US-UNIVERSITY-OF-NEW-ORLEANS,2016,8037
US-UNIVERSITY-OF-NEW-ORLEANS,2017,7964
US-UNIVERSITY-OF-NEW-ORLEANS,2018,8151
US-UNIVERSITY-OF-NEW-ORLEANS,2019,8231
US-UNIVERSITY-OF-NEW-ORLEANS,2020,8375
US-UNIVERSITY-OF-NEW-ORLEANS,2021,7953
US-UNIVERSITY-OF-NEW-ORLEANS,2022,7111
US-UNIVERSITY-OF-NEW-ORLEANS,2023,6601
US-UNIVERSITY-OF-NEW-ORLEANS,2024,
US-BAKER-UNIVERSITY,2000,828
US-BAKER-UNIVERSITY,2001,902
US-BAKER-UNIVERSITY,2002,886
US-BAKER-UNIVERSITY,2003,895
US-BAKER-UNIVERSITY,2004,856
US-BAKER-UNIVERSITY,2005,916
US-BAKER-UNIVERSITY,2006,3932
US-BAKER-UNIVERSITY,2007,3959
US-BAKER-UNIVERSITY,2008,4112
US-BAKER-UNIVERSITY,2009,3853
US-BAKER-UNIVERSITY,2010,3661
US-BAKER-UNIVERSITY,2011,3535
US-BAKER-UNIVERSITY,2012,3211
US-BAKER-UNIVERSITY,2013,3076
US-BAKER-UNIVERSITY,2014,2957
US-BAKER-UNIVERSITY,2015,2689
US-BAKER-UNIVERSITY,2016,2726
US-BAKER-UNIVERSITY,2017,2694
US-BAKER-UNIVERSITY,2018,2769
US-BAKER-UNIVERSITY,2019,2595
US-BAKER-UNIVERSITY,2020,2279
US-BAKER-UNIVERSITY,2021,2364
US-BAKER-UNIVERSITY,2022,2105
US-BAKER-UNIVERSITY,2023,1945
US-BAKER-UNIVERSITY,2024,
US-DOMINICAN-UNIVERSITY-NEW-YORK,2000,1636
US-DOMINICAN-UNIVERSITY-NEW-YORK,2001,1618
US-DOMINICAN-UNIVERSITY-NEW-YORK,2002,1657
US-DOMINICAN-UNIVERSITY-NEW-YORK,2003,1406
US-DOMINICAN-UNIVERSITY-NEW-YORK,2004,1414
US-DOMINICAN-UNIVERSITY-NEW-YORK,2005,1563
US-DOMINICAN-UNIVERSITY-NEW-YORK,2006,1782
US-DOMINICAN-UNIVERSITY-NEW-YORK,2007,1931
US-DOMINICAN-UNIVERSITY-NEW-YORK,2008,1977
US-DOMINICAN-UNIVERSITY-NEW-YORK,2009,2099
US-DOMINICAN-UNIVERSITY-NEW-YORK,2010,2070
US-DOMINICAN-UNIVERSITY-NEW-YORK,2011,2058
US-DOMINICAN-UNIVERSITY-NEW-YORK,2012,2051
US-DOMINICAN-UNIVERSITY-NEW-YORK,2013,1998
US-DOMINICAN-UNIVERSITY-NEW-YORK,2014,1980
US-DOMINICAN-UNIVERSITY-NEW-YORK,2015,2061
US-DOMINICAN-UNIVERSITY-NEW-YORK,2016,2012
US-DOMINICAN-UNIVERSITY-NEW-YORK,2017,1954
US-DOMINICAN-UNIVERSITY-NEW-YORK,2018,1956
US-DOMINICAN-UNIVERSITY-NEW-YORK,2019,1868
US-DOMINICAN-UNIVERSITY-NEW-YORK,2020,1724
US-DOMINICAN-UNIVERSITY-NEW-YORK,2021,1527
US-DOMINICAN-UNIVERSITY-NEW-YORK,2022,1407
US-DOMINICAN-UNIVERSITY-NEW-YORK,2023,1378
US-DOMINICAN-UNIVERSITY-NEW-YORK,2024,
US-EDGEWOOD-COLLEGE,2000,2062
US-EDGEWOOD-COLLEGE,2001,2110
US-EDGEWOOD-COLLEGE,2002,2264
US-EDGEWOOD-COLLEGE,2003,2422
US-EDGEWOOD-COLLEGE,2004,2454
US-EDGEWOOD-COLLEGE,2005,2646
US-EDGEWOOD-COLLEGE,2006,2551
US-EDGEWOOD-COLLEGE,2007,2581
US-EDGEWOOD-COLLEGE,2008,2544
US-EDGEWOOD-COLLEGE,2009,2549
US-EDGEWOOD-COLLEGE,2010,2626
US-EDGEWOOD-COLLEGE,2011,2658
US-EDGEWOOD-COLLEGE,2012,3064
US-EDGEWOOD-COLLEGE,2013,2894
US-EDGEWOOD-COLLEGE,2014,2980
US-EDGEWOOD-COLLEGE,2015,2678
US-EDGEWOOD-COLLEGE,2016,2552
US-EDGEWOOD-COLLEGE,2017,2221
US-EDGEWOOD-COLLEGE,2018,2190
US-EDGEWOOD-COLLEGE,2019,2038
US-EDGEWOOD-COLLEGE,2020,2014
US-EDGEWOOD-COLLEGE,2021,1894
US-EDGEWOOD-COLLEGE,2022,1876
US-EDGEWOOD-COLLEGE,2023,2001
US-EDGEWOOD-COLLEGE,2024,
US-HUSSON-UNIVERSITY,2015,3416
US-HUSSON-UNIVERSITY,2016,3671
US-HUSSON-UNIVERSITY,2017,3648
US-HUSSON-UNIVERSITY,2018,3761
US-HUSSON-UNIVERSITY,2019,3744
US-HUSSON-UNIVERSITY,2020,3473
US-HUSSON-UNIVERSITY,2021,3311
US-HUSSON-UNIVERSITY,2022,3065
US-HUSSON-UNIVERSITY,2023,3133
US-HUSSON-UNIVERSITY,2024,
US-INDIANA-WESLEYAN-UNIVERSITY-NATIONAL-AND-GLOBAL,2016,11062
US-INDIANA-WESLEYAN-UNIVERSITY-NATIONAL-AND-GLOBAL,2017,10778
US-INDIANA-WESLEYAN-UNIVERSITY-NATIONAL-AND-GLOBAL,2018,10614
US-INDIANA-WESLEYAN-UNIVERSITY-NATIONAL-AND-GLOBAL,2019,11410
US-INDIANA-WESLEYAN-UNIVERSITY-NATIONAL-AND-GLOBAL,2020,10944
US-INDIANA-WESLEYAN-UNIVERSITY-NATIONAL-AND-GLOBAL,2021,10008
US-INDIANA-WESLEYAN-UNIVERSITY-NATIONAL-AND-GLOBAL,2022,10012
US-INDIANA-WESLEYAN-UNIVERSITY-NATIONAL-AND-GLOBAL,2023,12750
US-INDIANA-WESLEYAN-UNIVERSITY-NATIONAL-AND-GLOBAL,2024,
US-MOUNT-SAINT-JOSEPH-UNIVERSITY,2000,2221
US-MOUNT-SAINT-JOSEPH-UNIVERSITY,2001,2272
US-MOUNT-SAINT-JOSEPH-UNIVERSITY,2002,2068
US-MOUNT-SAINT-JOSEPH-UNIVERSITY,2003,2110
US-MOUNT-SAINT-JOSEPH-UNIVERSITY,2004,2158
US-MOUNT-SAINT-JOSEPH-UNIVERSITY,2005,2233
US-MOUNT-SAINT-JOSEPH-UNIVERSITY,2006,2259
US-MOUNT-SAINT-JOSEPH-UNIVERSITY,2007,2282
US-MOUNT-SAINT-JOSEPH-UNIVERSITY,2008,2133
US-MOUNT-SAINT-JOSEPH-UNIVERSITY,2009,2324
US-MOUNT-SAINT-JOSEPH-UNIVERSITY,2010,2475
US-MOUNT-SAINT-JOSEPH-UNIVERSITY,2011,2324
US-MOUNT-SAINT-JOSEPH-UNIVERSITY,2012,2294
US-MOUNT-SAINT-JOSEPH-UNIVERSITY,2013,2326
US-MOUNT-SAINT-JOSEPH-UNIVERSITY,2014,2219
US-MOUNT-SAINT-JOSEPH-UNIVERSITY,2015,2073
US-MOUNT-SAINT-JOSEPH-UNIVERSITY,2016,2045
US-MOUNT-SAINT-JOSEPH-UNIVERSITY,2017,2010
US-MOUNT-SAINT-JOSEPH-UNIVERSITY,2018,2162
US-MOUNT-SAINT-JOSEPH-UNIVERSITY,2019,2100
US-MOUNT-SAINT-JOSEPH-UNIVERSITY,2020,2031
US-MOUNT-SAINT-JOSEPH-UNIVERSITY,2021,2064
US-MOUNT-SAINT-JOSEPH-UNIVERSITY,2022,2027
US-MOUNT-SAINT-JOSEPH-UNIVERSITY,2023,2083
US-MOUNT-SAINT-JOSEPH-UNIVERSITY,2024,
US-QUINNIPIAC-UNIVERSITY,2000,6477
US-QUINNIPIAC-UNIVERSITY,2001,6675
US-QUINNIPIAC-UNIVERSITY,2002,6951
US-QUINNIPIAC-UNIVERSITY,2003,7121
US-QUINNIPIAC-UNIVERSITY,2004,7220
US-QUINNIPIAC-UNIVERSITY,2005,7293
US-QUINNIPIAC-UNIVERSITY,2006,7341
US-QUINNIPIAC-UNIVERSITY,2007,7216
US-QUINNIPIAC-UNIVERSITY,2008,7413
US-QUINNIPIAC-UNIVERSITY,2009,7758
US-QUINNIPIAC-UNIVERSITY,2010,8166
US-QUINNIPIAC-UNIVERSITY,2011,8352
US-QUINNIPIAC-UNIVERSITY,2012,8614
US-QUINNIPIAC-UNIVERSITY,2013,8803
US-QUINNIPIAC-UNIVERSITY,2014,9035
US-QUINNIPIAC-UNIVERSITY,2015,9654
US-QUINNIPIAC-UNIVERSITY,2016,9900
US-QUINNIPIAC-UNIVERSITY,2017,10200
US-QUINNIPIAC-UNIVERSITY,2018,10207
US-QUINNIPIAC-UNIVERSITY,2019,9708
US-QUINNIPIAC-UNIVERSITY,2020,9746
US-QUINNIPIAC-UNIVERSITY,2021,9217
US-QUINNIPIAC-UNIVERSITY,2022,8788
US-QUINNIPIAC-UNIVERSITY,2023,8918
US-QUINNIPIAC-UNIVERSITY,2024,
US-SAINT-AMBROSE-UNIVERSITY,2000,3011
US-SAINT-AMBROSE-UNIVERSITY,2001,3291
US-SAINT-AMBROSE-UNIVERSITY,2002,3500
US-SAINT-AMBROSE-UNIVERSITY,2003,3447
US-SAINT-AMBROSE-UNIVERSITY,2004,3535
US-SAINT-AMBROSE-UNIVERSITY,2005,3623
US-SAINT-AMBROSE-UNIVERSITY,2006,3780
US-SAINT-AMBROSE-UNIVERSITY,2007,3870
US-SAINT-AMBROSE-UNIVERSITY,2008,3794
US-SAINT-AMBROSE-UNIVERSITY,2009,3729
US-SAINT-AMBROSE-UNIVERSITY,2010,3663
US-SAINT-AMBROSE-UNIVERSITY,2011,3567
US-SAINT-AMBROSE-UNIVERSITY,2012,3671
US-SAINT-AMBROSE-UNIVERSITY,2013,3607
US-SAINT-AMBROSE-UNIVERSITY,2014,3508
US-SAINT-AMBROSE-UNIVERSITY,2015,3266
US-SAINT-AMBROSE-UNIVERSITY,2016,3184
US-SAINT-AMBROSE-UNIVERSITY,2017,3114
US-SAINT-AMBROSE-UNIVERSITY,2018,3045
US-SAINT-AMBROSE-UNIVERSITY,2019,2968
US-SAINT-AMBROSE-UNIVERSITY,2020,3003
US-SAINT-AMBROSE-UNIVERSITY,2021,2913
US-SAINT-AMBROSE-UNIVERSITY,2022,2747
US-SAINT-AMBROSE-UNIVERSITY,2023,2703
US-SAINT-AMBROSE-UNIVERSITY,2024,
US-SAINT-LEO-UNIVERSITY,2000,8720
US-SAINT-LEO-UNIVERSITY,2001,9931
US-SAINT-LEO-UNIVERSITY,2002,10714
US-SAINT-LEO-UNIVERSITY,2003,12190
US-SAINT-LEO-UNIVERSITY,2004,12677
US-SAINT-LEO-UNIVERSITY,2005,13018
US-SAINT-LEO-UNIVERSITY,2006,14179
US-SAINT-LEO-UNIVERSITY,2007,13788
US-SAINT-LEO-UNIVERSITY,2008,12942
US-SAINT-LEO-UNIVERSITY,2009,14339
US-SAINT-LEO-UNIVERSITY,2010,15565
US-SAINT-LEO-UNIVERSITY,2011,15564
US-SAINT-LEO-UNIVERSITY,2012,15986
US-SAINT-LEO-UNIVERSITY,2013,16275
US-SAINT-LEO-UNIVERSITY,2014,16349
US-SAINT-LEO-UNIVERSITY,2015,15800
US-SAINT-LEO-UNIVERSITY,2016,14649
US-SAINT-LEO-UNIVERSITY,2017,13099
US-SAINT-LEO-UNIVERSITY,2018,11808
US-SAINT-LEO-UNIVERSITY,2019,10912
US-SAINT-LEO-UNIVERSITY,2020,9832
US-SAINT-LEO-UNIVERSITY,2021,9523
US-SAINT-LEO-UNIVERSITY,2022,10242
US-SAINT-LEO-UNIVERSITY,2023,10231
US-SAINT-LEO-UNIVERSITY,2024,
US-UNION-UNIVERSITY,2000,2373
US-UNION-UNIVERSITY,2001,2544
US-UNION-UNIVERSITY,2002,2575
US-UNION-UNIVERSITY,2003,2776
US-UNION-UNIVERSITY,2004,2843
US-UNION-UNIVERSITY,2005,2864
US-UNION-UNIVERSITY,2006,2910
US-UNION-UNIVERSITY,2007,3235
US-UNION-UNIVERSITY,2008,3655
US-UNION-UNIVERSITY,2009,3916
US-UNION-UNIVERSITY,2010,3996
US-UNION-UNIVERSITY,2011,4007
US-UNION-UNIVERSITY,2012,3996
US-UNION-UNIVERSITY,2013,3996
US-UNION-UNIVERSITY,2014,3846
US-UNION-UNIVERSITY,2015,3583
US-UNION-UNIVERSITY,2016,3466
US-UNION-UNIVERSITY,2017,3377
US-UNION-UNIVERSITY,2018,3247
US-UNION-UNIVERSITY,2019,3172
US-UNION-UNIVERSITY,2020,3071
US-UNION-UNIVERSITY,2021,2930
US-UNION-UNIVERSITY,2022,2731
US-UNION-UNIVERSITY,2023,2674
US-UNION-UNIVERSITY,2024,
US-AUGUSTA-UNIVERSITY,2013,8468
US-AUGUSTA-UNIVERSITY,2014,7988
US-AUGUSTA-UNIVERSITY,2015,7740
US-AUGUSTA-UNIVERSITY,2016,7938
US-AUGUSTA-UNIVERSITY,2017,8220
US-AUGUSTA-UNIVERSITY,2018,8458
US-AUGUSTA-UNIVERSITY,2019,8650
US-AUGUSTA-UNIVERSITY,2020,8920
US-AUGUSTA-UNIVERSITY,2021,8961
US-AUGUSTA-UNIVERSITY,2022,9140
US-AUGUSTA-UNIVERSITY,2023,9862
US-AUGUSTA-UNIVERSITY,2024,
US-CLARK-ATLANTA-UNIVERSITY,2000,5060
US-CLARK-ATLANTA-UNIVERSITY,2001,4882
US-CLARK-ATLANTA-UNIVERSITY,2002,4813
US-CLARK-ATLANTA-UNIVERSITY,2003,4915
US-CLARK-ATLANTA-UNIVERSITY,2004,4588
US-CLARK-ATLANTA-UNIVERSITY,2005,4469
US-CLARK-ATLANTA-UNIVERSITY,2006,4514
US-CLARK-ATLANTA-UNIVERSITY,2007,4271
US-CLARK-ATLANTA-UNIVERSITY,2008,4068
US-CLARK-ATLANTA-UNIVERSITY,2009,3873
US-CLARK-ATLANTA-UNIVERSITY,2010,3941
US-CLARK-ATLANTA-UNIVERSITY,2011,3843
US-CLARK-ATLANTA-UNIVERSITY,2012,3419
US-CLARK-ATLANTA-UNIVERSITY,2013,3458
US-CLARK-ATLANTA-UNIVERSITY,2014,3485
US-CLARK-ATLANTA-UNIVERSITY,2015,3661
US-CLARK-ATLANTA-UNIVERSITY,2016,3884
US-CLARK-ATLANTA-UNIVERSITY,2017,3992
US-CLARK-ATLANTA-UNIVERSITY,2018,3911
US-CLARK-ATLANTA-UNIVERSITY,2019,3920
US-CLARK-ATLANTA-UNIVERSITY,2020,3776
US-CLARK-ATLANTA-UNIVERSITY,2021,4055
US-CLARK-ATLANTA-UNIVERSITY,2022,4000
US-CLARK-ATLANTA-UNIVERSITY,2023,4135
US-CLARK-ATLANTA-UNIVERSITY,2024,
US-EASTERN-VIRGINIA-MEDICAL-SCHOOL,2000,699
US-EASTERN-VIRGINIA-MEDICAL-SCHOOL,2001,645
US-EASTERN-VIRGINIA-MEDICAL-SCHOOL,2002,646
US-EASTERN-VIRGINIA-MEDICAL-SCHOOL,2003,638
US-EASTERN-VIRGINIA-MEDICAL-SCHOOL,2004,689
US-EASTERN-VIRGINIA-MEDICAL-SCHOOL,2005,720
US-EASTERN-VIRGINIA-MEDICAL-SCHOOL,2006,758
US-EASTERN-VIRGINIA-MEDICAL-SCHOOL,2007,725
US-EASTERN-VIRGINIA-MEDICAL-SCHOOL,2008,747
US-EASTERN-VIRGINIA-MEDICAL-SCHOOL,2009,811
US-EASTERN-VIRGINIA-MEDICAL-SCHOOL,2010,790
US-EASTERN-VIRGINIA-MEDICAL-SCHOOL,2011,1008
US-EASTERN-VIRGINIA-MEDICAL-SCHOOL,2012,993
US-EASTERN-VIRGINIA-MEDICAL-SCHOOL,2013,1017
US-EASTERN-VIRGINIA-MEDICAL-SCHOOL,2014,1049
US-EASTERN-VIRGINIA-MEDICAL-SCHOOL,2015,1096
US-EASTERN-VIRGINIA-MEDICAL-SCHOOL,2016,1130
US-EASTERN-VIRGINIA-MEDICAL-SCHOOL,2017,1256
US-EASTERN-VIRGINIA-MEDICAL-SCHOOL,2018,1303
US-EASTERN-VIRGINIA-MEDICAL-SCHOOL,2019,1275
US-EASTERN-VIRGINIA-MEDICAL-SCHOOL,2020,1289
US-EASTERN-VIRGINIA-MEDICAL-SCHOOL,2021,1301
US-EASTERN-VIRGINIA-MEDICAL-SCHOOL,2022,1319
US-EASTERN-VIRGINIA-MEDICAL-SCHOOL,2023,1235
US-EASTERN-VIRGINIA-MEDICAL-SCHOOL,2024,
US-SAN-FRANCISCO-STATE-UNIVERSITY,2000,26826
US-SAN-FRANCISCO-STATE-UNIVERSITY,2001,26866
US-SAN-FRANCISCO-STATE-UNIVERSITY,2002,28378
US-SAN-FRANCISCO-STATE-UNIVERSITY,2003,29686
US-SAN-FRANCISCO-STATE-UNIVERSITY,2004,28804
US-SAN-FRANCISCO-STATE-UNIVERSITY,2005,28950
US-SAN-FRANCISCO-STATE-UNIVERSITY,2006,29628
US-SAN-FRANCISCO-STATE-UNIVERSITY,2007,30125
US-SAN-FRANCISCO-STATE-UNIVERSITY,2008,30014
US-SAN-FRANCISCO-STATE-UNIVERSITY,2009,30469
US-SAN-FRANCISCO-STATE-UNIVERSITY,2010,29718
US-SAN-FRANCISCO-STATE-UNIVERSITY,2011,29541
US-SAN-FRANCISCO-STATE-UNIVERSITY,2012,30500
US-SAN-FRANCISCO-STATE-UNIVERSITY,2013,29905
US-SAN-FRANCISCO-STATE-UNIVERSITY,2014,29465
US-SAN-FRANCISCO-STATE-UNIVERSITY,2015,30256
US-SAN-FRANCISCO-STATE-UNIVERSITY,2016,29045
US-SAN-FRANCISCO-STATE-UNIVERSITY,2017,29758
US-SAN-FRANCISCO-STATE-UNIVERSITY,2018,29778
US-SAN-FRANCISCO-STATE-UNIVERSITY,2019,29032
US-SAN-FRANCISCO-STATE-UNIVERSITY,2020,27349
US-SAN-FRANCISCO-STATE-UNIVERSITY,2021,26899
US-SAN-FRANCISCO-STATE-UNIVERSITY,2022,25282
US-SAN-FRANCISCO-STATE-UNIVERSITY,2023,23908
US-SAN-FRANCISCO-STATE-UNIVERSITY,2024,
US-UNIVERSITY-OF-WEST-FLORIDA,2000,8479
US-UNIVERSITY-OF-WEST-FLORIDA,2001,9052
US-UNIVERSITY-OF-WEST-FLORIDA,2002,9185
US-UNIVERSITY-OF-WEST-FLORIDA,2003,9452
US-UNIVERSITY-OF-WEST-FLORIDA,2004,9518
US-UNIVERSITY-OF-WEST-FLORIDA,2005,9632
US-UNIVERSITY-OF-WEST-FLORIDA,2006,9819
US-UNIVERSITY-OF-WEST-FLORIDA,2007,10358
US-UNIVERSITY-OF-WEST-FLORIDA,2008,10491
US-UNIVERSITY-OF-WEST-FLORIDA,2009,11143
US-UNIVERSITY-OF-WEST-FLORIDA,2010,11599
US-UNIVERSITY-OF-WEST-FLORIDA,2011,11982
US-UNIVERSITY-OF-WEST-FLORIDA,2012,12652
US-UNIVERSITY-OF-WEST-FLORIDA,2013,12588
US-UNIVERSITY-OF-WEST-FLORIDA,2014,12602
US-UNIVERSITY-OF-WEST-FLORIDA,2015,12763
US-UNIVERSITY-OF-WEST-FLORIDA,2016,12966
US-UNIVERSITY-OF-WEST-FLORIDA,2017,13040
US-UNIVERSITY-OF-WEST-FLORIDA,2018,12847
US-UNIVERSITY-OF-WEST-FLORIDA,2019,12557
US-UNIVERSITY-OF-WEST-FLORIDA,2020,13061
US-UNIVERSITY-OF-WEST-FLORIDA,2021,13288
US-UNIVERSITY-OF-WEST-FLORIDA,2022,13521
US-UNIVERSITY-OF-WEST-FLORIDA,2023,14371
US-UNIVERSITY-OF-WEST-FLORIDA,2024,
US-AURORA-UNIVERSITY,2000,2391
US-AURORA-UNIVERSITY,2001,2801
US-AURORA-UNIVERSITY,2002,3316
US-AURORA-UNIVERSITY,2003,3450
US-AURORA-UNIVERSITY,2004,3326
US-AURORA-UNIVERSITY,2005,3556
US-AURORA-UNIVERSITY,2006,3791
US-AURORA-UNIVERSITY,2007,3946
US-AURORA-UNIVERSITY,2008,4291
US-AURORA-UNIVERSITY,2009,4355
US-AURORA-UNIVERSITY,2010,4437
US-AURORA-UNIVERSITY,2011,4378
US-AURORA-UNIVERSITY,2012,4681
US-AURORA-UNIVERSITY,2013,4946
US-AURORA-UNIVERSITY,2014,5084
US-AURORA-UNIVERSITY,2015,5423
US-AURORA-UNIVERSITY,2016,5643
US-AURORA-UNIVERSITY,2017,5833
US-AURORA-UNIVERSITY,2018,6005
US-AURORA-UNIVERSITY,2019,6246
US-AURORA-UNIVERSITY,2020,6265
US-AURORA-UNIVERSITY,2021,6165
US-AURORA-UNIVERSITY,2022,5918
US-AURORA-UNIVERSITY,2023,5935
US-AURORA-UNIVERSITY,2024,
US-DALLAS-BAPTIST-UNIVERSITY,2000,4032
US-DALLAS-BAPTIST-UNIVERSITY,2001,4302
US-DALLAS-BAPTIST-UNIVERSITY,2002,4417
US-DALLAS-BAPTIST-UNIVERSITY,2003,4538
US-DALLAS-BAPTIST-UNIVERSITY,2004,4714
US-DALLAS-BAPTIST-UNIVERSITY,2005,4988
US-DALLAS-BAPTIST-UNIVERSITY,2006,5153
US-DALLAS-BAPTIST-UNIVERSITY,2007,5244
US-DALLAS-BAPTIST-UNIVERSITY,2008,5297
US-DALLAS-BAPTIST-UNIVERSITY,2009,5400
US-DALLAS-BAPTIST-UNIVERSITY,2010,5470
US-DALLAS-BAPTIST-UNIVERSITY,2011,5545
US-DALLAS-BAPTIST-UNIVERSITY,2012,5622
US-DALLAS-BAPTIST-UNIVERSITY,2013,5422
US-DALLAS-BAPTIST-UNIVERSITY,2014,5445
US-DALLAS-BAPTIST-UNIVERSITY,2015,5319
US-DALLAS-BAPTIST-UNIVERSITY,2016,5156
US-DALLAS-BAPTIST-UNIVERSITY,2017,5067
US-DALLAS-BAPTIST-UNIVERSITY,2018,4766
US-DALLAS-BAPTIST-UNIVERSITY,2019,4487
US-DALLAS-BAPTIST-UNIVERSITY,2020,4217
US-DALLAS-BAPTIST-UNIVERSITY,2021,4340
US-DALLAS-BAPTIST-UNIVERSITY,2022,4348
US-DALLAS-BAPTIST-UNIVERSITY,2023,4201
US-DALLAS-BAPTIST-UNIVERSITY,2024,
US-GALLAUDET-UNIVERSITY,2000,1689
US-GALLAUDET-UNIVERSITY,2001,1583
US-GALLAUDET-UNIVERSITY,2002,1574
US-GALLAUDET-UNIVERSITY,2003,1598
US-GALLAUDET-UNIVERSITY,2004,1632
US-GALLAUDET-UNIVERSITY,2005,1655
US-GALLAUDET-UNIVERSITY,2006,1565
US-GALLAUDET-UNIVERSITY,2007,1423
US-GALLAUDET-UNIVERSITY,2008,1389
US-GALLAUDET-UNIVERSITY,2009,1488
US-GALLAUDET-UNIVERSITY,2010,1513
US-GALLAUDET-UNIVERSITY,2011,1546
US-GALLAUDET-UNIVERSITY,2012,1580
US-GALLAUDET-UNIVERSITY,2013,1561
US-GALLAUDET-UNIVERSITY,2014,1488
US-GALLAUDET-UNIVERSITY,2015,1477
US-GALLAUDET-UNIVERSITY,2016,1566
US-GALLAUDET-UNIVERSITY,2017,1578
US-GALLAUDET-UNIVERSITY,2018,1557
US-GALLAUDET-UNIVERSITY,2019,1485
US-GALLAUDET-UNIVERSITY,2020,1451
US-GALLAUDET-UNIVERSITY,2021,1433
US-GALLAUDET-UNIVERSITY,2022,1322
US-GALLAUDET-UNIVERSITY,2023,1364
US-GALLAUDET-UNIVERSITY,2024,
US-ROOSEVELT-UNIVERSITY,2000,7359
US-ROOSEVELT-UNIVERSITY,2001,7490
US-ROOSEVELT-UNIVERSITY,2002,7321
US-ROOSEVELT-UNIVERSITY,2003,7524
US-ROOSEVELT-UNIVERSITY,2004,7385
US-ROOSEVELT-UNIVERSITY,2005,7234
US-ROOSEVELT-UNIVERSITY,2006,7186
US-ROOSEVELT-UNIVERSITY,2007,7163
US-ROOSEVELT-UNIVERSITY,2008,7692
US-ROOSEVELT-UNIVERSITY,2009,7306
US-ROOSEVELT-UNIVERSITY,2010,6766
US-ROOSEVELT-UNIVERSITY,2011,6620
US-ROOSEVELT-UNIVERSITY,2012,6343
US-ROOSEVELT-UNIVERSITY,2013,6130
US-ROOSEVELT-UNIVERSITY,2014,6069
US-ROOSEVELT-UNIVERSITY,2015,5352
US-ROOSEVELT-UNIVERSITY,2016,4700
US-ROOSEVELT-UNIVERSITY,2017,4457
US-ROOSEVELT-UNIVERSITY,2018,4329
US-ROOSEVELT-UNIVERSITY,2019,4071
US-ROOSEVELT-UNIVERSITY,2020,4680
US-ROOSEVELT-UNIVERSITY,2021,4127
US-ROOSEVELT-UNIVERSITY,2022,3725
US-ROOSEVELT-UNIVERSITY,2023,4015
US-ROOSEVELT-UNIVERSITY,2024,
US-RUSSELL-SAGE-COLLEGE,2000,819
US-RUSSELL-SAGE-COLLEGE,2001,797
US-RUSSELL-SAGE-COLLEGE,2002,787
US-RUSSELL-SAGE-COLLEGE,2003,953
US-RUSSELL-SAGE-COLLEGE,2004,835
US-RUSSELL-SAGE-COLLEGE,2005,838
US-RUSSELL-SAGE-COLLEGE,2006,800
US-RUSSELL-SAGE-COLLEGE,2007,682
US-RUSSELL-SAGE-COLLEGE,2008,699
US-RUSSELL-SAGE-COLLEGE,2009,749
US-RUSSELL-SAGE-COLLEGE,2010,2966
US-RUSSELL-SAGE-COLLEGE,2011,2939
US-RUSSELL-SAGE-COLLEGE,2012,2965
US-RUSSELL-SAGE-COLLEGE,2013,2832
US-RUSSELL-SAGE-COLLEGE,2014,2878
US-RUSSELL-SAGE-COLLEGE,2015,2897
US-RUSSELL-SAGE-COLLEGE,2016,2713
US-RUSSELL-SAGE-COLLEGE,2017,2525
US-RUSSELL-SAGE-COLLEGE,2018,2633
US-RUSSELL-SAGE-COLLEGE,2019,2448
US-RUSSELL-SAGE-COLLEGE,2020,2389
US-RUSSELL-SAGE-COLLEGE,2021,2266
US-RUSSELL-SAGE-COLLEGE,2022,2159
US-RUSSELL-SAGE-COLLEGE,2023,2064
US-RUSSELL-SAGE-COLLEGE,2024,
US-SACRED-HEART-UNIVERSITY,2000,5684
US-SACRED-HEART-UNIVERSITY,2001,5953
US-SACRED-HEART-UNIVERSITY,2002,6028
US-SACRED-HEART-UNIVERSITY,2003,5730
US-SACRED-HEART-UNIVERSITY,2004,5657
US-SACRED-HEART-UNIVERSITY,2005,5560
US-SACRED-HEART-UNIVERSITY,2006,5756
US-SACRED-HEART-UNIVERSITY,2007,5801
US-SACRED-HEART-UNIVERSITY,2008,5958
US-SACRED-HEART-UNIVERSITY,2009,6023
US-SACRED-HEART-UNIVERSITY,2010,6249
US-SACRED-HEART-UNIVERSITY,2011,6407
US-SACRED-HEART-UNIVERSITY,2012,6434
US-SACRED-HEART-UNIVERSITY,2013,6983
US-SACRED-HEART-UNIVERSITY,2014,7781
US-SACRED-HEART-UNIVERSITY,2015,8235
US-SACRED-HEART-UNIVERSITY,2016,8532
US-SACRED-HEART-UNIVERSITY,2017,8543
US-SACRED-HEART-UNIVERSITY,2018,8958
US-SACRED-HEART-UNIVERSITY,2019,9156
US-SACRED-HEART-UNIVERSITY,2020,9313
US-SACRED-HEART-UNIVERSITY,2021,9785
US-SACRED-HEART-UNIVERSITY,2022,10721
US-SACRED-HEART-UNIVERSITY,2023,11179
US-SACRED-HEART-UNIVERSITY,2024,
US-UNIVERSITY-OF-CENTRAL-ARKANSAS,2000,8481
US-UNIVERSITY-OF-CENTRAL-ARKANSAS,2001,8486
US-UNIVERSITY-OF-CENTRAL-ARKANSAS,2002,8552
US-UNIVERSITY-OF-CENTRAL-ARKANSAS,2003,9516
US-UNIVERSITY-OF-CENTRAL-ARKANSAS,2004,10071
US-UNIVERSITY-OF-CENTRAL-ARKANSAS,2005,11375
US-UNIVERSITY-OF-CENTRAL-ARKANSAS,2006,12330
US-UNIVERSITY-OF-CENTRAL-ARKANSAS,2007,12619
US-UNIVERSITY-OF-CENTRAL-ARKANSAS,2008,12974
US-UNIVERSITY-OF-CENTRAL-ARKANSAS,2009,11781
US-UNIVERSITY-OF-CENTRAL-ARKANSAS,2010,11444
US-UNIVERSITY-OF-CENTRAL-ARKANSAS,2011,11163
US-UNIVERSITY-OF-CENTRAL-ARKANSAS,2012,11107
US-UNIVERSITY-OF-CENTRAL-ARKANSAS,2013,11534
US-UNIVERSITY-OF-CENTRAL-ARKANSAS,2014,11698
US-UNIVERSITY-OF-CENTRAL-ARKANSAS,2015,11754
US-UNIVERSITY-OF-CENTRAL-ARKANSAS,2016,11487
US-UNIVERSITY-OF-CENTRAL-ARKANSAS,2017,11350
US-UNIVERSITY-OF-CENTRAL-ARKANSAS,2018,11177
US-UNIVERSITY-OF-CENTRAL-ARKANSAS,2019,10869
US-UNIVERSITY-OF-CENTRAL-ARKANSAS,2020,10335
US-UNIVERSITY-OF-CENTRAL-ARKANSAS,2021,10105
US-UNIVERSITY-OF-CENTRAL-ARKANSAS,2022,9913
US-UNIVERSITY-OF-CENTRAL-ARKANSAS,2023,9790
US-UNIVERSITY-OF-CENTRAL-ARKANSAS,2024,
US-UNIVERSITY-OF-INDIANAPOLIS,2000,3599
US-UNIVERSITY-OF-INDIANAPOLIS,2001,3708
US-UNIVERSITY-OF-INDIANAPOLIS,2002,3772
US-UNIVERSITY-OF-INDIANAPOLIS,2003,4036
US-UNIVERSITY-OF-INDIANAPOLIS,2004,4199
US-UNIVERSITY-OF-INDIANAPOLIS,2005,4452
US-UNIVERSITY-OF-INDIANAPOLIS,2006,4440
US-UNIVERSITY-OF-INDIANAPOLIS,2007,4706
US-UNIVERSITY-OF-INDIANAPOLIS,2008,4829
US-UNIVERSITY-OF-INDIANAPOLIS,2009,5055
US-UNIVERSITY-OF-INDIANAPOLIS,2010,5285
US-UNIVERSITY-OF-INDIANAPOLIS,2011,5417
US-UNIVERSITY-OF-INDIANAPOLIS,2012,5484
US-UNIVERSITY-OF-INDIANAPOLIS,2013,5452
US-UNIVERSITY-OF-INDIANAPOLIS,2014,5442
US-UNIVERSITY-OF-INDIANAPOLIS,2015,5504
US-UNIVERSITY-OF-INDIANAPOLIS,2016,5711
US-UNIVERSITY-OF-INDIANAPOLIS,2017,5972
US-UNIVERSITY-OF-INDIANAPOLIS,2018,5935
US-UNIVERSITY-OF-INDIANAPOLIS,2019,5801
US-UNIVERSITY-OF-INDIANAPOLIS,2020,5638
US-UNIVERSITY-OF-INDIANAPOLIS,2021,5325
US-UNIVERSITY-OF-INDIANAPOLIS,2022,5176
US-UNIVERSITY-OF-INDIANAPOLIS,2023,5447
US-UNIVERSITY-OF-INDIANAPOLIS,2024,
US-VALPARAISO-UNIVERSITY,2000,3614
US-VALPARAISO-UNIVERSITY,2001,3533
US-VALPARAISO-UNIVERSITY,2002,3661
US-VALPARAISO-UNIVERSITY,2003,3850
US-VALPARAISO-UNIVERSITY,2004,3969
US-VALPARAISO-UNIVERSITY,2005,3863
US-VALPARAISO-UNIVERSITY,2006,3868
US-VALPARAISO-UNIVERSITY,2007,3872
US-VALPARAISO-UNIVERSITY,2008,3975
US-VALPARAISO-UNIVERSITY,2009,4065
US-VALPARAISO-UNIVERSITY,2010,4056
US-VALPARAISO-UNIVERSITY,2011,3964
US-VALPARAISO-UNIVERSITY,2012,4078
US-VALPARAISO-UNIVERSITY,2013,4508
US-VALPARAISO-UNIVERSITY,2014,4507
US-VALPARAISO-UNIVERSITY,2015,4524
US-VALPARAISO-UNIVERSITY,2016,4412
US-VALPARAISO-UNIVERSITY,2017,4026
US-VALPARAISO-UNIVERSITY,2018,3786
US-VALPARAISO-UNIVERSITY,2019,3502
US-VALPARAISO-UNIVERSITY,2020,3122
US-VALPARAISO-UNIVERSITY,2021,2924
US-VALPARAISO-UNIVERSITY,2022,2958
US-VALPARAISO-UNIVERSITY,2023,2846
US-VALPARAISO-UNIVERSITY,2024,
US-WESTERN-KENTUCKY-UNIVERSITY,2000,15481
US-WESTERN-KENTUCKY-UNIVERSITY,2001,16552
US-WESTERN-KENTUCKY-UNIVERSITY,2002,17811
US-WESTERN-KENTUCKY-UNIVERSITY,2003,18380
US-WESTERN-KENTUCKY-UNIVERSITY,2004,18485
US-WESTERN-KENTUCKY-UNIVERSITY,2005,18634
US-WESTERN-KENTUCKY-UNIVERSITY,2006,18660
US-WESTERN-KENTUCKY-UNIVERSITY,2007,19258
US-WESTERN-KENTUCKY-UNIVERSITY,2008,19742
US-WESTERN-KENTUCKY-UNIVERSITY,2009,20712
US-WESTERN-KENTUCKY-UNIVERSITY,2010,20897
US-WESTERN-KENTUCKY-UNIVERSITY,2011,21036
US-WESTERN-KENTUCKY-UNIVERSITY,2012,21110
US-WESTERN-KENTUCKY-UNIVERSITY,2013,20448
US-WESTERN-KENTUCKY-UNIVERSITY,2014,20171
US-WESTERN-KENTUCKY-UNIVERSITY,2015,20063
US-WESTERN-KENTUCKY-UNIVERSITY,2016,20271
US-WESTERN-KENTUCKY-UNIVERSITY,2017,20257
US-WESTERN-KENTUCKY-UNIVERSITY,2018,19456
US-WESTERN-KENTUCKY-UNIVERSITY,2019,18171
US-WESTERN-KENTUCKY-UNIVERSITY,2020,17517
US-WESTERN-KENTUCKY-UNIVERSITY,2021,16750
US-WESTERN-KENTUCKY-UNIVERSITY,2022,16493
US-WESTERN-KENTUCKY-UNIVERSITY,2023,16759
US-WESTERN-KENTUCKY-UNIVERSITY,2024,
US-EASTERN-MICHIGAN-UNIVERSITY,2000,23561
US-EASTERN-MICHIGAN-UNIVERSITY,2001,24287
US-EASTERN-MICHIGAN-UNIVERSITY,2002,24532
US-EASTERN-MICHIGAN-UNIVERSITY,2003,24419
US-EASTERN-MICHIGAN-UNIVERSITY,2004,23862
US-EASTERN-MICHIGAN-UNIVERSITY,2005,23486
US-EASTERN-MICHIGAN-UNIVERSITY,2006,22950
US-EASTERN-MICHIGAN-UNIVERSITY,2007,22837
US-EASTERN-MICHIGAN-UNIVERSITY,2008,22032
US-EASTERN-MICHIGAN-UNIVERSITY,2009,22893
US-EASTERN-MICHIGAN-UNIVERSITY,2010,23565
US-EASTERN-MICHIGAN-UNIVERSITY,2011,23419
US-EASTERN-MICHIGAN-UNIVERSITY,2012,23518
US-EASTERN-MICHIGAN-UNIVERSITY,2013,23447
US-EASTERN-MICHIGAN-UNIVERSITY,2014,22401
US-EASTERN-MICHIGAN-UNIVERSITY,2015,21824
US-EASTERN-MICHIGAN-UNIVERSITY,2016,21246
US-EASTERN-MICHIGAN-UNIVERSITY,2017,20525
US-EASTERN-MICHIGAN-UNIVERSITY,2018,18808
US-EASTERN-MICHIGAN-UNIVERSITY,2019,17784
US-EASTERN-MICHIGAN-UNIVERSITY,2020,16294
US-EASTERN-MICHIGAN-UNIVERSITY,2021,15340
US-EASTERN-MICHIGAN-UNIVERSITY,2022,14018
US-EASTERN-MICHIGAN-UNIVERSITY,2023,13324
US-EASTERN-MICHIGAN-UNIVERSITY,2024,
US-MONTCLAIR-STATE-UNIVERSITY,2000,13502
US-MONTCLAIR-STATE-UNIVERSITY,2001,13855
US-MONTCLAIR-STATE-UNIVERSITY,2002,14673
US-MONTCLAIR-STATE-UNIVERSITY,2003,15204
US-MONTCLAIR-STATE-UNIVERSITY,2004,15637
US-MONTCLAIR-STATE-UNIVERSITY,2005,16063
US-MONTCLAIR-STATE-UNIVERSITY,2006,16076
US-MONTCLAIR-STATE-UNIVERSITY,2007,16736
US-MONTCLAIR-STATE-UNIVERSITY,2008,17475
US-MONTCLAIR-STATE-UNIVERSITY,2009,18171
US-MONTCLAIR-STATE-UNIVERSITY,2010,18402
US-MONTCLAIR-STATE-UNIVERSITY,2011,18498
US-MONTCLAIR-STATE-UNIVERSITY,2012,18382
US-MONTCLAIR-STATE-UNIVERSITY,2013,19464
US-MONTCLAIR-STATE-UNIVERSITY,2014,20022
US-MONTCLAIR-STATE-UNIVERSITY,2015,20465
US-MONTCLAIR-STATE-UNIVERSITY,2016,20987
US-MONTCLAIR-STATE-UNIVERSITY,2017,21013
US-MONTCLAIR-STATE-UNIVERSITY,2018,21115
US-MONTCLAIR-STATE-UNIVERSITY,2019,21007
US-MONTCLAIR-STATE-UNIVERSITY,2020,21005
US-MONTCLAIR-STATE-UNIVERSITY,2021,20744
US-MONTCLAIR-STATE-UNIVERSITY,2022,21784
US-MONTCLAIR-STATE-UNIVERSITY,2023,22570
US-MONTCLAIR-STATE-UNIVERSITY,2024,
US-TEXAS-A-AND-M-UNIVERSITY-KINGSVILLE,2000,5948
US-TEXAS-A-AND-M-UNIVERSITY-KINGSVILLE,2001,6148
US-TEXAS-A-AND-M-UNIVERSITY-KINGSVILLE,2002,6556
US-TEXAS-A-AND-M-UNIVERSITY-KINGSVILLE,2003,6856
US-TEXAS-A-AND-M-UNIVERSITY-KINGSVILLE,2004,7126
US-TEXAS-A-AND-M-UNIVERSITY-KINGSVILLE,2005,6662
US-TEXAS-A-AND-M-UNIVERSITY-KINGSVILLE,2006,6728
US-TEXAS-A-AND-M-UNIVERSITY-KINGSVILLE,2007,6567
US-TEXAS-A-AND-M-UNIVERSITY-KINGSVILLE,2008,7133
US-TEXAS-A-AND-M-UNIVERSITY-KINGSVILLE,2009,8194
US-TEXAS-A-AND-M-UNIVERSITY-KINGSVILLE,2010,9704
US-TEXAS-A-AND-M-UNIVERSITY-KINGSVILLE,2011,10290
US-TEXAS-A-AND-M-UNIVERSITY-KINGSVILLE,2012,11350
US-TEXAS-A-AND-M-UNIVERSITY-KINGSVILLE,2013,12229
US-TEXAS-A-AND-M-UNIVERSITY-KINGSVILLE,2014,13246
US-TEXAS-A-AND-M-UNIVERSITY-KINGSVILLE,2015,9207
US-TEXAS-A-AND-M-UNIVERSITY-KINGSVILLE,2016,9278
US-TEXAS-A-AND-M-UNIVERSITY-KINGSVILLE,2017,8674
US-TEXAS-A-AND-M-UNIVERSITY-KINGSVILLE,2018,8541
US-TEXAS-A-AND-M-UNIVERSITY-KINGSVILLE,2019,7479
US-TEXAS-A-AND-M-UNIVERSITY-KINGSVILLE,2020,6932
US-TEXAS-A-AND-M-UNIVERSITY-KINGSVILLE,2021,6405
US-TEXAS-A-AND-M-UNIVERSITY-KINGSVILLE,2022,6092
US-TEXAS-A-AND-M-UNIVERSITY-KINGSVILLE,2023,6562
US-TEXAS-A-AND-M-UNIVERSITY-KINGSVILLE,2024,
US-TEXAS-STATE-UNIVERSITY,2000,22423
US-TEXAS-STATE-UNIVERSITY,2001,23517
US-TEXAS-STATE-UNIVERSITY,2002,25041
US-TEXAS-STATE-UNIVERSITY,2003,26306
US-TEXAS-STATE-UNIVERSITY,2004,26783
US-TEXAS-STATE-UNIVERSITY,2005,27129
US-TEXAS-STATE-UNIVERSITY,2006,27485
US-TEXAS-STATE-UNIVERSITY,2007,28121
US-TEXAS-STATE-UNIVERSITY,2008,29105
US-TEXAS-STATE-UNIVERSITY,2009,30803
US-TEXAS-STATE-UNIVERSITY,2010,32572
US-TEXAS-STATE-UNIVERSITY,2011,34087
US-TEXAS-STATE-UNIVERSITY,2012,34225
US-TEXAS-STATE-UNIVERSITY,2013,35546
US-TEXAS-STATE-UNIVERSITY,2014,36739
US-TEXAS-STATE-UNIVERSITY,2015,37979
US-TEXAS-STATE-UNIVERSITY,2016,38808
US-TEXAS-STATE-UNIVERSITY,2017,38666
US-TEXAS-STATE-UNIVERSITY,2018,38644
US-TEXAS-STATE-UNIVERSITY,2019,38187
US-TEXAS-STATE-UNIVERSITY,2020,37812
US-TEXAS-STATE-UNIVERSITY,2021,37864
US-TEXAS-STATE-UNIVERSITY,2022,38171
US-TEXAS-STATE-UNIVERSITY,2023,38722
US-TEXAS-STATE-UNIVERSITY,2024,
US-UNIVERSITY-OF-NORTH-FLORIDA,2000,12550
US-UNIVERSITY-OF-NORTH-FLORIDA,2001,12992
US-UNIVERSITY-OF-NORTH-FLORIDA,2002,13470
US-UNIVERSITY-OF-NORTH-FLORIDA,2003,13966
US-UNIVERSITY-OF-NORTH-FLORIDA,2004,14533
US-UNIVERSITY-OF-NORTH-FLORIDA,2005,15234
US-UNIVERSITY-OF-NORTH-FLORIDA,2006,15954
US-UNIVERSITY-OF-NORTH-FLORIDA,2007,16406
US-UNIVERSITY-OF-NORTH-FLORIDA,2008,15280
US-UNIVERSITY-OF-NORTH-FLORIDA,2009,16477
US-UNIVERSITY-OF-NORTH-FLORIDA,2010,16153
US-UNIVERSITY-OF-NORTH-FLORIDA,2011,16198
US-UNIVERSITY-OF-NORTH-FLORIDA,2012,16201
US-UNIVERSITY-OF-NORTH-FLORIDA,2013,16083
US-UNIVERSITY-OF-NORTH-FLORIDA,2014,15984
US-UNIVERSITY-OF-NORTH-FLORIDA,2015,15675
US-UNIVERSITY-OF-NORTH-FLORIDA,2016,15762
US-UNIVERSITY-OF-NORTH-FLORIDA,2017,16309
US-UNIVERSITY-OF-NORTH-FLORIDA,2018,16776
US-UNIVERSITY-OF-NORTH-FLORIDA,2019,17117
US-UNIVERSITY-OF-NORTH-FLORIDA,2020,16926
US-UNIVERSITY-OF-NORTH-FLORIDA,2021,16594
US-UNIVERSITY-OF-NORTH-FLORIDA,2022,16406
US-UNIVERSITY-OF-NORTH-FLORIDA,2023,16453
US-UNIVERSITY-OF-NORTH-FLORIDA,2024,
US-UNIVERSITY-OF-SOUTH-DAKOTA,2000,7487
US-UNIVERSITY-OF-SOUTH-DAKOTA,2001,8569
US-UNIVERSITY-OF-SOUTH-DAKOTA,2002,8873
US-UNIVERSITY-OF-SOUTH-DAKOTA,2003,8093
US-UNIVERSITY-OF-SOUTH-DAKOTA,2004,8120
US-UNIVERSITY-OF-SOUTH-DAKOTA,2005,8641
US-UNIVERSITY-OF-SOUTH-DAKOTA,2006,8746
US-UNIVERSITY-OF-SOUTH-DAKOTA,2007,9243
US-UNIVERSITY-OF-SOUTH-DAKOTA,2008,9291
US-UNIVERSITY-OF-SOUTH-DAKOTA,2009,9617
US-UNIVERSITY-OF-SOUTH-DAKOTA,2010,10151
US-UNIVERSITY-OF-SOUTH-DAKOTA,2011,9970
US-UNIVERSITY-OF-SOUTH-DAKOTA,2012,10284
US-UNIVERSITY-OF-SOUTH-DAKOTA,2013,10235
US-UNIVERSITY-OF-SOUTH-DAKOTA,2014,10061
US-UNIVERSITY-OF-SOUTH-DAKOTA,2015,9971
US-UNIVERSITY-OF-SOUTH-DAKOTA,2016,10038
US-UNIVERSITY-OF-SOUTH-DAKOTA,2017,10261
US-UNIVERSITY-OF-SOUTH-DAKOTA,2018,10066
US-UNIVERSITY-OF-SOUTH-DAKOTA,2019,9920
US-UNIVERSITY-OF-SOUTH-DAKOTA,2020,9459
US-UNIVERSITY-OF-SOUTH-DAKOTA,2021,9464
US-UNIVERSITY-OF-SOUTH-DAKOTA,2022,9856
US-UNIVERSITY-OF-SOUTH-DAKOTA,2023,9868
US-UNIVERSITY-OF-SOUTH-DAKOTA,2024,
US-MARIAN-UNIVERSITY,2000,1271
US-MARIAN-UNIVERSITY,2001,1260
US-MARIAN-UNIVERSITY,2002,1427
US-MARIAN-UNIVERSITY,2003,1556
US-MARIAN-UNIVERSITY,2004,1685
US-MARIAN-UNIVERSITY,2005,1678
US-MARIAN-UNIVERSITY,2006,1796
US-MARIAN-UNIVERSITY,2007,2043
US-MARIAN-UNIVERSITY,2008,2143
US-MARIAN-UNIVERSITY,2009,2277
US-MARIAN-UNIVERSITY,2010,2357
US-MARIAN-UNIVERSITY,2011,2550
US-MARIAN-UNIVERSITY,2012,2580
US-MARIAN-UNIVERSITY,2013,2714
US-MARIAN-UNIVERSITY,2014,2771
US-MARIAN-UNIVERSITY,2015,2897
US-MARIAN-UNIVERSITY,2016,3165
US-MARIAN-UNIVERSITY,2017,3429
US-MARIAN-UNIVERSITY,2018,3592
US-MARIAN-UNIVERSITY,2019,3519
US-MARIAN-UNIVERSITY,2020,3706
US-MARIAN-UNIVERSITY,2021,4071
US-MARIAN-UNIVERSITY,2022,3701
US-MARIAN-UNIVERSITY,2023,3586
US-MARIAN-UNIVERSITY,2024,
US-ROBERT-MORRIS-UNIVERSITY,2000,4620
US-ROBERT-MORRIS-UNIVERSITY,2001,4724
US-ROBERT-MORRIS-UNIVERSITY,2002,4726
US-ROBERT-MORRIS-UNIVERSITY,2003,4816
US-ROBERT-MORRIS-UNIVERSITY,2004,4971
US-ROBERT-MORRIS-UNIVERSITY,2005,5095
US-ROBERT-MORRIS-UNIVERSITY,2006,5065
US-ROBERT-MORRIS-UNIVERSITY,2007,5055
US-ROBERT-MORRIS-UNIVERSITY,2008,4815
US-ROBERT-MORRIS-UNIVERSITY,2009,4783
US-ROBERT-MORRIS-UNIVERSITY,2010,4967
US-ROBERT-MORRIS-UNIVERSITY,2011,4985
US-ROBERT-MORRIS-UNIVERSITY,2012,5181
US-ROBERT-MORRIS-UNIVERSITY,2013,5481
US-ROBERT-MORRIS-UNIVERSITY,2014,5555
US-ROBERT-MORRIS-UNIVERSITY,2015,5377
US-ROBERT-MORRIS-UNIVERSITY,2016,5199
US-ROBERT-MORRIS-UNIVERSITY,2017,5076
US-ROBERT-MORRIS-UNIVERSITY,2018,4895
US-ROBERT-MORRIS-UNIVERSITY,2019,4608
US-ROBERT-MORRIS-UNIVERSITY,2020,4134
US-ROBERT-MORRIS-UNIVERSITY,2021,3764
US-ROBERT-MORRIS-UNIVERSITY,2022,4099
US-ROBERT-MORRIS-UNIVERSITY,2023,4737
US-ROBERT-MORRIS-UNIVERSITY,2024,
US-SOUTH-COLLEGE,2000,296
US-SOUTH-COLLEGE,2001,405
US-SOUTH-COLLEGE,2002,443
US-SOUTH-COLLEGE,2003,443
US-SOUTH-COLLEGE,2004,589
US-SOUTH-COLLEGE,2005,544
US-SOUTH-COLLEGE,2006,653
US-SOUTH-COLLEGE,2007,738
US-SOUTH-COLLEGE,2008,825
US-SOUTH-COLLEGE,2009,996
US-SOUTH-COLLEGE,2010,1022
US-SOUTH-COLLEGE,2011,1010
US-SOUTH-COLLEGE,2012,962
US-SOUTH-COLLEGE,2013,1116
US-SOUTH-COLLEGE,2014,1241
US-SOUTH-COLLEGE,2015,1335
US-SOUTH-COLLEGE,2016,1838
US-SOUTH-COLLEGE,2017,2146
US-SOUTH-COLLEGE,2018,2722
US-SOUTH-COLLEGE,2019,2843
US-SOUTH-COLLEGE,2020,5171
US-SOUTH-COLLEGE,2021,5796
US-SOUTH-COLLEGE,2022,6182
US-SOUTH-COLLEGE,2023,8234
US-SOUTH-COLLEGE,2024,
US-ST-JOHNS-UNIVERSITY-NEW-YORK,2000,18621
US-ST-JOHNS-UNIVERSITY-NEW-YORK,2001,18623
US-ST-JOHNS-UNIVERSITY-NEW-YORK,2002,19288
US-ST-JOHNS-UNIVERSITY-NEW-YORK,2003,19777
US-ST-JOHNS-UNIVERSITY-NEW-YORK,2004,19813
US-ST-JOHNS-UNIVERSITY-NEW-YORK,2005,20346
US-ST-JOHNS-UNIVERSITY-NEW-YORK,2006,20069
US-ST-JOHNS-UNIVERSITY-NEW-YORK,2007,20086
US-ST-JOHNS-UNIVERSITY-NEW-YORK,2008,20109
US-ST-JOHNS-UNIVERSITY-NEW-YORK,2009,20352
US-ST-JOHNS-UNIVERSITY-NEW-YORK,2010,21354
US-ST-JOHNS-UNIVERSITY-NEW-YORK,2011,21067
US-ST-JOHNS-UNIVERSITY-NEW-YORK,2012,21087
US-ST-JOHNS-UNIVERSITY-NEW-YORK,2013,20729
US-ST-JOHNS-UNIVERSITY-NEW-YORK,2014,20445
US-ST-JOHNS-UNIVERSITY-NEW-YORK,2015,20877
US-ST-JOHNS-UNIVERSITY-NEW-YORK,2016,21076
US-ST-JOHNS-UNIVERSITY-NEW-YORK,2017,21340
US-ST-JOHNS-UNIVERSITY-NEW-YORK,2018,21635
US-ST-JOHNS-UNIVERSITY-NEW-YORK,2019,21718
US-ST-JOHNS-UNIVERSITY-NEW-YORK,2020,20143
US-ST-JOHNS-UNIVERSITY-NEW-YORK,2021,19658
US-ST-JOHNS-UNIVERSITY-NEW-YORK,2022,19663
US-ST-JOHNS-UNIVERSITY-NEW-YORK,2023,19691
US-ST-JOHNS-UNIVERSITY-NEW-YORK,2024,
US-SUFFOLK-UNIVERSITY,2000,6908
US-SUFFOLK-UNIVERSITY,2001,6897
US-SUFFOLK-UNIVERSITY,2002,7511
US-SUFFOLK-UNIVERSITY,2003,7822
US-SUFFOLK-UNIVERSITY,2004,8195
US-SUFFOLK-UNIVERSITY,2005,8471
US-SUFFOLK-UNIVERSITY,2006,8862
US-SUFFOLK-UNIVERSITY,2007,9103
US-SUFFOLK-UNIVERSITY,2008,9434
US-SUFFOLK-UNIVERSITY,2009,9148
US-SUFFOLK-UNIVERSITY,2010,9068
US-SUFFOLK-UNIVERSITY,2011,9101
US-SUFFOLK-UNIVERSITY,2012,9018
US-SUFFOLK-UNIVERSITY,2013,8675
US-SUFFOLK-UNIVERSITY,2014,8215
US-SUFFOLK-UNIVERSITY,2015,7922
US-SUFFOLK-UNIVERSITY,2016,7461
US-SUFFOLK-UNIVERSITY,2017,7201
US-SUFFOLK-UNIVERSITY,2018,7186
US-SUFFOLK-UNIVERSITY,2019,7169
US-SUFFOLK-UNIVERSITY,2020,6830
US-SUFFOLK-UNIVERSITY,2021,6647
US-SUFFOLK-UNIVERSITY,2022,6734
US-SUFFOLK-UNIVERSITY,2023,6697
US-SUFFOLK-UNIVERSITY,2024,
US-UNIVERSITY-OF-CHARLESTON,2000,1096
US-UNIVERSITY-OF-CHARLESTON,2001,1150
US-UNIVERSITY-OF-CHARLESTON,2002,1009
US-UNIVERSITY-OF-CHARLESTON,2003,1018
US-UNIVERSITY-OF-CHARLESTON,2004,941
US-UNIVERSITY-OF-CHARLESTON,2005,1006
US-UNIVERSITY-OF-CHARLESTON,2006,1202
US-UNIVERSITY-OF-CHARLESTON,2007,1398
US-UNIVERSITY-OF-CHARLESTON,2008,1435
US-UNIVERSITY-OF-CHARLESTON,2009,1396
US-UNIVERSITY-OF-CHARLESTON,2010,1518
US-UNIVERSITY-OF-CHARLESTON,2011,1372
US-UNIVERSITY-OF-CHARLESTON,2012,1427
US-UNIVERSITY-OF-CHARLESTON,2013,1935
US-UNIVERSITY-OF-CHARLESTON,2014,2111
US-UNIVERSITY-OF-CHARLESTON,2015,2327
US-UNIVERSITY-OF-CHARLESTON,2016,2425
US-UNIVERSITY-OF-CHARLESTON,2017,2481
US-UNIVERSITY-OF-CHARLESTON,2018,2623
US-UNIVERSITY-OF-CHARLESTON,2019,2718
US-UNIVERSITY-OF-CHARLESTON,2020,2967
US-UNIVERSITY-OF-CHARLESTON,2021,2926
US-UNIVERSITY-OF-CHARLESTON,2022,3059
US-UNIVERSITY-OF-CHARLESTON,2023,2758
US-UNIVERSITY-OF-CHARLESTON,2024,
US-UNIVERSITY-OF-HARTFORD,2000,6895
US-UNIVERSITY-OF-HARTFORD,2001,6844
US-UNIVERSITY-OF-HARTFORD,2002,6998
US-UNIVERSITY-OF-HARTFORD,2003,7245
US-UNIVERSITY-OF-HARTFORD,2004,7246
US-UNIVERSITY-OF-HARTFORD,2005,7260
US-UNIVERSITY-OF-HARTFORD,2006,7308
US-UNIVERSITY-OF-HARTFORD,2007,7290
US-UNIVERSITY-OF-HARTFORD,2008,7366
US-UNIVERSITY-OF-HARTFORD,2009,7212
US-UNIVERSITY-OF-HARTFORD,2010,7180
US-UNIVERSITY-OF-HARTFORD,2011,7025
US-UNIVERSITY-OF-HARTFORD,2012,6894
US-UNIVERSITY-OF-HARTFORD,2013,6882
US-UNIVERSITY-OF-HARTFORD,2014,6817
US-UNIVERSITY-OF-HARTFORD,2015,6912
US-UNIVERSITY-OF-HARTFORD,2016,6714
US-UNIVERSITY-OF-HARTFORD,2017,6561
US-UNIVERSITY-OF-HARTFORD,2018,6770
US-UNIVERSITY-OF-HARTFORD,2019,6773
US-UNIVERSITY-OF-HARTFORD,2020,6493
US-UNIVERSITY-OF-HARTFORD,2021,5917
US-UNIVERSITY-OF-HARTFORD,2022,5732
US-UNIVERSITY-OF-HARTFORD,2023,5913
US-UNIVERSITY-OF-HARTFORD,2024,
US-WILLIAM-CAREY-UNIVERSITY,2000,2402
US-WILLIAM-CAREY-UNIVERSITY,2001,2365
US-WILLIAM-CAREY-UNIVERSITY,2002,2303
US-WILLIAM-CAREY-UNIVERSITY,2003,2686
US-WILLIAM-CAREY-UNIVERSITY,2004,2758
US-WILLIAM-CAREY-UNIVERSITY,2005,2457
US-WILLIAM-CAREY-UNIVERSITY,2006,2519
US-WILLIAM-CAREY-UNIVERSITY,2007,2678
US-WILLIAM-CAREY-UNIVERSITY,2008,2971
US-WILLIAM-CAREY-UNIVERSITY,2009,3248
US-WILLIAM-CAREY-UNIVERSITY,2010,3626
US-WILLIAM-CAREY-UNIVERSITY,2011,3703
US-WILLIAM-CAREY-UNIVERSITY,2012,4008
US-WILLIAM-CAREY-UNIVERSITY,2013,3882
US-WILLIAM-CAREY-UNIVERSITY,2014,3936
US-WILLIAM-CAREY-UNIVERSITY,2015,4224
US-WILLIAM-CAREY-UNIVERSITY,2016,4619
US-WILLIAM-CAREY-UNIVERSITY,2017,4839
US-WILLIAM-CAREY-UNIVERSITY,2018,5042
US-WILLIAM-CAREY-UNIVERSITY,2019,5040
US-WILLIAM-CAREY-UNIVERSITY,2020,5472
US-WILLIAM-CAREY-UNIVERSITY,2021,5738
US-WILLIAM-CAREY-UNIVERSITY,2022,5662
US-WILLIAM-CAREY-UNIVERSITY,2023,5448
US-WILLIAM-CAREY-UNIVERSITY,2024,
US-AZUSA-PACIFIC-UNIVERSITY,2000,6497
US-AZUSA-PACIFIC-UNIVERSITY,2001,6835
US-AZUSA-PACIFIC-UNIVERSITY,2002,7693
US-AZUSA-PACIFIC-UNIVERSITY,2003,8188
US-AZUSA-PACIFIC-UNIVERSITY,2004,8162
US-AZUSA-PACIFIC-UNIVERSITY,2005,8327
US-AZUSA-PACIFIC-UNIVERSITY,2006,8128
US-AZUSA-PACIFIC-UNIVERSITY,2007,8084
US-AZUSA-PACIFIC-UNIVERSITY,2008,8548
US-AZUSA-PACIFIC-UNIVERSITY,2009,8539
US-AZUSA-PACIFIC-UNIVERSITY,2010,9258
US-AZUSA-PACIFIC-UNIVERSITY,2011,9929
US-AZUSA-PACIFIC-UNIVERSITY,2012,10184
US-AZUSA-PACIFIC-UNIVERSITY,2013,10755
US-AZUSA-PACIFIC-UNIVERSITY,2014,9972
US-AZUSA-PACIFIC-UNIVERSITY,2015,9975
US-AZUSA-PACIFIC-UNIVERSITY,2016,10020
US-AZUSA-PACIFIC-UNIVERSITY,2017,9926
US-AZUSA-PACIFIC-UNIVERSITY,2018,10095
US-AZUSA-PACIFIC-UNIVERSITY,2019,9297
US-AZUSA-PACIFIC-UNIVERSITY,2020,9006
US-AZUSA-PACIFIC-UNIVERSITY,2021,8126
US-AZUSA-PACIFIC-UNIVERSITY,2022,7169
US-AZUSA-PACIFIC-UNIVERSITY,2023,6487
US-AZUSA-PACIFIC-UNIVERSITY,2024,
US-CALIFORNIA-STATE-UNIVERSITY-FULLERTON,2000,28381
US-CALIFORNIA-STATE-UNIVERSITY-FULLERTON,2001,30357
US-CALIFORNIA-STATE-UNIVERSITY-FULLERTON,2002,32143
US-CALIFORNIA-STATE-UNIVERSITY-FULLERTON,2003,32592
US-CALIFORNIA-STATE-UNIVERSITY-FULLERTON,2004,32744
US-CALIFORNIA-STATE-UNIVERSITY-FULLERTON,2005,35040
US-CALIFORNIA-STATE-UNIVERSITY-FULLERTON,2006,35921
US-CALIFORNIA-STATE-UNIVERSITY-FULLERTON,2007,37130
US-CALIFORNIA-STATE-UNIVERSITY-FULLERTON,2008,36996
US-CALIFORNIA-STATE-UNIVERSITY-FULLERTON,2009,36262
US-CALIFORNIA-STATE-UNIVERSITY-FULLERTON,2010,35590
US-CALIFORNIA-STATE-UNIVERSITY-FULLERTON,2011,36156
US-CALIFORNIA-STATE-UNIVERSITY-FULLERTON,2012,37677
US-CALIFORNIA-STATE-UNIVERSITY-FULLERTON,2013,38325
US-CALIFORNIA-STATE-UNIVERSITY-FULLERTON,2014,38128
US-CALIFORNIA-STATE-UNIVERSITY-FULLERTON,2015,38948
US-CALIFORNIA-STATE-UNIVERSITY-FULLERTON,2016,40235
US-CALIFORNIA-STATE-UNIVERSITY-FULLERTON,2017,40905
US-CALIFORNIA-STATE-UNIVERSITY-FULLERTON,2018,40280
US-CALIFORNIA-STATE-UNIVERSITY-FULLERTON,2019,40445
US-CALIFORNIA-STATE-UNIVERSITY-FULLERTON,2020,42051
US-CALIFORNIA-STATE-UNIVERSITY-FULLERTON,2021,40738
US-CALIFORNIA-STATE-UNIVERSITY-FULLERTON,2022,40386
US-CALIFORNIA-STATE-UNIVERSITY-FULLERTON,2023,41962
US-CALIFORNIA-STATE-UNIVERSITY-FULLERTON,2024,
US-ILLINOIS-INSTITUTE-OF-TECHNOLOGY,2000,6003
US-ILLINOIS-INSTITUTE-OF-TECHNOLOGY,2001,6050
US-ILLINOIS-INSTITUTE-OF-TECHNOLOGY,2002,6199
US-ILLINOIS-INSTITUTE-OF-TECHNOLOGY,2003,6167
US-ILLINOIS-INSTITUTE-OF-TECHNOLOGY,2004,6378
US-ILLINOIS-INSTITUTE-OF-TECHNOLOGY,2005,6472
US-ILLINOIS-INSTITUTE-OF-TECHNOLOGY,2006,6747
US-ILLINOIS-INSTITUTE-OF-TECHNOLOGY,2007,7277
US-ILLINOIS-INSTITUTE-OF-TECHNOLOGY,2008,7453
US-ILLINOIS-INSTITUTE-OF-TECHNOLOGY,2009,7707
US-ILLINOIS-INSTITUTE-OF-TECHNOLOGY,2010,7774
US-ILLINOIS-INSTITUTE-OF-TECHNOLOGY,2011,7787
US-ILLINOIS-INSTITUTE-OF-TECHNOLOGY,2012,7684
US-ILLINOIS-INSTITUTE-OF-TECHNOLOGY,2013,7850
US-ILLINOIS-INSTITUTE-OF-TECHNOLOGY,2014,7898
US-ILLINOIS-INSTITUTE-OF-TECHNOLOGY,2015,7792
US-ILLINOIS-INSTITUTE-OF-TECHNOLOGY,2016,7730
US-ILLINOIS-INSTITUTE-OF-TECHNOLOGY,2017,7164
US-ILLINOIS-INSTITUTE-OF-TECHNOLOGY,2018,6753
US-ILLINOIS-INSTITUTE-OF-TECHNOLOGY,2019,6515
US-ILLINOIS-INSTITUTE-OF-TECHNOLOGY,2020,6325
US-ILLINOIS-INSTITUTE-OF-TECHNOLOGY,2021,6486
US-ILLINOIS-INSTITUTE-OF-TECHNOLOGY,2022,6943
US-ILLINOIS-INSTITUTE-OF-TECHNOLOGY,2023,8563
US-ILLINOIS-INSTITUTE-OF-TECHNOLOGY,2024,
US-MEDICAL-COLLEGE-OF-WISCONSIN,2000,1181
US-MEDICAL-COLLEGE-OF-WISCONSIN,2001,1235
US-MEDICAL-COLLEGE-OF-WISCONSIN,2002,1223
US-MEDICAL-COLLEGE-OF-WISCONSIN,2003,1259
US-MEDICAL-COLLEGE-OF-WISCONSIN,2004,1293
US-MEDICAL-COLLEGE-OF-WISCONSIN,2005,1325
US-MEDICAL-COLLEGE-OF-WISCONSIN,2006,1319
US-MEDICAL-COLLEGE-OF-WISCONSIN,2007,1235
US-MEDICAL-COLLEGE-OF-WISCONSIN,2008,1228
US-MEDICAL-COLLEGE-OF-WISCONSIN,2009,1233
US-MEDICAL-COLLEGE-OF-WISCONSIN,2010,1277
US-MEDICAL-COLLEGE-OF-WISCONSIN,2011,1257
US-MEDICAL-COLLEGE-OF-WISCONSIN,2012,1209
US-MEDICAL-COLLEGE-OF-WISCONSIN,2013,1212
US-MEDICAL-COLLEGE-OF-WISCONSIN,2014,1209
US-MEDICAL-COLLEGE-OF-WISCONSIN,2015,1217
US-MEDICAL-COLLEGE-OF-WISCONSIN,2016,1297
US-MEDICAL-COLLEGE-OF-WISCONSIN,2017,1385
US-MEDICAL-COLLEGE-OF-WISCONSIN,2018,1413
US-MEDICAL-COLLEGE-OF-WISCONSIN,2019,1477
US-MEDICAL-COLLEGE-OF-WISCONSIN,2020,1506
US-MEDICAL-COLLEGE-OF-WISCONSIN,2021,1538
US-MEDICAL-COLLEGE-OF-WISCONSIN,2022,1615
US-MEDICAL-COLLEGE-OF-WISCONSIN,2023,1661
US-MEDICAL-COLLEGE-OF-WISCONSIN,2024,
US-PORTLAND-STATE-UNIVERSITY,2000,18889
US-PORTLAND-STATE-UNIVERSITY,2001,20024
US-PORTLAND-STATE-UNIVERSITY,2002,21672
US-PORTLAND-STATE-UNIVERSITY,2003,23081
US-PORTLAND-STATE-UNIVERSITY,2004,23444
US-PORTLAND-STATE-UNIVERSITY,2005,23929
US-PORTLAND-STATE-UNIVERSITY,2006,24254
US-PORTLAND-STATE-UNIVERSITY,2007,24963
US-PORTLAND-STATE-UNIVERSITY,2008,26382
US-PORTLAND-STATE-UNIVERSITY,2009,27901
US-PORTLAND-STATE-UNIVERSITY,2010,28035
US-PORTLAND-STATE-UNIVERSITY,2011,28584
US-PORTLAND-STATE-UNIVERSITY,2012,28287
US-PORTLAND-STATE-UNIVERSITY,2013,28260
US-PORTLAND-STATE-UNIVERSITY,2014,27696
US-PORTLAND-STATE-UNIVERSITY,2015,27488
US-PORTLAND-STATE-UNIVERSITY,2016,26627
US-PORTLAND-STATE-UNIVERSITY,2017,26693
US-PORTLAND-STATE-UNIVERSITY,2018,25711
US-PORTLAND-STATE-UNIVERSITY,2019,25321
US-PORTLAND-STATE-UNIVERSITY,2020,23640
US-PORTLAND-STATE-UNIVERSITY,2021,22858
US-PORTLAND-STATE-UNIVERSITY,2022,21609
US-PORTLAND-STATE-UNIVERSITY,2023,20519
US-PORTLAND-STATE-UNIVERSITY,2024,
US-TEXAS-A-AND-M-UNIVERSITY-CORPUS-CHRISTI,2000,6823
US-TEXAS-A-AND-M-UNIVERSITY-CORPUS-CHRISTI,2001,7369
US-TEXAS-A-AND-M-UNIVERSITY-CORPUS-CHRISTI,2002,7607
US-TEXAS-A-AND-M-UNIVERSITY-CORPUS-CHRISTI,2003,7861
US-TEXAS-A-AND-M-UNIVERSITY-CORPUS-CHRISTI,2004,8227
US-TEXAS-A-AND-M-UNIVERSITY-CORPUS-CHRISTI,2005,8365
US-TEXAS-A-AND-M-UNIVERSITY-CORPUS-CHRISTI,2006,8585
US-TEXAS-A-AND-M-UNIVERSITY-CORPUS-CHRISTI,2007,8563
US-TEXAS-A-AND-M-UNIVERSITY-CORPUS-CHRISTI,2008,9007
US-TEXAS-A-AND-M-UNIVERSITY-CORPUS-CHRISTI,2009,9468
US-TEXAS-A-AND-M-UNIVERSITY-CORPUS-CHRISTI,2010,10033
US-TEXAS-A-AND-M-UNIVERSITY-CORPUS-CHRISTI,2011,10162
US-TEXAS-A-AND-M-UNIVERSITY-CORPUS-CHRISTI,2012,10508
US-TEXAS-A-AND-M-UNIVERSITY-CORPUS-CHRISTI,2013,10913
US-TEXAS-A-AND-M-UNIVERSITY-CORPUS-CHRISTI,2014,11256
US-TEXAS-A-AND-M-UNIVERSITY-CORPUS-CHRISTI,2015,11661
US-TEXAS-A-AND-M-UNIVERSITY-CORPUS-CHRISTI,2016,12202
US-TEXAS-A-AND-M-UNIVERSITY-CORPUS-CHRISTI,2017,12236
US-TEXAS-A-AND-M-UNIVERSITY-CORPUS-CHRISTI,2018,11929
US-TEXAS-A-AND-M-UNIVERSITY-CORPUS-CHRISTI,2019,11452
US-TEXAS-A-AND-M-UNIVERSITY-CORPUS-CHRISTI,2020,10820
US-TEXAS-A-AND-M-UNIVERSITY-CORPUS-CHRISTI,2021,10762
US-TEXAS-A-AND-M-UNIVERSITY-CORPUS-CHRISTI,2022,10778
US-TEXAS-A-AND-M-UNIVERSITY-CORPUS-CHRISTI,2023,10855
US-TEXAS-A-AND-M-UNIVERSITY-CORPUS-CHRISTI,2024,
US-THOMAS-JEFFERSON-UNIVERSITY,2000,2256
US-THOMAS-JEFFERSON-UNIVERSITY,2001,2248
US-THOMAS-JEFFERSON-UNIVERSITY,2002,2262
US-THOMAS-JEFFERSON-UNIVERSITY,2003,2332
US-THOMAS-JEFFERSON-UNIVERSITY,2004,2457
US-THOMAS-JEFFERSON-UNIVERSITY,2005,2681
US-THOMAS-JEFFERSON-UNIVERSITY,2006,2867
US-THOMAS-JEFFERSON-UNIVERSITY,2007,2924
US-THOMAS-JEFFERSON-UNIVERSITY,2008,3202
US-THOMAS-JEFFERSON-UNIVERSITY,2009,3326
US-THOMAS-JEFFERSON-UNIVERSITY,2010,3555
US-THOMAS-JEFFERSON-UNIVERSITY,2011,3708
US-THOMAS-JEFFERSON-UNIVERSITY,2012,3673
US-THOMAS-JEFFERSON-UNIVERSITY,2013,3635
US-THOMAS-JEFFERSON-UNIVERSITY,2014,3606
US-THOMAS-JEFFERSON-UNIVERSITY,2015,3717
US-THOMAS-JEFFERSON-UNIVERSITY,2016,3887
US-THOMAS-JEFFERSON-UNIVERSITY,2017,4028
US-THOMAS-JEFFERSON-UNIVERSITY,2018,7786
US-THOMAS-JEFFERSON-UNIVERSITY,2019,8026
US-THOMAS-JEFFERSON-UNIVERSITY,2020,8286
US-THOMAS-JEFFERSON-UNIVERSITY,2021,8270
US-THOMAS-JEFFERSON-UNIVERSITY,2022,8286
US-THOMAS-JEFFERSON-UNIVERSITY,2023,8315
US-THOMAS-JEFFERSON-UNIVERSITY,2024,
US-UNIVERSITY-OF-TULSA,2000,4158
US-UNIVERSITY-OF-TULSA,2001,4119
US-UNIVERSITY-OF-TULSA,2002,4049
US-UNIVERSITY-OF-TULSA,2003,4072
US-UNIVERSITY-OF-TULSA,2004,4174
US-UNIVERSITY-OF-TULSA,2005,4084
US-UNIVERSITY-OF-TULSA,2006,4125
US-UNIVERSITY-OF-TULSA,2007,4165
US-UNIVERSITY-OF-TULSA,2008,4192
US-UNIVERSITY-OF-TULSA,2009,4187
US-UNIVERSITY-OF-TULSA,2010,4185
US-UNIVERSITY-OF-TULSA,2011,4092
US-UNIVERSITY-OF-TULSA,2012,4326
US-UNIVERSITY-OF-TULSA,2013,4597
US-UNIVERSITY-OF-TULSA,2014,4682
US-UNIVERSITY-OF-TULSA,2015,4671
US-UNIVERSITY-OF-TULSA,2016,4563
US-UNIVERSITY-OF-TULSA,2017,4433
US-UNIVERSITY-OF-TULSA,2018,4365
US-UNIVERSITY-OF-TULSA,2019,4379
US-UNIVERSITY-OF-TULSA,2020,3960
US-UNIVERSITY-OF-TULSA,2021,3832
US-UNIVERSITY-OF-TULSA,2022,3769
US-UNIVERSITY-OF-TULSA,2023,3559
US-UNIVERSITY-OF-TULSA,2024,
US-ALVERNIA-UNIVERSITY,2000,1574
US-ALVERNIA-UNIVERSITY,2001,1815
US-ALVERNIA-UNIVERSITY,2002,2178
US-ALVERNIA-UNIVERSITY,2003,2383
US-ALVERNIA-UNIVERSITY,2004,2671
US-ALVERNIA-UNIVERSITY,2005,2735
US-ALVERNIA-UNIVERSITY,2006,2846
US-ALVERNIA-UNIVERSITY,2007,2749
US-ALVERNIA-UNIVERSITY,2008,2809
US-ALVERNIA-UNIVERSITY,2009,2856
US-ALVERNIA-UNIVERSITY,2010,2906
US-ALVERNIA-UNIVERSITY,2011,3011
US-ALVERNIA-UNIVERSITY,2012,2891
US-ALVERNIA-UNIVERSITY,2013,2871
US-ALVERNIA-UNIVERSITY,2014,2917
US-ALVERNIA-UNIVERSITY,2015,2856
US-ALVERNIA-UNIVERSITY,2016,2872
US-ALVERNIA-UNIVERSITY,2017,2838
US-ALVERNIA-UNIVERSITY,2018,2792
US-ALVERNIA-UNIVERSITY,2019,2731
US-ALVERNIA-UNIVERSITY,2020,2560
US-ALVERNIA-UNIVERSITY,2021,2536
US-ALVERNIA-UNIVERSITY,2022,2484
US-ALVERNIA-UNIVERSITY,2023,2485
US-ALVERNIA-UNIVERSITY,2024,
US-BELLARMINE-UNIVERSITY,2000,2848
US-BELLARMINE-UNIVERSITY,2001,2982
US-BELLARMINE-UNIVERSITY,2002,3294
US-BELLARMINE-UNIVERSITY,2003,3134
US-BELLARMINE-UNIVERSITY,2004,2888
US-BELLARMINE-UNIVERSITY,2005,2827
US-BELLARMINE-UNIVERSITY,2006,2878
US-BELLARMINE-UNIVERSITY,2007,3001
US-BELLARMINE-UNIVERSITY,2008,3040
US-BELLARMINE-UNIVERSITY,2009,3090
US-BELLARMINE-UNIVERSITY,2010,3342
US-BELLARMINE-UNIVERSITY,2011,3432
US-BELLARMINE-UNIVERSITY,2012,3602
US-BELLARMINE-UNIVERSITY,2013,3419
US-BELLARMINE-UNIVERSITY,2014,3609
US-BELLARMINE-UNIVERSITY,2015,3846
US-BELLARMINE-UNIVERSITY,2016,3973
US-BELLARMINE-UNIVERSITY,2017,3757
US-BELLARMINE-UNIVERSITY,2018,3369
US-BELLARMINE-UNIVERSITY,2019,3331
US-BELLARMINE-UNIVERSITY,2020,3293
US-BELLARMINE-UNIVERSITY,2021,3149
US-BELLARMINE-UNIVERSITY,2022,2970
US-BELLARMINE-UNIVERSITY,2023,2993
US-BELLARMINE-UNIVERSITY,2024,
US-CALIFORNIA-INSTITUTE-OF-INTEGRAL-STUDIES,2000,951
US-CALIFORNIA-INSTITUTE-OF-INTEGRAL-STUDIES,2001,927
US-CALIFORNIA-INSTITUTE-OF-INTEGRAL-STUDIES,2002,941
US-CALIFORNIA-INSTITUTE-OF-INTEGRAL-STUDIES,2003,981
US-CALIFORNIA-INSTITUTE-OF-INTEGRAL-STUDIES,2004,980
US-CALIFORNIA-INSTITUTE-OF-INTEGRAL-STUDIES,2005,1057
US-CALIFORNIA-INSTITUTE-OF-INTEGRAL-STUDIES,2006,1073
US-CALIFORNIA-INSTITUTE-OF-INTEGRAL-STUDIES,2007,1126
US-CALIFORNIA-INSTITUTE-OF-INTEGRAL-STUDIES,2008,1166
US-CALIFORNIA-INSTITUTE-OF-INTEGRAL-STUDIES,2009,1279
US-CALIFORNIA-INSTITUTE-OF-INTEGRAL-STUDIES,2010,1403
US-CALIFORNIA-INSTITUTE-OF-INTEGRAL-STUDIES,2011,1423
US-CALIFORNIA-INSTITUTE-OF-INTEGRAL-STUDIES,2012,1350
US-CALIFORNIA-INSTITUTE-OF-INTEGRAL-STUDIES,2013,1271
US-CALIFORNIA-INSTITUTE-OF-INTEGRAL-STUDIES,2014,1251
US-CALIFORNIA-INSTITUTE-OF-INTEGRAL-STUDIES,2015,1488
US-CALIFORNIA-INSTITUTE-OF-INTEGRAL-STUDIES,2016,1459
US-CALIFORNIA-INSTITUTE-OF-INTEGRAL-STUDIES,2017,1417
US-CALIFORNIA-INSTITUTE-OF-INTEGRAL-STUDIES,2018,1452
US-CALIFORNIA-INSTITUTE-OF-INTEGRAL-STUDIES,2019,1476
US-CALIFORNIA-INSTITUTE-OF-INTEGRAL-STUDIES,2020,1530
US-CALIFORNIA-INSTITUTE-OF-INTEGRAL-STUDIES,2021,1846
US-CALIFORNIA-INSTITUTE-OF-INTEGRAL-STUDIES,2022,2141
US-CALIFORNIA-INSTITUTE-OF-INTEGRAL-STUDIES,2023,2047
US-CALIFORNIA-INSTITUTE-OF-INTEGRAL-STUDIES,2024,
US-ERSKINE-COLLEGE,2000,858
US-ERSKINE-COLLEGE,2001,948
US-ERSKINE-COLLEGE,2002,948
US-ERSKINE-COLLEGE,2003,904
US-ERSKINE-COLLEGE,2004,962
US-ERSKINE-COLLEGE,2005,890
US-ERSKINE-COLLEGE,2006,924
US-ERSKINE-COLLEGE,2007,892
US-ERSKINE-COLLEGE,2008,864
US-ERSKINE-COLLEGE,2009,874
US-ERSKINE-COLLEGE,2010,811
US-ERSKINE-COLLEGE,2011,773
US-ERSKINE-COLLEGE,2012,751
US-ERSKINE-COLLEGE,2013,815
US-ERSKINE-COLLEGE,2014,753
US-ERSKINE-COLLEGE,2015,761
US-ERSKINE-COLLEGE,2016,822
US-ERSKINE-COLLEGE,2017,694
US-ERSKINE-COLLEGE,2018,693
US-ERSKINE-COLLEGE,2019,912
US-ERSKINE-COLLEGE,2020,943
US-ERSKINE-COLLEGE,2021,945
US-ERSKINE-COLLEGE,2022,1006
US-ERSKINE-COLLEGE,2023,984
US-ERSKINE-COLLEGE,2024,
US-UNIVERSITY-OF-DETROIT-MERCY,2000,6023
US-UNIVERSITY-OF-DETROIT-MERCY,2001,5843
US-UNIVERSITY-OF-DETROIT-MERCY,2002,5671
US-UNIVERSITY-OF-DETROIT-MERCY,2003,5571
US-UNIVERSITY-OF-DETROIT-MERCY,2004,5521
US-UNIVERSITY-OF-DETROIT-MERCY,2005,5552
US-UNIVERSITY-OF-DETROIT-MERCY,2006,5528
US-UNIVERSITY-OF-DETROIT-MERCY,2007,5723
US-UNIVERSITY-OF-DETROIT-MERCY,2008,5725
US-UNIVERSITY-OF-DETROIT-MERCY,2009,5585
US-UNIVERSITY-OF-DETROIT-MERCY,2010,5534
US-UNIVERSITY-OF-DETROIT-MERCY,2011,5335
US-UNIVERSITY-OF-DETROIT-MERCY,2012,5231
US-UNIVERSITY-OF-DETROIT-MERCY,2013,5112
US-UNIVERSITY-OF-DETROIT-MERCY,2014,4945
US-UNIVERSITY-OF-DETROIT-MERCY,2015,4920
US-UNIVERSITY-OF-DETROIT-MERCY,2016,4875
US-UNIVERSITY-OF-DETROIT-MERCY,2017,5113
US-UNIVERSITY-OF-DETROIT-MERCY,2018,5111
US-UNIVERSITY-OF-DETROIT-MERCY,2019,5080
US-UNIVERSITY-OF-DETROIT-MERCY,2020,4987
US-UNIVERSITY-OF-DETROIT-MERCY,2021,5227
US-UNIVERSITY-OF-DETROIT-MERCY,2022,5360
US-UNIVERSITY-OF-DETROIT-MERCY,2023,5528
US-UNIVERSITY-OF-DETROIT-MERCY,2024,
US-UNIVERSITY-OF-WISCONSIN-OSHKOSH,2000,10744
US-UNIVERSITY-OF-WISCONSIN-OSHKOSH,2001,11033
US-UNIVERSITY-OF-WISCONSIN-OSHKOSH,2002,11483
US-UNIVERSITY-OF-WISCONSIN-OSHKOSH,2003,11431
US-UNIVERSITY-OF-WISCONSIN-OSHKOSH,2004,11532
US-UNIVERSITY-OF-WISCONSIN-OSHKOSH,2005,11433
US-UNIVERSITY-OF-WISCONSIN-OSHKOSH,2006,12530
US-UNIVERSITY-OF-WISCONSIN-OSHKOSH,2007,12772
US-UNIVERSITY-OF-WISCONSIN-OSHKOSH,2008,12753
US-UNIVERSITY-OF-WISCONSIN-OSHKOSH,2009,13192
US-UNIVERSITY-OF-WISCONSIN-OSHKOSH,2010,13629
US-UNIVERSITY-OF-WISCONSIN-OSHKOSH,2011,13513
US-UNIVERSITY-OF-WISCONSIN-OSHKOSH,2012,13519
US-UNIVERSITY-OF-WISCONSIN-OSHKOSH,2013,13900
US-UNIVERSITY-OF-WISCONSIN-OSHKOSH,2014,14541
US-UNIVERSITY-OF-WISCONSIN-OSHKOSH,2015,14051
US-UNIVERSITY-OF-WISCONSIN-OSHKOSH,2016,13958
US-UNIVERSITY-OF-WISCONSIN-OSHKOSH,2017,13933
US-UNIVERSITY-OF-WISCONSIN-OSHKOSH,2018,16410
US-UNIVERSITY-OF-WISCONSIN-OSHKOSH,2019,15521
US-UNIVERSITY-OF-WISCONSIN-OSHKOSH,2020,15314
US-UNIVERSITY-OF-WISCONSIN-OSHKOSH,2021,14142
US-UNIVERSITY-OF-WISCONSIN-OSHKOSH,2022,13705
US-UNIVERSITY-OF-WISCONSIN-OSHKOSH,2023,13761
US-UNIVERSITY-OF-WISCONSIN-OSHKOSH,2024,
US-WILLIAM-WOODS-UNIVERSITY,2000,1479
US-WILLIAM-WOODS-UNIVERSITY,2001,1659
US-WILLIAM-WOODS-UNIVERSITY,2002,1813
US-WILLIAM-WOODS-UNIVERSITY,2003,2173
US-WILLIAM-WOODS-UNIVERSITY,2004,2191
US-WILLIAM-WOODS-UNIVERSITY,2005,2577
US-WILLIAM-WOODS-UNIVERSITY,2006,2308
US-WILLIAM-WOODS-UNIVERSITY,2007,2189
US-WILLIAM-WOODS-UNIVERSITY,2008,2305
US-WILLIAM-WOODS-UNIVERSITY,2009,2412
US-WILLIAM-WOODS-UNIVERSITY,2010,2185
US-WILLIAM-WOODS-UNIVERSITY,2011,1997
US-WILLIAM-WOODS-UNIVERSITY,2012,2184
US-WILLIAM-WOODS-UNIVERSITY,2013,2136
US-WILLIAM-WOODS-UNIVERSITY,2014,2031
US-WILLIAM-WOODS-UNIVERSITY,2015,2172
US-WILLIAM-WOODS-UNIVERSITY,2016,2076
US-WILLIAM-WOODS-UNIVERSITY,2017,2284
US-WILLIAM-WOODS-UNIVERSITY,2018,2302
US-WILLIAM-WOODS-UNIVERSITY,2019,2153
US-WILLIAM-WOODS-UNIVERSITY,2020,2114
US-WILLIAM-WOODS-UNIVERSITY,2021,1737
US-WILLIAM-WOODS-UNIVERSITY,2022,1508
US-WILLIAM-WOODS-UNIVERSITY,2023,1729
US-WILLIAM-WOODS-UNIVERSITY,2024,
US-ABILENE-CHRISTIAN-UNIVERSITY,2000,4739
US-ABILENE-CHRISTIAN-UNIVERSITY,2001,4673
US-ABILENE-CHRISTIAN-UNIVERSITY,2002,4668
US-ABILENE-CHRISTIAN-UNIVERSITY,2003,4648
US-ABILENE-CHRISTIAN-UNIVERSITY,2004,4761
US-ABILENE-CHRISTIAN-UNIVERSITY,2005,4685
US-ABILENE-CHRISTIAN-UNIVERSITY,2006,4777
US-ABILENE-CHRISTIAN-UNIVERSITY,2007,4675
US-ABILENE-CHRISTIAN-UNIVERSITY,2008,4669
US-ABILENE-CHRISTIAN-UNIVERSITY,2009,4813
US-ABILENE-CHRISTIAN-UNIVERSITY,2010,4728
US-ABILENE-CHRISTIAN-UNIVERSITY,2011,4558
US-ABILENE-CHRISTIAN-UNIVERSITY,2012,4367
US-ABILENE-CHRISTIAN-UNIVERSITY,2013,4461
US-ABILENE-CHRISTIAN-UNIVERSITY,2014,4427
US-ABILENE-CHRISTIAN-UNIVERSITY,2015,4544
US-ABILENE-CHRISTIAN-UNIVERSITY,2016,4910
US-ABILENE-CHRISTIAN-UNIVERSITY,2017,5145
US-ABILENE-CHRISTIAN-UNIVERSITY,2018,5204
US-ABILENE-CHRISTIAN-UNIVERSITY,2019,5292
US-ABILENE-CHRISTIAN-UNIVERSITY,2020,5291
US-ABILENE-CHRISTIAN-UNIVERSITY,2021,4912
US-ABILENE-CHRISTIAN-UNIVERSITY,2022,5079
US-ABILENE-CHRISTIAN-UNIVERSITY,2023,5114
US-ABILENE-CHRISTIAN-UNIVERSITY,2024,
US-CALIFORNIA-STATE-POLYTECHNIC-UNIVERSITY-POMONA,2000,18424
US-CALIFORNIA-STATE-POLYTECHNIC-UNIVERSITY-POMONA,2001,19041
US-CALIFORNIA-STATE-POLYTECHNIC-UNIVERSITY-POMONA,2002,19821
US-CALIFORNIA-STATE-POLYTECHNIC-UNIVERSITY-POMONA,2003,19804
US-CALIFORNIA-STATE-POLYTECHNIC-UNIVERSITY-POMONA,2004,19003
US-CALIFORNIA-STATE-POLYTECHNIC-UNIVERSITY-POMONA,2005,19885
US-CALIFORNIA-STATE-POLYTECHNIC-UNIVERSITY-POMONA,2006,20510
US-CALIFORNIA-STATE-POLYTECHNIC-UNIVERSITY-POMONA,2007,21477
US-CALIFORNIA-STATE-POLYTECHNIC-UNIVERSITY-POMONA,2008,21190
US-CALIFORNIA-STATE-POLYTECHNIC-UNIVERSITY-POMONA,2009,22273
US-CALIFORNIA-STATE-POLYTECHNIC-UNIVERSITY-POMONA,2010,20747
US-CALIFORNIA-STATE-POLYTECHNIC-UNIVERSITY-POMONA,2011,21107
US-CALIFORNIA-STATE-POLYTECHNIC-UNIVERSITY-POMONA,2012,22156
US-CALIFORNIA-STATE-POLYTECHNIC-UNIVERSITY-POMONA,2013,22501
US-CALIFORNIA-STATE-POLYTECHNIC-UNIVERSITY-POMONA,2014,23966
US-CALIFORNIA-STATE-POLYTECHNIC-UNIVERSITY-POMONA,2015,23717
US-CALIFORNIA-STATE-POLYTECHNIC-UNIVERSITY-POMONA,2016,25326
US-CALIFORNIA-STATE-POLYTECHNIC-UNIVERSITY-POMONA,2017,26053
US-CALIFORNIA-STATE-POLYTECHNIC-UNIVERSITY-POMONA,2018,26598
US-CALIFORNIA-STATE-POLYTECHNIC-UNIVERSITY-POMONA,2019,28058
US-CALIFORNIA-STATE-POLYTECHNIC-UNIVERSITY-POMONA,2020,30014
US-CALIFORNIA-STATE-POLYTECHNIC-UNIVERSITY-POMONA,2021,29456
US-CALIFORNIA-STATE-POLYTECHNIC-UNIVERSITY-POMONA,2022,27503
US-CALIFORNIA-STATE-POLYTECHNIC-UNIVERSITY-POMONA,2023,26848
US-CALIFORNIA-STATE-POLYTECHNIC-UNIVERSITY-POMONA,2024,
US-EMBRY-RIDDLE-AERONAUTICAL-UNIVERSITY,2001,8377
US-EMBRY-RIDDLE-AERONAUTICAL-UNIVERSITY,2002,8538
US-EMBRY-RIDDLE-AERONAUTICAL-UNIVERSITY,2003,9568
US-EMBRY-RIDDLE-AERONAUTICAL-UNIVERSITY,2004,13292
US-EMBRY-RIDDLE-AERONAUTICAL-UNIVERSITY,2005,14691
US-EMBRY-RIDDLE-AERONAUTICAL-UNIVERSITY,2006,15570
US-EMBRY-RIDDLE-AERONAUTICAL-UNIVERSITY,2007,15189
US-EMBRY-RIDDLE-AERONAUTICAL-UNIVERSITY,2008,15225
US-EMBRY-RIDDLE-AERONAUTICAL-UNIVERSITY,2009,15249
US-EMBRY-RIDDLE-AERONAUTICAL-UNIVERSITY,2010,15488
US-EMBRY-RIDDLE-AERONAUTICAL-UNIVERSITY,2011,15320
US-EMBRY-RIDDLE-AERONAUTICAL-UNIVERSITY,2012,15562
US-EMBRY-RIDDLE-AERONAUTICAL-UNIVERSITY,2013,14564
US-EMBRY-RIDDLE-AERONAUTICAL-UNIVERSITY,2014,14176
US-EMBRY-RIDDLE-AERONAUTICAL-UNIVERSITY,2015,14015
US-EMBRY-RIDDLE-AERONAUTICAL-UNIVERSITY,2016,14221
US-EMBRY-RIDDLE-AERONAUTICAL-UNIVERSITY,2017,14519
US-EMBRY-RIDDLE-AERONAUTICAL-UNIVERSITY,2018,14168
US-EMBRY-RIDDLE-AERONAUTICAL-UNIVERSITY,2019,13773
US-EMBRY-RIDDLE-AERONAUTICAL-UNIVERSITY,2020,13904
US-EMBRY-RIDDLE-AERONAUTICAL-UNIVERSITY,2021,12720
US-EMBRY-RIDDLE-AERONAUTICAL-UNIVERSITY,2022,11574
US-EMBRY-RIDDLE-AERONAUTICAL-UNIVERSITY,2023,12268
US-EMBRY-RIDDLE-AERONAUTICAL-UNIVERSITY,2024,
US-LOMA-LINDA-UNIVERSITY,2000,3153
US-LOMA-LINDA-UNIVERSITY,2001,3162
US-LOMA-LINDA-UNIVERSITY,2002,3297
US-LOMA-LINDA-UNIVERSITY,2003,3501
US-LOMA-LINDA-UNIVERSITY,2004,3949
US-LOMA-LINDA-UNIVERSITY,2005,3854
US-LOMA-LINDA-UNIVERSITY,2006,3881
US-LOMA-LINDA-UNIVERSITY,2007,4022
US-LOMA-LINDA-UNIVERSITY,2008,4040
US-LOMA-LINDA-UNIVERSITY,2009,4114
US-LOMA-LINDA-UNIVERSITY,2010,4266
US-LOMA-LINDA-UNIVERSITY,2011,4455
US-LOMA-LINDA-UNIVERSITY,2012,4612
US-LOMA-LINDA-UNIVERSITY,2013,4693
US-LOMA-LINDA-UNIVERSITY,2014,4600
US-LOMA-LINDA-UNIVERSITY,2015,4490
US-LOMA-LINDA-UNIVERSITY,2016,4444
US-LOMA-LINDA-UNIVERSITY,2017,4417
US-LOMA-LINDA-UNIVERSITY,2018,4448
US-LOMA-LINDA-UNIVERSITY,2019,4462
US-LOMA-LINDA-UNIVERSITY,2020,4468
US-LOMA-LINDA-UNIVERSITY,2021,4390
US-LOMA-LINDA-UNIVERSITY,2022,4280
US-LOMA-LINDA-UNIVERSITY,2023,4202
US-LOMA-LINDA-UNIVERSITY,2024,
US-LOYOLA-MARYMOUNT-UNIVERSITY,2000,7500
US-LOYOLA-MARYMOUNT-UNIVERSITY,2001,7921
US-LOYOLA-MARYMOUNT-UNIVERSITY,2002,8155
US-LOYOLA-MARYMOUNT-UNIVERSITY,2003,8652
US-LOYOLA-MARYMOUNT-UNIVERSITY,2004,8770
US-LOYOLA-MARYMOUNT-UNIVERSITY,2005,8865
US-LOYOLA-MARYMOUNT-UNIVERSITY,2006,8972
US-LOYOLA-MARYMOUNT-UNIVERSITY,2007,8977
US-LOYOLA-MARYMOUNT-UNIVERSITY,2008,9011
US-LOYOLA-MARYMOUNT-UNIVERSITY,2009,9015
US-LOYOLA-MARYMOUNT-UNIVERSITY,2010,9223
US-LOYOLA-MARYMOUNT-UNIVERSITY,2011,9352
US-LOYOLA-MARYMOUNT-UNIVERSITY,2012,9492
US-LOYOLA-MARYMOUNT-UNIVERSITY,2013,9661
US-LOYOLA-MARYMOUNT-UNIVERSITY,2014,9515
US-LOYOLA-MARYMOUNT-UNIVERSITY,2015,9392
US-LOYOLA-MARYMOUNT-UNIVERSITY,2016,9330
US-LOYOLA-MARYMOUNT-UNIVERSITY,2017,9618
US-LOYOLA-MARYMOUNT-UNIVERSITY,2018,9838
US-LOYOLA-MARYMOUNT-UNIVERSITY,2019,9822
US-LOYOLA-MARYMOUNT-UNIVERSITY,2020,9686
US-LOYOLA-MARYMOUNT-UNIVERSITY,2021,10184
US-LOYOLA-MARYMOUNT-UNIVERSITY,2022,10165
US-LOYOLA-MARYMOUNT-UNIVERSITY,2023,10256
US-LOYOLA-MARYMOUNT-UNIVERSITY,2024,
US-MARSHALL-UNIVERSITY,2000,15640
US-MARSHALL-UNIVERSITY,2001,16036
US-MARSHALL-UNIVERSITY,2002,16541
US-MARSHALL-UNIVERSITY,2003,16353
US-MARSHALL-UNIVERSITY,2004,13920
US-MARSHALL-UNIVERSITY,2005,13988
US-MARSHALL-UNIVERSITY,2006,13936
US-MARSHALL-UNIVERSITY,2007,13808
US-MARSHALL-UNIVERSITY,2008,13573
US-MARSHALL-UNIVERSITY,2009,13776
US-MARSHALL-UNIVERSITY,2010,14192
US-MARSHALL-UNIVERSITY,2011,13966
US-MARSHALL-UNIVERSITY,2012,13708
US-MARSHALL-UNIVERSITY,2013,13407
US-MARSHALL-UNIVERSITY,2014,13381
US-MARSHALL-UNIVERSITY,2015,13621
US-MARSHALL-UNIVERSITY,2016,13647
US-MARSHALL-UNIVERSITY,2017,13246
US-MARSHALL-UNIVERSITY,2018,13204
US-MARSHALL-UNIVERSITY,2019,12852
US-MARSHALL-UNIVERSITY,2020,11957
US-MARSHALL-UNIVERSITY,2021,11023
US-MARSHALL-UNIVERSITY,2022,10691
US-MARSHALL-UNIVERSITY,2023,11027
US-MARSHALL-UNIVERSITY,2024,
US-MIDDLE-TENNESSEE-STATE-UNIVERSITY,2000,19121
US-MIDDLE-TENNESSEE-STATE-UNIVERSITY,2001,20073
US-MIDDLE-TENNESSEE-STATE-UNIVERSITY,2002,21163
US-MIDDLE-TENNESSEE-STATE-UNIVERSITY,2003,21744
US-MIDDLE-TENNESSEE-STATE-UNIVERSITY,2004,22322
US-MIDDLE-TENNESSEE-STATE-UNIVERSITY,2005,22554
US-MIDDLE-TENNESSEE-STATE-UNIVERSITY,2006,22863
US-MIDDLE-TENNESSEE-STATE-UNIVERSITY,2007,23246
US-MIDDLE-TENNESSEE-STATE-UNIVERSITY,2008,23872
US-MIDDLE-TENNESSEE-STATE-UNIVERSITY,2009,25188
US-MIDDLE-TENNESSEE-STATE-UNIVERSITY,2010,26430
US-MIDDLE-TENNESSEE-STATE-UNIVERSITY,2011,26442
US-MIDDLE-TENNESSEE-STATE-UNIVERSITY,2012,25394
US-MIDDLE-TENNESSEE-STATE-UNIVERSITY,2013,23881
US-MIDDLE-TENNESSEE-STATE-UNIVERSITY,2014,22729
US-MIDDLE-TENNESSEE-STATE-UNIVERSITY,2015,22511
US-MIDDLE-TENNESSEE-STATE-UNIVERSITY,2016,22050
US-MIDDLE-TENNESSEE-STATE-UNIVERSITY,2017,21913
US-MIDDLE-TENNESSEE-STATE-UNIVERSITY,2018,21631
US-MIDDLE-TENNESSEE-STATE-UNIVERSITY,2019,21721
US-MIDDLE-TENNESSEE-STATE-UNIVERSITY,2020,22080
US-MIDDLE-TENNESSEE-STATE-UNIVERSITY,2021,21568
US-MIDDLE-TENNESSEE-STATE-UNIVERSITY,2022,20086
US-MIDDLE-TENNESSEE-STATE-UNIVERSITY,2023,20183
US-MIDDLE-TENNESSEE-STATE-UNIVERSITY,2024,
US-OKLAHOMA-STATE-UNIVERSITY-CENTER-FOR-HEALTH-SCIENCES,2000,352
US-OKLAHOMA-STATE-UNIVERSITY-CENTER-FOR-HEALTH-SCIENCES,2001,385
US-OKLAHOMA-STATE-UNIVERSITY-CENTER-FOR-HEALTH-SCIENCES,2002,388
US-OKLAHOMA-STATE-UNIVERSITY-CENTER-FOR-HEALTH-SCIENCES,2003,396
US-OKLAHOMA-STATE-UNIVERSITY-CENTER-FOR-HEALTH-SCIENCES,2004,405
US-OKLAHOMA-STATE-UNIVERSITY-CENTER-FOR-HEALTH-SCIENCES,2005,410
US-OKLAHOMA-STATE-UNIVERSITY-CENTER-FOR-HEALTH-SCIENCES,2006,414
US-OKLAHOMA-STATE-UNIVERSITY-CENTER-FOR-HEALTH-SCIENCES,2007,406
US-OKLAHOMA-STATE-UNIVERSITY-CENTER-FOR-HEALTH-SCIENCES,2008,68
US-OKLAHOMA-STATE-UNIVERSITY-CENTER-FOR-HEALTH-SCIENCES,2009,427
US-OKLAHOMA-STATE-UNIVERSITY-CENTER-FOR-HEALTH-SCIENCES,2010,427
US-OKLAHOMA-STATE-UNIVERSITY-CENTER-FOR-HEALTH-SCIENCES,2011,427
US-OKLAHOMA-STATE-UNIVERSITY-CENTER-FOR-HEALTH-SCIENCES,2012,457
US-OKLAHOMA-STATE-UNIVERSITY-CENTER-FOR-HEALTH-SCIENCES,2013,475
US-OKLAHOMA-STATE-UNIVERSITY-CENTER-FOR-HEALTH-SCIENCES,2014,664
US-OKLAHOMA-STATE-UNIVERSITY-CENTER-FOR-HEALTH-SCIENCES,2015,787
US-OKLAHOMA-STATE-UNIVERSITY-CENTER-FOR-HEALTH-SCIENCES,2016,926
US-OKLAHOMA-STATE-UNIVERSITY-CENTER-FOR-HEALTH-SCIENCES,2017,971
US-OKLAHOMA-STATE-UNIVERSITY-CENTER-FOR-HEALTH-SCIENCES,2018,980
US-OKLAHOMA-STATE-UNIVERSITY-CENTER-FOR-HEALTH-SCIENCES,2019,1115
US-OKLAHOMA-STATE-UNIVERSITY-CENTER-FOR-HEALTH-SCIENCES,2020,1219
US-OKLAHOMA-STATE-UNIVERSITY-CENTER-FOR-HEALTH-SCIENCES,2021,1303
US-OKLAHOMA-STATE-UNIVERSITY-CENTER-FOR-HEALTH-SCIENCES,2022,1459
US-OKLAHOMA-STATE-UNIVERSITY-CENTER-FOR-HEALTH-SCIENCES,2023,1833
US-OKLAHOMA-STATE-UNIVERSITY-CENTER-FOR-HEALTH-SCIENCES,2024,
US-TARLETON-STATE-UNIVERSITY,2000,7545
US-TARLETON-STATE-UNIVERSITY,2001,8027
US-TARLETON-STATE-UNIVERSITY,2002,8320
US-TARLETON-STATE-UNIVERSITY,2003,8845
US-TARLETON-STATE-UNIVERSITY,2004,9033
US-TARLETON-STATE-UNIVERSITY,2005,9141
US-TARLETON-STATE-UNIVERSITY,2006,9464
US-TARLETON-STATE-UNIVERSITY,2007,9460
US-TARLETON-STATE-UNIVERSITY,2008,9633
US-TARLETON-STATE-UNIVERSITY,2009,10424
US-TARLETON-STATE-UNIVERSITY,2010,11121
US-TARLETON-STATE-UNIVERSITY,2011,11693
US-TARLETON-STATE-UNIVERSITY,2012,12524
US-TARLETON-STATE-UNIVERSITY,2013,13307
US-TARLETON-STATE-UNIVERSITY,2014,11681
US-TARLETON-STATE-UNIVERSITY,2015,12330
US-TARLETON-STATE-UNIVERSITY,2016,13049
US-TARLETON-STATE-UNIVERSITY,2017,13019
US-TARLETON-STATE-UNIVERSITY,2018,13109
US-TARLETON-STATE-UNIVERSITY,2019,13166
US-TARLETON-STATE-UNIVERSITY,2020,14016
US-TARLETON-STATE-UNIVERSITY,2021,13995
US-TARLETON-STATE-UNIVERSITY,2022,14092
US-TARLETON-STATE-UNIVERSITY,2023,15937
US-TARLETON-STATE-UNIVERSITY,2024,
US-TENNESSEE-STATE-UNIVERSITY,2000,8640
US-TENNESSEE-STATE-UNIVERSITY,2001,8664
US-TENNESSEE-STATE-UNIVERSITY,2002,8881
US-TENNESSEE-STATE-UNIVERSITY,2003,9090
US-TENNESSEE-STATE-UNIVERSITY,2004,9100
US-TENNESSEE-STATE-UNIVERSITY,2005,8880
US-TENNESSEE-STATE-UNIVERSITY,2006,9038
US-TENNESSEE-STATE-UNIVERSITY,2007,9065
US-TENNESSEE-STATE-UNIVERSITY,2008,8254
US-TENNESSEE-STATE-UNIVERSITY,2009,8824
US-TENNESSEE-STATE-UNIVERSITY,2010,8930
US-TENNESSEE-STATE-UNIVERSITY,2011,9165
US-TENNESSEE-STATE-UNIVERSITY,2012,8740
US-TENNESSEE-STATE-UNIVERSITY,2013,8883
US-TENNESSEE-STATE-UNIVERSITY,2014,9027
US-TENNESSEE-STATE-UNIVERSITY,2015,9167
US-TENNESSEE-STATE-UNIVERSITY,2016,8760
US-TENNESSEE-STATE-UNIVERSITY,2017,8177
US-TENNESSEE-STATE-UNIVERSITY,2018,7774
US-TENNESSEE-STATE-UNIVERSITY,2019,8081
US-TENNESSEE-STATE-UNIVERSITY,2020,7615
US-TENNESSEE-STATE-UNIVERSITY,2021,8077
US-TENNESSEE-STATE-UNIVERSITY,2022,9218
US-TENNESSEE-STATE-UNIVERSITY,2023,8198
US-TENNESSEE-STATE-UNIVERSITY,2024,
US-ROCKEFELLER-UNIVERSITY,2000,151
US-ROCKEFELLER-UNIVERSITY,2002,176
US-ROCKEFELLER-UNIVERSITY,2003,176
US-ROCKEFELLER-UNIVERSITY,2004,193
US-ROCKEFELLER-UNIVERSITY,2005,200
US-ROCKEFELLER-UNIVERSITY,2006,199
US-ROCKEFELLER-UNIVERSITY,2007,198
US-ROCKEFELLER-UNIVERSITY,2008,207
US-ROCKEFELLER-UNIVERSITY,2009,215
US-ROCKEFELLER-UNIVERSITY,2010,193
US-ROCKEFELLER-UNIVERSITY,2011,207
US-ROCKEFELLER-UNIVERSITY,2012,192
US-ROCKEFELLER-UNIVERSITY,2013,201
US-ROCKEFELLER-UNIVERSITY,2014,209
US-ROCKEFELLER-UNIVERSITY,2015,209
US-ROCKEFELLER-UNIVERSITY,2016,216
US-ROCKEFELLER-UNIVERSITY,2017,232
US-ROCKEFELLER-UNIVERSITY,2018,239
US-ROCKEFELLER-UNIVERSITY,2019,248
US-ROCKEFELLER-UNIVERSITY,2020,255
US-ROCKEFELLER-UNIVERSITY,2021,268
US-ROCKEFELLER-UNIVERSITY,2022,273
US-ROCKEFELLER-UNIVERSITY,2023,286
US-ROCKEFELLER-UNIVERSITY,2024,
US-UMASS-CHAN-MEDICAL-SCHOOL,2000,664
US-UMASS-CHAN-MEDICAL-SCHOOL,2001,686
US-UMASS-CHAN-MEDICAL-SCHOOL,2002,732
US-UMASS-CHAN-MEDICAL-SCHOOL,2003,775
US-UMASS-CHAN-MEDICAL-SCHOOL,2004,871
US-UMASS-CHAN-MEDICAL-SCHOOL,2005,1008
US-UMASS-CHAN-MEDICAL-SCHOOL,2006,1020
US-UMASS-CHAN-MEDICAL-SCHOOL,2007,1013
US-UMASS-CHAN-MEDICAL-SCHOOL,2008,1025
US-UMASS-CHAN-MEDICAL-SCHOOL,2009,1091
US-UMASS-CHAN-MEDICAL-SCHOOL,2010,1158
US-UMASS-CHAN-MEDICAL-SCHOOL,2011,1189
US-UMASS-CHAN-MEDICAL-SCHOOL,2012,1160
US-UMASS-CHAN-MEDICAL-SCHOOL,2013,1161
US-UMASS-CHAN-MEDICAL-SCHOOL,2014,1103
US-UMASS-CHAN-MEDICAL-SCHOOL,2015,1079
US-UMASS-CHAN-MEDICAL-SCHOOL,2016,1108
US-UMASS-CHAN-MEDICAL-SCHOOL,2017,1095
US-UMASS-CHAN-MEDICAL-SCHOOL,2018,1185
US-UMASS-CHAN-MEDICAL-SCHOOL,2019,1234
US-UMASS-CHAN-MEDICAL-SCHOOL,2020,1292
US-UMASS-CHAN-MEDICAL-SCHOOL,2021,1292
US-UMASS-CHAN-MEDICAL-SCHOOL,2022,1352
US-UMASS-CHAN-MEDICAL-SCHOOL,2023,1394
US-UMASS-CHAN-MEDICAL-SCHOOL,2024,
US-UNIVERSITY-OF-ALASKA-FAIRBANKS,2000,7132
US-UNIVERSITY-OF-ALASKA-FAIRBANKS,2001,7142
US-UNIVERSITY-OF-ALASKA-FAIRBANKS,2002,7661
US-UNIVERSITY-OF-ALASKA-FAIRBANKS,2003,8736
US-UNIVERSITY-OF-ALASKA-FAIRBANKS,2004,8693
US-UNIVERSITY-OF-ALASKA-FAIRBANKS,2005,8228
US-UNIVERSITY-OF-ALASKA-FAIRBANKS,2006,8340
US-UNIVERSITY-OF-ALASKA-FAIRBANKS,2007,8618
US-UNIVERSITY-OF-ALASKA-FAIRBANKS,2008,8575
US-UNIVERSITY-OF-ALASKA-FAIRBANKS,2009,9137
US-UNIVERSITY-OF-ALASKA-FAIRBANKS,2010,9855
US-UNIVERSITY-OF-ALASKA-FAIRBANKS,2011,9712
US-UNIVERSITY-OF-ALASKA-FAIRBANKS,2012,9223
US-UNIVERSITY-OF-ALASKA-FAIRBANKS,2013,9166
US-UNIVERSITY-OF-ALASKA-FAIRBANKS,2014,8620
US-UNIVERSITY-OF-ALASKA-FAIRBANKS,2015,8638
US-UNIVERSITY-OF-ALASKA-FAIRBANKS,2016,8283
US-UNIVERSITY-OF-ALASKA-FAIRBANKS,2017,7664
US-UNIVERSITY-OF-ALASKA-FAIRBANKS,2018,7404
US-UNIVERSITY-OF-ALASKA-FAIRBANKS,2019,7179
US-UNIVERSITY-OF-ALASKA-FAIRBANKS,2020,6813
US-UNIVERSITY-OF-ALASKA-FAIRBANKS,2021,6826
US-UNIVERSITY-OF-ALASKA-FAIRBANKS,2022,6607
US-UNIVERSITY-OF-ALASKA-FAIRBANKS,2023,6640
US-UNIVERSITY-OF-ALASKA-FAIRBANKS,2024,
US-UNIVERSITY-OF-MISSOURI-ST-LOUIS,2000,15397
US-UNIVERSITY-OF-MISSOURI-ST-LOUIS,2001,14993
US-UNIVERSITY-OF-MISSOURI-ST-LOUIS,2002,15658
US-UNIVERSITY-OF-MISSOURI-ST-LOUIS,2003,15599
US-UNIVERSITY-OF-MISSOURI-ST-LOUIS,2004,15498
US-UNIVERSITY-OF-MISSOURI-ST-LOUIS,2005,15548
US-UNIVERSITY-OF-MISSOURI-ST-LOUIS,2006,15528
US-UNIVERSITY-OF-MISSOURI-ST-LOUIS,2007,15527
US-UNIVERSITY-OF-MISSOURI-ST-LOUIS,2008,15741
US-UNIVERSITY-OF-MISSOURI-ST-LOUIS,2009,16534
US-UNIVERSITY-OF-MISSOURI-ST-LOUIS,2010,16791
US-UNIVERSITY-OF-MISSOURI-ST-LOUIS,2011,16809
US-UNIVERSITY-OF-MISSOURI-ST-LOUIS,2012,16705
US-UNIVERSITY-OF-MISSOURI-ST-LOUIS,2013,16809
US-UNIVERSITY-OF-MISSOURI-ST-LOUIS,2014,17072
US-UNIVERSITY-OF-MISSOURI-ST-LOUIS,2015,16738
US-UNIVERSITY-OF-MISSOURI-ST-LOUIS,2016,16989
US-UNIVERSITY-OF-MISSOURI-ST-LOUIS,2017,16715
US-UNIVERSITY-OF-MISSOURI-ST-LOUIS,2018,16441
US-UNIVERSITY-OF-MISSOURI-ST-LOUIS,2019,15988
US-UNIVERSITY-OF-MISSOURI-ST-LOUIS,2020,13874
US-UNIVERSITY-OF-MISSOURI-ST-LOUIS,2021,15189
US-UNIVERSITY-OF-MISSOURI-ST-LOUIS,2022,15181
US-UNIVERSITY-OF-MISSOURI-ST-LOUIS,2023,14800
US-UNIVERSITY-OF-MISSOURI-ST-LOUIS,2024,
US-UNIVERSITY-OF-NORTHERN-COLORADO,2000,12234
US-UNIVERSITY-OF-NORTHERN-COLORADO,2001,12301
US-UNIVERSITY-OF-NORTHERN-COLORADO,2002,12434
US-UNIVERSITY-OF-NORTHERN-COLORADO,2003,13204
US-UNIVERSITY-OF-NORTHERN-COLORADO,2004,13156
US-UNIVERSITY-OF-NORTHERN-COLORADO,2005,13622
US-UNIVERSITY-OF-NORTHERN-COLORADO,2006,13363
US-UNIVERSITY-OF-NORTHERN-COLORADO,2007,12702
US-UNIVERSITY-OF-NORTHERN-COLORADO,2008,12498
US-UNIVERSITY-OF-NORTHERN-COLORADO,2009,12711
US-UNIVERSITY-OF-NORTHERN-COLORADO,2010,13030
US-UNIVERSITY-OF-NORTHERN-COLORADO,2011,13038
US-UNIVERSITY-OF-NORTHERN-COLORADO,2012,13070
US-UNIVERSITY-OF-NORTHERN-COLORADO,2013,12710
US-UNIVERSITY-OF-NORTHERN-COLORADO,2014,12050
US-UNIVERSITY-OF-NORTHERN-COLORADO,2015,12216
US-UNIVERSITY-OF-NORTHERN-COLORADO,2016,13087
US-UNIVERSITY-OF-NORTHERN-COLORADO,2017,13399
US-UNIVERSITY-OF-NORTHERN-COLORADO,2018,13437
US-UNIVERSITY-OF-NORTHERN-COLORADO,2019,12930
US-UNIVERSITY-OF-NORTHERN-COLORADO,2020,11460
US-UNIVERSITY-OF-NORTHERN-COLORADO,2021,10348
US-UNIVERSITY-OF-NORTHERN-COLORADO,2022,9380
US-UNIVERSITY-OF-NORTHERN-COLORADO,2023,9067
US-UNIVERSITY-OF-NORTHERN-COLORADO,2024,
US-UNIVERSITY-OF-SAN-FRANCISCO,2000,7917
US-UNIVERSITY-OF-SAN-FRANCISCO,2001,8063
US-UNIVERSITY-OF-SAN-FRANCISCO,2002,8194
US-UNIVERSITY-OF-SAN-FRANCISCO,2003,8159
US-UNIVERSITY-OF-SAN-FRANCISCO,2004,8271
US-UNIVERSITY-OF-SAN-FRANCISCO,2005,8457
US-UNIVERSITY-OF-SAN-FRANCISCO,2006,8549
US-UNIVERSITY-OF-SAN-FRANCISCO,2007,8714
US-UNIVERSITY-OF-SAN-FRANCISCO,2008,8750
US-UNIVERSITY-OF-SAN-FRANCISCO,2009,9008
US-UNIVERSITY-OF-SAN-FRANCISCO,2010,9557
US-UNIVERSITY-OF-SAN-FRANCISCO,2011,9799
US-UNIVERSITY-OF-SAN-FRANCISCO,2012,10040
US-UNIVERSITY-OF-SAN-FRANCISCO,2013,10112
US-UNIVERSITY-OF-SAN-FRANCISCO,2014,10689
US-UNIVERSITY-OF-SAN-FRANCISCO,2015,10797
US-UNIVERSITY-OF-SAN-FRANCISCO,2016,11003
US-UNIVERSITY-OF-SAN-FRANCISCO,2017,11063
US-UNIVERSITY-OF-SAN-FRANCISCO,2018,10713
US-UNIVERSITY-OF-SAN-FRANCISCO,2019,10636
US-UNIVERSITY-OF-SAN-FRANCISCO,2020,10068
US-UNIVERSITY-OF-SAN-FRANCISCO,2021,10034
US-UNIVERSITY-OF-SAN-FRANCISCO,2022,9688
US-UNIVERSITY-OF-SAN-FRANCISCO,2023,9212
US-UNIVERSITY-OF-SAN-FRANCISCO,2024,
US-CARDINAL-STRITCH-UNIVERSITY,2000,6041
US-CARDINAL-STRITCH-UNIVERSITY,2001,5855
US-CARDINAL-STRITCH-UNIVERSITY,2002,6954
US-CARDINAL-STRITCH-UNIVERSITY,2003,6785
US-CARDINAL-STRITCH-UNIVERSITY,2004,6672
US-CARDINAL-STRITCH-UNIVERSITY,2005,6471
US-CARDINAL-STRITCH-UNIVERSITY,2006,6000
US-CARDINAL-STRITCH-UNIVERSITY,2007,6277
US-CARDINAL-STRITCH-UNIVERSITY,2008,6242
US-CARDINAL-STRITCH-UNIVERSITY,2009,6276
US-CARDINAL-STRITCH-UNIVERSITY,2010,5842
US-CARDINAL-STRITCH-UNIVERSITY,2011,5159
US-CARDINAL-STRITCH-UNIVERSITY,2012,4614
US-CARDINAL-STRITCH-UNIVERSITY,2013,4407
US-CARDINAL-STRITCH-UNIVERSITY,2014,3811
US-CARDINAL-STRITCH-UNIVERSITY,2015,3176
US-CARDINAL-STRITCH-UNIVERSITY,2016,2464
US-CARDINAL-STRITCH-UNIVERSITY,2017,2355
US-CARDINAL-STRITCH-UNIVERSITY,2018,2148
US-CARDINAL-STRITCH-UNIVERSITY,2019,1896
US-CARDINAL-STRITCH-UNIVERSITY,2020,1646
US-CARDINAL-STRITCH-UNIVERSITY,2021,1365
US-CARDINAL-STRITCH-UNIVERSITY,2022,1332
US-GANNON-UNIVERSITY,2000,3377
US-GANNON-UNIVERSITY,2001,3407
US-GANNON-UNIVERSITY,2002,3357
US-GANNON-UNIVERSITY,2003,3459
US-GANNON-UNIVERSITY,2004,3441
US-GANNON-UNIVERSITY,2005,3590
US-GANNON-UNIVERSITY,2006,3815
US-GANNON-UNIVERSITY,2007,4134
US-GANNON-UNIVERSITY,2008,4197
US-GANNON-UNIVERSITY,2009,4238
US-GANNON-UNIVERSITY,2010,4219
US-GANNON-UNIVERSITY,2011,4076
US-GANNON-UNIVERSITY,2012,4008
US-GANNON-UNIVERSITY,2013,4211
US-GANNON-UNIVERSITY,2014,4410
US-GANNON-UNIVERSITY,2015,4416
US-GANNON-UNIVERSITY,2016,4343
US-GANNON-UNIVERSITY,2017,4149
US-GANNON-UNIVERSITY,2018,4291
US-GANNON-UNIVERSITY,2019,4444
US-GANNON-UNIVERSITY,2020,4251
US-GANNON-UNIVERSITY,2021,4596
US-GANNON-UNIVERSITY,2022,4665
US-GANNON-UNIVERSITY,2023,4548
US-GANNON-UNIVERSITY,2024,
US-HARDIN-SIMMONS-UNIVERSITY,2000,2304
US-HARDIN-SIMMONS-UNIVERSITY,2001,2276
US-HARDIN-SIMMONS-UNIVERSITY,2002,2291
US-HARDIN-SIMMONS-UNIVERSITY,2003,2333
US-HARDIN-SIMMONS-UNIVERSITY,2004,2392
US-HARDIN-SIMMONS-UNIVERSITY,2005,2427
US-HARDIN-SIMMONS-UNIVERSITY,2006,2367
US-HARDIN-SIMMONS-UNIVERSITY,2007,2435
US-HARDIN-SIMMONS-UNIVERSITY,2008,2387
US-HARDIN-SIMMONS-UNIVERSITY,2009,2305
US-HARDIN-SIMMONS-UNIVERSITY,2010,2313
US-HARDIN-SIMMONS-UNIVERSITY,2011,2358
US-HARDIN-SIMMONS-UNIVERSITY,2012,2301
US-HARDIN-SIMMONS-UNIVERSITY,2013,2220
US-HARDIN-SIMMONS-UNIVERSITY,2014,2084
US-HARDIN-SIMMONS-UNIVERSITY,2015,2112
US-HARDIN-SIMMONS-UNIVERSITY,2016,2205
US-HARDIN-SIMMONS-UNIVERSITY,2017,2252
US-HARDIN-SIMMONS-UNIVERSITY,2018,2344
US-HARDIN-SIMMONS-UNIVERSITY,2019,2324
US-HARDIN-SIMMONS-UNIVERSITY,2020,2128
US-HARDIN-SIMMONS-UNIVERSITY,2021,1933
US-HARDIN-SIMMONS-UNIVERSITY,2022,1765
US-HARDIN-SIMMONS-UNIVERSITY,2023,1655
US-HARDIN-SIMMONS-UNIVERSITY,2024,
US-LINCOLN-MEMORIAL-UNIVERSITY,2000,1753
US-LINCOLN-MEMORIAL-UNIVERSITY,2001,1774
US-LINCOLN-MEMORIAL-UNIVERSITY,2002,2200
US-LINCOLN-MEMORIAL-UNIVERSITY,2003,2442
US-LINCOLN-MEMORIAL-UNIVERSITY,2004,2579
US-LINCOLN-MEMORIAL-UNIVERSITY,2005,2802
US-LINCOLN-MEMORIAL-UNIVERSITY,2006,2981
US-LINCOLN-MEMORIAL-UNIVERSITY,2007,3255
US-LINCOLN-MEMORIAL-UNIVERSITY,2008,3365
US-LINCOLN-MEMORIAL-UNIVERSITY,2009,3948
US-LINCOLN-MEMORIAL-UNIVERSITY,2010,4445
US-LINCOLN-MEMORIAL-UNIVERSITY,2011,4550
US-LINCOLN-MEMORIAL-UNIVERSITY,2012,4338
US-LINCOLN-MEMORIAL-UNIVERSITY,2013,3952
US-LINCOLN-MEMORIAL-UNIVERSITY,2014,3735
US-LINCOLN-MEMORIAL-UNIVERSITY,2015,3983
US-LINCOLN-MEMORIAL-UNIVERSITY,2016,4254
US-LINCOLN-MEMORIAL-UNIVERSITY,2017,4770
US-LINCOLN-MEMORIAL-UNIVERSITY,2018,4798
US-LINCOLN-MEMORIAL-UNIVERSITY,2019,4867
US-LINCOLN-MEMORIAL-UNIVERSITY,2020,4885
US-LINCOLN-MEMORIAL-UNIVERSITY,2021,5118
US-LINCOLN-MEMORIAL-UNIVERSITY,2022,5418
US-LINCOLN-MEMORIAL-UNIVERSITY,2023,5805
US-LINCOLN-MEMORIAL-UNIVERSITY,2024,
US-PALM-BEACH-ATLANTIC-UNIVERSITY,2000,2295
US-PALM-BEACH-ATLANTIC-UNIVERSITY,2001,2584
US-PALM-BEACH-ATLANTIC-UNIVERSITY,2002,2784
US-PALM-BEACH-ATLANTIC-UNIVERSITY,2003,2996
US-PALM-BEACH-ATLANTIC-UNIVERSITY,2004,3066
US-PALM-BEACH-ATLANTIC-UNIVERSITY,2005,3172
US-PALM-BEACH-ATLANTIC-UNIVERSITY,2006,3264
US-PALM-BEACH-ATLANTIC-UNIVERSITY,2007,3291
US-PALM-BEACH-ATLANTIC-UNIVERSITY,2008,3226
US-PALM-BEACH-ATLANTIC-UNIVERSITY,2009,3260
US-PALM-BEACH-ATLANTIC-UNIVERSITY,2010,3659
US-PALM-BEACH-ATLANTIC-UNIVERSITY,2011,3663
US-PALM-BEACH-ATLANTIC-UNIVERSITY,2012,3579
US-PALM-BEACH-ATLANTIC-UNIVERSITY,2013,3764
US-PALM-BEACH-ATLANTIC-UNIVERSITY,2014,3865
US-PALM-BEACH-ATLANTIC-UNIVERSITY,2015,3918
US-PALM-BEACH-ATLANTIC-UNIVERSITY,2016,3764
US-PALM-BEACH-ATLANTIC-UNIVERSITY,2017,3839
US-PALM-BEACH-ATLANTIC-UNIVERSITY,2018,3705
US-PALM-BEACH-ATLANTIC-UNIVERSITY,2019,3691
US-PALM-BEACH-ATLANTIC-UNIVERSITY,2020,3704
US-PALM-BEACH-ATLANTIC-UNIVERSITY,2021,3687
US-PALM-BEACH-ATLANTIC-UNIVERSITY,2022,3828
US-PALM-BEACH-ATLANTIC-UNIVERSITY,2023,3875
US-PALM-BEACH-ATLANTIC-UNIVERSITY,2024,
US-SAYBROOK-UNIVERSITY,2000,421
US-SAYBROOK-UNIVERSITY,2001,446
US-SAYBROOK-UNIVERSITY,2002,516
US-SAYBROOK-UNIVERSITY,2003,548
US-SAYBROOK-UNIVERSITY,2004,520
US-SAYBROOK-UNIVERSITY,2005,497
US-SAYBROOK-UNIVERSITY,2006,496
US-SAYBROOK-UNIVERSITY,2007,488
US-SAYBROOK-UNIVERSITY,2008,548
US-SAYBROOK-UNIVERSITY,2009,579
US-SAYBROOK-UNIVERSITY,2010,559
US-SAYBROOK-UNIVERSITY,2011,604
US-SAYBROOK-UNIVERSITY,2012,553
US-SAYBROOK-UNIVERSITY,2013,589
US-SAYBROOK-UNIVERSITY,2014,567
US-SAYBROOK-UNIVERSITY,2015,558
US-SAYBROOK-UNIVERSITY,2016,619
US-SAYBROOK-UNIVERSITY,2017,685
US-SAYBROOK-UNIVERSITY,2018,687
US-SAYBROOK-UNIVERSITY,2019,688
US-SAYBROOK-UNIVERSITY,2020,785
US-SAYBROOK-UNIVERSITY,2021,915
US-SAYBROOK-UNIVERSITY,2022,1013
US-SAYBROOK-UNIVERSITY,2023,1055
US-SAYBROOK-UNIVERSITY,2024,
US-TEXAS-WESLEYAN-UNIVERSITY,2000,3133
US-TEXAS-WESLEYAN-UNIVERSITY,2001,2939
US-TEXAS-WESLEYAN-UNIVERSITY,2002,2813
US-TEXAS-WESLEYAN-UNIVERSITY,2003,2963
US-TEXAS-WESLEYAN-UNIVERSITY,2004,2742
US-TEXAS-WESLEYAN-UNIVERSITY,2005,2678
US-TEXAS-WESLEYAN-UNIVERSITY,2006,2930
US-TEXAS-WESLEYAN-UNIVERSITY,2007,3087
US-TEXAS-WESLEYAN-UNIVERSITY,2008,3202
US-TEXAS-WESLEYAN-UNIVERSITY,2009,3333
US-TEXAS-WESLEYAN-UNIVERSITY,2010,3378
US-TEXAS-WESLEYAN-UNIVERSITY,2011,3180
US-TEXAS-WESLEYAN-UNIVERSITY,2012,3204
US-TEXAS-WESLEYAN-UNIVERSITY,2013,2397
US-TEXAS-WESLEYAN-UNIVERSITY,2014,2376
US-TEXAS-WESLEYAN-UNIVERSITY,2015,2474
US-TEXAS-WESLEYAN-UNIVERSITY,2016,2373
US-TEXAS-WESLEYAN-UNIVERSITY,2017,2396
US-TEXAS-WESLEYAN-UNIVERSITY,2018,2236
US-TEXAS-WESLEYAN-UNIVERSITY,2019,2276
US-TEXAS-WESLEYAN-UNIVERSITY,2020,2197
US-TEXAS-WESLEYAN-UNIVERSITY,2021,2531
US-TEXAS-WESLEYAN-UNIVERSITY,2022,2578
US-TEXAS-WESLEYAN-UNIVERSITY,2023,2595
US-TEXAS-WESLEYAN-UNIVERSITY,2024,
US-TREVECCA-NAZARENE-UNIVERSITY,2000,1709
US-TREVECCA-NAZARENE-UNIVERSITY,2001,1819
US-TREVECCA-NAZARENE-UNIVERSITY,2002,1878
US-TREVECCA-NAZARENE-UNIVERSITY,2003,1911
US-TREVECCA-NAZARENE-UNIVERSITY,2004,2089
US-TREVECCA-NAZARENE-UNIVERSITY,2005,2196
US-TREVECCA-NAZARENE-UNIVERSITY,2006,2217
US-TREVECCA-NAZARENE-UNIVERSITY,2007,2286
US-TREVECCA-NAZARENE-UNIVERSITY,2008,2366
US-TREVECCA-NAZARENE-UNIVERSITY,2009,2476
US-TREVECCA-NAZARENE-UNIVERSITY,2010,2345
US-TREVECCA-NAZARENE-UNIVERSITY,2011,2478
US-TREVECCA-NAZARENE-UNIVERSITY,2012,2472
US-TREVECCA-NAZARENE-UNIVERSITY,2013,2406
US-TREVECCA-NAZARENE-UNIVERSITY,2014,2606
US-TREVECCA-NAZARENE-UNIVERSITY,2015,2640
US-TREVECCA-NAZARENE-UNIVERSITY,2016,3221
US-TREVECCA-NAZARENE-UNIVERSITY,2017,3620
US-TREVECCA-NAZARENE-UNIVERSITY,2018,3927
US-TREVECCA-NAZARENE-UNIVERSITY,2019,4088
US-TREVECCA-NAZARENE-UNIVERSITY,2020,3968
US-TREVECCA-NAZARENE-UNIVERSITY,2021,3717
US-TREVECCA-NAZARENE-UNIVERSITY,2022,3326
US-TREVECCA-NAZARENE-UNIVERSITY,2023,3196
US-TREVECCA-NAZARENE-UNIVERSITY,2024,
US-UNIVERSITY-OF-LOUISIANA-MONROE,2000,9405
US-UNIVERSITY-OF-LOUISIANA-MONROE,2001,8762
US-UNIVERSITY-OF-LOUISIANA-MONROE,2002,8155
US-UNIVERSITY-OF-LOUISIANA-MONROE,2003,8571
US-UNIVERSITY-OF-LOUISIANA-MONROE,2004,8831
US-UNIVERSITY-OF-LOUISIANA-MONROE,2005,9278
US-UNIVERSITY-OF-LOUISIANA-MONROE,2006,8576
US-UNIVERSITY-OF-LOUISIANA-MONROE,2007,8541
US-UNIVERSITY-OF-LOUISIANA-MONROE,2008,8754
US-UNIVERSITY-OF-LOUISIANA-MONROE,2009,9004
US-UNIVERSITY-OF-LOUISIANA-MONROE,2010,8801
US-UNIVERSITY-OF-LOUISIANA-MONROE,2011,8583
US-UNIVERSITY-OF-LOUISIANA-MONROE,2012,8548
US-UNIVERSITY-OF-LOUISIANA-MONROE,2013,8645
US-UNIVERSITY-OF-LOUISIANA-MONROE,2014,8517
US-UNIVERSITY-OF-LOUISIANA-MONROE,2015,8804
US-UNIVERSITY-OF-LOUISIANA-MONROE,2016,9038
US-UNIVERSITY-OF-LOUISIANA-MONROE,2017,9181
US-UNIVERSITY-OF-LOUISIANA-MONROE,2018,9291
US-UNIVERSITY-OF-LOUISIANA-MONROE,2019,8673
US-UNIVERSITY-OF-LOUISIANA-MONROE,2020,8888
US-UNIVERSITY-OF-LOUISIANA-MONROE,2021,8718
US-UNIVERSITY-OF-LOUISIANA-MONROE,2022,8398
US-UNIVERSITY-OF-LOUISIANA-MONROE,2023,8272
US-UNIVERSITY-OF-LOUISIANA-MONROE,2024,
US-UNIVERSITY-OF-MARY-HARDIN-BAYLOR,2000,2590
US-UNIVERSITY-OF-MARY-HARDIN-BAYLOR,2001,2624
US-UNIVERSITY-OF-MARY-HARDIN-BAYLOR,2002,2655
US-UNIVERSITY-OF-MARY-HARDIN-BAYLOR,2003,2638
US-UNIVERSITY-OF-MARY-HARDIN-BAYLOR,2004,2694
US-UNIVERSITY-OF-MARY-HARDIN-BAYLOR,2005,2724
US-UNIVERSITY-OF-MARY-HARDIN-BAYLOR,2006,2735
US-UNIVERSITY-OF-MARY-HARDIN-BAYLOR,2007,2651
US-UNIVERSITY-OF-MARY-HARDIN-BAYLOR,2008,2648
US-UNIVERSITY-OF-MARY-HARDIN-BAYLOR,2009,2768
US-UNIVERSITY-OF-MARY-HARDIN-BAYLOR,2010,2956
US-UNIVERSITY-OF-MARY-HARDIN-BAYLOR,2011,3137
US-UNIVERSITY-OF-MARY-HARDIN-BAYLOR,2012,3287
US-UNIVERSITY-OF-MARY-HARDIN-BAYLOR,2013,3492
US-UNIVERSITY-OF-MARY-HARDIN-BAYLOR,2014,3740
US-UNIVERSITY-OF-MARY-HARDIN-BAYLOR,2015,3898
US-UNIVERSITY-OF-MARY-HARDIN-BAYLOR,2016,3906
US-UNIVERSITY-OF-MARY-HARDIN-BAYLOR,2017,3914
US-UNIVERSITY-OF-MARY-HARDIN-BAYLOR,2018,3888
US-UNIVERSITY-OF-MARY-HARDIN-BAYLOR,2019,3846
US-UNIVERSITY-OF-MARY-HARDIN-BAYLOR,2020,3876
US-UNIVERSITY-OF-MARY-HARDIN-BAYLOR,2021,3732
US-UNIVERSITY-OF-MARY-HARDIN-BAYLOR,2022,3575
US-UNIVERSITY-OF-MARY-HARDIN-BAYLOR,2023,3520
US-UNIVERSITY-OF-MARY-HARDIN-BAYLOR,2024,
US-UNIVERSITY-OF-ST-THOMAS-MINNESOTA,2000,11288
US-UNIVERSITY-OF-ST-THOMAS-MINNESOTA,2001,11473
US-UNIVERSITY-OF-ST-THOMAS-MINNESOTA,2002,11257
US-UNIVERSITY-OF-ST-THOMAS-MINNESOTA,2003,11037
US-UNIVERSITY-OF-ST-THOMAS-MINNESOTA,2004,10474
US-UNIVERSITY-OF-ST-THOMAS-MINNESOTA,2005,10641
US-UNIVERSITY-OF-ST-THOMAS-MINNESOTA,2006,10712
US-UNIVERSITY-OF-ST-THOMAS-MINNESOTA,2007,10984
US-UNIVERSITY-OF-ST-THOMAS-MINNESOTA,2008,10963
US-UNIVERSITY-OF-ST-THOMAS-MINNESOTA,2009,10851
US-UNIVERSITY-OF-ST-THOMAS-MINNESOTA,2010,10815
US-UNIVERSITY-OF-ST-THOMAS-MINNESOTA,2011,10506
US-UNIVERSITY-OF-ST-THOMAS-MINNESOTA,2012,10289
US-UNIVERSITY-OF-ST-THOMAS-MINNESOTA,2013,10192
US-UNIVERSITY-OF-ST-THOMAS-MINNESOTA,2014,10140
US-UNIVERSITY-OF-ST-THOMAS-MINNESOTA,2015,10148
US-UNIVERSITY-OF-ST-THOMAS-MINNESOTA,2016,9920
US-UNIVERSITY-OF-ST-THOMAS-MINNESOTA,2017,9878
US-UNIVERSITY-OF-ST-THOMAS-MINNESOTA,2018,10035
US-UNIVERSITY-OF-ST-THOMAS-MINNESOTA,2019,9824
US-UNIVERSITY-OF-ST-THOMAS-MINNESOTA,2020,9792
US-UNIVERSITY-OF-ST-THOMAS-MINNESOTA,2021,9336
US-UNIVERSITY-OF-ST-THOMAS-MINNESOTA,2022,9025
US-UNIVERSITY-OF-ST-THOMAS-MINNESOTA,2023,9121
US-UNIVERSITY-OF-ST-THOMAS-MINNESOTA,2024,
US-XAVIER-UNIVERSITY,2000,6523
US-XAVIER-UNIVERSITY,2001,6660
US-XAVIER-UNIVERSITY,2002,6573
US-XAVIER-UNIVERSITY,2003,6626
US-XAVIER-UNIVERSITY,2004,6668
US-XAVIER-UNIVERSITY,2005,6665
US-XAVIER-UNIVERSITY,2006,6666
US-XAVIER-UNIVERSITY,2007,6646
US-XAVIER-UNIVERSITY,2008,6584
US-XAVIER-UNIVERSITY,2009,6966
US-XAVIER-UNIVERSITY,2010,7019
US-XAVIER-UNIVERSITY,2011,6945
US-XAVIER-UNIVERSITY,2012,6643
US-XAVIER-UNIVERSITY,2013,6633
US-XAVIER-UNIVERSITY,2014,6508
US-XAVIER-UNIVERSITY,2015,6260
US-XAVIER-UNIVERSITY,2016,6509
US-XAVIER-UNIVERSITY,2017,6786
US-XAVIER-UNIVERSITY,2018,7127
US-XAVIER-UNIVERSITY,2019,6973
US-XAVIER-UNIVERSITY,2020,7061
US-XAVIER-UNIVERSITY,2021,6633
US-XAVIER-UNIVERSITY,2022,6114
US-XAVIER-UNIVERSITY,2023,6000
US-XAVIER-UNIVERSITY,2024,
US-CENTRAL-MICHIGAN-UNIVERSITY,2000,26845
US-CENTRAL-MICHIGAN-UNIVERSITY,2001,27797
US-CENTRAL-MICHIGAN-UNIVERSITY,2002,27919
US-CENTRAL-MICHIGAN-UNIVERSITY,2003,27758
US-CENTRAL-MICHIGAN-UNIVERSITY,2004,27683
US-CENTRAL-MICHIGAN-UNIVERSITY,2005,27221
US-CENTRAL-MICHIGAN-UNIVERSITY,2006,26710
US-CENTRAL-MICHIGAN-UNIVERSITY,2007,26611
US-CENTRAL-MICHIGAN-UNIVERSITY,2008,27225
US-CENTRAL-MICHIGAN-UNIVERSITY,2009,27247
US-CENTRAL-MICHIGAN-UNIVERSITY,2010,28292
US-CENTRAL-MICHIGAN-UNIVERSITY,2011,28194
US-CENTRAL-MICHIGAN-UNIVERSITY,2012,27626
US-CENTRAL-MICHIGAN-UNIVERSITY,2013,26841
US-CENTRAL-MICHIGAN-UNIVERSITY,2014,26879
US-CENTRAL-MICHIGAN-UNIVERSITY,2015,26825
US-CENTRAL-MICHIGAN-UNIVERSITY,2016,25986
US-CENTRAL-MICHIGAN-UNIVERSITY,2017,23257
US-CENTRAL-MICHIGAN-UNIVERSITY,2018,21622
US-CENTRAL-MICHIGAN-UNIVERSITY,2019,19362
US-CENTRAL-MICHIGAN-UNIVERSITY,2020,17311
US-CENTRAL-MICHIGAN-UNIVERSITY,2021,15424
US-CENTRAL-MICHIGAN-UNIVERSITY,2022,14557
US-CENTRAL-MICHIGAN-UNIVERSITY,2023,14399
US-CENTRAL-MICHIGAN-UNIVERSITY,2024,
US-INDIANA-UNIVERSITY-OF-PENNSYLVANIA,2000,13410
US-INDIANA-UNIVERSITY-OF-PENNSYLVANIA,2001,13457
US-INDIANA-UNIVERSITY-OF-PENNSYLVANIA,2002,13671
US-INDIANA-UNIVERSITY-OF-PENNSYLVANIA,2003,13868
US-INDIANA-UNIVERSITY-OF-PENNSYLVANIA,2004,13998
US-INDIANA-UNIVERSITY-OF-PENNSYLVANIA,2005,14081
US-INDIANA-UNIVERSITY-OF-PENNSYLVANIA,2006,14248
US-INDIANA-UNIVERSITY-OF-PENNSYLVANIA,2007,14018
US-INDIANA-UNIVERSITY-OF-PENNSYLVANIA,2008,14310
US-INDIANA-UNIVERSITY-OF-PENNSYLVANIA,2009,14638
US-INDIANA-UNIVERSITY-OF-PENNSYLVANIA,2010,15126
US-INDIANA-UNIVERSITY-OF-PENNSYLVANIA,2011,15340
US-INDIANA-UNIVERSITY-OF-PENNSYLVANIA,2012,15596
US-INDIANA-UNIVERSITY-OF-PENNSYLVANIA,2013,14925
US-INDIANA-UNIVERSITY-OF-PENNSYLVANIA,2014,14534
US-INDIANA-UNIVERSITY-OF-PENNSYLVANIA,2015,13835
US-INDIANA-UNIVERSITY-OF-PENNSYLVANIA,2016,12971
US-INDIANA-UNIVERSITY-OF-PENNSYLVANIA,2017,12431
US-INDIANA-UNIVERSITY-OF-PENNSYLVANIA,2018,11483
US-INDIANA-UNIVERSITY-OF-PENNSYLVANIA,2019,10559
US-INDIANA-UNIVERSITY-OF-PENNSYLVANIA,2020,10037
US-INDIANA-UNIVERSITY-OF-PENNSYLVANIA,2021,9298
US-INDIANA-UNIVERSITY-OF-PENNSYLVANIA,2022,8816
US-INDIANA-UNIVERSITY-OF-PENNSYLVANIA,2023,9246
US-INDIANA-UNIVERSITY-OF-PENNSYLVANIA,2024,
US-JACKSON-STATE-UNIVERSITY,2000,6820
US-JACKSON-STATE-UNIVERSITY,2001,7098
US-JACKSON-STATE-UNIVERSITY,2002,7783
US-JACKSON-STATE-UNIVERSITY,2003,7815
US-JACKSON-STATE-UNIVERSITY,2004,8351
US-JACKSON-STATE-UNIVERSITY,2005,8416
US-JACKSON-STATE-UNIVERSITY,2006,8256
US-JACKSON-STATE-UNIVERSITY,2007,8698
US-JACKSON-STATE-UNIVERSITY,2008,8377
US-JACKSON-STATE-UNIVERSITY,2009,8783
US-JACKSON-STATE-UNIVERSITY,2010,8687
US-JACKSON-STATE-UNIVERSITY,2011,8903
US-JACKSON-STATE-UNIVERSITY,2012,8819
US-JACKSON-STATE-UNIVERSITY,2013,9134
US-JACKSON-STATE-UNIVERSITY,2014,9508
US-JACKSON-STATE-UNIVERSITY,2015,9802
US-JACKSON-STATE-UNIVERSITY,2016,9811
US-JACKSON-STATE-UNIVERSITY,2017,8558
US-JACKSON-STATE-UNIVERSITY,2018,7250
US-JACKSON-STATE-UNIVERSITY,2019,7020
US-JACKSON-STATE-UNIVERSITY,2020,6921
US-JACKSON-STATE-UNIVERSITY,2021,7080
US-JACKSON-STATE-UNIVERSITY,2022,6906
US-JACKSON-STATE-UNIVERSITY,2023,6564
US-JACKSON-STATE-UNIVERSITY,2024,
US-ROCHESTER-INSTITUTE-OF-TECHNOLOGY,2000,14106
US-ROCHESTER-INSTITUTE-OF-TECHNOLOGY,2001,14430
US-ROCHESTER-INSTITUTE-OF-TECHNOLOGY,2002,14634
US-ROCHESTER-INSTITUTE-OF-TECHNOLOGY,2003,14687
US-ROCHESTER-INSTITUTE-OF-TECHNOLOGY,2004,14552
US-ROCHESTER-INSTITUTE-OF-TECHNOLOGY,2005,14371
US-ROCHESTER-INSTITUTE-OF-TECHNOLOGY,2006,14479
US-ROCHESTER-INSTITUTE-OF-TECHNOLOGY,2007,14849
US-ROCHESTER-INSTITUTE-OF-TECHNOLOGY,2008,15055
US-ROCHESTER-INSTITUTE-OF-TECHNOLOGY,2009,15445
US-ROCHESTER-INSTITUTE-OF-TECHNOLOGY,2010,15792
US-ROCHESTER-INSTITUTE-OF-TECHNOLOGY,2011,16166
US-ROCHESTER-INSTITUTE-OF-TECHNOLOGY,2012,16357
US-ROCHESTER-INSTITUTE-OF-TECHNOLOGY,2013,16583
US-ROCHESTER-INSTITUTE-OF-TECHNOLOGY,2014,16310
US-ROCHESTER-INSTITUTE-OF-TECHNOLOGY,2015,16639
US-ROCHESTER-INSTITUTE-OF-TECHNOLOGY,2016,16507
US-ROCHESTER-INSTITUTE-OF-TECHNOLOGY,2017,16584
US-ROCHESTER-INSTITUTE-OF-TECHNOLOGY,2018,16463
US-ROCHESTER-INSTITUTE-OF-TECHNOLOGY,2019,16254
US-ROCHESTER-INSTITUTE-OF-TECHNOLOGY,2020,16158
US-ROCHESTER-INSTITUTE-OF-TECHNOLOGY,2021,16790
US-ROCHESTER-INSTITUTE-OF-TECHNOLOGY,2022,16615
US-ROCHESTER-INSTITUTE-OF-TECHNOLOGY,2023,16863
US-ROCHESTER-INSTITUTE-OF-TECHNOLOGY,2024,
US-WEST-CHESTER-UNIVERSITY-OF-PENNSYLVANIA,2000,12272
US-WEST-CHESTER-UNIVERSITY-OF-PENNSYLVANIA,2001,12244
US-WEST-CHESTER-UNIVERSITY-OF-PENNSYLVANIA,2002,12584
US-WEST-CHESTER-UNIVERSITY-OF-PENNSYLVANIA,2003,12695
US-WEST-CHESTER-UNIVERSITY-OF-PENNSYLVANIA,2004,12822
US-WEST-CHESTER-UNIVERSITY-OF-PENNSYLVANIA,2005,12988
US-WEST-CHESTER-UNIVERSITY-OF-PENNSYLVANIA,2006,12879
US-WEST-CHESTER-UNIVERSITY-OF-PENNSYLVANIA,2007,13219
US-WEST-CHESTER-UNIVERSITY-OF-PENNSYLVANIA,2008,13619
US-WEST-CHESTER-UNIVERSITY-OF-PENNSYLVANIA,2009,14211
US-WEST-CHESTER-UNIVERSITY-OF-PENNSYLVANIA,2010,14490
US-WEST-CHESTER-UNIVERSITY-OF-PENNSYLVANIA,2011,15100
US-WEST-CHESTER-UNIVERSITY-OF-PENNSYLVANIA,2012,15411
US-WEST-CHESTER-UNIVERSITY-OF-PENNSYLVANIA,2013,15845
US-WEST-CHESTER-UNIVERSITY-OF-PENNSYLVANIA,2014,16086
US-WEST-CHESTER-UNIVERSITY-OF-PENNSYLVANIA,2015,16597
US-WEST-CHESTER-UNIVERSITY-OF-PENNSYLVANIA,2016,17005
US-WEST-CHESTER-UNIVERSITY-OF-PENNSYLVANIA,2017,17306
US-WEST-CHESTER-UNIVERSITY-OF-PENNSYLVANIA,2018,17527
US-WEST-CHESTER-UNIVERSITY-OF-PENNSYLVANIA,2019,17669
US-WEST-CHESTER-UNIVERSITY-OF-PENNSYLVANIA,2020,17719
US-WEST-CHESTER-UNIVERSITY-OF-PENNSYLVANIA,2021,17614
US-WEST-CHESTER-UNIVERSITY-OF-PENNSYLVANIA,2022,17275
US-WEST-CHESTER-UNIVERSITY-OF-PENNSYLVANIA,2023,17076
US-WEST-CHESTER-UNIVERSITY-OF-PENNSYLVANIA,2024,
US-BRADLEY-UNIVERSITY,2000,5951
US-BRADLEY-UNIVERSITY,2001,5996
US-BRADLEY-UNIVERSITY,2002,6098
US-BRADLEY-UNIVERSITY,2003,6137
US-BRADLEY-UNIVERSITY,2004,6069
US-BRADLEY-UNIVERSITY,2005,6154
US-BRADLEY-UNIVERSITY,2006,6126
US-BRADLEY-UNIVERSITY,2007,6053
US-BRADLEY-UNIVERSITY,2008,5873
US-BRADLEY-UNIVERSITY,2009,5800
US-BRADLEY-UNIVERSITY,2010,5813
US-BRADLEY-UNIVERSITY,2011,5639
US-BRADLEY-UNIVERSITY,2012,5458
US-BRADLEY-UNIVERSITY,2013,5430
US-BRADLEY-UNIVERSITY,2014,5300
US-BRADLEY-UNIVERSITY,2015,5338
US-BRADLEY-UNIVERSITY,2016,5598
US-BRADLEY-UNIVERSITY,2017,5844
US-BRADLEY-UNIVERSITY,2018,5882
US-BRADLEY-UNIVERSITY,2019,5929
US-BRADLEY-UNIVERSITY,2020,5855
US-BRADLEY-UNIVERSITY,2021,5588
US-BRADLEY-UNIVERSITY,2022,5552
US-BRADLEY-UNIVERSITY,2023,5217
US-BRADLEY-UNIVERSITY,2024,
US-CHATHAM-UNIVERSITY,2000,1002
US-CHATHAM-UNIVERSITY,2001,1065
US-CHATHAM-UNIVERSITY,2002,1058
US-CHATHAM-UNIVERSITY,2003,1256
US-CHATHAM-UNIVERSITY,2004,1249
US-CHATHAM-UNIVERSITY,2005,1440
US-CHATHAM-UNIVERSITY,2006,1590
US-CHATHAM-UNIVERSITY,2007,1860
US-CHATHAM-UNIVERSITY,2008,2184
US-CHATHAM-UNIVERSITY,2009,2219
US-CHATHAM-UNIVERSITY,2010,2266
US-CHATHAM-UNIVERSITY,2011,2220
US-CHATHAM-UNIVERSITY,2012,2178
US-CHATHAM-UNIVERSITY,2013,2170
US-CHATHAM-UNIVERSITY,2014,2134
US-CHATHAM-UNIVERSITY,2015,2224
US-CHATHAM-UNIVERSITY,2016,2110
US-CHATHAM-UNIVERSITY,2017,2269
US-CHATHAM-UNIVERSITY,2018,2384
US-CHATHAM-UNIVERSITY,2019,2437
US-CHATHAM-UNIVERSITY,2020,2353
US-CHATHAM-UNIVERSITY,2021,2439
US-CHATHAM-UNIVERSITY,2022,2387
US-CHATHAM-UNIVERSITY,2023,2319
US-CHATHAM-UNIVERSITY,2024,
US-IMMACULATA-UNIVERSITY,2000,2922
US-IMMACULATA-UNIVERSITY,2001,3170
US-IMMACULATA-UNIVERSITY,2002,3564
US-IMMACULATA-UNIVERSITY,2003,3381
US-IMMACULATA-UNIVERSITY,2004,3811
US-IMMACULATA-UNIVERSITY,2005,3614
US-IMMACULATA-UNIVERSITY,2006,4005
US-IMMACULATA-UNIVERSITY,2007,4057
US-IMMACULATA-UNIVERSITY,2008,4179
US-IMMACULATA-UNIVERSITY,2009,4302
US-IMMACULATA-UNIVERSITY,2010,4456
US-IMMACULATA-UNIVERSITY,2011,4306
US-IMMACULATA-UNIVERSITY,2012,4117
US-IMMACULATA-UNIVERSITY,2013,3675
US-IMMACULATA-UNIVERSITY,2014,3299
US-IMMACULATA-UNIVERSITY,2015,2961
US-IMMACULATA-UNIVERSITY,2016,2610
US-IMMACULATA-UNIVERSITY,2017,2481
US-IMMACULATA-UNIVERSITY,2018,2448
US-IMMACULATA-UNIVERSITY,2019,2479
US-IMMACULATA-UNIVERSITY,2020,2563
US-IMMACULATA-UNIVERSITY,2021,2478
US-IMMACULATA-UNIVERSITY,2022,2361
US-IMMACULATA-UNIVERSITY,2023,2407
US-IMMACULATA-UNIVERSITY,2024,
US-INDIANA-STATE-UNIVERSITY,2000,11051
US-INDIANA-STATE-UNIVERSITY,2001,11321
US-INDIANA-STATE-UNIVERSITY,2002,11714
US-INDIANA-STATE-UNIVERSITY,2003,11360
US-INDIANA-STATE-UNIVERSITY,2004,11200
US-INDIANA-STATE-UNIVERSITY,2005,10679
US-INDIANA-STATE-UNIVERSITY,2006,10568
US-INDIANA-STATE-UNIVERSITY,2007,10543
US-INDIANA-STATE-UNIVERSITY,2008,10457
US-INDIANA-STATE-UNIVERSITY,2009,10534
US-INDIANA-STATE-UNIVERSITY,2010,11494
US-INDIANA-STATE-UNIVERSITY,2011,11528
US-INDIANA-STATE-UNIVERSITY,2012,12114
US-INDIANA-STATE-UNIVERSITY,2013,12448
US-INDIANA-STATE-UNIVERSITY,2014,13183
US-INDIANA-STATE-UNIVERSITY,2015,13584
US-INDIANA-STATE-UNIVERSITY,2016,13565
US-INDIANA-STATE-UNIVERSITY,2017,13763
US-INDIANA-STATE-UNIVERSITY,2018,13044
US-INDIANA-STATE-UNIVERSITY,2019,12144
US-INDIANA-STATE-UNIVERSITY,2020,10829
US-INDIANA-STATE-UNIVERSITY,2021,9459
US-INDIANA-STATE-UNIVERSITY,2022,8658
US-INDIANA-STATE-UNIVERSITY,2023,8304
US-INDIANA-STATE-UNIVERSITY,2024,
US-LA-SALLE-UNIVERSITY,2000,5567
US-LA-SALLE-UNIVERSITY,2001,5422
US-LA-SALLE-UNIVERSITY,2002,5772
US-LA-SALLE-UNIVERSITY,2003,5937
US-LA-SALLE-UNIVERSITY,2004,6194
US-LA-SALLE-UNIVERSITY,2005,6138
US-LA-SALLE-UNIVERSITY,2006,6190
US-LA-SALLE-UNIVERSITY,2007,5994
US-LA-SALLE-UNIVERSITY,2008,6176
US-LA-SALLE-UNIVERSITY,2009,6470
US-LA-SALLE-UNIVERSITY,2010,6636
US-LA-SALLE-UNIVERSITY,2011,6685
US-LA-SALLE-UNIVERSITY,2012,6567
US-LA-SALLE-UNIVERSITY,2013,6436
US-LA-SALLE-UNIVERSITY,2014,6242
US-LA-SALLE-UNIVERSITY,2015,5683
US-LA-SALLE-UNIVERSITY,2016,5197
US-LA-SALLE-UNIVERSITY,2017,5197
US-LA-SALLE-UNIVERSITY,2018,5191
US-LA-SALLE-UNIVERSITY,2019,4933
US-LA-SALLE-UNIVERSITY,2020,4624
US-LA-SALLE-UNIVERSITY,2021,4043
US-LA-SALLE-UNIVERSITY,2022,4049
US-LA-SALLE-UNIVERSITY,2023,3554
US-LA-SALLE-UNIVERSITY,2024,
US-MARYVILLE-UNIVERSITY-OF-SAINT-LOUIS,2000,3055
US-MARYVILLE-UNIVERSITY-OF-SAINT-LOUIS,2001,3162
US-MARYVILLE-UNIVERSITY-OF-SAINT-LOUIS,2002,3265
US-MARYVILLE-UNIVERSITY-OF-SAINT-LOUIS,2003,3301
US-MARYVILLE-UNIVERSITY-OF-SAINT-LOUIS,2004,3140
US-MARYVILLE-UNIVERSITY-OF-SAINT-LOUIS,2005,3223
US-MARYVILLE-UNIVERSITY-OF-SAINT-LOUIS,2006,3333
US-MARYVILLE-UNIVERSITY-OF-SAINT-LOUIS,2007,3422
US-MARYVILLE-UNIVERSITY-OF-SAINT-LOUIS,2008,3517
US-MARYVILLE-UNIVERSITY-OF-SAINT-LOUIS,2009,3534
US-MARYVILLE-UNIVERSITY-OF-SAINT-LOUIS,2010,3676
US-MARYVILLE-UNIVERSITY-OF-SAINT-LOUIS,2011,3846
US-MARYVILLE-UNIVERSITY-OF-SAINT-LOUIS,2012,4203
US-MARYVILLE-UNIVERSITY-OF-SAINT-LOUIS,2013,5033
US-MARYVILLE-UNIVERSITY-OF-SAINT-LOUIS,2014,5931
US-MARYVILLE-UNIVERSITY-OF-SAINT-LOUIS,2015,6414
US-MARYVILLE-UNIVERSITY-OF-SAINT-LOUIS,2016,6828
US-MARYVILLE-UNIVERSITY-OF-SAINT-LOUIS,2017,7689
US-MARYVILLE-UNIVERSITY-OF-SAINT-LOUIS,2018,9139
US-MARYVILLE-UNIVERSITY-OF-SAINT-LOUIS,2019,10013
US-MARYVILLE-UNIVERSITY-OF-SAINT-LOUIS,2020,10979
US-MARYVILLE-UNIVERSITY-OF-SAINT-LOUIS,2021,10596
US-MARYVILLE-UNIVERSITY-OF-SAINT-LOUIS,2022,9959
US-MARYVILLE-UNIVERSITY-OF-SAINT-LOUIS,2023,9883
US-MARYVILLE-UNIVERSITY-OF-SAINT-LOUIS,2024,
US-SOUTHEASTERN-BAPTIST-THEOLOGICAL-SEMINARY,2000,1660
US-SOUTHEASTERN-BAPTIST-THEOLOGICAL-SEMINARY,2001,2044
US-SOUTHEASTERN-BAPTIST-THEOLOGICAL-SEMINARY,2002,1979
US-SOUTHEASTERN-BAPTIST-THEOLOGICAL-SEMINARY,2003,1853
US-SOUTHEASTERN-BAPTIST-THEOLOGICAL-SEMINARY,2004,2109
US-SOUTHEASTERN-BAPTIST-THEOLOGICAL-SEMINARY,2013,2266
US-SOUTHEASTERN-BAPTIST-THEOLOGICAL-SEMINARY,2014,2748
US-SOUTHEASTERN-BAPTIST-THEOLOGICAL-SEMINARY,2015,2742
US-SOUTHEASTERN-BAPTIST-THEOLOGICAL-SEMINARY,2016,2522
US-SOUTHEASTERN-BAPTIST-THEOLOGICAL-SEMINARY,2017,2638
US-SOUTHEASTERN-BAPTIST-THEOLOGICAL-SEMINARY,2018,3140
US-SOUTHEASTERN-BAPTIST-THEOLOGICAL-SEMINARY,2019,3164
US-SOUTHEASTERN-BAPTIST-THEOLOGICAL-SEMINARY,2020,3319
US-SOUTHEASTERN-BAPTIST-THEOLOGICAL-SEMINARY,2021,3048
US-SOUTHEASTERN-BAPTIST-THEOLOGICAL-SEMINARY,2022,2764
US-SOUTHEASTERN-BAPTIST-THEOLOGICAL-SEMINARY,2023,2926
US-SOUTHEASTERN-BAPTIST-THEOLOGICAL-SEMINARY,2024,
US-SPRINGFIELD-COLLEGE,2000,4722
US-SPRINGFIELD-COLLEGE,2001,5007
US-SPRINGFIELD-COLLEGE,2002,5088
US-SPRINGFIELD-COLLEGE,2003,5090
US-SPRINGFIELD-COLLEGE,2004,5062
US-SPRINGFIELD-COLLEGE,2005,5025
US-SPRINGFIELD-COLLEGE,2006,4994
US-SPRINGFIELD-COLLEGE,2007,4755
US-SPRINGFIELD-COLLEGE,2008,4806
US-SPRINGFIELD-COLLEGE,2009,5107
US-SPRINGFIELD-COLLEGE,2010,5364
US-SPRINGFIELD-COLLEGE,2011,3378
US-SPRINGFIELD-COLLEGE,2012,3284
US-SPRINGFIELD-COLLEGE,2013,3255
US-SPRINGFIELD-COLLEGE,2014,3178
US-SPRINGFIELD-COLLEGE,2015,3241
US-SPRINGFIELD-COLLEGE,2016,3144
US-SPRINGFIELD-COLLEGE,2017,3246
US-SPRINGFIELD-COLLEGE,2018,3139
US-SPRINGFIELD-COLLEGE,2019,3110
US-SPRINGFIELD-COLLEGE,2020,3068
US-SPRINGFIELD-COLLEGE,2021,2965
US-SPRINGFIELD-COLLEGE,2022,2921
US-SPRINGFIELD-COLLEGE,2023,2785
US-SPRINGFIELD-COLLEGE,2024,
US-WALSH-UNIVERSITY,2000,1545
US-WALSH-UNIVERSITY,2001,1522
US-WALSH-UNIVERSITY,2002,1648
US-WALSH-UNIVERSITY,2003,1801
US-WALSH-UNIVERSITY,2004,1951
US-WALSH-UNIVERSITY,2005,2147
US-WALSH-UNIVERSITY,2006,2405
US-WALSH-UNIVERSITY,2007,2522
US-WALSH-UNIVERSITY,2008,2738
US-WALSH-UNIVERSITY,2009,2760
US-WALSH-UNIVERSITY,2010,2812
US-WALSH-UNIVERSITY,2011,2913
US-WALSH-UNIVERSITY,2012,2834
US-WALSH-UNIVERSITY,2013,2963
US-WALSH-UNIVERSITY,2014,2919
US-WALSH-UNIVERSITY,2015,2860
US-WALSH-UNIVERSITY,2016,2795
US-WALSH-UNIVERSITY,2017,2759
US-WALSH-UNIVERSITY,2018,2779
US-WALSH-UNIVERSITY,2019,2694
US-WALSH-UNIVERSITY,2020,2651
US-WALSH-UNIVERSITY,2021,2440
US-WALSH-UNIVERSITY,2022,2309
US-WALSH-UNIVERSITY,2023,2160
US-WALSH-UNIVERSITY,2024,
US-WINGATE-UNIVERSITY,2000,1283
US-WINGATE-UNIVERSITY,2001,1356
US-WINGATE-UNIVERSITY,2002,1433
US-WINGATE-UNIVERSITY,2003,1495
US-WINGATE-UNIVERSITY,2004,1560
US-WINGATE-UNIVERSITY,2005,1633
US-WINGATE-UNIVERSITY,2006,1810
US-WINGATE-UNIVERSITY,2007,2041
US-WINGATE-UNIVERSITY,2008,2128
US-WINGATE-UNIVERSITY,2009,2163
US-WINGATE-UNIVERSITY,2010,2373
US-WINGATE-UNIVERSITY,2011,2531
US-WINGATE-UNIVERSITY,2012,2648
US-WINGATE-UNIVERSITY,2013,3002
US-WINGATE-UNIVERSITY,2014,3034
US-WINGATE-UNIVERSITY,2015,3149
US-WINGATE-UNIVERSITY,2016,3193
US-WINGATE-UNIVERSITY,2017,3620
US-WINGATE-UNIVERSITY,2018,3689
US-WINGATE-UNIVERSITY,2019,3681
US-WINGATE-UNIVERSITY,2020,3653
US-WINGATE-UNIVERSITY,2021,3439
US-WINGATE-UNIVERSITY,2022,3396
US-WINGATE-UNIVERSITY,2023,3322
US-WINGATE-UNIVERSITY,2024,
US-APPALACHIAN-STATE-UNIVERSITY,2000,13227
US-APPALACHIAN-STATE-UNIVERSITY,2001,13762
US-APPALACHIAN-STATE-UNIVERSITY,2002,14178
US-APPALACHIAN-STATE-UNIVERSITY,2003,14343
US-APPALACHIAN-STATE-UNIVERSITY,2004,14653
US-APPALACHIAN-STATE-UNIVERSITY,2005,14653
US-APPALACHIAN-STATE-UNIVERSITY,2006,15117
US-APPALACHIAN-STATE-UNIVERSITY,2007,15871
US-APPALACHIAN-STATE-UNIVERSITY,2008,16610
US-APPALACHIAN-STATE-UNIVERSITY,2009,16968
US-APPALACHIAN-STATE-UNIVERSITY,2010,17222
US-APPALACHIAN-STATE-UNIVERSITY,2011,17344
US-APPALACHIAN-STATE-UNIVERSITY,2012,17589
US-APPALACHIAN-STATE-UNIVERSITY,2013,17838
US-APPALACHIAN-STATE-UNIVERSITY,2014,18026
US-APPALACHIAN-STATE-UNIVERSITY,2015,17932
US-APPALACHIAN-STATE-UNIVERSITY,2016,18295
US-APPALACHIAN-STATE-UNIVERSITY,2017,18811
US-APPALACHIAN-STATE-UNIVERSITY,2018,19108
US-APPALACHIAN-STATE-UNIVERSITY,2019,19280
US-APPALACHIAN-STATE-UNIVERSITY,2020,20023
US-APPALACHIAN-STATE-UNIVERSITY,2021,20641
US-APPALACHIAN-STATE-UNIVERSITY,2022,20436
US-APPALACHIAN-STATE-UNIVERSITY,2023,21253
US-APPALACHIAN-STATE-UNIVERSITY,2024,
US-CLEVELAND-STATE-UNIVERSITY,2000,15294
US-CLEVELAND-STATE-UNIVERSITY,2001,15701
US-CLEVELAND-STATE-UNIVERSITY,2002,15971
US-CLEVELAND-STATE-UNIVERSITY,2003,16014
US-CLEVELAND-STATE-UNIVERSITY,2004,15664
US-CLEVELAND-STATE-UNIVERSITY,2005,15482
US-CLEVELAND-STATE-UNIVERSITY,2006,14807
US-CLEVELAND-STATE-UNIVERSITY,2007,15038
US-CLEVELAND-STATE-UNIVERSITY,2008,15139
US-CLEVELAND-STATE-UNIVERSITY,2009,16216
US-CLEVELAND-STATE-UNIVERSITY,2010,17386
US-CLEVELAND-STATE-UNIVERSITY,2011,17229
US-CLEVELAND-STATE-UNIVERSITY,2012,17278
US-CLEVELAND-STATE-UNIVERSITY,2013,17497
US-CLEVELAND-STATE-UNIVERSITY,2014,16936
US-CLEVELAND-STATE-UNIVERSITY,2015,16915
US-CLEVELAND-STATE-UNIVERSITY,2016,16864
US-CLEVELAND-STATE-UNIVERSITY,2017,16371
US-CLEVELAND-STATE-UNIVERSITY,2018,16069
US-CLEVELAND-STATE-UNIVERSITY,2019,15433
US-CLEVELAND-STATE-UNIVERSITY,2020,15247
US-CLEVELAND-STATE-UNIVERSITY,2021,15308
US-CLEVELAND-STATE-UNIVERSITY,2022,14385
US-CLEVELAND-STATE-UNIVERSITY,2023,14117
US-CLEVELAND-STATE-UNIVERSITY,2024,
US-LAMAR-UNIVERSITY,2000,11550
US-LAMAR-UNIVERSITY,2001,11214
US-LAMAR-UNIVERSITY,2002,9802
US-LAMAR-UNIVERSITY,2003,10379
US-LAMAR-UNIVERSITY,2004,10804
US-LAMAR-UNIVERSITY,2005,10595
US-LAMAR-UNIVERSITY,2006,9906
US-LAMAR-UNIVERSITY,2007,10213
US-LAMAR-UNIVERSITY,2008,13465
US-LAMAR-UNIVERSITY,2009,13992
US-LAMAR-UNIVERSITY,2010,14385
US-LAMAR-UNIVERSITY,2011,14020
US-LAMAR-UNIVERSITY,2012,14289
US-LAMAR-UNIVERSITY,2013,14035
US-LAMAR-UNIVERSITY,2014,14895
US-LAMAR-UNIVERSITY,2015,14965
US-LAMAR-UNIVERSITY,2016,15001
US-LAMAR-UNIVERSITY,2017,14506
US-LAMAR-UNIVERSITY,2018,14783
US-LAMAR-UNIVERSITY,2019,15460
US-LAMAR-UNIVERSITY,2020,16637
US-LAMAR-UNIVERSITY,2021,16320
US-LAMAR-UNIVERSITY,2022,16803
US-LAMAR-UNIVERSITY,2023,17473
US-LAMAR-UNIVERSITY,2024,
US-STATE-UNIVERSITY-OF-NEW-YORK-UPSTATE-MEDICAL-UNIVERSITY,2000,1096
US-STATE-UNIVERSITY-OF-NEW-YORK-UPSTATE-MEDICAL-UNIVERSITY,2001,1131
US-STATE-UNIVERSITY-OF-NEW-YORK-UPSTATE-MEDICAL-UNIVERSITY,2002,1136
US-STATE-UNIVERSITY-OF-NEW-YORK-UPSTATE-MEDICAL-UNIVERSITY,2003,1154
US-STATE-UNIVERSITY-OF-NEW-YORK-UPSTATE-MEDICAL-UNIVERSITY,2004,1194
US-STATE-UNIVERSITY-OF-NEW-YORK-UPSTATE-MEDICAL-UNIVERSITY,2005,1235
US-STATE-UNIVERSITY-OF-NEW-YORK-UPSTATE-MEDICAL-UNIVERSITY,2006,1236
US-STATE-UNIVERSITY-OF-NEW-YORK-UPSTATE-MEDICAL-UNIVERSITY,2007,1273
US-STATE-UNIVERSITY-OF-NEW-YORK-UPSTATE-MEDICAL-UNIVERSITY,2008,1374
US-STATE-UNIVERSITY-OF-NEW-YORK-UPSTATE-MEDICAL-UNIVERSITY,2009,1441
US-STATE-UNIVERSITY-OF-NEW-YORK-UPSTATE-MEDICAL-UNIVERSITY,2010,1537
US-STATE-UNIVERSITY-OF-NEW-YORK-UPSTATE-MEDICAL-UNIVERSITY,2011,1589
US-STATE-UNIVERSITY-OF-NEW-YORK-UPSTATE-MEDICAL-UNIVERSITY,2012,1635
US-STATE-UNIVERSITY-OF-NEW-YORK-UPSTATE-MEDICAL-UNIVERSITY,2013,1617
US-STATE-UNIVERSITY-OF-NEW-YORK-UPSTATE-MEDICAL-UNIVERSITY,2014,1516
US-STATE-UNIVERSITY-OF-NEW-YORK-UPSTATE-MEDICAL-UNIVERSITY,2015,1480
US-STATE-UNIVERSITY-OF-NEW-YORK-UPSTATE-MEDICAL-UNIVERSITY,2016,1491
US-STATE-UNIVERSITY-OF-NEW-YORK-UPSTATE-MEDICAL-UNIVERSITY,2017,1484
US-STATE-UNIVERSITY-OF-NEW-YORK-UPSTATE-MEDICAL-UNIVERSITY,2018,1580
US-STATE-UNIVERSITY-OF-NEW-YORK-UPSTATE-MEDICAL-UNIVERSITY,2019,1588
US-STATE-UNIVERSITY-OF-NEW-YORK-UPSTATE-MEDICAL-UNIVERSITY,2020,1528
US-STATE-UNIVERSITY-OF-NEW-YORK-UPSTATE-MEDICAL-UNIVERSITY,2021,1545
US-STATE-UNIVERSITY-OF-NEW-YORK-UPSTATE-MEDICAL-UNIVERSITY,2022,1431
US-STATE-UNIVERSITY-OF-NEW-YORK-UPSTATE-MEDICAL-UNIVERSITY,2023,1286
US-STATE-UNIVERSITY-OF-NEW-YORK-UPSTATE-MEDICAL-UNIVERSITY,2024,
US-CITY-COLLEGE-OF-NEW-YORK,2000,11055
US-CITY-COLLEGE-OF-NEW-YORK,2001,10378
US-CITY-COLLEGE-OF-NEW-YORK,2002,11977
US-CITY-COLLEGE-OF-NEW-YORK,2003,12459
US-CITY-COLLEGE-OF-NEW-YORK,2004,12099
US-CITY-COLLEGE-OF-NEW-YORK,2005,12360
US-CITY-COLLEGE-OF-NEW-YORK,2006,13155
US-CITY-COLLEGE-OF-NEW-YORK,2007,14392
US-CITY-COLLEGE-OF-NEW-YORK,2008,15306
US-CITY-COLLEGE-OF-NEW-YORK,2009,16212
US-CITY-COLLEGE-OF-NEW-YORK,2010,15416
US-CITY-COLLEGE-OF-NEW-YORK,2011,16005
US-CITY-COLLEGE-OF-NEW-YORK,2012,16023
US-CITY-COLLEGE-OF-NEW-YORK,2013,15331
US-CITY-COLLEGE-OF-NEW-YORK,2014,15579
US-CITY-COLLEGE-OF-NEW-YORK,2015,15778
US-CITY-COLLEGE-OF-NEW-YORK,2016,16048
US-CITY-COLLEGE-OF-NEW-YORK,2017,16001
US-CITY-COLLEGE-OF-NEW-YORK,2018,16043
US-CITY-COLLEGE-OF-NEW-YORK,2019,15816
US-CITY-COLLEGE-OF-NEW-YORK,2020,15227
US-CITY-COLLEGE-OF-NEW-YORK,2021,15031
US-CITY-COLLEGE-OF-NEW-YORK,2022,14489
US-CITY-COLLEGE-OF-NEW-YORK,2023,15012
US-CITY-COLLEGE-OF-NEW-YORK,2024,
US-UNIVERSITY-OF-COLORADO-COLORADO-SPRINGS,2000,6666
US-UNIVERSITY-OF-COLORADO-COLORADO-SPRINGS,2001,7980
US-UNIVERSITY-OF-COLORADO-COLORADO-SPRINGS,2002,8340
US-UNIVERSITY-OF-COLORADO-COLORADO-SPRINGS,2003,8712
US-UNIVERSITY-OF-COLORADO-COLORADO-SPRINGS,2004,9039
US-UNIVERSITY-OF-COLORADO-COLORADO-SPRINGS,2005,9333
US-UNIVERSITY-OF-COLORADO-COLORADO-SPRINGS,2006,8647
US-UNIVERSITY-OF-COLORADO-COLORADO-SPRINGS,2007,8660
US-UNIVERSITY-OF-COLORADO-COLORADO-SPRINGS,2008,9373
US-UNIVERSITY-OF-COLORADO-COLORADO-SPRINGS,2009,9733
US-UNIVERSITY-OF-COLORADO-COLORADO-SPRINGS,2010,9745
US-UNIVERSITY-OF-COLORADO-COLORADO-SPRINGS,2011,10183
US-UNIVERSITY-OF-COLORADO-COLORADO-SPRINGS,2012,10612
US-UNIVERSITY-OF-COLORADO-COLORADO-SPRINGS,2013,11321
US-UNIVERSITY-OF-COLORADO-COLORADO-SPRINGS,2014,11761
US-UNIVERSITY-OF-COLORADO-COLORADO-SPRINGS,2015,11988
US-UNIVERSITY-OF-COLORADO-COLORADO-SPRINGS,2016,12559
US-UNIVERSITY-OF-COLORADO-COLORADO-SPRINGS,2017,12932
US-UNIVERSITY-OF-COLORADO-COLORADO-SPRINGS,2018,13123
US-UNIVERSITY-OF-COLORADO-COLORADO-SPRINGS,2019,12807
US-UNIVERSITY-OF-COLORADO-COLORADO-SPRINGS,2020,12380
US-UNIVERSITY-OF-COLORADO-COLORADO-SPRINGS,2021,12031
US-UNIVERSITY-OF-COLORADO-COLORADO-SPRINGS,2022,11431
US-UNIVERSITY-OF-COLORADO-COLORADO-SPRINGS,2023,11213
US-UNIVERSITY-OF-COLORADO-COLORADO-SPRINGS,2024,
US-UNIVERSITY-OF-MICHIGAN-DEARBORN,2000,8400
US-UNIVERSITY-OF-MICHIGAN-DEARBORN,2001,8144
US-UNIVERSITY-OF-MICHIGAN-DEARBORN,2002,8486
US-UNIVERSITY-OF-MICHIGAN-DEARBORN,2003,8747
US-UNIVERSITY-OF-MICHIGAN-DEARBORN,2004,8420
US-UNIVERSITY-OF-MICHIGAN-DEARBORN,2005,8369
US-UNIVERSITY-OF-MICHIGAN-DEARBORN,2006,8342
US-UNIVERSITY-OF-MICHIGAN-DEARBORN,2007,8336
US-UNIVERSITY-OF-MICHIGAN-DEARBORN,2008,8311
US-UNIVERSITY-OF-MICHIGAN-DEARBORN,2009,8379
US-UNIVERSITY-OF-MICHIGAN-DEARBORN,2010,8599
US-UNIVERSITY-OF-MICHIGAN-DEARBORN,2011,8664
US-UNIVERSITY-OF-MICHIGAN-DEARBORN,2012,8790
US-UNIVERSITY-OF-MICHIGAN-DEARBORN,2013,8748
US-UNIVERSITY-OF-MICHIGAN-DEARBORN,2014,8923
US-UNIVERSITY-OF-MICHIGAN-DEARBORN,2015,9066
US-UNIVERSITY-OF-MICHIGAN-DEARBORN,2016,9131
US-UNIVERSITY-OF-MICHIGAN-DEARBORN,2017,9330
US-UNIVERSITY-OF-MICHIGAN-DEARBORN,2018,9460
US-UNIVERSITY-OF-MICHIGAN-DEARBORN,2019,9191
US-UNIVERSITY-OF-MICHIGAN-DEARBORN,2020,8783
US-UNIVERSITY-OF-MICHIGAN-DEARBORN,2021,8331
US-UNIVERSITY-OF-MICHIGAN-DEARBORN,2022,8223
US-UNIVERSITY-OF-MICHIGAN-DEARBORN,2023,8035
US-UNIVERSITY-OF-MICHIGAN-DEARBORN,2024,
US-UNIVERSITY-OF-PUERTO-RICO-RIO-PIEDRAS,2000,21539
US-UNIVERSITY-OF-PUERTO-RICO-RIO-PIEDRAS,2001,21561
US-UNIVERSITY-OF-PUERTO-RICO-RIO-PIEDRAS,2002,21666
US-UNIVERSITY-OF-PUERTO-RICO-RIO-PIEDRAS,2003,21909
US-UNIVERSITY-OF-PUERTO-RICO-RIO-PIEDRAS,2004,21755
US-UNIVERSITY-OF-PUERTO-RICO-RIO-PIEDRAS,2005,20528
US-UNIVERSITY-OF-PUERTO-RICO-RIO-PIEDRAS,2006,19075
US-UNIVERSITY-OF-PUERTO-RICO-RIO-PIEDRAS,2007,18800
US-UNIVERSITY-OF-PUERTO-RICO-RIO-PIEDRAS,2008,18653
US-UNIVERSITY-OF-PUERTO-RICO-RIO-PIEDRAS,2009,18966
US-UNIVERSITY-OF-PUERTO-RICO-RIO-PIEDRAS,2010,17539
US-UNIVERSITY-OF-PUERTO-RICO-RIO-PIEDRAS,2011,15402
US-UNIVERSITY-OF-PUERTO-RICO-RIO-PIEDRAS,2012,15259
US-UNIVERSITY-OF-PUERTO-RICO-RIO-PIEDRAS,2013,15487
US-UNIVERSITY-OF-PUERTO-RICO-RIO-PIEDRAS,2014,15659
US-UNIVERSITY-OF-PUERTO-RICO-RIO-PIEDRAS,2015,16454
US-UNIVERSITY-OF-PUERTO-RICO-RIO-PIEDRAS,2016,16872
US-UNIVERSITY-OF-PUERTO-RICO-RIO-PIEDRAS,2017,15098
US-UNIVERSITY-OF-PUERTO-RICO-RIO-PIEDRAS,2018,14932
US-UNIVERSITY-OF-PUERTO-RICO-RIO-PIEDRAS,2019,14395
US-UNIVERSITY-OF-PUERTO-RICO-RIO-PIEDRAS,2020,13892
US-UNIVERSITY-OF-PUERTO-RICO-RIO-PIEDRAS,2021,13226
US-UNIVERSITY-OF-PUERTO-RICO-RIO-PIEDRAS,2022,12037
US-UNIVERSITY-OF-PUERTO-RICO-RIO-PIEDRAS,2023,11493
US-UNIVERSITY-OF-PUERTO-RICO-RIO-PIEDRAS,2024,
US-VIRGINIA-STATE-UNIVERSITY,2000,4353
US-VIRGINIA-STATE-UNIVERSITY,2001,4638
US-VIRGINIA-STATE-UNIVERSITY,2002,4974
US-VIRGINIA-STATE-UNIVERSITY,2003,4933
US-VIRGINIA-STATE-UNIVERSITY,2004,4859
US-VIRGINIA-STATE-UNIVERSITY,2005,5055
US-VIRGINIA-STATE-UNIVERSITY,2006,4872
US-VIRGINIA-STATE-UNIVERSITY,2007,4720
US-VIRGINIA-STATE-UNIVERSITY,2008,5042
US-VIRGINIA-STATE-UNIVERSITY,2009,5366
US-VIRGINIA-STATE-UNIVERSITY,2010,5634
US-VIRGINIA-STATE-UNIVERSITY,2011,5890
US-VIRGINIA-STATE-UNIVERSITY,2012,6208
US-VIRGINIA-STATE-UNIVERSITY,2013,5763
US-VIRGINIA-STATE-UNIVERSITY,2014,5025
US-VIRGINIA-STATE-UNIVERSITY,2015,4696
US-VIRGINIA-STATE-UNIVERSITY,2016,4584
US-VIRGINIA-STATE-UNIVERSITY,2017,4713
US-VIRGINIA-STATE-UNIVERSITY,2018,4385
US-VIRGINIA-STATE-UNIVERSITY,2019,4365
US-VIRGINIA-STATE-UNIVERSITY,2020,4020
US-VIRGINIA-STATE-UNIVERSITY,2021,4300
US-VIRGINIA-STATE-UNIVERSITY,2022,4648
US-VIRGINIA-STATE-UNIVERSITY,2023,5190
US-VIRGINIA-STATE-UNIVERSITY,2024,
US-WICHITA-STATE-UNIVERSITY,2000,14810
US-WICHITA-STATE-UNIVERSITY,2001,14854
US-WICHITA-STATE-UNIVERSITY,2002,15437
US-WICHITA-STATE-UNIVERSITY,2003,14570
US-WICHITA-STATE-UNIVERSITY,2004,14039
US-WICHITA-STATE-UNIVERSITY,2005,13812
US-WICHITA-STATE-UNIVERSITY,2006,13964
US-WICHITA-STATE-UNIVERSITY,2007,14226
US-WICHITA-STATE-UNIVERSITY,2008,14405
US-WICHITA-STATE-UNIVERSITY,2009,14601
US-WICHITA-STATE-UNIVERSITY,2010,14577
US-WICHITA-STATE-UNIVERSITY,2011,14909
US-WICHITA-STATE-UNIVERSITY,2012,14716
US-WICHITA-STATE-UNIVERSITY,2013,14386
US-WICHITA-STATE-UNIVERSITY,2014,14857
US-WICHITA-STATE-UNIVERSITY,2015,14240
US-WICHITA-STATE-UNIVERSITY,2016,14166
US-WICHITA-STATE-UNIVERSITY,2017,15075
US-WICHITA-STATE-UNIVERSITY,2018,15778
US-WICHITA-STATE-UNIVERSITY,2019,15342
US-WICHITA-STATE-UNIVERSITY,2020,14999
US-WICHITA-STATE-UNIVERSITY,2021,15415
US-WICHITA-STATE-UNIVERSITY,2022,16216
US-WICHITA-STATE-UNIVERSITY,2023,16741
US-WICHITA-STATE-UNIVERSITY,2024,
US-FLORIDA-GULF-COAST-UNIVERSITY,2000,3664
US-FLORIDA-GULF-COAST-UNIVERSITY,2001,4214
US-FLORIDA-GULF-COAST-UNIVERSITY,2002,5109
US-FLORIDA-GULF-COAST-UNIVERSITY,2003,5972
US-FLORIDA-GULF-COAST-UNIVERSITY,2004,5955
US-FLORIDA-GULF-COAST-UNIVERSITY,2005,7249
US-FLORIDA-GULF-COAST-UNIVERSITY,2006,8279
US-FLORIDA-GULF-COAST-UNIVERSITY,2007,9339
US-FLORIDA-GULF-COAST-UNIVERSITY,2008,10204
US-FLORIDA-GULF-COAST-UNIVERSITY,2009,11092
US-FLORIDA-GULF-COAST-UNIVERSITY,2010,12015
US-FLORIDA-GULF-COAST-UNIVERSITY,2011,12651
US-FLORIDA-GULF-COAST-UNIVERSITY,2012,13445
US-FLORIDA-GULF-COAST-UNIVERSITY,2013,14077
US-FLORIDA-GULF-COAST-UNIVERSITY,2014,14473
US-FLORIDA-GULF-COAST-UNIVERSITY,2015,14833
US-FLORIDA-GULF-COAST-UNIVERSITY,2016,14821
US-FLORIDA-GULF-COAST-UNIVERSITY,2017,14965
US-FLORIDA-GULF-COAST-UNIVERSITY,2018,15031
US-FLORIDA-GULF-COAST-UNIVERSITY,2019,14977
US-FLORIDA-GULF-COAST-UNIVERSITY,2020,15358
US-FLORIDA-GULF-COAST-UNIVERSITY,2021,15909
US-FLORIDA-GULF-COAST-UNIVERSITY,2022,15969
US-FLORIDA-GULF-COAST-UNIVERSITY,2023,16167
US-FLORIDA-GULF-COAST-UNIVERSITY,2024,
US-GWYNEDD-MERCY-UNIVERSITY,2000,1913
US-GWYNEDD-MERCY-UNIVERSITY,2001,2177
US-GWYNEDD-MERCY-UNIVERSITY,2002,2429
US-GWYNEDD-MERCY-UNIVERSITY,2003,2615
US-GWYNEDD-MERCY-UNIVERSITY,2004,2751
US-GWYNEDD-MERCY-UNIVERSITY,2005,2723
US-GWYNEDD-MERCY-UNIVERSITY,2006,2731
US-GWYNEDD-MERCY-UNIVERSITY,2007,2644
US-GWYNEDD-MERCY-UNIVERSITY,2008,2548
US-GWYNEDD-MERCY-UNIVERSITY,2009,2630
US-GWYNEDD-MERCY-UNIVERSITY,2010,2618
US-GWYNEDD-MERCY-UNIVERSITY,2011,2710
US-GWYNEDD-MERCY-UNIVERSITY,2012,2572
US-GWYNEDD-MERCY-UNIVERSITY,2013,2371
US-GWYNEDD-MERCY-UNIVERSITY,2014,2459
US-GWYNEDD-MERCY-UNIVERSITY,2015,2582
US-GWYNEDD-MERCY-UNIVERSITY,2016,2667
US-GWYNEDD-MERCY-UNIVERSITY,2017,2808
US-GWYNEDD-MERCY-UNIVERSITY,2018,3056
US-GWYNEDD-MERCY-UNIVERSITY,2019,2990
US-GWYNEDD-MERCY-UNIVERSITY,2020,2737
US-GWYNEDD-MERCY-UNIVERSITY,2021,2521
US-GWYNEDD-MERCY-UNIVERSITY,2022,2091
US-GWYNEDD-MERCY-UNIVERSITY,2023,2165
US-GWYNEDD-MERCY-UNIVERSITY,2024,
US-MARYMOUNT-UNIVERSITY,2000,3422
US-MARYMOUNT-UNIVERSITY,2001,3475
US-MARYMOUNT-UNIVERSITY,2002,3638
US-MARYMOUNT-UNIVERSITY,2003,3741
US-MARYMOUNT-UNIVERSITY,2004,3717
US-MARYMOUNT-UNIVERSITY,2005,3676
US-MARYMOUNT-UNIVERSITY,2006,3593
US-MARYMOUNT-UNIVERSITY,2007,3609
US-MARYMOUNT-UNIVERSITY,2008,3548
US-MARYMOUNT-UNIVERSITY,2009,3480
US-MARYMOUNT-UNIVERSITY,2010,3572
US-MARYMOUNT-UNIVERSITY,2011,3633
US-MARYMOUNT-UNIVERSITY,2012,3702
US-MARYMOUNT-UNIVERSITY,2013,3486
US-MARYMOUNT-UNIVERSITY,2014,3441
US-MARYMOUNT-UNIVERSITY,2015,3363
US-MARYMOUNT-UNIVERSITY,2016,3369
US-MARYMOUNT-UNIVERSITY,2017,3375
US-MARYMOUNT-UNIVERSITY,2018,3418
US-MARYMOUNT-UNIVERSITY,2019,3363
US-MARYMOUNT-UNIVERSITY,2020,3294
US-MARYMOUNT-UNIVERSITY,2021,3555
US-MARYMOUNT-UNIVERSITY,2022,3711
US-MARYMOUNT-UNIVERSITY,2023,3667
US-MARYMOUNT-UNIVERSITY,2024,
US-REGENT-UNIVERSITY,2000,2449
US-REGENT-UNIVERSITY,2001,2689
US-REGENT-UNIVERSITY,2002,3120
US-REGENT-UNIVERSITY,2003,3173
US-REGENT-UNIVERSITY,2004,3444
US-REGENT-UNIVERSITY,2005,3961
US-REGENT-UNIVERSITY,2006,4080
US-REGENT-UNIVERSITY,2007,4115
US-REGENT-UNIVERSITY,2008,4278
US-REGENT-UNIVERSITY,2009,4656
US-REGENT-UNIVERSITY,2010,5217
US-REGENT-UNIVERSITY,2011,5568
US-REGENT-UNIVERSITY,2012,5635
US-REGENT-UNIVERSITY,2013,5693
US-REGENT-UNIVERSITY,2014,5914
US-REGENT-UNIVERSITY,2015,6950
US-REGENT-UNIVERSITY,2016,8389
US-REGENT-UNIVERSITY,2017,9488
US-REGENT-UNIVERSITY,2018,9889
US-REGENT-UNIVERSITY,2019,10365
US-REGENT-UNIVERSITY,2020,10496
US-REGENT-UNIVERSITY,2021,10330
US-REGENT-UNIVERSITY,2022,10337
US-REGENT-UNIVERSITY,2023,10168
US-REGENT-UNIVERSITY,2024,
US-REGIS-UNIVERSITY,2000,9129
US-REGIS-UNIVERSITY,2001,10069
US-REGIS-UNIVERSITY,2002,11447
US-REGIS-UNIVERSITY,2003,11583
US-REGIS-UNIVERSITY,2004,11801
US-REGIS-UNIVERSITY,2005,11566
US-REGIS-UNIVERSITY,2006,11388
US-REGIS-UNIVERSITY,2007,11238
US-REGIS-UNIVERSITY,2008,11040
US-REGIS-UNIVERSITY,2009,10874
US-REGIS-UNIVERSITY,2010,11069
US-REGIS-UNIVERSITY,2011,11253
US-REGIS-UNIVERSITY,2012,10683
US-REGIS-UNIVERSITY,2013,9722
US-REGIS-UNIVERSITY,2014,9208
US-REGIS-UNIVERSITY,2015,8725
US-REGIS-UNIVERSITY,2016,8368
US-REGIS-UNIVERSITY,2017,8341
US-REGIS-UNIVERSITY,2018,7907
US-REGIS-UNIVERSITY,2019,6908
US-REGIS-UNIVERSITY,2020,6310
US-REGIS-UNIVERSITY,2021,5566
US-REGIS-UNIVERSITY,2022,4668
US-REGIS-UNIVERSITY,2023,4631
US-REGIS-UNIVERSITY,2024,
US-UNIVERSIDAD-ANA-G-MENDEZ-GURABO-CAMPUS,2000,8681
US-UNIVERSIDAD-ANA-G-MENDEZ-GURABO-CAMPUS,2001,9335
US-UNIVERSIDAD-ANA-G-MENDEZ-GURABO-CAMPUS,2002,10653
US-UNIVERSIDAD-ANA-G-MENDEZ-GURABO-CAMPUS,2003,12418
US-UNIVERSIDAD-ANA-G-MENDEZ-GURABO-CAMPUS,2004,13692
US-UNIVERSIDAD-ANA-G-MENDEZ-GURABO-CAMPUS,2005,14769
US-UNIVERSIDAD-ANA-G-MENDEZ-GURABO-CAMPUS,2006,15339
US-UNIVERSIDAD-ANA-G-MENDEZ-GURABO-CAMPUS,2007,15882
US-UNIVERSIDAD-ANA-G-MENDEZ-GURABO-CAMPUS,2008,16296
US-UNIVERSIDAD-ANA-G-MENDEZ-GURABO-CAMPUS,2009,16190
US-UNIVERSIDAD-ANA-G-MENDEZ-GURABO-CAMPUS,2010,16036
US-UNIVERSIDAD-ANA-G-MENDEZ-GURABO-CAMPUS,2011,16605
US-UNIVERSIDAD-ANA-G-MENDEZ-GURABO-CAMPUS,2012,17040
US-UNIVERSIDAD-ANA-G-MENDEZ-GURABO-CAMPUS,2013,17287
US-UNIVERSIDAD-ANA-G-MENDEZ-GURABO-CAMPUS,2014,17325
US-UNIVERSIDAD-ANA-G-MENDEZ-GURABO-CAMPUS,2015,17509
US-UNIVERSIDAD-ANA-G-MENDEZ-GURABO-CAMPUS,2016,17167
US-UNIVERSIDAD-ANA-G-MENDEZ-GURABO-CAMPUS,2017,17034
US-UNIVERSIDAD-ANA-G-MENDEZ-GURABO-CAMPUS,2018,15699
US-UNIVERSIDAD-ANA-G-MENDEZ-GURABO-CAMPUS,2019,15464
US-UNIVERSIDAD-ANA-G-MENDEZ-GURABO-CAMPUS,2020,13552
US-UNIVERSIDAD-ANA-G-MENDEZ-GURABO-CAMPUS,2021,11100
US-UNIVERSIDAD-ANA-G-MENDEZ-GURABO-CAMPUS,2022,10133
US-UNIVERSIDAD-ANA-G-MENDEZ-GURABO-CAMPUS,2023,9718
US-UNIVERSIDAD-ANA-G-MENDEZ-GURABO-CAMPUS,2024,
US-UNIVERSITY-OF-HAWAII-HILO,2000,2874
US-UNIVERSITY-OF-HAWAII-HILO,2001,2913
US-UNIVERSITY-OF-HAWAII-HILO,2002,3040
US-UNIVERSITY-OF-HAWAII-HILO,2003,3300
US-UNIVERSITY-OF-HAWAII-HILO,2004,3288
US-UNIVERSITY-OF-HAWAII-HILO,2005,3422
US-UNIVERSITY-OF-HAWAII-HILO,2006,3507
US-UNIVERSITY-OF-HAWAII-HILO,2007,3573
US-UNIVERSITY-OF-HAWAII-HILO,2008,3773
US-UNIVERSITY-OF-HAWAII-HILO,2009,3974
US-UNIVERSITY-OF-HAWAII-HILO,2010,4079
US-UNIVERSITY-OF-HAWAII-HILO,2011,4139
US-UNIVERSITY-OF-HAWAII-HILO,2012,4157
US-UNIVERSITY-OF-HAWAII-HILO,2013,4043
US-UNIVERSITY-OF-HAWAII-HILO,2014,3924
US-UNIVERSITY-OF-HAWAII-HILO,2015,3829
US-UNIVERSITY-OF-HAWAII-HILO,2016,3666
US-UNIVERSITY-OF-HAWAII-HILO,2017,3539
US-UNIVERSITY-OF-HAWAII-HILO,2018,3406
US-UNIVERSITY-OF-HAWAII-HILO,2019,3372
US-UNIVERSITY-OF-HAWAII-HILO,2020,3165
US-UNIVERSITY-OF-HAWAII-HILO,2021,3243
US-UNIVERSITY-OF-HAWAII-HILO,2022,2977
US-UNIVERSITY-OF-HAWAII-HILO,2023,2781
US-UNIVERSITY-OF-HAWAII-HILO,2024,
US-UNIVERSITY-OF-LYNCHBURG,2000,1982
US-UNIVERSITY-OF-LYNCHBURG,2001,1937
US-UNIVERSITY-OF-LYNCHBURG,2002,1874
US-UNIVERSITY-OF-LYNCHBURG,2003,2009
US-UNIVERSITY-OF-LYNCHBURG,2004,2248
US-UNIVERSITY-OF-LYNCHBURG,2005,2428
US-UNIVERSITY-OF-LYNCHBURG,2006,2398
US-UNIVERSITY-OF-LYNCHBURG,2007,2490
US-UNIVERSITY-OF-LYNCHBURG,2008,2572
US-UNIVERSITY-OF-LYNCHBURG,2009,2589
US-UNIVERSITY-OF-LYNCHBURG,2010,2643
US-UNIVERSITY-OF-LYNCHBURG,2011,2828
US-UNIVERSITY-OF-LYNCHBURG,2012,2756
US-UNIVERSITY-OF-LYNCHBURG,2013,2713
US-UNIVERSITY-OF-LYNCHBURG,2014,2736
US-UNIVERSITY-OF-LYNCHBURG,2015,2794
US-UNIVERSITY-OF-LYNCHBURG,2016,2720
US-UNIVERSITY-OF-LYNCHBURG,2017,2810
US-UNIVERSITY-OF-LYNCHBURG,2018,3081
US-UNIVERSITY-OF-LYNCHBURG,2019,2956
US-UNIVERSITY-OF-LYNCHBURG,2020,2692
US-UNIVERSITY-OF-LYNCHBURG,2021,2553
US-UNIVERSITY-OF-LYNCHBURG,2022,2394
US-UNIVERSITY-OF-LYNCHBURG,2023,2592
US-UNIVERSITY-OF-LYNCHBURG,2024,
US-MARQUETTE-UNIVERSITY,2000,10892
US-MARQUETTE-UNIVERSITY,2001,10832
US-MARQUETTE-UNIVERSITY,2002,11042
US-MARQUETTE-UNIVERSITY,2003,11355
US-MARQUETTE-UNIVERSITY,2004,11510
US-MARQUETTE-UNIVERSITY,2005,11594
US-MARQUETTE-UNIVERSITY,2006,11548
US-MARQUETTE-UNIVERSITY,2007,11516
US-MARQUETTE-UNIVERSITY,2008,11633
US-MARQUETTE-UNIVERSITY,2009,11689
US-MARQUETTE-UNIVERSITY,2010,11806
US-MARQUETTE-UNIVERSITY,2011,12002
US-MARQUETTE-UNIVERSITY,2012,11749
US-MARQUETTE-UNIVERSITY,2013,11782
US-MARQUETTE-UNIVERSITY,2014,11745
US-MARQUETTE-UNIVERSITY,2015,11491
US-MARQUETTE-UNIVERSITY,2016,11294
US-MARQUETTE-UNIVERSITY,2017,11426
US-MARQUETTE-UNIVERSITY,2018,11605
US-MARQUETTE-UNIVERSITY,2019,11819
US-MARQUETTE-UNIVERSITY,2020,11550
US-MARQUETTE-UNIVERSITY,2021,11320
US-MARQUETTE-UNIVERSITY,2022,11167
US-MARQUETTE-UNIVERSITY,2023,11373
US-MARQUETTE-UNIVERSITY,2024,
US-CALIFORNIA-STATE-UNIVERSITY-LONG-BEACH,2000,30918
US-CALIFORNIA-STATE-UNIVERSITY-LONG-BEACH,2001,33259
US-CALIFORNIA-STATE-UNIVERSITY-LONG-BEACH,2002,34566
US-CALIFORNIA-STATE-UNIVERSITY-LONG-BEACH,2003,34715
US-CALIFORNIA-STATE-UNIVERSITY-LONG-BEACH,2004,33479
US-CALIFORNIA-STATE-UNIVERSITY-LONG-BEACH,2005,34547
US-CALIFORNIA-STATE-UNIVERSITY-LONG-BEACH,2006,35574
US-CALIFORNIA-STATE-UNIVERSITY-LONG-BEACH,2007,36868
US-CALIFORNIA-STATE-UNIVERSITY-LONG-BEACH,2008,37891
US-CALIFORNIA-STATE-UNIVERSITY-LONG-BEACH,2009,35557
US-CALIFORNIA-STATE-UNIVERSITY-LONG-BEACH,2010,33416
US-CALIFORNIA-STATE-UNIVERSITY-LONG-BEACH,2011,34870
US-CALIFORNIA-STATE-UNIVERSITY-LONG-BEACH,2012,36279
US-CALIFORNIA-STATE-UNIVERSITY-LONG-BEACH,2013,35586
US-CALIFORNIA-STATE-UNIVERSITY-LONG-BEACH,2014,36809
US-CALIFORNIA-STATE-UNIVERSITY-LONG-BEACH,2015,37446
US-CALIFORNIA-STATE-UNIVERSITY-LONG-BEACH,2016,37776
US-CALIFORNIA-STATE-UNIVERSITY-LONG-BEACH,2017,37622
US-CALIFORNIA-STATE-UNIVERSITY-LONG-BEACH,2018,37466
US-CALIFORNIA-STATE-UNIVERSITY-LONG-BEACH,2019,38674
US-CALIFORNIA-STATE-UNIVERSITY-LONG-BEACH,2020,40069
US-CALIFORNIA-STATE-UNIVERSITY-LONG-BEACH,2021,40190
US-CALIFORNIA-STATE-UNIVERSITY-LONG-BEACH,2022,38973
US-CALIFORNIA-STATE-UNIVERSITY-LONG-BEACH,2023,40278
US-CALIFORNIA-STATE-UNIVERSITY-LONG-BEACH,2024,
US-LOUISIANA-STATE-UNIVERSITY-HEALTH-SCIENCES-CENTER-NEW-ORLEANS,2000,2720
US-LOUISIANA-STATE-UNIVERSITY-HEALTH-SCIENCES-CENTER-NEW-ORLEANS,2001,2638
US-LOUISIANA-STATE-UNIVERSITY-HEALTH-SCIENCES-CENTER-NEW-ORLEANS,2002,2777
US-LOUISIANA-STATE-UNIVERSITY-HEALTH-SCIENCES-CENTER-NEW-ORLEANS,2003,2842
US-LOUISIANA-STATE-UNIVERSITY-HEALTH-SCIENCES-CENTER-NEW-ORLEANS,2004,2238
US-LOUISIANA-STATE-UNIVERSITY-HEALTH-SCIENCES-CENTER-NEW-ORLEANS,2005,2207
US-LOUISIANA-STATE-UNIVERSITY-HEALTH-SCIENCES-CENTER-NEW-ORLEANS,2006,2199
US-LOUISIANA-STATE-UNIVERSITY-HEALTH-SCIENCES-CENTER-NEW-ORLEANS,2007,2234
US-LOUISIANA-STATE-UNIVERSITY-HEALTH-SCIENCES-CENTER-NEW-ORLEANS,2008,2431
US-LOUISIANA-STATE-UNIVERSITY-HEALTH-SCIENCES-CENTER-NEW-ORLEANS,2009,2644
US-LOUISIANA-STATE-UNIVERSITY-HEALTH-SCIENCES-CENTER-NEW-ORLEANS,2010,2699
US-LOUISIANA-STATE-UNIVERSITY-HEALTH-SCIENCES-CENTER-NEW-ORLEANS,2011,2777
US-LOUISIANA-STATE-UNIVERSITY-HEALTH-SCIENCES-CENTER-NEW-ORLEANS,2012,2788
US-LOUISIANA-STATE-UNIVERSITY-HEALTH-SCIENCES-CENTER-NEW-ORLEANS,2013,2829
US-LOUISIANA-STATE-UNIVERSITY-HEALTH-SCIENCES-CENTER-NEW-ORLEANS,2014,2828
US-LOUISIANA-STATE-UNIVERSITY-HEALTH-SCIENCES-CENTER-NEW-ORLEANS,2015,2791
US-LOUISIANA-STATE-UNIVERSITY-HEALTH-SCIENCES-CENTER-NEW-ORLEANS,2016,2758
US-LOUISIANA-STATE-UNIVERSITY-HEALTH-SCIENCES-CENTER-NEW-ORLEANS,2017,2777
US-LOUISIANA-STATE-UNIVERSITY-HEALTH-SCIENCES-CENTER-NEW-ORLEANS,2018,2809
US-LOUISIANA-STATE-UNIVERSITY-HEALTH-SCIENCES-CENTER-NEW-ORLEANS,2019,2820
US-LOUISIANA-STATE-UNIVERSITY-HEALTH-SCIENCES-CENTER-NEW-ORLEANS,2020,2827
US-LOUISIANA-STATE-UNIVERSITY-HEALTH-SCIENCES-CENTER-NEW-ORLEANS,2021,2835
US-LOUISIANA-STATE-UNIVERSITY-HEALTH-SCIENCES-CENTER-NEW-ORLEANS,2022,2740
US-LOUISIANA-STATE-UNIVERSITY-HEALTH-SCIENCES-CENTER-NEW-ORLEANS,2023,2683
US-LOUISIANA-STATE-UNIVERSITY-HEALTH-SCIENCES-CENTER-NEW-ORLEANS,2024,
US-TEACHERS-COLLEGE-COLUMBIA-UNIVERSITY,2000,4949
US-TEACHERS-COLLEGE-COLUMBIA-UNIVERSITY,2001,4885
US-TEACHERS-COLLEGE-COLUMBIA-UNIVERSITY,2002,5111
US-TEACHERS-COLLEGE-COLUMBIA-UNIVERSITY,2003,5025
US-TEACHERS-COLLEGE-COLUMBIA-UNIVERSITY,2004,5036
US-TEACHERS-COLLEGE-COLUMBIA-UNIVERSITY,2005,5037
US-TEACHERS-COLLEGE-COLUMBIA-UNIVERSITY,2006,4889
US-TEACHERS-COLLEGE-COLUMBIA-UNIVERSITY,2007,4996
US-TEACHERS-COLLEGE-COLUMBIA-UNIVERSITY,2008,5040
US-TEACHERS-COLLEGE-COLUMBIA-UNIVERSITY,2009,5307
US-TEACHERS-COLLEGE-COLUMBIA-UNIVERSITY,2010,5274
US-TEACHERS-COLLEGE-COLUMBIA-UNIVERSITY,2011,5329
US-TEACHERS-COLLEGE-COLUMBIA-UNIVERSITY,2012,5236
US-TEACHERS-COLLEGE-COLUMBIA-UNIVERSITY,2013,5149
US-TEACHERS-COLLEGE-COLUMBIA-UNIVERSITY,2014,5011
US-TEACHERS-COLLEGE-COLUMBIA-UNIVERSITY,2015,4984
US-TEACHERS-COLLEGE-COLUMBIA-UNIVERSITY,2016,4985
US-TEACHERS-COLLEGE-COLUMBIA-UNIVERSITY,2017,4701
US-TEACHERS-COLLEGE-COLUMBIA-UNIVERSITY,2018,4549
US-TEACHERS-COLLEGE-COLUMBIA-UNIVERSITY,2019,4489
US-TEACHERS-COLLEGE-COLUMBIA-UNIVERSITY,2020,4547
US-TEACHERS-COLLEGE-COLUMBIA-UNIVERSITY,2021,4805
US-TEACHERS-COLLEGE-COLUMBIA-UNIVERSITY,2022,4514
US-TEACHERS-COLLEGE-COLUMBIA-UNIVERSITY,2023,4392
US-TEACHERS-COLLEGE-COLUMBIA-UNIVERSITY,2024,
US-UNIVERSITY-OF-PUERTO-RICO-MAYAGUEZ,2000,12414
US-UNIVERSITY-OF-PUERTO-RICO-MAYAGUEZ,2001,12244
US-UNIVERSITY-OF-PUERTO-RICO-MAYAGUEZ,2002,12136
US-UNIVERSITY-OF-PUERTO-RICO-MAYAGUEZ,2003,12148
US-UNIVERSITY-OF-PUERTO-RICO-MAYAGUEZ,2004,12108
US-UNIVERSITY-OF-PUERTO-RICO-MAYAGUEZ,2005,12338
US-UNIVERSITY-OF-PUERTO-RICO-MAYAGUEZ,2006,12380
US-UNIVERSITY-OF-PUERTO-RICO-MAYAGUEZ,2007,12860
US-UNIVERSITY-OF-PUERTO-RICO-MAYAGUEZ,2008,13324
US-UNIVERSITY-OF-PUERTO-RICO-MAYAGUEZ,2009,13852
US-UNIVERSITY-OF-PUERTO-RICO-MAYAGUEZ,2010,13221
US-UNIVERSITY-OF-PUERTO-RICO-MAYAGUEZ,2011,12474
US-UNIVERSITY-OF-PUERTO-RICO-MAYAGUEZ,2012,11984
US-UNIVERSITY-OF-PUERTO-RICO-MAYAGUEZ,2013,11838
US-UNIVERSITY-OF-PUERTO-RICO-MAYAGUEZ,2014,12130
US-UNIVERSITY-OF-PUERTO-RICO-MAYAGUEZ,2015,12771
US-UNIVERSITY-OF-PUERTO-RICO-MAYAGUEZ,2016,13314
US-UNIVERSITY-OF-PUERTO-RICO-MAYAGUEZ,2017,13481
US-UNIVERSITY-OF-PUERTO-RICO-MAYAGUEZ,2018,13224
US-UNIVERSITY-OF-PUERTO-RICO-MAYAGUEZ,2019,12952
US-UNIVERSITY-OF-PUERTO-RICO-MAYAGUEZ,2020,12825
US-UNIVERSITY-OF-PUERTO-RICO-MAYAGUEZ,2021,12126
US-UNIVERSITY-OF-PUERTO-RICO-MAYAGUEZ,2022,11062
US-UNIVERSITY-OF-PUERTO-RICO-MAYAGUEZ,2023,10716
US-UNIVERSITY-OF-PUERTO-RICO-MAYAGUEZ,2024,
US-WRIGHT-STATE-UNIVERSITY,2000,13964
US-WRIGHT-STATE-UNIVERSITY,2001,13829
US-WRIGHT-STATE-UNIVERSITY,2002,14397
US-WRIGHT-STATE-UNIVERSITY,2003,14648
US-WRIGHT-STATE-UNIVERSITY,2004,15985
US-WRIGHT-STATE-UNIVERSITY,2005,16207
US-WRIGHT-STATE-UNIVERSITY,2006,16088
US-WRIGHT-STATE-UNIVERSITY,2007,16151
US-WRIGHT-STATE-UNIVERSITY,2008,16672
US-WRIGHT-STATE-UNIVERSITY,2009,17558
US-WRIGHT-STATE-UNIVERSITY,2010,18447
US-WRIGHT-STATE-UNIVERSITY,2011,18304
US-WRIGHT-STATE-UNIVERSITY,2012,16780
US-WRIGHT-STATE-UNIVERSITY,2013,16656
US-WRIGHT-STATE-UNIVERSITY,2014,16842
US-WRIGHT-STATE-UNIVERSITY,2015,17070
US-WRIGHT-STATE-UNIVERSITY,2016,16655
US-WRIGHT-STATE-UNIVERSITY,2017,15957
US-WRIGHT-STATE-UNIVERSITY,2018,14403
US-WRIGHT-STATE-UNIVERSITY,2019,12356
US-WRIGHT-STATE-UNIVERSITY,2020,10936
US-WRIGHT-STATE-UNIVERSITY,2021,10295
US-WRIGHT-STATE-UNIVERSITY,2022,9678
US-WRIGHT-STATE-UNIVERSITY,2023,9884
US-WRIGHT-STATE-UNIVERSITY,2024,
US-ALABAMA-STATE-UNIVERSITY,2000,5269
US-ALABAMA-STATE-UNIVERSITY,2001,5590
US-ALABAMA-STATE-UNIVERSITY,2002,6038
US-ALABAMA-STATE-UNIVERSITY,2003,6024
US-ALABAMA-STATE-UNIVERSITY,2004,5653
US-ALABAMA-STATE-UNIVERSITY,2005,5469
US-ALABAMA-STATE-UNIVERSITY,2006,5565
US-ALABAMA-STATE-UNIVERSITY,2007,5608
US-ALABAMA-STATE-UNIVERSITY,2008,5695
US-ALABAMA-STATE-UNIVERSITY,2009,5564
US-ALABAMA-STATE-UNIVERSITY,2010,5705
US-ALABAMA-STATE-UNIVERSITY,2011,5425
US-ALABAMA-STATE-UNIVERSITY,2012,5816
US-ALABAMA-STATE-UNIVERSITY,2013,6075
US-ALABAMA-STATE-UNIVERSITY,2014,5519
US-ALABAMA-STATE-UNIVERSITY,2015,5383
US-ALABAMA-STATE-UNIVERSITY,2016,5318
US-ALABAMA-STATE-UNIVERSITY,2017,4760
US-ALABAMA-STATE-UNIVERSITY,2018,4413
US-ALABAMA-STATE-UNIVERSITY,2019,4190
US-ALABAMA-STATE-UNIVERSITY,2020,4072
US-ALABAMA-STATE-UNIVERSITY,2021,3964
US-ALABAMA-STATE-UNIVERSITY,2022,3828
US-ALABAMA-STATE-UNIVERSITY,2023,3870
US-ALABAMA-STATE-UNIVERSITY,2024,
US-ANDREWS-UNIVERSITY,2000,2749
US-ANDREWS-UNIVERSITY,2001,2721
US-ANDREWS-UNIVERSITY,2002,2779
US-ANDREWS-UNIVERSITY,2003,2995
US-ANDREWS-UNIVERSITY,2004,3017
US-ANDREWS-UNIVERSITY,2005,3087
US-ANDREWS-UNIVERSITY,2006,3195
US-ANDREWS-UNIVERSITY,2007,3221
US-ANDREWS-UNIVERSITY,2008,3419
US-ANDREWS-UNIVERSITY,2009,3589
US-ANDREWS-UNIVERSITY,2010,3487
US-ANDREWS-UNIVERSITY,2011,3547
US-ANDREWS-UNIVERSITY,2012,3551
US-ANDREWS-UNIVERSITY,2013,3516
US-ANDREWS-UNIVERSITY,2014,3418
US-ANDREWS-UNIVERSITY,2015,3366
US-ANDREWS-UNIVERSITY,2016,3317
US-ANDREWS-UNIVERSITY,2017,3300
US-ANDREWS-UNIVERSITY,2018,3407
US-ANDREWS-UNIVERSITY,2019,3390
US-ANDREWS-UNIVERSITY,2020,3162
US-ANDREWS-UNIVERSITY,2021,2927
US-ANDREWS-UNIVERSITY,2022,2858
US-ANDREWS-UNIVERSITY,2023,2837
US-ANDREWS-UNIVERSITY,2024,
US-MISSISSIPPI-COLLEGE,2000,3423
US-MISSISSIPPI-COLLEGE,2001,3223
US-MISSISSIPPI-COLLEGE,2002,3227
US-MISSISSIPPI-COLLEGE,2003,3406
US-MISSISSIPPI-COLLEGE,2004,3588
US-MISSISSIPPI-COLLEGE,2005,3905
US-MISSISSIPPI-COLLEGE,2006,4041
US-MISSISSIPPI-COLLEGE,2007,4467
US-MISSISSIPPI-COLLEGE,2008,4741
US-MISSISSIPPI-COLLEGE,2009,4796
US-MISSISSIPPI-COLLEGE,2010,4963
US-MISSISSIPPI-COLLEGE,2011,5218
US-MISSISSIPPI-COLLEGE,2012,5026
US-MISSISSIPPI-COLLEGE,2013,4921
US-MISSISSIPPI-COLLEGE,2014,4984
US-MISSISSIPPI-COLLEGE,2015,5036
US-MISSISSIPPI-COLLEGE,2016,5048
US-MISSISSIPPI-COLLEGE,2017,5036
US-MISSISSIPPI-COLLEGE,2018,5103
US-MISSISSIPPI-COLLEGE,2019,4733
US-MISSISSIPPI-COLLEGE,2020,4667
US-MISSISSIPPI-COLLEGE,2021,4250
US-MISSISSIPPI-COLLEGE,2022,3946
US-MISSISSIPPI-COLLEGE,2023,4087
US-MISSISSIPPI-COLLEGE,2024,
US-SOUTHERN-ILLINOIS-UNIVERSITY-EDWARDSVILLE,2000,12193
US-SOUTHERN-ILLINOIS-UNIVERSITY-EDWARDSVILLE,2001,12442
US-SOUTHERN-ILLINOIS-UNIVERSITY-EDWARDSVILLE,2002,12708
US-SOUTHERN-ILLINOIS-UNIVERSITY-EDWARDSVILLE,2003,13295
US-SOUTHERN-ILLINOIS-UNIVERSITY-EDWARDSVILLE,2004,13493
US-SOUTHERN-ILLINOIS-UNIVERSITY-EDWARDSVILLE,2005,13460
US-SOUTHERN-ILLINOIS-UNIVERSITY-EDWARDSVILLE,2006,13449
US-SOUTHERN-ILLINOIS-UNIVERSITY-EDWARDSVILLE,2007,13398
US-SOUTHERN-ILLINOIS-UNIVERSITY-EDWARDSVILLE,2008,13602
US-SOUTHERN-ILLINOIS-UNIVERSITY-EDWARDSVILLE,2009,13940
US-SOUTHERN-ILLINOIS-UNIVERSITY-EDWARDSVILLE,2010,14133
US-SOUTHERN-ILLINOIS-UNIVERSITY-EDWARDSVILLE,2011,14235
US-SOUTHERN-ILLINOIS-UNIVERSITY-EDWARDSVILLE,2012,14055
US-SOUTHERN-ILLINOIS-UNIVERSITY-EDWARDSVILLE,2013,13850
US-SOUTHERN-ILLINOIS-UNIVERSITY-EDWARDSVILLE,2014,13972
US-SOUTHERN-ILLINOIS-UNIVERSITY-EDWARDSVILLE,2015,14265
US-SOUTHERN-ILLINOIS-UNIVERSITY-EDWARDSVILLE,2016,14142
US-SOUTHERN-ILLINOIS-UNIVERSITY-EDWARDSVILLE,2017,13796
US-SOUTHERN-ILLINOIS-UNIVERSITY-EDWARDSVILLE,2018,13281
US-SOUTHERN-ILLINOIS-UNIVERSITY-EDWARDSVILLE,2019,13061
US-SOUTHERN-ILLINOIS-UNIVERSITY-EDWARDSVILLE,2020,12860
US-SOUTHERN-ILLINOIS-UNIVERSITY-EDWARDSVILLE,2021,13010
US-SOUTHERN-ILLINOIS-UNIVERSITY-EDWARDSVILLE,2022,12519
US-SOUTHERN-ILLINOIS-UNIVERSITY-EDWARDSVILLE,2023,12045
US-SOUTHERN-ILLINOIS-UNIVERSITY-EDWARDSVILLE,2024,
US-ST-THOMAS-UNIVERSITY,2000,11288
US-ST-THOMAS-UNIVERSITY,2001,11473
US-ST-THOMAS-UNIVERSITY,2002,11257
US-ST-THOMAS-UNIVERSITY,2003,11037
US-ST-THOMAS-UNIVERSITY,2004,10474
US-ST-THOMAS-UNIVERSITY,2005,10641
US-ST-THOMAS-UNIVERSITY,2006,10712
US-ST-THOMAS-UNIVERSITY,2007,10984
US-ST-THOMAS-UNIVERSITY,2008,10963
US-ST-THOMAS-UNIVERSITY,2009,10851
US-ST-THOMAS-UNIVERSITY,2010,10815
US-ST-THOMAS-UNIVERSITY,2011,10506
US-ST-THOMAS-UNIVERSITY,2012,10289
US-ST-THOMAS-UNIVERSITY,2013,10192
US-ST-THOMAS-UNIVERSITY,2014,10140
US-ST-THOMAS-UNIVERSITY,2015,10148
US-ST-THOMAS-UNIVERSITY,2016,9920
US-ST-THOMAS-UNIVERSITY,2017,9878
US-ST-THOMAS-UNIVERSITY,2018,10035
US-ST-THOMAS-UNIVERSITY,2019,9824
US-ST-THOMAS-UNIVERSITY,2020,9792
US-ST-THOMAS-UNIVERSITY,2021,9336
US-ST-THOMAS-UNIVERSITY,2022,9025
US-ST-THOMAS-UNIVERSITY,2023,9121
US-ST-THOMAS-UNIVERSITY,2024,
US-UNIVERSITY-OF-MICHIGAN-FLINT,2000,6316
US-UNIVERSITY-OF-MICHIGAN-FLINT,2001,6397
US-UNIVERSITY-OF-MICHIGAN-FLINT,2002,6434
US-UNIVERSITY-OF-MICHIGAN-FLINT,2003,6152
US-UNIVERSITY-OF-MICHIGAN-FLINT,2004,6188
US-UNIVERSITY-OF-MICHIGAN-FLINT,2005,6422
US-UNIVERSITY-OF-MICHIGAN-FLINT,2006,6527
US-UNIVERSITY-OF-MICHIGAN-FLINT,2007,6883
US-UNIVERSITY-OF-MICHIGAN-FLINT,2008,7260
US-UNIVERSITY-OF-MICHIGAN-FLINT,2009,7773
US-UNIVERSITY-OF-MICHIGAN-FLINT,2010,8138
US-UNIVERSITY-OF-MICHIGAN-FLINT,2011,8262
US-UNIVERSITY-OF-MICHIGAN-FLINT,2012,8289
US-UNIVERSITY-OF-MICHIGAN-FLINT,2013,8555
US-UNIVERSITY-OF-MICHIGAN-FLINT,2014,8574
US-UNIVERSITY-OF-MICHIGAN-FLINT,2015,8470
US-UNIVERSITY-OF-MICHIGAN-FLINT,2016,8044
US-UNIVERSITY-OF-MICHIGAN-FLINT,2017,7836
US-UNIVERSITY-OF-MICHIGAN-FLINT,2018,7532
US-UNIVERSITY-OF-MICHIGAN-FLINT,2019,7297
US-UNIVERSITY-OF-MICHIGAN-FLINT,2020,6829
US-UNIVERSITY-OF-MICHIGAN-FLINT,2021,6418
US-UNIVERSITY-OF-MICHIGAN-FLINT,2022,5985
US-UNIVERSITY-OF-MICHIGAN-FLINT,2023,6130
US-UNIVERSITY-OF-MICHIGAN-FLINT,2024,
US-UNIVERSITY-OF-WEST-GEORGIA,2000,8959
US-UNIVERSITY-OF-WEST-GEORGIA,2001,9026
US-UNIVERSITY-OF-WEST-GEORGIA,2002,9673
US-UNIVERSITY-OF-WEST-GEORGIA,2003,10251
US-UNIVERSITY-OF-WEST-GEORGIA,2004,10215
US-UNIVERSITY-OF-WEST-GEORGIA,2005,10153
US-UNIVERSITY-OF-WEST-GEORGIA,2006,10160
US-UNIVERSITY-OF-WEST-GEORGIA,2007,10677
US-UNIVERSITY-OF-WEST-GEORGIA,2008,11252
US-UNIVERSITY-OF-WEST-GEORGIA,2009,11500
US-UNIVERSITY-OF-WEST-GEORGIA,2010,11283
US-UNIVERSITY-OF-WEST-GEORGIA,2011,11646
US-UNIVERSITY-OF-WEST-GEORGIA,2012,11769
US-UNIVERSITY-OF-WEST-GEORGIA,2013,11929
US-UNIVERSITY-OF-WEST-GEORGIA,2014,12206
US-UNIVERSITY-OF-WEST-GEORGIA,2015,12834
US-UNIVERSITY-OF-WEST-GEORGIA,2016,13308
US-UNIVERSITY-OF-WEST-GEORGIA,2017,13520
US-UNIVERSITY-OF-WEST-GEORGIA,2018,13733
US-UNIVERSITY-OF-WEST-GEORGIA,2019,13238
US-UNIVERSITY-OF-WEST-GEORGIA,2020,13419
US-UNIVERSITY-OF-WEST-GEORGIA,2021,12687
US-UNIVERSITY-OF-WEST-GEORGIA,2022,11893
US-UNIVERSITY-OF-WEST-GEORGIA,2023,12728
US-UNIVERSITY-OF-WEST-GEORGIA,2024,
US-TEXAS-TECH-UNIVERSITY-HEALTH-SCIENCES-CENTER,2000,1719
US-TEXAS-TECH-UNIVERSITY-HEALTH-SCIENCES-CENTER,2001,1788
US-TEXAS-TECH-UNIVERSITY-HEALTH-SCIENCES-CENTER,2002,1972
US-TEXAS-TECH-UNIVERSITY-HEALTH-SCIENCES-CENTER,2003,2105
US-TEXAS-TECH-UNIVERSITY-HEALTH-SCIENCES-CENTER,2004,2272
US-TEXAS-TECH-UNIVERSITY-HEALTH-SCIENCES-CENTER,2005,2391
US-TEXAS-TECH-UNIVERSITY-HEALTH-SCIENCES-CENTER,2006,2458
US-TEXAS-TECH-UNIVERSITY-HEALTH-SCIENCES-CENTER,2007,2616
US-TEXAS-TECH-UNIVERSITY-HEALTH-SCIENCES-CENTER,2008,2904
US-TEXAS-TECH-UNIVERSITY-HEALTH-SCIENCES-CENTER,2009,3250
US-TEXAS-TECH-UNIVERSITY-HEALTH-SCIENCES-CENTER,2010,3710
US-TEXAS-TECH-UNIVERSITY-HEALTH-SCIENCES-CENTER,2011,4094
US-TEXAS-TECH-UNIVERSITY-HEALTH-SCIENCES-CENTER,2012,4370
US-TEXAS-TECH-UNIVERSITY-HEALTH-SCIENCES-CENTER,2013,4519
US-TEXAS-TECH-UNIVERSITY-HEALTH-SCIENCES-CENTER,2014,4931
US-TEXAS-TECH-UNIVERSITY-HEALTH-SCIENCES-CENTER,2015,4998
US-TEXAS-TECH-UNIVERSITY-HEALTH-SCIENCES-CENTER,2016,5232
US-TEXAS-TECH-UNIVERSITY-HEALTH-SCIENCES-CENTER,2017,5453
US-TEXAS-TECH-UNIVERSITY-HEALTH-SCIENCES-CENTER,2018,5083
US-TEXAS-TECH-UNIVERSITY-HEALTH-SCIENCES-CENTER,2019,5294
US-TEXAS-TECH-UNIVERSITY-HEALTH-SCIENCES-CENTER,2020,5274
US-TEXAS-TECH-UNIVERSITY-HEALTH-SCIENCES-CENTER,2021,5378
US-TEXAS-TECH-UNIVERSITY-HEALTH-SCIENCES-CENTER,2022,5136
US-TEXAS-TECH-UNIVERSITY-HEALTH-SCIENCES-CENTER,2023,4890
US-TEXAS-TECH-UNIVERSITY-HEALTH-SCIENCES-CENTER,2024,
US-BOWLING-GREEN-STATE-UNIVERSITY,2000,18096
US-BOWLING-GREEN-STATE-UNIVERSITY,2001,18739
US-BOWLING-GREEN-STATE-UNIVERSITY,2002,18773
US-BOWLING-GREEN-STATE-UNIVERSITY,2003,18534
US-BOWLING-GREEN-STATE-UNIVERSITY,2004,18989
US-BOWLING-GREEN-STATE-UNIVERSITY,2005,19016
US-BOWLING-GREEN-STATE-UNIVERSITY,2006,19108
US-BOWLING-GREEN-STATE-UNIVERSITY,2007,18619
US-BOWLING-GREEN-STATE-UNIVERSITY,2008,17874
US-BOWLING-GREEN-STATE-UNIVERSITY,2009,17309
US-BOWLING-GREEN-STATE-UNIVERSITY,2010,17706
US-BOWLING-GREEN-STATE-UNIVERSITY,2011,17577
US-BOWLING-GREEN-STATE-UNIVERSITY,2012,17286
US-BOWLING-GREEN-STATE-UNIVERSITY,2013,16958
US-BOWLING-GREEN-STATE-UNIVERSITY,2014,16554
US-BOWLING-GREEN-STATE-UNIVERSITY,2015,16908
US-BOWLING-GREEN-STATE-UNIVERSITY,2016,17644
US-BOWLING-GREEN-STATE-UNIVERSITY,2017,17357
US-BOWLING-GREEN-STATE-UNIVERSITY,2018,17540
US-BOWLING-GREEN-STATE-UNIVERSITY,2019,17733
US-BOWLING-GREEN-STATE-UNIVERSITY,2020,18142
US-BOWLING-GREEN-STATE-UNIVERSITY,2021,17645
US-BOWLING-GREEN-STATE-UNIVERSITY,2022,16920
US-BOWLING-GREEN-STATE-UNIVERSITY,2023,17027
US-BOWLING-GREEN-STATE-UNIVERSITY,2024,
US-CLARKSON-UNIVERSITY,2000,2877
US-CLARKSON-UNIVERSITY,2001,2949
US-CLARKSON-UNIVERSITY,2002,3107
US-CLARKSON-UNIVERSITY,2003,3105
US-CLARKSON-UNIVERSITY,2004,3123
US-CLARKSON-UNIVERSITY,2005,3045
US-CLARKSON-UNIVERSITY,2006,2964
US-CLARKSON-UNIVERSITY,2007,2949
US-CLARKSON-UNIVERSITY,2008,3045
US-CLARKSON-UNIVERSITY,2009,3187
US-CLARKSON-UNIVERSITY,2010,3330
US-CLARKSON-UNIVERSITY,2011,3539
US-CLARKSON-UNIVERSITY,2012,3604
US-CLARKSON-UNIVERSITY,2013,3726
US-CLARKSON-UNIVERSITY,2014,3873
US-CLARKSON-UNIVERSITY,2015,3910
US-CLARKSON-UNIVERSITY,2016,4384
US-CLARKSON-UNIVERSITY,2017,4233
US-CLARKSON-UNIVERSITY,2018,4274
US-CLARKSON-UNIVERSITY,2019,4301
US-CLARKSON-UNIVERSITY,2020,4025
US-CLARKSON-UNIVERSITY,2021,3953
US-CLARKSON-UNIVERSITY,2022,3719
US-CLARKSON-UNIVERSITY,2023,3603
US-CLARKSON-UNIVERSITY,2024,
US-HUNTER-COLLEGE,2000,20011
US-HUNTER-COLLEGE,2001,20397
US-HUNTER-COLLEGE,2002,20607
US-HUNTER-COLLEGE,2003,20797
US-HUNTER-COLLEGE,2004,20243
US-HUNTER-COLLEGE,2005,20843
US-HUNTER-COLLEGE,2006,20899
US-HUNTER-COLLEGE,2007,20845
US-HUNTER-COLLEGE,2008,21258
US-HUNTER-COLLEGE,2009,22168
US-HUNTER-COLLEGE,2010,22407
US-HUNTER-COLLEGE,2011,22822
US-HUNTER-COLLEGE,2012,23005
US-HUNTER-COLLEGE,2013,23019
US-HUNTER-COLLEGE,2014,23112
US-HUNTER-COLLEGE,2015,22918
US-HUNTER-COLLEGE,2016,22993
US-HUNTER-COLLEGE,2017,23005
US-HUNTER-COLLEGE,2018,23202
US-HUNTER-COLLEGE,2019,23193
US-HUNTER-COLLEGE,2020,24052
US-HUNTER-COLLEGE,2021,24099
US-HUNTER-COLLEGE,2022,22970
US-HUNTER-COLLEGE,2023,22879
US-HUNTER-COLLEGE,2024,
US-SAM-HOUSTON-STATE-UNIVERSITY,2000,12358
US-SAM-HOUSTON-STATE-UNIVERSITY,2001,12996
US-SAM-HOUSTON-STATE-UNIVERSITY,2002,13091
US-SAM-HOUSTON-STATE-UNIVERSITY,2003,13460
US-SAM-HOUSTON-STATE-UNIVERSITY,2004,14371
US-SAM-HOUSTON-STATE-UNIVERSITY,2005,15357
US-SAM-HOUSTON-STATE-UNIVERSITY,2006,15959
US-SAM-HOUSTON-STATE-UNIVERSITY,2007,16496
US-SAM-HOUSTON-STATE-UNIVERSITY,2008,16662
US-SAM-HOUSTON-STATE-UNIVERSITY,2009,16772
US-SAM-HOUSTON-STATE-UNIVERSITY,2010,17291
US-SAM-HOUSTON-STATE-UNIVERSITY,2011,17527
US-SAM-HOUSTON-STATE-UNIVERSITY,2012,18461
US-SAM-HOUSTON-STATE-UNIVERSITY,2013,19210
US-SAM-HOUSTON-STATE-UNIVERSITY,2014,19573
US-SAM-HOUSTON-STATE-UNIVERSITY,2015,20031
US-SAM-HOUSTON-STATE-UNIVERSITY,2016,20477
US-SAM-HOUSTON-STATE-UNIVERSITY,2017,20938
US-SAM-HOUSTON-STATE-UNIVERSITY,2018,21213
US-SAM-HOUSTON-STATE-UNIVERSITY,2019,21558
US-SAM-HOUSTON-STATE-UNIVERSITY,2020,21912
US-SAM-HOUSTON-STATE-UNIVERSITY,2021,21612
US-SAM-HOUSTON-STATE-UNIVERSITY,2022,21480
US-SAM-HOUSTON-STATE-UNIVERSITY,2023,21403
US-SAM-HOUSTON-STATE-UNIVERSITY,2024,
US-SAN-JOSE-STATE-UNIVERSITY,2000,26698
US-SAN-JOSE-STATE-UNIVERSITY,2001,28007
US-SAN-JOSE-STATE-UNIVERSITY,2002,30350
US-SAN-JOSE-STATE-UNIVERSITY,2003,28932
US-SAN-JOSE-STATE-UNIVERSITY,2004,29044
US-SAN-JOSE-STATE-UNIVERSITY,2005,29975
US-SAN-JOSE-STATE-UNIVERSITY,2006,29604
US-SAN-JOSE-STATE-UNIVERSITY,2007,31906
US-SAN-JOSE-STATE-UNIVERSITY,2008,32746
US-SAN-JOSE-STATE-UNIVERSITY,2009,31280
US-SAN-JOSE-STATE-UNIVERSITY,2010,29076
US-SAN-JOSE-STATE-UNIVERSITY,2011,30236
US-SAN-JOSE-STATE-UNIVERSITY,2012,30448
US-SAN-JOSE-STATE-UNIVERSITY,2013,31278
US-SAN-JOSE-STATE-UNIVERSITY,2014,32713
US-SAN-JOSE-STATE-UNIVERSITY,2015,32773
US-SAN-JOSE-STATE-UNIVERSITY,2016,32154
US-SAN-JOSE-STATE-UNIVERSITY,2017,35835
US-SAN-JOSE-STATE-UNIVERSITY,2018,35400
US-SAN-JOSE-STATE-UNIVERSITY,2019,36085
US-SAN-JOSE-STATE-UNIVERSITY,2020,36208
US-SAN-JOSE-STATE-UNIVERSITY,2021,37133
US-SAN-JOSE-STATE-UNIVERSITY,2022,35751
US-SAN-JOSE-STATE-UNIVERSITY,2023,36062
US-SAN-JOSE-STATE-UNIVERSITY,2024,
US-SETON-HALL-UNIVERSITY,2000,9920
US-SETON-HALL-UNIVERSITY,2001,9604
US-SETON-HALL-UNIVERSITY,2002,9596
US-SETON-HALL-UNIVERSITY,2003,9746
US-SETON-HALL-UNIVERSITY,2004,9824
US-SETON-HALL-UNIVERSITY,2005,9637
US-SETON-HALL-UNIVERSITY,2006,9521
US-SETON-HALL-UNIVERSITY,2007,9574
US-SETON-HALL-UNIVERSITY,2008,9669
US-SETON-HALL-UNIVERSITY,2009,9616
US-SETON-HALL-UNIVERSITY,2010,9836
US-SETON-HALL-UNIVERSITY,2011,9656
US-SETON-HALL-UNIVERSITY,2012,9830
US-SETON-HALL-UNIVERSITY,2013,9903
US-SETON-HALL-UNIVERSITY,2014,9627
US-SETON-HALL-UNIVERSITY,2015,9824
US-SETON-HALL-UNIVERSITY,2016,9836
US-SETON-HALL-UNIVERSITY,2017,9801
US-SETON-HALL-UNIVERSITY,2018,10162
US-SETON-HALL-UNIVERSITY,2019,10219
US-SETON-HALL-UNIVERSITY,2020,9814
US-SETON-HALL-UNIVERSITY,2021,9881
US-SETON-HALL-UNIVERSITY,2022,9623
US-SETON-HALL-UNIVERSITY,2023,9494
US-SETON-HALL-UNIVERSITY,2024,
US-SOUTH-CAROLINA-STATE-UNIVERSITY,2000,4525
US-SOUTH-CAROLINA-STATE-UNIVERSITY,2001,4467
US-SOUTH-CAROLINA-STATE-UNIVERSITY,2002,4568
US-SOUTH-CAROLINA-STATE-UNIVERSITY,2003,4466
US-SOUTH-CAROLINA-STATE-UNIVERSITY,2004,4294
US-SOUTH-CAROLINA-STATE-UNIVERSITY,2005,4446
US-SOUTH-CAROLINA-STATE-UNIVERSITY,2006,4384
US-SOUTH-CAROLINA-STATE-UNIVERSITY,2007,4933
US-SOUTH-CAROLINA-STATE-UNIVERSITY,2008,4888
US-SOUTH-CAROLINA-STATE-UNIVERSITY,2009,4538
US-SOUTH-CAROLINA-STATE-UNIVERSITY,2010,4362
US-SOUTH-CAROLINA-STATE-UNIVERSITY,2011,4326
US-SOUTH-CAROLINA-STATE-UNIVERSITY,2012,3807
US-SOUTH-CAROLINA-STATE-UNIVERSITY,2013,3463
US-SOUTH-CAROLINA-STATE-UNIVERSITY,2014,3331
US-SOUTH-CAROLINA-STATE-UNIVERSITY,2015,3054
US-SOUTH-CAROLINA-STATE-UNIVERSITY,2016,2905
US-SOUTH-CAROLINA-STATE-UNIVERSITY,2017,2942
US-SOUTH-CAROLINA-STATE-UNIVERSITY,2018,3022
US-SOUTH-CAROLINA-STATE-UNIVERSITY,2019,2479
US-SOUTH-CAROLINA-STATE-UNIVERSITY,2020,2339
US-SOUTH-CAROLINA-STATE-UNIVERSITY,2021,2374
US-SOUTH-CAROLINA-STATE-UNIVERSITY,2022,2649
US-SOUTH-CAROLINA-STATE-UNIVERSITY,2023,3041
US-SOUTH-CAROLINA-STATE-UNIVERSITY,2024,
US-TEXAS-SOUTHERN-UNIVERSITY,2000,6886
US-TEXAS-SOUTHERN-UNIVERSITY,2001,8119
US-TEXAS-SOUTHERN-UNIVERSITY,2002,9739
US-TEXAS-SOUTHERN-UNIVERSITY,2003,10888
US-TEXAS-SOUTHERN-UNIVERSITY,2004,11635
US-TEXAS-SOUTHERN-UNIVERSITY,2005,11903
US-TEXAS-SOUTHERN-UNIVERSITY,2006,11224
US-TEXAS-SOUTHERN-UNIVERSITY,2007,9540
US-TEXAS-SOUTHERN-UNIVERSITY,2008,9102
US-TEXAS-SOUTHERN-UNIVERSITY,2009,9394
US-TEXAS-SOUTHERN-UNIVERSITY,2010,9557
US-TEXAS-SOUTHERN-UNIVERSITY,2011,9730
US-TEXAS-SOUTHERN-UNIVERSITY,2012,9646
US-TEXAS-SOUTHERN-UNIVERSITY,2013,8703
US-TEXAS-SOUTHERN-UNIVERSITY,2014,9233
US-TEXAS-SOUTHERN-UNIVERSITY,2015,8965
US-TEXAS-SOUTHERN-UNIVERSITY,2016,8862
US-TEXAS-SOUTHERN-UNIVERSITY,2017,10237
US-TEXAS-SOUTHERN-UNIVERSITY,2018,9732
US-TEXAS-SOUTHERN-UNIVERSITY,2019,9034
US-TEXAS-SOUTHERN-UNIVERSITY,2020,7015
US-TEXAS-SOUTHERN-UNIVERSITY,2021,7524
US-TEXAS-SOUTHERN-UNIVERSITY,2022,8632
US-TEXAS-SOUTHERN-UNIVERSITY,2023,8469
US-TEXAS-SOUTHERN-UNIVERSITY,2024,
US-UNIVERSITY-OF-NEW-ENGLAND,2000,2684
US-UNIVERSITY-OF-NEW-ENGLAND,2001,2837
US-UNIVERSITY-OF-NEW-ENGLAND,2002,3780
US-UNIVERSITY-OF-NEW-ENGLAND,2003,3192
US-UNIVERSITY-OF-NEW-ENGLAND,2004,3327
US-UNIVERSITY-OF-NEW-ENGLAND,2005,3312
US-UNIVERSITY-OF-NEW-ENGLAND,2006,3379
US-UNIVERSITY-OF-NEW-ENGLAND,2007,3792
US-UNIVERSITY-OF-NEW-ENGLAND,2008,4267
US-UNIVERSITY-OF-NEW-ENGLAND,2009,4493
US-UNIVERSITY-OF-NEW-ENGLAND,2010,5168
US-UNIVERSITY-OF-NEW-ENGLAND,2011,5587
US-UNIVERSITY-OF-NEW-ENGLAND,2012,5666
US-UNIVERSITY-OF-NEW-ENGLAND,2013,6032
US-UNIVERSITY-OF-NEW-ENGLAND,2014,6429
US-UNIVERSITY-OF-NEW-ENGLAND,2015,7794
US-UNIVERSITY-OF-NEW-ENGLAND,2016,8263
US-UNIVERSITY-OF-NEW-ENGLAND,2017,8281
US-UNIVERSITY-OF-NEW-ENGLAND,2018,8010
US-UNIVERSITY-OF-NEW-ENGLAND,2019,7483
US-UNIVERSITY-OF-NEW-ENGLAND,2020,7208
US-UNIVERSITY-OF-NEW-ENGLAND,2021,6642
US-UNIVERSITY-OF-NEW-ENGLAND,2022,6434
US-UNIVERSITY-OF-NEW-ENGLAND,2023,6473
US-UNIVERSITY-OF-NEW-ENGLAND,2024,
US-UNIVERSITY-OF-OKLAHOMA-HEALTH-SCIENCES-CENTER,2000,2759
US-UNIVERSITY-OF-OKLAHOMA-HEALTH-SCIENCES-CENTER,2001,2862
US-UNIVERSITY-OF-OKLAHOMA-HEALTH-SCIENCES-CENTER,2002,2949
US-UNIVERSITY-OF-OKLAHOMA-HEALTH-SCIENCES-CENTER,2003,3126
US-UNIVERSITY-OF-OKLAHOMA-HEALTH-SCIENCES-CENTER,2004,3398
US-UNIVERSITY-OF-OKLAHOMA-HEALTH-SCIENCES-CENTER,2005,3638
US-UNIVERSITY-OF-OKLAHOMA-HEALTH-SCIENCES-CENTER,2006,3790
US-UNIVERSITY-OF-OKLAHOMA-HEALTH-SCIENCES-CENTER,2007,3754
US-UNIVERSITY-OF-OKLAHOMA-HEALTH-SCIENCES-CENTER,2008,3926
US-UNIVERSITY-OF-OKLAHOMA-HEALTH-SCIENCES-CENTER,2009,3934
US-UNIVERSITY-OF-OKLAHOMA-HEALTH-SCIENCES-CENTER,2010,3847
US-UNIVERSITY-OF-OKLAHOMA-HEALTH-SCIENCES-CENTER,2011,3590
US-UNIVERSITY-OF-OKLAHOMA-HEALTH-SCIENCES-CENTER,2012,3605
US-UNIVERSITY-OF-OKLAHOMA-HEALTH-SCIENCES-CENTER,2013,3515
US-UNIVERSITY-OF-OKLAHOMA-HEALTH-SCIENCES-CENTER,2014,3499
US-UNIVERSITY-OF-OKLAHOMA-HEALTH-SCIENCES-CENTER,2015,3389
US-UNIVERSITY-OF-OKLAHOMA-HEALTH-SCIENCES-CENTER,2016,3322
US-UNIVERSITY-OF-OKLAHOMA-HEALTH-SCIENCES-CENTER,2017,3139
US-UNIVERSITY-OF-OKLAHOMA-HEALTH-SCIENCES-CENTER,2018,3126
US-UNIVERSITY-OF-OKLAHOMA-HEALTH-SCIENCES-CENTER,2019,3187
US-UNIVERSITY-OF-OKLAHOMA-HEALTH-SCIENCES-CENTER,2020,3116
US-UNIVERSITY-OF-OKLAHOMA-HEALTH-SCIENCES-CENTER,2021,3235
US-UNIVERSITY-OF-OKLAHOMA-HEALTH-SCIENCES-CENTER,2022,3389
US-UNIVERSITY-OF-OKLAHOMA-HEALTH-SCIENCES-CENTER,2023,3563
US-UNIVERSITY-OF-OKLAHOMA-HEALTH-SCIENCES-CENTER,2024,
US-UNIVERSITY-OF-SAN-DIEGO,2000,6943
US-UNIVERSITY-OF-SAN-DIEGO,2001,7062
US-UNIVERSITY-OF-SAN-DIEGO,2002,7126
US-UNIVERSITY-OF-SAN-DIEGO,2003,7395
US-UNIVERSITY-OF-SAN-DIEGO,2004,7599
US-UNIVERSITY-OF-SAN-DIEGO,2005,7548
US-UNIVERSITY-OF-SAN-DIEGO,2006,7483
US-UNIVERSITY-OF-SAN-DIEGO,2007,7504
US-UNIVERSITY-OF-SAN-DIEGO,2008,7832
US-UNIVERSITY-OF-SAN-DIEGO,2009,7868
US-UNIVERSITY-OF-SAN-DIEGO,2010,8201
US-UNIVERSITY-OF-SAN-DIEGO,2011,8317
US-UNIVERSITY-OF-SAN-DIEGO,2012,8105
US-UNIVERSITY-OF-SAN-DIEGO,2013,8321
US-UNIVERSITY-OF-SAN-DIEGO,2014,8349
US-UNIVERSITY-OF-SAN-DIEGO,2015,8251
US-UNIVERSITY-OF-SAN-DIEGO,2016,8508
US-UNIVERSITY-OF-SAN-DIEGO,2017,8905
US-UNIVERSITY-OF-SAN-DIEGO,2018,9073
US-UNIVERSITY-OF-SAN-DIEGO,2019,9181
US-UNIVERSITY-OF-SAN-DIEGO,2020,8861
US-UNIVERSITY-OF-SAN-DIEGO,2021,9041
US-UNIVERSITY-OF-SAN-DIEGO,2022,8815
US-UNIVERSITY-OF-SAN-DIEGO,2023,9110
US-UNIVERSITY-OF-SAN-DIEGO,2024,
US-CAPELLA-UNIVERSITY,2000,36
US-CAPELLA-UNIVERSITY,2001,3759
US-CAPELLA-UNIVERSITY,2002,5804
US-CAPELLA-UNIVERSITY,2003,9574
US-CAPELLA-UNIVERSITY,2004,12599
US-CAPELLA-UNIVERSITY,2005,13907
US-CAPELLA-UNIVERSITY,2006,17203
US-CAPELLA-UNIVERSITY,2007,21773
US-CAPELLA-UNIVERSITY,2008,25245
US-CAPELLA-UNIVERSITY,2009,31998
US-CAPELLA-UNIVERSITY,2010,39457
US-CAPELLA-UNIVERSITY,2011,36375
US-CAPELLA-UNIVERSITY,2012,35754
US-CAPELLA-UNIVERSITY,2013,34007
US-CAPELLA-UNIVERSITY,2014,35061
US-CAPELLA-UNIVERSITY,2015,37074
US-CAPELLA-UNIVERSITY,2016,37569
US-CAPELLA-UNIVERSITY,2017,36284
US-CAPELLA-UNIVERSITY,2018,37171
US-CAPELLA-UNIVERSITY,2019,37859
US-CAPELLA-UNIVERSITY,2020,38930
US-CAPELLA-UNIVERSITY,2021,38716
US-CAPELLA-UNIVERSITY,2022,39727
US-CAPELLA-UNIVERSITY,2023,43915
US-CAPELLA-UNIVERSITY,2024,
US-LOYOLA-UNIVERSITY-NEW-ORLEANS,2000,5279
US-LOYOLA-UNIVERSITY-NEW-ORLEANS,2001,5509
US-LOYOLA-UNIVERSITY-NEW-ORLEANS,2002,5562
US-LOYOLA-UNIVERSITY-NEW-ORLEANS,2003,5520
US-LOYOLA-UNIVERSITY-NEW-ORLEANS,2004,5423
US-LOYOLA-UNIVERSITY-NEW-ORLEANS,2005,361
US-LOYOLA-UNIVERSITY-NEW-ORLEANS,2006,4604
US-LOYOLA-UNIVERSITY-NEW-ORLEANS,2007,4360
US-LOYOLA-UNIVERSITY-NEW-ORLEANS,2008,4474
US-LOYOLA-UNIVERSITY-NEW-ORLEANS,2009,4714
US-LOYOLA-UNIVERSITY-NEW-ORLEANS,2010,4772
US-LOYOLA-UNIVERSITY-NEW-ORLEANS,2011,5008
US-LOYOLA-UNIVERSITY-NEW-ORLEANS,2012,4934
US-LOYOLA-UNIVERSITY-NEW-ORLEANS,2013,4686
US-LOYOLA-UNIVERSITY-NEW-ORLEANS,2014,4330
US-LOYOLA-UNIVERSITY-NEW-ORLEANS,2015,4087
US-LOYOLA-UNIVERSITY-NEW-ORLEANS,2016,3679
US-LOYOLA-UNIVERSITY-NEW-ORLEANS,2017,3759
US-LOYOLA-UNIVERSITY-NEW-ORLEANS,2018,4261
US-LOYOLA-UNIVERSITY-NEW-ORLEANS,2019,4367
US-LOYOLA-UNIVERSITY-NEW-ORLEANS,2020,4497
US-LOYOLA-UNIVERSITY-NEW-ORLEANS,2021,4570
US-LOYOLA-UNIVERSITY-NEW-ORLEANS,2022,4397
US-LOYOLA-UNIVERSITY-NEW-ORLEANS,2023,4351
US-LOYOLA-UNIVERSITY-NEW-ORLEANS,2024,
US-MISERICORDIA-UNIVERSITY,2000,1798
US-MISERICORDIA-UNIVERSITY,2001,1851
US-MISERICORDIA-UNIVERSITY,2002,1984
US-MISERICORDIA-UNIVERSITY,2003,2122
US-MISERICORDIA-UNIVERSITY,2004,2271
US-MISERICORDIA-UNIVERSITY,2005,2343
US-MISERICORDIA-UNIVERSITY,2006,2358
US-MISERICORDIA-UNIVERSITY,2007,2355
US-MISERICORDIA-UNIVERSITY,2008,2501
US-MISERICORDIA-UNIVERSITY,2009,2736
US-MISERICORDIA-UNIVERSITY,2010,2812
US-MISERICORDIA-UNIVERSITY,2011,2830
US-MISERICORDIA-UNIVERSITY,2012,2953
US-MISERICORDIA-UNIVERSITY,2013,3026
US-MISERICORDIA-UNIVERSITY,2014,3054
US-MISERICORDIA-UNIVERSITY,2015,2963
US-MISERICORDIA-UNIVERSITY,2016,2808
US-MISERICORDIA-UNIVERSITY,2017,2708
US-MISERICORDIA-UNIVERSITY,2018,2566
US-MISERICORDIA-UNIVERSITY,2019,2503
US-MISERICORDIA-UNIVERSITY,2020,2374
US-MISERICORDIA-UNIVERSITY,2021,2239
US-MISERICORDIA-UNIVERSITY,2022,2242
US-MISERICORDIA-UNIVERSITY,2023,2107
US-MISERICORDIA-UNIVERSITY,2024,
US-PACIFIC-UNIVERSITY,2000,5609
US-PACIFIC-UNIVERSITY,2001,5697
US-PACIFIC-UNIVERSITY,2002,5886
US-PACIFIC-UNIVERSITY,2003,6121
US-PACIFIC-UNIVERSITY,2004,6268
US-PACIFIC-UNIVERSITY,2005,6196
US-PACIFIC-UNIVERSITY,2006,6251
US-PACIFIC-UNIVERSITY,2007,6235
US-PACIFIC-UNIVERSITY,2008,6251
US-PACIFIC-UNIVERSITY,2009,6401
US-PACIFIC-UNIVERSITY,2010,6717
US-PACIFIC-UNIVERSITY,2011,6710
US-PACIFIC-UNIVERSITY,2012,6652
US-PACIFIC-UNIVERSITY,2013,6421
US-PACIFIC-UNIVERSITY,2014,6304
US-PACIFIC-UNIVERSITY,2015,6281
US-PACIFIC-UNIVERSITY,2016,6128
US-PACIFIC-UNIVERSITY,2017,6255
US-PACIFIC-UNIVERSITY,2018,6493
US-PACIFIC-UNIVERSITY,2019,6447
US-PACIFIC-UNIVERSITY,2020,6263
US-PACIFIC-UNIVERSITY,2021,6066
US-PACIFIC-UNIVERSITY,2022,6277
US-PACIFIC-UNIVERSITY,2023,6755
US-PACIFIC-UNIVERSITY,2024,
US-POINT-PARK-UNIVERSITY,2000,2816
US-POINT-PARK-UNIVERSITY,2001,2964
US-POINT-PARK-UNIVERSITY,2002,3085
US-POINT-PARK-UNIVERSITY,2003,3183
US-POINT-PARK-UNIVERSITY,2004,3250
US-POINT-PARK-UNIVERSITY,2005,3413
US-POINT-PARK-UNIVERSITY,2006,3542
US-POINT-PARK-UNIVERSITY,2007,3591
US-POINT-PARK-UNIVERSITY,2008,3784
US-POINT-PARK-UNIVERSITY,2009,3985
US-POINT-PARK-UNIVERSITY,2010,4061
US-POINT-PARK-UNIVERSITY,2011,3921
US-POINT-PARK-UNIVERSITY,2012,3827
US-POINT-PARK-UNIVERSITY,2013,3841
US-POINT-PARK-UNIVERSITY,2014,3737
US-POINT-PARK-UNIVERSITY,2015,3844
US-POINT-PARK-UNIVERSITY,2016,4093
US-POINT-PARK-UNIVERSITY,2017,4224
US-POINT-PARK-UNIVERSITY,2018,4099
US-POINT-PARK-UNIVERSITY,2019,3929
US-POINT-PARK-UNIVERSITY,2020,3591
US-POINT-PARK-UNIVERSITY,2021,3505
US-POINT-PARK-UNIVERSITY,2022,3288
US-POINT-PARK-UNIVERSITY,2023,3299
US-POINT-PARK-UNIVERSITY,2024,
US-RADFORD-UNIVERSITY,2000,8837
US-RADFORD-UNIVERSITY,2001,9142
US-RADFORD-UNIVERSITY,2002,9242
US-RADFORD-UNIVERSITY,2003,9219
US-RADFORD-UNIVERSITY,2004,9329
US-RADFORD-UNIVERSITY,2005,9552
US-RADFORD-UNIVERSITY,2006,9220
US-RADFORD-UNIVERSITY,2007,9122
US-RADFORD-UNIVERSITY,2008,9157
US-RADFORD-UNIVERSITY,2009,8878
US-RADFORD-UNIVERSITY,2010,9007
US-RADFORD-UNIVERSITY,2011,9370
US-RADFORD-UNIVERSITY,2012,9573
US-RADFORD-UNIVERSITY,2013,9928
US-RADFORD-UNIVERSITY,2014,9798
US-RADFORD-UNIVERSITY,2015,9743
US-RADFORD-UNIVERSITY,2016,9401
US-RADFORD-UNIVERSITY,2017,9418
US-RADFORD-UNIVERSITY,2018,9335
US-RADFORD-UNIVERSITY,2019,11870
US-RADFORD-UNIVERSITY,2020,10695
US-RADFORD-UNIVERSITY,2021,8998
US-RADFORD-UNIVERSITY,2022,7718
US-RADFORD-UNIVERSITY,2023,7531
US-RADFORD-UNIVERSITY,2024,
US-SIMMONS-UNIVERSITY,2000,3488
US-SIMMONS-UNIVERSITY,2001,3299
US-SIMMONS-UNIVERSITY,2002,4017
US-SIMMONS-UNIVERSITY,2003,4121
US-SIMMONS-UNIVERSITY,2004,4537
US-SIMMONS-UNIVERSITY,2005,4805
US-SIMMONS-UNIVERSITY,2006,4650
US-SIMMONS-UNIVERSITY,2007,4733
US-SIMMONS-UNIVERSITY,2008,4933
US-SIMMONS-UNIVERSITY,2009,5003
US-SIMMONS-UNIVERSITY,2010,4983
US-SIMMONS-UNIVERSITY,2011,4830
US-SIMMONS-UNIVERSITY,2012,4830
US-SIMMONS-UNIVERSITY,2013,4655
US-SIMMONS-UNIVERSITY,2014,4897
US-SIMMONS-UNIVERSITY,2015,5567
US-SIMMONS-UNIVERSITY,2016,6111
US-SIMMONS-UNIVERSITY,2017,6283
US-SIMMONS-UNIVERSITY,2018,6082
US-SIMMONS-UNIVERSITY,2019,6535
US-SIMMONS-UNIVERSITY,2020,6263
US-SIMMONS-UNIVERSITY,2021,5984
US-SIMMONS-UNIVERSITY,2022,5710
US-SIMMONS-UNIVERSITY,2023,5053
US-SIMMONS-UNIVERSITY,2024,
US-TRINITY-INTERNATIONAL-UNIVERSITY-ILLINOIS,2000,2663
US-TRINITY-INTERNATIONAL-UNIVERSITY-ILLINOIS,2001,2054
US-TRINITY-INTERNATIONAL-UNIVERSITY-ILLINOIS,2002,2294
US-TRINITY-INTERNATIONAL-UNIVERSITY-ILLINOIS,2003,2630
US-TRINITY-INTERNATIONAL-UNIVERSITY-ILLINOIS,2004,2736
US-TRINITY-INTERNATIONAL-UNIVERSITY-ILLINOIS,2005,2751
US-TRINITY-INTERNATIONAL-UNIVERSITY-ILLINOIS,2006,2748
US-TRINITY-INTERNATIONAL-UNIVERSITY-ILLINOIS,2007,2783
US-TRINITY-INTERNATIONAL-UNIVERSITY-ILLINOIS,2008,2694
US-TRINITY-INTERNATIONAL-UNIVERSITY-ILLINOIS,2009,2730
US-TRINITY-INTERNATIONAL-UNIVERSITY-ILLINOIS,2010,2564
US-TRINITY-INTERNATIONAL-UNIVERSITY-ILLINOIS,2011,2441
US-TRINITY-INTERNATIONAL-UNIVERSITY-ILLINOIS,2012,2284
US-TRINITY-INTERNATIONAL-UNIVERSITY-ILLINOIS,2013,2125
US-TRINITY-INTERNATIONAL-UNIVERSITY-ILLINOIS,2014,2202
US-TRINITY-INTERNATIONAL-UNIVERSITY-ILLINOIS,2015,2237
US-TRINITY-INTERNATIONAL-UNIVERSITY-ILLINOIS,2016,2114
US-TRINITY-INTERNATIONAL-UNIVERSITY-ILLINOIS,2017,2161
US-TRINITY-INTERNATIONAL-UNIVERSITY-ILLINOIS,2018,1775
US-TRINITY-INTERNATIONAL-UNIVERSITY-ILLINOIS,2019,1722
US-TRINITY-INTERNATIONAL-UNIVERSITY-ILLINOIS,2020,1454
US-TRINITY-INTERNATIONAL-UNIVERSITY-ILLINOIS,2021,1330
US-TRINITY-INTERNATIONAL-UNIVERSITY-ILLINOIS,2022,1242
US-TRINITY-INTERNATIONAL-UNIVERSITY-ILLINOIS,2023,852
US-TRINITY-INTERNATIONAL-UNIVERSITY-ILLINOIS,2024,
US-UNIVERSITY-OF-BRIDGEPORT,2000,2973
US-UNIVERSITY-OF-BRIDGEPORT,2001,3162
US-UNIVERSITY-OF-BRIDGEPORT,2002,3173
US-UNIVERSITY-OF-BRIDGEPORT,2003,3165
US-UNIVERSITY-OF-BRIDGEPORT,2004,3274
US-UNIVERSITY-OF-BRIDGEPORT,2005,3626
US-UNIVERSITY-OF-BRIDGEPORT,2006,4018
US-UNIVERSITY-OF-BRIDGEPORT,2007,4752
US-UNIVERSITY-OF-BRIDGEPORT,2008,5323
US-UNIVERSITY-OF-BRIDGEPORT,2009,5103
US-UNIVERSITY-OF-BRIDGEPORT,2010,5155
US-UNIVERSITY-OF-BRIDGEPORT,2011,4805
US-UNIVERSITY-OF-BRIDGEPORT,2012,4877
US-UNIVERSITY-OF-BRIDGEPORT,2013,4842
US-UNIVERSITY-OF-BRIDGEPORT,2014,5191
US-UNIVERSITY-OF-BRIDGEPORT,2015,5433
US-UNIVERSITY-OF-BRIDGEPORT,2016,5658
US-UNIVERSITY-OF-BRIDGEPORT,2017,5434
US-UNIVERSITY-OF-BRIDGEPORT,2018,5485
US-UNIVERSITY-OF-BRIDGEPORT,2019,5089
US-UNIVERSITY-OF-BRIDGEPORT,2020,4155
US-UNIVERSITY-OF-BRIDGEPORT,2021,3563
US-UNIVERSITY-OF-BRIDGEPORT,2022,3988
US-UNIVERSITY-OF-BRIDGEPORT,2023,4103
US-UNIVERSITY-OF-BRIDGEPORT,2024,
US-UNIVERSITY-OF-HOUSTON-CLEAR-LAKE,2000,7580
US-UNIVERSITY-OF-HOUSTON-CLEAR-LAKE,2001,7738
US-UNIVERSITY-OF-HOUSTON-CLEAR-LAKE,2002,7753
US-UNIVERSITY-OF-HOUSTON-CLEAR-LAKE,2003,7776
US-UNIVERSITY-OF-HOUSTON-CLEAR-LAKE,2004,7785
US-UNIVERSITY-OF-HOUSTON-CLEAR-LAKE,2005,7853
US-UNIVERSITY-OF-HOUSTON-CLEAR-LAKE,2006,7706
US-UNIVERSITY-OF-HOUSTON-CLEAR-LAKE,2007,7522
US-UNIVERSITY-OF-HOUSTON-CLEAR-LAKE,2008,7658
US-UNIVERSITY-OF-HOUSTON-CLEAR-LAKE,2009,7643
US-UNIVERSITY-OF-HOUSTON-CLEAR-LAKE,2010,8099
US-UNIVERSITY-OF-HOUSTON-CLEAR-LAKE,2011,8185
US-UNIVERSITY-OF-HOUSTON-CLEAR-LAKE,2012,8153
US-UNIVERSITY-OF-HOUSTON-CLEAR-LAKE,2013,8164
US-UNIVERSITY-OF-HOUSTON-CLEAR-LAKE,2014,8665
US-UNIVERSITY-OF-HOUSTON-CLEAR-LAKE,2015,8906
US-UNIVERSITY-OF-HOUSTON-CLEAR-LAKE,2016,8669
US-UNIVERSITY-OF-HOUSTON-CLEAR-LAKE,2017,8542
US-UNIVERSITY-OF-HOUSTON-CLEAR-LAKE,2018,8961
US-UNIVERSITY-OF-HOUSTON-CLEAR-LAKE,2019,9082
US-UNIVERSITY-OF-HOUSTON-CLEAR-LAKE,2020,9053
US-UNIVERSITY-OF-HOUSTON-CLEAR-LAKE,2021,9279
US-UNIVERSITY-OF-HOUSTON-CLEAR-LAKE,2022,8562
US-UNIVERSITY-OF-HOUSTON-CLEAR-LAKE,2023,8211
US-UNIVERSITY-OF-HOUSTON-CLEAR-LAKE,2024,
US-UNIVERSITY-OF-ST-FRANCIS,2000,4332
US-UNIVERSITY-OF-ST-FRANCIS,2001,3919
US-UNIVERSITY-OF-ST-FRANCIS,2002,4183
US-UNIVERSITY-OF-ST-FRANCIS,2003,4290
US-UNIVERSITY-OF-ST-FRANCIS,2004,4129
US-UNIVERSITY-OF-ST-FRANCIS,2005,3958
US-UNIVERSITY-OF-ST-FRANCIS,2006,3709
US-UNIVERSITY-OF-ST-FRANCIS,2007,3503
US-UNIVERSITY-OF-ST-FRANCIS,2008,3340
US-UNIVERSITY-OF-ST-FRANCIS,2009,3352
US-UNIVERSITY-OF-ST-FRANCIS,2010,3255
US-UNIVERSITY-OF-ST-FRANCIS,2011,3321
US-UNIVERSITY-OF-ST-FRANCIS,2012,3512
US-UNIVERSITY-OF-ST-FRANCIS,2013,3764
US-UNIVERSITY-OF-ST-FRANCIS,2014,3762
US-UNIVERSITY-OF-ST-FRANCIS,2015,3957
US-UNIVERSITY-OF-ST-FRANCIS,2016,3864
US-UNIVERSITY-OF-ST-FRANCIS,2017,4166
US-UNIVERSITY-OF-ST-FRANCIS,2018,3927
US-UNIVERSITY-OF-ST-FRANCIS,2019,3776
US-UNIVERSITY-OF-ST-FRANCIS,2020,3529
US-UNIVERSITY-OF-ST-FRANCIS,2021,3426
US-UNIVERSITY-OF-ST-FRANCIS,2022,3297
US-UNIVERSITY-OF-ST-FRANCIS,2023,3185
US-UNIVERSITY-OF-ST-FRANCIS,2024,
US-WESTERN-CAROLINA-UNIVERSITY,2000,6699
US-WESTERN-CAROLINA-UNIVERSITY,2001,6863
US-WESTERN-CAROLINA-UNIVERSITY,2002,7033
US-WESTERN-CAROLINA-UNIVERSITY,2003,7561
US-WESTERN-CAROLINA-UNIVERSITY,2004,8396
US-WESTERN-CAROLINA-UNIVERSITY,2005,8665
US-WESTERN-CAROLINA-UNIVERSITY,2006,8861
US-WESTERN-CAROLINA-UNIVERSITY,2007,9056
US-WESTERN-CAROLINA-UNIVERSITY,2008,9050
US-WESTERN-CAROLINA-UNIVERSITY,2009,9429
US-WESTERN-CAROLINA-UNIVERSITY,2010,9407
US-WESTERN-CAROLINA-UNIVERSITY,2011,9352
US-WESTERN-CAROLINA-UNIVERSITY,2012,9608
US-WESTERN-CAROLINA-UNIVERSITY,2013,10107
US-WESTERN-CAROLINA-UNIVERSITY,2014,10382
US-WESTERN-CAROLINA-UNIVERSITY,2015,10340
US-WESTERN-CAROLINA-UNIVERSITY,2016,10805
US-WESTERN-CAROLINA-UNIVERSITY,2017,11034
US-WESTERN-CAROLINA-UNIVERSITY,2018,11639
US-WESTERN-CAROLINA-UNIVERSITY,2019,12167
US-WESTERN-CAROLINA-UNIVERSITY,2020,12243
US-WESTERN-CAROLINA-UNIVERSITY,2021,11877
US-WESTERN-CAROLINA-UNIVERSITY,2022,11635
US-WESTERN-CAROLINA-UNIVERSITY,2023,11628
US-WESTERN-CAROLINA-UNIVERSITY,2024,
US-WINSTON-SALEM-STATE-UNIVERSITY,2000,2857
US-WINSTON-SALEM-STATE-UNIVERSITY,2001,2992
US-WINSTON-SALEM-STATE-UNIVERSITY,2002,3495
US-WINSTON-SALEM-STATE-UNIVERSITY,2003,4102
US-WINSTON-SALEM-STATE-UNIVERSITY,2004,4805
US-WINSTON-SALEM-STATE-UNIVERSITY,2005,5566
US-WINSTON-SALEM-STATE-UNIVERSITY,2006,5650
US-WINSTON-SALEM-STATE-UNIVERSITY,2007,5870
US-WINSTON-SALEM-STATE-UNIVERSITY,2008,6442
US-WINSTON-SALEM-STATE-UNIVERSITY,2009,6427
US-WINSTON-SALEM-STATE-UNIVERSITY,2010,6333
US-WINSTON-SALEM-STATE-UNIVERSITY,2011,6163
US-WINSTON-SALEM-STATE-UNIVERSITY,2012,5689
US-WINSTON-SALEM-STATE-UNIVERSITY,2013,5399
US-WINSTON-SALEM-STATE-UNIVERSITY,2014,5220
US-WINSTON-SALEM-STATE-UNIVERSITY,2015,5107
US-WINSTON-SALEM-STATE-UNIVERSITY,2016,5151
US-WINSTON-SALEM-STATE-UNIVERSITY,2017,5098
US-WINSTON-SALEM-STATE-UNIVERSITY,2018,5190
US-WINSTON-SALEM-STATE-UNIVERSITY,2019,5121
US-WINSTON-SALEM-STATE-UNIVERSITY,2020,5169
US-WINSTON-SALEM-STATE-UNIVERSITY,2021,5226
US-WINSTON-SALEM-STATE-UNIVERSITY,2022,5004
US-WINSTON-SALEM-STATE-UNIVERSITY,2023,4776
US-WINSTON-SALEM-STATE-UNIVERSITY,2024,
US-KEAN-UNIVERSITY,2000,11468
US-KEAN-UNIVERSITY,2001,12094
US-KEAN-UNIVERSITY,2002,12779
US-KEAN-UNIVERSITY,2003,12978
US-KEAN-UNIVERSITY,2004,12897
US-KEAN-UNIVERSITY,2005,12958
US-KEAN-UNIVERSITY,2006,13050
US-KEAN-UNIVERSITY,2007,13394
US-KEAN-UNIVERSITY,2008,14203
US-KEAN-UNIVERSITY,2009,15051
US-KEAN-UNIVERSITY,2010,15939
US-KEAN-UNIVERSITY,2011,16187
US-KEAN-UNIVERSITY,2012,15391
US-KEAN-UNIVERSITY,2013,14404
US-KEAN-UNIVERSITY,2014,14359
US-KEAN-UNIVERSITY,2015,14112
US-KEAN-UNIVERSITY,2016,14070
US-KEAN-UNIVERSITY,2017,14226
US-KEAN-UNIVERSITY,2018,14056
US-KEAN-UNIVERSITY,2019,14309
US-KEAN-UNIVERSITY,2020,14064
US-KEAN-UNIVERSITY,2021,12759
US-KEAN-UNIVERSITY,2022,12884
US-KEAN-UNIVERSITY,2023,13352
US-KEAN-UNIVERSITY,2024,
US-UNIVERSITY-OF-AKRON,2000,21363
US-UNIVERSITY-OF-AKRON,2001,22368
US-UNIVERSITY-OF-AKRON,2002,22605
US-UNIVERSITY-OF-AKRON,2003,21452
US-UNIVERSITY-OF-AKRON,2004,21598
US-UNIVERSITY-OF-AKRON,2005,21049
US-UNIVERSITY-OF-AKRON,2006,21882
US-UNIVERSITY-OF-AKRON,2007,23007
US-UNIVERSITY-OF-AKRON,2008,24119
US-UNIVERSITY-OF-AKRON,2009,25959
US-UNIVERSITY-OF-AKRON,2010,27076
US-UNIVERSITY-OF-AKRON,2011,27470
US-UNIVERSITY-OF-AKRON,2012,26581
US-UNIVERSITY-OF-AKRON,2013,24932
US-UNIVERSITY-OF-AKRON,2014,23962
US-UNIVERSITY-OF-AKRON,2015,23101
US-UNIVERSITY-OF-AKRON,2016,21100
US-UNIVERSITY-OF-AKRON,2017,20169
US-UNIVERSITY-OF-AKRON,2018,18731
US-UNIVERSITY-OF-AKRON,2019,17600
US-UNIVERSITY-OF-AKRON,2020,16094
US-UNIVERSITY-OF-AKRON,2021,14516
US-UNIVERSITY-OF-AKRON,2022,13470
US-UNIVERSITY-OF-AKRON,2023,13518
US-UNIVERSITY-OF-AKRON,2024,
US-BELHAVEN-UNIVERSITY,2000,1594
US-BELHAVEN-UNIVERSITY,2001,1883
US-BELHAVEN-UNIVERSITY,2002,2021
US-BELHAVEN-UNIVERSITY,2003,2354
US-BELHAVEN-UNIVERSITY,2004,2493
US-BELHAVEN-UNIVERSITY,2005,2596
US-BELHAVEN-UNIVERSITY,2006,2575
US-BELHAVEN-UNIVERSITY,2007,2485
US-BELHAVEN-UNIVERSITY,2008,2619
US-BELHAVEN-UNIVERSITY,2009,2883
US-BELHAVEN-UNIVERSITY,2010,3099
US-BELHAVEN-UNIVERSITY,2011,3326
US-BELHAVEN-UNIVERSITY,2012,3536
US-BELHAVEN-UNIVERSITY,2013,4025
US-BELHAVEN-UNIVERSITY,2014,4114
US-BELHAVEN-UNIVERSITY,2015,4463
US-BELHAVEN-UNIVERSITY,2016,4758
US-BELHAVEN-UNIVERSITY,2017,4458
US-BELHAVEN-UNIVERSITY,2018,4205
US-BELHAVEN-UNIVERSITY,2019,4574
US-BELHAVEN-UNIVERSITY,2020,4999
US-BELHAVEN-UNIVERSITY,2021,4278
US-BELHAVEN-UNIVERSITY,2022,3627
US-BELHAVEN-UNIVERSITY,2023,3616
US-BELHAVEN-UNIVERSITY,2024,
US-CITY-UNIVERSITY-OF-SEATTLE,2000,8339
US-CITY-UNIVERSITY-OF-SEATTLE,2001,7593
US-CITY-UNIVERSITY-OF-SEATTLE,2002,3590
US-CITY-UNIVERSITY-OF-SEATTLE,2003,3820
US-CITY-UNIVERSITY-OF-SEATTLE,2004,4254
US-CITY-UNIVERSITY-OF-SEATTLE,2005,4020
US-CITY-UNIVERSITY-OF-SEATTLE,2006,3837
US-CITY-UNIVERSITY-OF-SEATTLE,2007,3566
US-CITY-UNIVERSITY-OF-SEATTLE,2008,3184
US-CITY-UNIVERSITY-OF-SEATTLE,2009,3204
US-CITY-UNIVERSITY-OF-SEATTLE,2010,2644
US-CITY-UNIVERSITY-OF-SEATTLE,2011,2302
US-CITY-UNIVERSITY-OF-SEATTLE,2012,2297
US-CITY-UNIVERSITY-OF-SEATTLE,2013,2368
US-CITY-UNIVERSITY-OF-SEATTLE,2014,2545
US-CITY-UNIVERSITY-OF-SEATTLE,2015,2347
US-CITY-UNIVERSITY-OF-SEATTLE,2016,2246
US-CITY-UNIVERSITY-OF-SEATTLE,2017,2199
US-CITY-UNIVERSITY-OF-SEATTLE,2018,2113
US-CITY-UNIVERSITY-OF-SEATTLE,2019,1960
US-CITY-UNIVERSITY-OF-SEATTLE,2020,2052
US-CITY-UNIVERSITY-OF-SEATTLE,2021,1996
US-CITY-UNIVERSITY-OF-SEATTLE,2022,2095
US-CITY-UNIVERSITY-OF-SEATTLE,2023,1970
US-CITY-UNIVERSITY-OF-SEATTLE,2024,
US-COLORADO-TECHNICAL-UNIVERSITY-COLORADO-SPRINGS,2000,1851
US-COLORADO-TECHNICAL-UNIVERSITY-COLORADO-SPRINGS,2001,1680
US-COLORADO-TECHNICAL-UNIVERSITY-COLORADO-SPRINGS,2002,1770
US-COLORADO-TECHNICAL-UNIVERSITY-COLORADO-SPRINGS,2003,1904
US-COLORADO-TECHNICAL-UNIVERSITY-COLORADO-SPRINGS,2004,1960
US-COLORADO-TECHNICAL-UNIVERSITY-COLORADO-SPRINGS,2005,2316
US-COLORADO-TECHNICAL-UNIVERSITY-COLORADO-SPRINGS,2006,2299
US-COLORADO-TECHNICAL-UNIVERSITY-COLORADO-SPRINGS,2007,2320
US-COLORADO-TECHNICAL-UNIVERSITY-COLORADO-SPRINGS,2008,2359
US-COLORADO-TECHNICAL-UNIVERSITY-COLORADO-SPRINGS,2009,2690
US-COLORADO-TECHNICAL-UNIVERSITY-COLORADO-SPRINGS,2010,2947
US-COLORADO-TECHNICAL-UNIVERSITY-COLORADO-SPRINGS,2011,3020
US-COLORADO-TECHNICAL-UNIVERSITY-COLORADO-SPRINGS,2012,2408
US-COLORADO-TECHNICAL-UNIVERSITY-COLORADO-SPRINGS,2013,2049
US-COLORADO-TECHNICAL-UNIVERSITY-COLORADO-SPRINGS,2014,1566
US-COLORADO-TECHNICAL-UNIVERSITY-COLORADO-SPRINGS,2015,1448
US-COLORADO-TECHNICAL-UNIVERSITY-COLORADO-SPRINGS,2016,25548
US-COLORADO-TECHNICAL-UNIVERSITY-COLORADO-SPRINGS,2017,25517
US-COLORADO-TECHNICAL-UNIVERSITY-COLORADO-SPRINGS,2018,26184
US-COLORADO-TECHNICAL-UNIVERSITY-COLORADO-SPRINGS,2019,27232
US-COLORADO-TECHNICAL-UNIVERSITY-COLORADO-SPRINGS,2020,28244
US-COLORADO-TECHNICAL-UNIVERSITY-COLORADO-SPRINGS,2021,24015
US-COLORADO-TECHNICAL-UNIVERSITY-COLORADO-SPRINGS,2022,24808
US-COLORADO-TECHNICAL-UNIVERSITY-COLORADO-SPRINGS,2023,28852
US-COLORADO-TECHNICAL-UNIVERSITY-COLORADO-SPRINGS,2024,
US-GONZAGA-UNIVERSITY,2000,4548
US-GONZAGA-UNIVERSITY,2001,4874
US-GONZAGA-UNIVERSITY,2002,5254
US-GONZAGA-UNIVERSITY,2003,5494
US-GONZAGA-UNIVERSITY,2004,5858
US-GONZAGA-UNIVERSITY,2005,6377
US-GONZAGA-UNIVERSITY,2006,6607
US-GONZAGA-UNIVERSITY,2007,6873
US-GONZAGA-UNIVERSITY,2008,7272
US-GONZAGA-UNIVERSITY,2009,7633
US-GONZAGA-UNIVERSITY,2010,7738
US-GONZAGA-UNIVERSITY,2011,7764
US-GONZAGA-UNIVERSITY,2012,7781
US-GONZAGA-UNIVERSITY,2013,7605
US-GONZAGA-UNIVERSITY,2014,7352
US-GONZAGA-UNIVERSITY,2015,7491
US-GONZAGA-UNIVERSITY,2016,7567
US-GONZAGA-UNIVERSITY,2017,7506
US-GONZAGA-UNIVERSITY,2018,7563
US-GONZAGA-UNIVERSITY,2019,7537
US-GONZAGA-UNIVERSITY,2020,7295
US-GONZAGA-UNIVERSITY,2021,7381
US-GONZAGA-UNIVERSITY,2022,7253
US-GONZAGA-UNIVERSITY,2023,7306
US-GONZAGA-UNIVERSITY,2024,
US-NORTHCENTRAL-UNIVERSITY,2004,1403
US-NORTHCENTRAL-UNIVERSITY,2005,2820
US-NORTHCENTRAL-UNIVERSITY,2007,4949
US-NORTHCENTRAL-UNIVERSITY,2008,7468
US-NORTHCENTRAL-UNIVERSITY,2009,8376
US-NORTHCENTRAL-UNIVERSITY,2010,10209
US-NORTHCENTRAL-UNIVERSITY,2011,9662
US-NORTHCENTRAL-UNIVERSITY,2012,9252
US-NORTHCENTRAL-UNIVERSITY,2013,10928
US-NORTHCENTRAL-UNIVERSITY,2014,11160
US-NORTHCENTRAL-UNIVERSITY,2015,11029
US-NORTHCENTRAL-UNIVERSITY,2016,10916
US-NORTHCENTRAL-UNIVERSITY,2017,10788
US-NORTHCENTRAL-UNIVERSITY,2018,10535
US-NORTHCENTRAL-UNIVERSITY,2019,11223
US-NORTHCENTRAL-UNIVERSITY,2020,12471
US-NORTHCENTRAL-UNIVERSITY,2021,12648
US-NORTHCENTRAL-UNIVERSITY,2022,11578
US-NORTHCENTRAL-UNIVERSITY,2023,10518
US-NORTHCENTRAL-UNIVERSITY,2024,
US-SEATTLE-PACIFIC-UNIVERSITY,2000,3491
US-SEATTLE-PACIFIC-UNIVERSITY,2001,3615
US-SEATTLE-PACIFIC-UNIVERSITY,2002,3684
US-SEATTLE-PACIFIC-UNIVERSITY,2003,3728
US-SEATTLE-PACIFIC-UNIVERSITY,2004,3779
US-SEATTLE-PACIFIC-UNIVERSITY,2005,3873
US-SEATTLE-PACIFIC-UNIVERSITY,2006,3830
US-SEATTLE-PACIFIC-UNIVERSITY,2007,3842
US-SEATTLE-PACIFIC-UNIVERSITY,2008,3891
US-SEATTLE-PACIFIC-UNIVERSITY,2009,4000
US-SEATTLE-PACIFIC-UNIVERSITY,2010,4117
US-SEATTLE-PACIFIC-UNIVERSITY,2011,4167
US-SEATTLE-PACIFIC-UNIVERSITY,2012,4095
US-SEATTLE-PACIFIC-UNIVERSITY,2013,4270
US-SEATTLE-PACIFIC-UNIVERSITY,2014,4217
US-SEATTLE-PACIFIC-UNIVERSITY,2015,4175
US-SEATTLE-PACIFIC-UNIVERSITY,2016,4061
US-SEATTLE-PACIFIC-UNIVERSITY,2017,3783
US-SEATTLE-PACIFIC-UNIVERSITY,2018,3688
US-SEATTLE-PACIFIC-UNIVERSITY,2019,3529
US-SEATTLE-PACIFIC-UNIVERSITY,2020,3601
US-SEATTLE-PACIFIC-UNIVERSITY,2021,3443
US-SEATTLE-PACIFIC-UNIVERSITY,2022,3118
US-SEATTLE-PACIFIC-UNIVERSITY,2023,2659
US-SEATTLE-PACIFIC-UNIVERSITY,2024,
US-ST-JOHN-FISHER-UNIVERSITY,2000,2739
US-ST-JOHN-FISHER-UNIVERSITY,2001,2968
US-ST-JOHN-FISHER-UNIVERSITY,2002,3067
US-ST-JOHN-FISHER-UNIVERSITY,2003,3153
US-ST-JOHN-FISHER-UNIVERSITY,2004,3376
US-ST-JOHN-FISHER-UNIVERSITY,2005,3528
US-ST-JOHN-FISHER-UNIVERSITY,2006,3704
US-ST-JOHN-FISHER-UNIVERSITY,2007,3793
US-ST-JOHN-FISHER-UNIVERSITY,2008,3832
US-ST-JOHN-FISHER-UNIVERSITY,2009,3883
US-ST-JOHN-FISHER-UNIVERSITY,2010,4020
US-ST-JOHN-FISHER-UNIVERSITY,2011,3977
US-ST-JOHN-FISHER-UNIVERSITY,2012,4008
US-ST-JOHN-FISHER-UNIVERSITY,2013,3987
US-ST-JOHN-FISHER-UNIVERSITY,2014,3856
US-ST-JOHN-FISHER-UNIVERSITY,2015,3823
US-ST-JOHN-FISHER-UNIVERSITY,2016,3783
US-ST-JOHN-FISHER-UNIVERSITY,2017,3776
US-ST-JOHN-FISHER-UNIVERSITY,2018,3712
US-ST-JOHN-FISHER-UNIVERSITY,2019,3618
US-ST-JOHN-FISHER-UNIVERSITY,2020,3610
US-ST-JOHN-FISHER-UNIVERSITY,2021,3539
US-ST-JOHN-FISHER-UNIVERSITY,2022,3621
US-ST-JOHN-FISHER-UNIVERSITY,2023,3674
US-ST-JOHN-FISHER-UNIVERSITY,2024,
US-WESTERN-NEW-ENGLAND-UNIVERSITY,2000,4826
US-WESTERN-NEW-ENGLAND-UNIVERSITY,2001,4556
US-WESTERN-NEW-ENGLAND-UNIVERSITY,2002,4461
US-WESTERN-NEW-ENGLAND-UNIVERSITY,2003,4448
US-WESTERN-NEW-ENGLAND-UNIVERSITY,2004,4025
US-WESTERN-NEW-ENGLAND-UNIVERSITY,2005,3729
US-WESTERN-NEW-ENGLAND-UNIVERSITY,2006,3653
US-WESTERN-NEW-ENGLAND-UNIVERSITY,2007,3657
US-WESTERN-NEW-ENGLAND-UNIVERSITY,2008,3722
US-WESTERN-NEW-ENGLAND-UNIVERSITY,2009,3710
US-WESTERN-NEW-ENGLAND-UNIVERSITY,2010,3734
US-WESTERN-NEW-ENGLAND-UNIVERSITY,2011,3729
US-WESTERN-NEW-ENGLAND-UNIVERSITY,2012,3802
US-WESTERN-NEW-ENGLAND-UNIVERSITY,2013,3800
US-WESTERN-NEW-ENGLAND-UNIVERSITY,2014,3922
US-WESTERN-NEW-ENGLAND-UNIVERSITY,2015,3912
US-WESTERN-NEW-ENGLAND-UNIVERSITY,2016,3810
US-WESTERN-NEW-ENGLAND-UNIVERSITY,2017,3776
US-WESTERN-NEW-ENGLAND-UNIVERSITY,2018,3780
US-WESTERN-NEW-ENGLAND-UNIVERSITY,2019,3801
US-WESTERN-NEW-ENGLAND-UNIVERSITY,2020,3673
US-WESTERN-NEW-ENGLAND-UNIVERSITY,2021,3675
US-WESTERN-NEW-ENGLAND-UNIVERSITY,2022,3430
US-WESTERN-NEW-ENGLAND-UNIVERSITY,2023,3574
US-WESTERN-NEW-ENGLAND-UNIVERSITY,2024,
US-ALLIANT-INTERNATIONAL-UNIVERSITY-SAN-DIEGO,2000,681
US-ALLIANT-INTERNATIONAL-UNIVERSITY-SAN-DIEGO,2001,1916
US-ALLIANT-INTERNATIONAL-UNIVERSITY-SAN-DIEGO,2002,1937
US-ALLIANT-INTERNATIONAL-UNIVERSITY-SAN-DIEGO,2003,1790
US-ALLIANT-INTERNATIONAL-UNIVERSITY-SAN-DIEGO,2004,1691
US-ALLIANT-INTERNATIONAL-UNIVERSITY-SAN-DIEGO,2005,1584
US-ALLIANT-INTERNATIONAL-UNIVERSITY-SAN-DIEGO,2006,1545
US-ALLIANT-INTERNATIONAL-UNIVERSITY-SAN-DIEGO,2007,3704
US-ALLIANT-INTERNATIONAL-UNIVERSITY-SAN-DIEGO,2008,4149
US-ALLIANT-INTERNATIONAL-UNIVERSITY-SAN-DIEGO,2009,4157
US-ALLIANT-INTERNATIONAL-UNIVERSITY-SAN-DIEGO,2010,4089
US-ALLIANT-INTERNATIONAL-UNIVERSITY-SAN-DIEGO,2011,3998
US-ALLIANT-INTERNATIONAL-UNIVERSITY-SAN-DIEGO,2012,3489
US-ALLIANT-INTERNATIONAL-UNIVERSITY-SAN-DIEGO,2013,4201
US-ALLIANT-INTERNATIONAL-UNIVERSITY-SAN-DIEGO,2014,3957
US-ALLIANT-INTERNATIONAL-UNIVERSITY-SAN-DIEGO,2015,3509
US-ALLIANT-INTERNATIONAL-UNIVERSITY-SAN-DIEGO,2016,4003
US-ALLIANT-INTERNATIONAL-UNIVERSITY-SAN-DIEGO,2017,3780
US-ALLIANT-INTERNATIONAL-UNIVERSITY-SAN-DIEGO,2018,3780
US-ALLIANT-INTERNATIONAL-UNIVERSITY-SAN-DIEGO,2019,3536
US-ALLIANT-INTERNATIONAL-UNIVERSITY-SAN-DIEGO,2020,3429
US-ALLIANT-INTERNATIONAL-UNIVERSITY-SAN-DIEGO,2021,3662
US-ALLIANT-INTERNATIONAL-UNIVERSITY-SAN-DIEGO,2022,3599
US-ALLIANT-INTERNATIONAL-UNIVERSITY-SAN-DIEGO,2023,4147
US-ALLIANT-INTERNATIONAL-UNIVERSITY-SAN-DIEGO,2024,
US-UNIVERSITY-OF-ST-THOMAS-HOUSTON,2000,11288
US-UNIVERSITY-OF-ST-THOMAS-HOUSTON,2001,11473
US-UNIVERSITY-OF-ST-THOMAS-HOUSTON,2002,11257
US-UNIVERSITY-OF-ST-THOMAS-HOUSTON,2003,11037
US-UNIVERSITY-OF-ST-THOMAS-HOUSTON,2004,10474
US-UNIVERSITY-OF-ST-THOMAS-HOUSTON,2005,10641
US-UNIVERSITY-OF-ST-THOMAS-HOUSTON,2006,10712
US-UNIVERSITY-OF-ST-THOMAS-HOUSTON,2007,10984
US-UNIVERSITY-OF-ST-THOMAS-HOUSTON,2008,10963
US-UNIVERSITY-OF-ST-THOMAS-HOUSTON,2009,10851
US-UNIVERSITY-OF-ST-THOMAS-HOUSTON,2010,10815
US-UNIVERSITY-OF-ST-THOMAS-HOUSTON,2011,10506
US-UNIVERSITY-OF-ST-THOMAS-HOUSTON,2012,10289
US-UNIVERSITY-OF-ST-THOMAS-HOUSTON,2013,10192
US-UNIVERSITY-OF-ST-THOMAS-HOUSTON,2014,10140
US-UNIVERSITY-OF-ST-THOMAS-HOUSTON,2015,10148
US-UNIVERSITY-OF-ST-THOMAS-HOUSTON,2016,9920
US-UNIVERSITY-OF-ST-THOMAS-HOUSTON,2017,9878
US-UNIVERSITY-OF-ST-THOMAS-HOUSTON,2018,10035
US-UNIVERSITY-OF-ST-THOMAS-HOUSTON,2019,9824
US-UNIVERSITY-OF-ST-THOMAS-HOUSTON,2020,9792
US-UNIVERSITY-OF-ST-THOMAS-HOUSTON,2021,9336
US-UNIVERSITY-OF-ST-THOMAS-HOUSTON,2022,9025
US-UNIVERSITY-OF-ST-THOMAS-HOUSTON,2023,9121
US-UNIVERSITY-OF-ST-THOMAS-HOUSTON,2024,
US-UNIVERSITY-OF-MANAGEMENT-AND-TECHNOLOGY,2011,1334
US-UNIVERSITY-OF-MANAGEMENT-AND-TECHNOLOGY,2012,1061
US-UNIVERSITY-OF-MANAGEMENT-AND-TECHNOLOGY,2013,1044
US-UNIVERSITY-OF-MANAGEMENT-AND-TECHNOLOGY,2014,1020
US-UNIVERSITY-OF-MANAGEMENT-AND-TECHNOLOGY,2015,1260
US-UNIVERSITY-OF-MANAGEMENT-AND-TECHNOLOGY,2016,1293
US-UNIVERSITY-OF-MANAGEMENT-AND-TECHNOLOGY,2017,1176
US-UNIVERSITY-OF-MANAGEMENT-AND-TECHNOLOGY,2018,507
US-UNIVERSITY-OF-MANAGEMENT-AND-TECHNOLOGY,2019,342
US-UNIVERSITY-OF-MANAGEMENT-AND-TECHNOLOGY,2020,295
US-UNIVERSITY-OF-MANAGEMENT-AND-TECHNOLOGY,2021,1309
US-UNIVERSITY-OF-MANAGEMENT-AND-TECHNOLOGY,2022,1189
US-UNIVERSITY-OF-MANAGEMENT-AND-TECHNOLOGY,2023,1167
US-UNIVERSITY-OF-MANAGEMENT-AND-TECHNOLOGY,2024,
US-UNIVERSITY-OF-PHOENIX-ARIZONA,2014,195059
US-UNIVERSITY-OF-PHOENIX-ARIZONA,2015,166433
US-UNIVERSITY-OF-PHOENIX-ARIZONA,2016,131629
US-UNIVERSITY-OF-PHOENIX-ARIZONA,2017,103975
US-UNIVERSITY-OF-PHOENIX-ARIZONA,2018,95777
US-UNIVERSITY-OF-PHOENIX-ARIZONA,2019,94724
US-UNIVERSITY-OF-PHOENIX-ARIZONA,2020,89763
US-UNIVERSITY-OF-PHOENIX-ARIZONA,2021,85362
US-UNIVERSITY-OF-PHOENIX-ARIZONA,2022,88891
US-UNIVERSITY-OF-PHOENIX-ARIZONA,2023,101150
US-UNIVERSITY-OF-PHOENIX-ARIZONA,2024,
US-FIELDING-GRADUATE-UNIVERSITY,2000,1237
US-FIELDING-GRADUATE-UNIVERSITY,2001,1459
US-FIELDING-GRADUATE-UNIVERSITY,2002,1464
US-FIELDING-GRADUATE-UNIVERSITY,2003,1546
US-FIELDING-GRADUATE-UNIVERSITY,2004,1527
US-FIELDING-GRADUATE-UNIVERSITY,2005,1608
US-FIELDING-GRADUATE-UNIVERSITY,2006,1520
US-FIELDING-GRADUATE-UNIVERSITY,2007,1595
US-FIELDING-GRADUATE-UNIVERSITY,2008,1735
US-FIELDING-GRADUATE-UNIVERSITY,2009,1695
US-FIELDING-GRADUATE-UNIVERSITY,2010,1565
US-FIELDING-GRADUATE-UNIVERSITY,2011,1360
US-FIELDING-GRADUATE-UNIVERSITY,2012,1265
US-FIELDING-GRADUATE-UNIVERSITY,2013,1190
US-FIELDING-GRADUATE-UNIVERSITY,2014,1201
US-FIELDING-GRADUATE-UNIVERSITY,2015,1168
US-FIELDING-GRADUATE-UNIVERSITY,2016,1046
US-FIELDING-GRADUATE-UNIVERSITY,2017,957
US-FIELDING-GRADUATE-UNIVERSITY,2018,989
US-FIELDING-GRADUATE-UNIVERSITY,2019,981
US-FIELDING-GRADUATE-UNIVERSITY,2020,1071
US-FIELDING-GRADUATE-UNIVERSITY,2021,1146
US-FIELDING-GRADUATE-UNIVERSITY,2022,1000
US-FIELDING-GRADUATE-UNIVERSITY,2023,937
US-FIELDING-GRADUATE-UNIVERSITY,2024,
US-SOUTHEASTERN-UNIVERSITY,2000,1232
US-SOUTHEASTERN-UNIVERSITY,2001,1363
US-SOUTHEASTERN-UNIVERSITY,2002,1458
US-SOUTHEASTERN-UNIVERSITY,2003,1675
US-SOUTHEASTERN-UNIVERSITY,2004,1964
US-SOUTHEASTERN-UNIVERSITY,2005,2336
US-SOUTHEASTERN-UNIVERSITY,2006,2901
US-SOUTHEASTERN-UNIVERSITY,2007,3069
US-SOUTHEASTERN-UNIVERSITY,2008,3075
US-SOUTHEASTERN-UNIVERSITY,2009,2950
US-SOUTHEASTERN-UNIVERSITY,2010,2779
US-SOUTHEASTERN-UNIVERSITY,2011,2546
US-SOUTHEASTERN-UNIVERSITY,2012,2703
US-SOUTHEASTERN-UNIVERSITY,2013,3434
US-SOUTHEASTERN-UNIVERSITY,2014,3834
US-SOUTHEASTERN-UNIVERSITY,2015,4538
US-SOUTHEASTERN-UNIVERSITY,2016,5804
US-SOUTHEASTERN-UNIVERSITY,2017,7163
US-SOUTHEASTERN-UNIVERSITY,2018,8755
US-SOUTHEASTERN-UNIVERSITY,2019,9894
US-SOUTHEASTERN-UNIVERSITY,2020,9546
US-SOUTHEASTERN-UNIVERSITY,2021,9365
US-SOUTHEASTERN-UNIVERSITY,2022,10044
US-SOUTHEASTERN-UNIVERSITY,2023,10400
US-SOUTHEASTERN-UNIVERSITY,2024,
US-WALDEN-UNIVERSITY,2000,1544
US-WALDEN-UNIVERSITY,2001,2082
US-WALDEN-UNIVERSITY,2002,4565
US-WALDEN-UNIVERSITY,2003,8227
US-WALDEN-UNIVERSITY,2004,13553
US-WALDEN-UNIVERSITY,2005,22168
US-WALDEN-UNIVERSITY,2006,27412
US-WALDEN-UNIVERSITY,2007,29455
US-WALDEN-UNIVERSITY,2008,34779
US-WALDEN-UNIVERSITY,2009,40714
US-WALDEN-UNIVERSITY,2010,47456
US-WALDEN-UNIVERSITY,2011,48982
US-WALDEN-UNIVERSITY,2012,50209
US-WALDEN-UNIVERSITY,2013,51016
US-WALDEN-UNIVERSITY,2014,52188
US-WALDEN-UNIVERSITY,2015,52799
US-WALDEN-UNIVERSITY,2016,52565
US-WALDEN-UNIVERSITY,2017,49680
US-WALDEN-UNIVERSITY,2018,50360
US-WALDEN-UNIVERSITY,2019,48420
US-WALDEN-UNIVERSITY,2020,49695
US-WALDEN-UNIVERSITY,2021,46455
US-WALDEN-UNIVERSITY,2022,42312
US-WALDEN-UNIVERSITY,2023,44223
US-WALDEN-UNIVERSITY,2024,
US-BRIAR-CLIFF-UNIVERSITY,2000,917
US-BRIAR-CLIFF-UNIVERSITY,2001,969
US-BRIAR-CLIFF-UNIVERSITY,2002,973
US-BRIAR-CLIFF-UNIVERSITY,2003,1063
US-BRIAR-CLIFF-UNIVERSITY,2004,1116
US-BRIAR-CLIFF-UNIVERSITY,2005,1125
US-BRIAR-CLIFF-UNIVERSITY,2006,1146
US-BRIAR-CLIFF-UNIVERSITY,2007,1138
US-BRIAR-CLIFF-UNIVERSITY,2008,1114
US-BRIAR-CLIFF-UNIVERSITY,2009,1158
US-BRIAR-CLIFF-UNIVERSITY,2010,1157
US-BRIAR-CLIFF-UNIVERSITY,2011,1185
US-BRIAR-CLIFF-UNIVERSITY,2012,1150
US-BRIAR-CLIFF-UNIVERSITY,2013,1174
US-BRIAR-CLIFF-UNIVERSITY,2014,1135
US-BRIAR-CLIFF-UNIVERSITY,2015,1149
US-BRIAR-CLIFF-UNIVERSITY,2016,1316
US-BRIAR-CLIFF-UNIVERSITY,2017,1186
US-BRIAR-CLIFF-UNIVERSITY,2018,1229
US-BRIAR-CLIFF-UNIVERSITY,2019,1129
US-BRIAR-CLIFF-UNIVERSITY,2020,1076
US-BRIAR-CLIFF-UNIVERSITY,2021,1000
US-BRIAR-CLIFF-UNIVERSITY,2022,927
US-BRIAR-CLIFF-UNIVERSITY,2023,940
US-BRIAR-CLIFF-UNIVERSITY,2024,
US-UNIVERSITY-OF-MASSACHUSETTS-GLOBAL,2000,6145
US-UNIVERSITY-OF-MASSACHUSETTS-GLOBAL,2001,4779
US-UNIVERSITY-OF-MASSACHUSETTS-GLOBAL,2002,8443
US-UNIVERSITY-OF-MASSACHUSETTS-GLOBAL,2003,6275
US-UNIVERSITY-OF-MASSACHUSETTS-GLOBAL,2004,6033
US-UNIVERSITY-OF-MASSACHUSETTS-GLOBAL,2005,6052
US-UNIVERSITY-OF-MASSACHUSETTS-GLOBAL,2006,6079
US-UNIVERSITY-OF-MASSACHUSETTS-GLOBAL,2007,6328
US-UNIVERSITY-OF-MASSACHUSETTS-GLOBAL,2008,6067
US-UNIVERSITY-OF-MASSACHUSETTS-GLOBAL,2009,6386
US-UNIVERSITY-OF-MASSACHUSETTS-GLOBAL,2010,6849
US-UNIVERSITY-OF-MASSACHUSETTS-GLOBAL,2011,6763
US-UNIVERSITY-OF-MASSACHUSETTS-GLOBAL,2012,6785
US-UNIVERSITY-OF-MASSACHUSETTS-GLOBAL,2013,7746
US-UNIVERSITY-OF-MASSACHUSETTS-GLOBAL,2014,7795
US-UNIVERSITY-OF-MASSACHUSETTS-GLOBAL,2015,8004
US-UNIVERSITY-OF-MASSACHUSETTS-GLOBAL,2016,7331
US-UNIVERSITY-OF-MASSACHUSETTS-GLOBAL,2017,7812
US-UNIVERSITY-OF-MASSACHUSETTS-GLOBAL,2018,8736
US-UNIVERSITY-OF-MASSACHUSETTS-GLOBAL,2019,10231
US-UNIVERSITY-OF-MASSACHUSETTS-GLOBAL,2020,10986
US-UNIVERSITY-OF-MASSACHUSETTS-GLOBAL,2021,9798
US-UNIVERSITY-OF-MASSACHUSETTS-GLOBAL,2022,8689
US-UNIVERSITY-OF-MASSACHUSETTS-GLOBAL,2023,9069
US-UNIVERSITY-OF-MASSACHUSETTS-GLOBAL,2024,
US-NATIONAL-AMERICAN-UNIVERSITY-RAPID-CITY,2000,1005
US-NATIONAL-AMERICAN-UNIVERSITY-RAPID-CITY,2001,851
US-NATIONAL-AMERICAN-UNIVERSITY-RAPID-CITY,2002,1442
US-NATIONAL-AMERICAN-UNIVERSITY-RAPID-CITY,2003,1576
US-NATIONAL-AMERICAN-UNIVERSITY-RAPID-CITY,2004,1353
US-NATIONAL-AMERICAN-UNIVERSITY-RAPID-CITY,2005,1573
US-NATIONAL-AMERICAN-UNIVERSITY-RAPID-CITY,2006,1518
US-NATIONAL-AMERICAN-UNIVERSITY-RAPID-CITY,2007,1559
US-NATIONAL-AMERICAN-UNIVERSITY-RAPID-CITY,2008,1637
US-NATIONAL-AMERICAN-UNIVERSITY-RAPID-CITY,2009,1973
US-NATIONAL-AMERICAN-UNIVERSITY-RAPID-CITY,2010,2143
US-NATIONAL-AMERICAN-UNIVERSITY-RAPID-CITY,2011,2384
US-NATIONAL-AMERICAN-UNIVERSITY-RAPID-CITY,2012,2782
US-NATIONAL-AMERICAN-UNIVERSITY-RAPID-CITY,2013,2306
US-NATIONAL-AMERICAN-UNIVERSITY-RAPID-CITY,2014,1479
US-NATIONAL-AMERICAN-UNIVERSITY-RAPID-CITY,2015,1298
US-NATIONAL-AMERICAN-UNIVERSITY-RAPID-CITY,2016,1543
US-NATIONAL-AMERICAN-UNIVERSITY-RAPID-CITY,2017,1346
US-NATIONAL-AMERICAN-UNIVERSITY-RAPID-CITY,2018,1665
US-NATIONAL-AMERICAN-UNIVERSITY-RAPID-CITY,2019,1554
US-NATIONAL-AMERICAN-UNIVERSITY-RAPID-CITY,2020,1440
US-NATIONAL-AMERICAN-UNIVERSITY-RAPID-CITY,2021,1204
US-NATIONAL-AMERICAN-UNIVERSITY-RAPID-CITY,2022,1151
US-NATIONAL-AMERICAN-UNIVERSITY-RAPID-CITY,2023,1026
US-NATIONAL-AMERICAN-UNIVERSITY-RAPID-CITY,2024,
US-UNIVERSITY-OF-TEXAS-RIO-GRANDE-VALLEY,2000,12759
US-UNIVERSITY-OF-TEXAS-RIO-GRANDE-VALLEY,2001,13640
US-UNIVERSITY-OF-TEXAS-RIO-GRANDE-VALLEY,2002,14392
US-UNIVERSITY-OF-TEXAS-RIO-GRANDE-VALLEY,2003,15914
US-UNIVERSITY-OF-TEXAS-RIO-GRANDE-VALLEY,2004,17030
US-UNIVERSITY-OF-TEXAS-RIO-GRANDE-VALLEY,2005,17048
US-UNIVERSITY-OF-TEXAS-RIO-GRANDE-VALLEY,2006,17337
US-UNIVERSITY-OF-TEXAS-RIO-GRANDE-VALLEY,2007,17435
US-UNIVERSITY-OF-TEXAS-RIO-GRANDE-VALLEY,2008,17534
US-UNIVERSITY-OF-TEXAS-RIO-GRANDE-VALLEY,2009,18337
US-UNIVERSITY-OF-TEXAS-RIO-GRANDE-VALLEY,2010,18744
US-UNIVERSITY-OF-TEXAS-RIO-GRANDE-VALLEY,2011,19034
US-UNIVERSITY-OF-TEXAS-RIO-GRANDE-VALLEY,2012,19302
US-UNIVERSITY-OF-TEXAS-RIO-GRANDE-VALLEY,2013,20053
US-UNIVERSITY-OF-TEXAS-RIO-GRANDE-VALLEY,2014,21015
US-UNIVERSITY-OF-TEXAS-RIO-GRANDE-VALLEY,2015,28584
US-UNIVERSITY-OF-TEXAS-RIO-GRANDE-VALLEY,2016,27560
US-UNIVERSITY-OF-TEXAS-RIO-GRANDE-VALLEY,2017,27809
US-UNIVERSITY-OF-TEXAS-RIO-GRANDE-VALLEY,2018,28644
US-UNIVERSITY-OF-TEXAS-RIO-GRANDE-VALLEY,2019,29113
US-UNIVERSITY-OF-TEXAS-RIO-GRANDE-VALLEY,2020,32441
US-UNIVERSITY-OF-TEXAS-RIO-GRANDE-VALLEY,2021,31940
US-UNIVERSITY-OF-TEXAS-RIO-GRANDE-VALLEY,2022,31559
US-UNIVERSITY-OF-TEXAS-RIO-GRANDE-VALLEY,2023,31931
US-UNIVERSITY-OF-TEXAS-RIO-GRANDE-VALLEY,2024,
US-PURDUE-UNIVERSITY-GLOBAL,2016,535
US-PURDUE-UNIVERSITY-GLOBAL,2017,603
US-PURDUE-UNIVERSITY-GLOBAL,2018,1498
US-PURDUE-UNIVERSITY-GLOBAL,2019,38138
US-PURDUE-UNIVERSITY-GLOBAL,2020,43927
US-PURDUE-UNIVERSITY-GLOBAL,2021,43458
US-PURDUE-UNIVERSITY-GLOBAL,2022,45125
US-PURDUE-UNIVERSITY-GLOBAL,2023,44421
US-PURDUE-UNIVERSITY-GLOBAL,2024,
US-PONTIFICAL-CATHOLIC-UNIVERSITY-OF-PUERTO-RICO-ARECIBO,2000,767
US-PONTIFICAL-CATHOLIC-UNIVERSITY-OF-PUERTO-RICO-ARECIBO,2001,841
US-PONTIFICAL-CATHOLIC-UNIVERSITY-OF-PUERTO-RICO-ARECIBO,2002,845
US-PONTIFICAL-CATHOLIC-UNIVERSITY-OF-PUERTO-RICO-ARECIBO,2003,784
US-PONTIFICAL-CATHOLIC-UNIVERSITY-OF-PUERTO-RICO-ARECIBO,2004,715
US-PONTIFICAL-CATHOLIC-UNIVERSITY-OF-PUERTO-RICO-ARECIBO,2005,851
US-PONTIFICAL-CATHOLIC-UNIVERSITY-OF-PUERTO-RICO-ARECIBO,2006,684
US-PONTIFICAL-CATHOLIC-UNIVERSITY-OF-PUERTO-RICO-ARECIBO,2007,672
US-PONTIFICAL-CATHOLIC-UNIVERSITY-OF-PUERTO-RICO-ARECIBO,2008,645
US-PONTIFICAL-CATHOLIC-UNIVERSITY-OF-PUERTO-RICO-ARECIBO,2009,680
US-PONTIFICAL-CATHOLIC-UNIVERSITY-OF-PUERTO-RICO-ARECIBO,2010,701
US-PONTIFICAL-CATHOLIC-UNIVERSITY-OF-PUERTO-RICO-ARECIBO,2011,879
US-PONTIFICAL-CATHOLIC-UNIVERSITY-OF-PUERTO-RICO-ARECIBO,2012,929
US-PONTIFICAL-CATHOLIC-UNIVERSITY-OF-PUERTO-RICO-ARECIBO,2013,986
US-PONTIFICAL-CATHOLIC-UNIVERSITY-OF-PUERTO-RICO-ARECIBO,2014,1000
US-PONTIFICAL-CATHOLIC-UNIVERSITY-OF-PUERTO-RICO-ARECIBO,2015,1035
US-PONTIFICAL-CATHOLIC-UNIVERSITY-OF-PUERTO-RICO-ARECIBO,2016,1041
US-PONTIFICAL-CATHOLIC-UNIVERSITY-OF-PUERTO-RICO-ARECIBO,2017,1019
US-PONTIFICAL-CATHOLIC-UNIVERSITY-OF-PUERTO-RICO-ARECIBO,2018,940
US-PONTIFICAL-CATHOLIC-UNIVERSITY-OF-PUERTO-RICO-ARECIBO,2019,852
US-PONTIFICAL-CATHOLIC-UNIVERSITY-OF-PUERTO-RICO-ARECIBO,2020,798
US-PONTIFICAL-CATHOLIC-UNIVERSITY-OF-PUERTO-RICO-ARECIBO,2021,737
US-PONTIFICAL-CATHOLIC-UNIVERSITY-OF-PUERTO-RICO-ARECIBO,2022,641
US-PONTIFICAL-CATHOLIC-UNIVERSITY-OF-PUERTO-RICO-ARECIBO,2023,647
US-PONTIFICAL-CATHOLIC-UNIVERSITY-OF-PUERTO-RICO-ARECIBO,2024,
