seat_id,year_from,year_to,coverage,method,researcher_id,researched_date
US-DUKE-UNIVERSITY-D-DUKE-UNIVERSITY-SCHOOL-OF-LAW,1850,2026,not_researched,none,,
US-UNIVERSITY-OF-PENNSYLVANIA-D-UNIVERSITY-OF-PENNSYLVANIA-CAREY-LAW-SCHOOL,1852,2026,not_researched,none,,
US-BAYLOR-UNIVERSITY-D-BAYLOR-LAW-SCHOOL,1857,2026,not_researched,none,,
US-COLUMBIA-UNIVERSITY-D-COLUMBIA-LAW-SCHOOL,1858,2026,not_researched,none,,
US-UNIVERSITY-OF-SOUTH-CAROLINA-D-COLLEGE-OF-PHARMACY,1866,2026,not_researched,none,,
US-UNIVERSITY-OF-MISSOURI-D-COLLEGE-OF-AGRICULTURE-FOOD-AND-NATURAL-RESOURCE,1870,2026,not_researched,none,,
US-BOSTON-UNIVERSITY-D-BOSTON-UNIVERSITY-ARAM-V-CHOBANIAN-AND-EDWARD-AV,1873,2026,not_researched,none,,
US-BOSTON-UNIVERSITY-D-COLLEGE-OF-ARTS-AND-SCIENCES,1873,2026,not_researched,none,,
US-UNIVERSITY-OF-MICHIGAN-D-COLLEGE-OF-PHARMACY,1876,2026,not_researched,none,,
US-UNIVERSITY-OF-ILLINOIS-URBANA-CHAMPAIGN-D-COLLEGE-OF-AGRICULTURAL-CONSUMER-AND-ENVIRONMENT,1878,2026,not_researched,none,,
US-IOWA-STATE-UNIVERSITY-D-COLLEGE-OF-AGRICULTURE-AND-LIFE-SCIENCES,1879,2026,not_researched,none,,
US-IOWA-STATE-UNIVERSITY-D-COLLEGE-OF-VETERINARY-MEDICINE,1879,2026,not_researched,none,,
US-UNIVERSITY-OF-WISCONSIN-MADISON-D-COLLEGE-OF-AGRICULTURAL-AND-LIFE-SCIENCES,1880,2026,not_researched,none,,
US-UNIVERSITY-OF-COLORADO-DENVER-D-UNIVERSITY-OF-COLORADO-SCHOOL-OF-MEDICINE,1883,2026,not_researched,none,,
US-UNIVERSITY-OF-PENNSYLVANIA-D-SCHOOL-OF-VETERINARY-MEDICINE,1884,2026,not_researched,none,,
US-UNIVERSITY-OF-IOWA-D-COLLEGE-OF-PHARMACY,1885,2026,not_researched,none,,
US-UNIVERSITY-OF-KANSAS-D-SCHOOL-OF-PHARMACY,1885,2026,not_researched,none,,
US-OHIO-STATE-UNIVERSITY-D-COLLEGE-OF-VETERINARY-MEDICINE,1885,2026,not_researched,none,,
US-CORNELL-UNIVERSITY-D-CORNELL-LAW-SCHOOL,1887,2026,not_researched,none,,
US-UNIVERSITY-OF-MINNESOTA-TWIN-CITIES-D-UNIVERSITY-OF-MINNESOTA-LAW-SCHOOL,1888,2026,not_researched,none,,
US-CORNELL-UNIVERSITY-D-NEW-YORK-STATE-COLLEGE-OF-AGRICULTURE-AND-LIFE-S,1888,2026,not_researched,none,,
US-UNIVERSITY-OF-TENNESSEE-KNOXVILLE-D-UNIVERSITY-OF-TENNESSEE-WINSTON-COLLEGE-OF-LAW,1890,2026,not_researched,none,,
US-UNIVERSITY-BUFFALO-D-SCHOOL-OF-PHARMACY-AND-PHARMACEUTICAL-SCIENCES,1890,2026,not_researched,none,,
US-LONG-ISLAND-UNIVERSITY-D-ARNOLD-AND-MARIE-SCHWARTZ-COLLEGE-OF-PHARMACY-AN,1891,1984,not_researched,none,,
US-LONG-ISLAND-UNIVERSITY-D-ARNOLD-AND-MARIE-SCHWARTZ-COLLEGE-OF-PHARMACY-AN,1985,2026,researched_partial,web_search,,
US-UNIVERSITY-OF-COLORADO-BOULDER-D-UNIVERSITY-OF-COLORADO-LAW-SCHOOL,1892,2026,not_researched,none,,
US-UNIVERSITY-OF-KANSAS-D-COLLEGE-OF-LIBERAL-ARTS-AND-SCIENCES,1892,2026,not_researched,none,,
US-OHIO-STATE-UNIVERSITY-D-COLLEGE-OF-FOOD-AGRICULTURAL-AND-ENVIRONMENTAL-S,1892,2026,not_researched,none,,
US-UNIVERSITY-OF-MINNESOTA-TWIN-CITIES-D-COLLEGE-OF-PHARMACY,1892,2026,not_researched,none,,
US-JOHNS-HOPKINS-UNIVERSITY-D-JOHNS-HOPKINS-UNIVERSITY-SCHOOL-OF-MEDICINE,1893,2026,not_researched,none,,
US-UNIVERSITY-OF-TEXAS-AUSTIN-D-COLLEGE-OF-PHARMACY,1893,2026,not_researched,none,,
US-UNIVERSITY-OF-WASHINGTON-D-SCHOOL-OF-PHARMACY,1894,2026,not_researched,none,,
US-CORNELL-UNIVERSITY-D-COLLEGE-OF-VETERINARY-MEDICINE,1894,2026,not_researched,none,,
US-UNIVERSITY-OF-PITTSBURGH-D-UNIVERSITY-OF-PITTSBURGH-SCHOOL-OF-LAW,1895,2026,not_researched,none,,
US-UNIVERSITY-OF-MINNESOTA-TWIN-CITIES-D-COLLEGE-OF-FOOD-AGRICULTURAL-AND-NATURAL-RESOURC,1895,2026,not_researched,none,,
US-OHIO-STATE-UNIVERSITY-D-COLLEGE-OF-PHARMACY,1895,2026,not_researched,none,,
US-WASHINGTON-STATE-UNIVERSITY-D-COLLEGE-OF-VETERINARY-MEDICINE,1895,2026,not_researched,none,,
US-AMERICAN-UNIVERSITY-D-AMERICAN-UNIVERSITY-WASHINGTON-COLLEGE-OF-LAW,1898,2026,not_researched,none,,
US-VIRGINIA-COMMONWEALTH-UNIVERSITY-D-SCHOOL-OF-PHARMACY,1898,2026,not_researched,none,,
US-UNIVERSITY-OF-KANSAS-D-UNIVERSITY-OF-KANSAS-SCHOOL-OF-MEDICINE,1899,2026,not_researched,none,,
US-UNIVERSITY-OF-OKLAHOMA-D-COLLEGE-OF-PHARMACY,1899,2026,not_researched,none,,
US-UNIVERSITY-OF-GEORGIA-D-UNIVERSITY-OF-GEORGIA-SCHOOL-OF-LAW,1900,2026,not_researched,none,,
US-UNIVERSITY-OF-SOUTHERN-CALIFORNIA-D-USC-GOULD-SCHOOL-OF-LAW,1900,2026,not_researched,none,,
US-UNIVERSITY-OF-IOWA-D-COLLEGE-OF-LIBERAL-ARTS-AND-SCIENCES,1900,2026,not_researched,none,,
US-YALE-UNIVERSITY-D-YALE-SCHOOL-OF-THE-ENVIRONMENT,1900,2026,not_researched,none,,
US-UNIVERSITY-OF-SOUTH-CAROLINA-D-UNIVERSITY-OF-SOUTH-CAROLINA-JOSEPH-F-RICE-SCHOO,1901,2026,not_researched,none,,
US-UNIVERSITY-OF-TEXAS-AUSTIN-D-UNIVERSITY-OF-TEXAS-SCHOOL-OF-LAW,1901,2026,not_researched,none,,
US-OHIO-UNIVERSITY-D-COLLEGE-OF-ARTS-AND-SCIENCES,1901,2026,not_researched,none,,
US-UNIVERSITY-OF-HAWAII-MANOA-D-COLLEGE-OF-TROPICAL-AGRICULTURE-AND-HUMAN-RESILI,1901,2026,not_researched,none,,
US-UNIVERSITY-OF-CHICAGO-D-UNIVERSITY-OF-CHICAGO-LAW-SCHOOL,1902,2026,not_researched,none,,
US-WEST-VIRGINIA-UNIVERSITY-D-WEST-VIRGINIA-UNIVERSITY-COLLEGE-OF-LAW,1903,2026,not_researched,none,,
US-MISSISSIPPI-STATE-UNIVERSITY-D-COLLEGE-OF-AGRICULTURE-AND-LIFE-SCIENCES,1903,2026,not_researched,none,,
US-MONTANA-STATE-UNIVERSITY-D-COLLEGE-OF-AGRICULTURE,1903,2026,not_researched,none,,
US-VIRGINIA-TECH-D-COLLEGE-OF-AGRICULTURE-AND-LIFE-SCIENCES,1903,2026,not_researched,none,,
US-UNIVERSITY-OF-GEORGIA-D-COLLEGE-OF-PHARMACY,1903,2026,not_researched,none,,
US-WAKE-FOREST-UNIVERSITY-D-WAKE-FOREST-UNIVERSITY-SCHOOL-OF-LAW,1905,1982,not_researched,none,,
US-WAKE-FOREST-UNIVERSITY-D-WAKE-FOREST-UNIVERSITY-SCHOOL-OF-LAW,1983,2026,researched_partial,web_search,,
US-UNIVERSITY-OF-UTAH-D-SPENCER-FOX-ECCLES-SCHOOL-OF-MEDICINE,1905,2026,not_researched,none,,
US-UNIVERSITY-OF-VIRGINIA-D-UNIVERSITY-OF-VIRGINIA-SCHOOL-OF-MEDICINE,1905,2026,not_researched,none,,
US-COLLEGE-OF-WILLIAM-AND-MARY-D-COLLEGE-OF-ARTS-AND-SCIENCES,1905,2026,not_researched,none,,
US-UNIVERSITY-OF-MISSISSIPPI-D-COLLEGE-OF-LIBERAL-ARTS,1905,2026,not_researched,none,,
US-LOUISIANA-STATE-UNIVERSITY-D-LOUISIANA-STATE-UNIVERSITY-PAUL-M-HEBERT-LAW-CEN,1906,2026,not_researched,none,,
US-HARVARD-UNIVERSITY-D-HARVARD-GRADUATE-SCHOOL-OF-EDUCATION,1906,2026,not_researched,none,,
US-SYRACUSE-UNIVERSITY-D-SCHOOL-OF-EDUCATION,1906,2026,not_researched,none,,
US-UNIVERSITY-OF-GEORGIA-D-WARNELL-SCHOOL-OF-FORESTRY-AND-NATURAL-RESOURCES,1906,2026,not_researched,none,,
US-UNIVERSITY-OF-WISCONSIN-MADISON-D-UNIVERSITY-OF-WISCONSIN-SCHOOL-OF-MEDICINE-AND-P,1907,2026,not_researched,none,,
US-PURDUE-UNIVERSITY-D-COLLEGE-OF-AGRICULTURE,1907,2026,not_researched,none,,
US-AUBURN-UNIVERSITY-D-COLLEGE-OF-VETERINARY-MEDICINE,1907,2026,not_researched,none,,
US-COLORADO-STATE-UNIVERSITY-D-COLLEGE-OF-VETERINARY-MEDICINE-AND-BIOMEDICAL-SC,1907,2026,not_researched,none,,
US-INDIANA-UNIVERSITY-BLOOMINGTON-D-SCHOOL-OF-EDUCATION,1908,2026,not_researched,none,,
US-KANSAS-STATE-UNIVERSITY-D-COLLEGE-OF-AGRICULTURE,1908,2026,not_researched,none,,
US-MICHIGAN-STATE-UNIVERSITY-D-COLLEGE-OF-AGRICULTURE-AND-NATURAL-RESOURCES,1908,2026,not_researched,none,,
US-OREGON-STATE-UNIVERSITY-D-COLLEGE-OF-AGRICULTURAL-SCIENCES,1908,2026,not_researched,none,,
US-UNIVERSITY-OF-KENTUCKY-D-MARTIN-GATTON-COLLEGE-OF-AGRICULTURE-FOOD-AND-EN,1908,2026,not_researched,none,,
US-UNIVERSITY-OF-MISSISSIPPI-D-SCHOOL-OF-PHARMACY,1908,2026,not_researched,none,,
US-UNIVERSITY-OF-FLORIDA-D-UNIVERSITY-OF-FLORIDA-FREDRIC-G-LEVIN-COLLEGE-OF,1909,2026,not_researched,none,,
US-UNIVERSITY-OF-MINNESOTA-TWIN-CITIES-D-SCHOOL-OF-NURSING,1909,2026,not_researched,none,,
US-JOHNS-HOPKINS-UNIVERSITY-D-SCHOOL-OF-EDUCATION,1909,2026,not_researched,none,,
US-UNIVERSITY-OF-OKLAHOMA-D-JEANNINE-RAINBOLT-COLLEGE-OF-EDUCATION,1909,2026,not_researched,none,,
US-UNIVERSITY-OF-IDAHO-D-COLLEGE-OF-NATURAL-RESOURCES,1909,2026,not_researched,none,,
US-UNIVERSITY-OF-NEBRASKA-LINCOLN-D-COLLEGE-OF-AGRICULTURAL-SCIENCES-AND-NATURAL-RES,1909,2026,not_researched,none,,
US-ARKANSAS-STATE-UNIVERSITY-CENTRAL,1910,2026,researched_partial,web_search,,
US-STANFORD-UNIVERSITY-D-STANFORD-UNIVERSITY-SCHOOL-OF-MEDICINE,1910,2026,not_researched,none,,
US-UNIVERSITY-OF-FLORIDA-D-COLLEGE-OF-LIBERAL-ARTS-AND-SCIENCES,1910,2026,not_researched,none,,
US-OREGON-STATE-UNIVERSITY-D-COLLEGE-OF-FORESTRY,1910,2026,not_researched,none,,
US-PURDUE-UNIVERSITY-D-COLLEGE-OF-PHARMACY,1910,2026,not_researched,none,,
US-MICHIGAN-STATE-UNIVERSITY-D-COLLEGE-OF-VETERINARY-MEDICINE,1910,2026,not_researched,none,,
US-UNIVERSITY-OF-FLORIDA-D-COLLEGE-OF-EDUCATION,1912,2026,not_researched,none,,
US-UNIVERSITY-OF-CALIFORNIA-RIVERSIDE-D-COLLEGE-OF-NATURAL-AND-AGRICULTURAL-SCIENCES,1912,2026,not_researched,none,,
US-UNIVERSITY-OF-UTAH-D-S-J-QUINNEY-COLLEGE-OF-LAW,1913,2026,not_researched,none,,
US-CALIFORNIA-STATE-UNIVERSITY-FRESNO-D-KREMEN-SCHOOL-OF-EDUCATION-AND-HUMAN-DEVELOPMENT,1913,1990,not_researched,none,,
US-CALIFORNIA-STATE-UNIVERSITY-FRESNO-D-KREMEN-SCHOOL-OF-EDUCATION-AND-HUMAN-DEVELOPMENT,1991,2026,researched_partial,web_search,,
US-UNIVERSITY-OF-ARKANSAS-D-COLLEGE-OF-EDUCATION-AND-HEALTH-PROFESSIONS,1913,2026,not_researched,none,,
US-UNIVERSITY-OF-CALIFORNIA-BERKELEY-D-BERKELEY-SCHOOL-OF-EDUCATION,1913,2026,not_researched,none,,
US-INDIANA-UNIVERSITY-BLOOMINGTON-D-SCHOOL-OF-NURSING,1914,2026,not_researched,none,,
US-UNIVERSITY-OF-IDAHO-D-COLLEGE-OF-AGRICULTURAL-AND-LIFE-SCIENCES,1915,2026,not_researched,none,,
US-UNIVERSITY-OF-NEW-HAMPSHIRE-D-COLLEGE-OF-LIFE-SCIENCES-AND-AGRICULTURE,1915,2026,not_researched,none,,
US-EMORY-UNIVERSITY-D-EMORY-UNIVERSITY-SCHOOL-OF-LAW,1916,2026,not_researched,none,,
US-TEXAS-A-AND-M-UNIVERSITY-D-COLLEGE-OF-VETERINARY-MEDICINE-AND-BIOMEDICAL-SC,1916,2026,not_researched,none,,
US-STANFORD-UNIVERSITY-D-GRADUATE-SCHOOL-OF-EDUCATION,1917,2026,not_researched,none,,
US-NORTH-CAROLINA-STATE-UNIVERSITY-D-COLLEGE-OF-AGRICULTURE-AND-LIFE-SCIENCES,1917,2026,not_researched,none,,
US-UNIVERSITY-OF-SOUTHERN-CALIFORNIA-D-ROSSIER-SCHOOL-OF-EDUCATION,1918,2026,not_researched,none,,
US-TEMPLE-UNIVERSITY-D-COLLEGE-OF-EDUCATION-AND-HUMAN-DEVELOPMENT,1919,2026,not_researched,none,,
US-UNIVERSITY-OF-CONNECTICUT-D-NEAG-SCHOOL-OF-EDUCATION,1919,2026,not_researched,none,,
US-BAYLOR-UNIVERSITY-D-COLLEGE-OF-ARTS-AND-SCIENCES,1919,2026,not_researched,none,,
US-UNIVERSITY-OF-NOTRE-DAME-D-COLLEGE-OF-ARTS-AND-LETTERS,1919,2026,not_researched,none,,
US-KANSAS-STATE-UNIVERSITY-D-COLLEGE-OF-VETERINARY-MEDICINE,1919,2026,not_researched,none,,
US-WAYNE-STATE-UNIVERSITY-D-COLLEGE-OF-EDUCATION,1920,2026,not_researched,none,,
US-UNIVERSITY-OF-FLORIDA-D-COLLEGE-OF-AGRICULTURAL-AND-LIFE-SCIENCES,1921,2026,not_researched,none,,
US-UNIVERSITY-OF-NORTH-CAROLINA-GREENSBORO-D-SCHOOL-OF-EDUCATION,1922,1994,not_researched,none,,
US-UNIVERSITY-OF-NORTH-CAROLINA-GREENSBORO-D-SCHOOL-OF-EDUCATION,1995,2026,researched_partial,web_search,,
US-CASE-WESTERN-RESERVE-UNIVERSITY-D-FRANCES-PAYNE-BOLTON-SCHOOL-OF-NURSING,1923,2026,not_researched,none,,
US-YALE-UNIVERSITY-D-SCHOOL-OF-NURSING,1923,2026,not_researched,none,,
US-PENNSYLVANIA-STATE-UNIVERSITY-D-COLLEGE-OF-EDUCATION,1923,2026,not_researched,none,,
US-UNIVERSITY-OF-WISCONSIN-MADISON-D-SCHOOL-OF-NURSING,1924,2026,not_researched,none,,
US-AUBURN-UNIVERSITY-D-COLLEGE-OF-AGRICULTURE,1924,2026,not_researched,none,,
US-WAYNE-STATE-UNIVERSITY-D-EUGENE-APPLEBAUM-COLLEGE-OF-PHARMACY-AND-HEALTH,1924,2026,not_researched,none,,
US-UNIVERSITY-OF-MARYLAND-COLLEGE-PARK-D-COLLEGE-OF-AGRICULTURE-AND-NATURAL-RESOURCES,1925,2026,not_researched,none,,
US-DUQUESNE-UNIVERSITY-D-SCHOOL-OF-PHARMACY,1925,1987,not_researched,none,,
US-DUQUESNE-UNIVERSITY-D-SCHOOL-OF-PHARMACY,1988,2026,researched_partial,web_search,,
US-UNIVERSITY-OF-FLORIDA-D-COLLEGE-OF-PHARMACY,1925,2026,not_researched,none,,
US-UNIVERSITY-OF-MIAMI-D-UNIVERSITY-OF-MIAMI-SCHOOL-OF-LAW,1926,2026,not_researched,none,,
US-NORTHWESTERN-UNIVERSITY-D-SCHOOL-OF-EDUCATION-AND-SOCIAL-POLICY,1926,2026,not_researched,none,,
US-UNIVERSITY-OF-ARKANSAS-LITTLE-ROCK-CENTRAL,1927,2026,researched_complete,web_search,,
US-WAYNE-STATE-UNIVERSITY-D-WAYNE-STATE-UNIVERSITY-LAW-SCHOOL,1927,2026,not_researched,none,,
US-DUKE-UNIVERSITY-D-DUKE-UNIVERSITY-SCHOOL-OF-MEDICINE,1927,2026,not_researched,none,,
US-BOSTON-COLLEGE-D-BOSTON-COLLEGE-LAW-SCHOOL,1929,2026,not_researched,none,,
US-TEMPLE-UNIVERSITY-D-LEWIS-KATZ-SCHOOL-OF-MEDICINE-AT-TEMPLE-UNIVERSI,1929,2026,not_researched,none,,
US-NORTH-CAROLINA-STATE-UNIVERSITY-D-COLLEGE-OF-NATURAL-RESOURCES,1929,2026,not_researched,none,,
US-LOUISIANA-STATE-UNIVERSITY-D-LSU-HEALTH-NEW-ORLEANS-SCHOOL-OF-MEDICINE,1931,2026,not_researched,none,,
US-DUKE-UNIVERSITY-D-SCHOOL-OF-NURSING,1931,2026,not_researched,none,,
US-UNIVERSITY-BUFFALO-D-GRADUATE-SCHOOL-OF-EDUCATION,1931,2026,not_researched,none,,
US-UNIVERSITY-OF-HAWAII-MANOA-D-COLLEGE-OF-EDUCATION,1931,2026,not_researched,none,,
US-UNIVERSITY-OF-CHICAGO-D-DIVISION-OF-THE-SOCIAL-SCIENCES,1931,2026,not_researched,none,,
US-LOUISIANA-STATE-UNIVERSITY-D-LSU-COLLEGE-OF-AGRICULTURE,1931,2026,not_researched,none,,
US-UNIVERSITY-OF-GEORGIA-D-COLLEGE-OF-AGRICULTURAL-AND-ENVIRONMENTAL-SCIENC,1932,2026,not_researched,none,,
US-UNIVERSITY-OF-MAINE-D-COLLEGE-OF-EARTH-LIFE-AND-HEALTH-SCIENCES,1933,2026,not_researched,none,,
US-UNIVERSITY-OF-MICHIGAN-D-UNIVERSITY-OF-MICHIGAN-MEDICAL-SCHOOL,1935,2026,not_researched,none,,
US-UNIVERSITY-OF-MINNESOTA-TWIN-CITIES-D-UNIVERSITY-OF-MINNESOTA-MEDICAL-SCHOOL,1935,2026,not_researched,none,,
US-WEST-VIRGINIA-UNIVERSITY-D-SCHOOL-OF-PHARMACY,1936,2026,not_researched,none,,
US-DUKE-UNIVERSITY-D-NICHOLAS-SCHOOL-OF-THE-ENVIRONMENT,1938,2026,not_researched,none,,
US-UNIVERSITY-OF-PITTSBURGH-D-SCHOOL-OF-NURSING,1939,2026,not_researched,none,,
US-UNIVERSITY-OF-CINCINNATI-D-UNIVERSITY-OF-CINCINNATI-COLLEGE-OF-MEDICINE,1940,2026,not_researched,none,,
US-MICHIGAN-STATE-UNIVERSITY-D-COLLEGE-OF-MUSIC,1940,2026,not_researched,none,,
US-UNIVERSITY-OF-NORTH-CAROLINA-D-UNIVERSITY-OF-NORTH-CAROLINA-SCHOOL-OF-MEDICINE,1941,2026,not_researched,none,,
US-AUBURN-UNIVERSITY-D-HARRISON-COLLEGE-OF-PHARMACY,1941,2026,not_researched,none,,
US-UNIVERSITY-OF-CONNECTICUT-D-ELISABETH-DELUCA-SCHOOL-OF-NURSING,1942,2026,not_researched,none,,
US-BAYLOR-UNIVERSITY-D-LOUISE-HERRINGTON-SCHOOL-OF-NURSING,1943,2026,not_researched,none,,
US-EMORY-UNIVERSITY-D-NELL-HODGSON-WOODRUFF-SCHOOL-OF-NURSING,1943,2026,not_researched,none,,
US-UNIVERSITY-OF-CINCINNATI-D-COLLEGE-OF-EDUCATION-CRIMINAL-JUSTICE-AND-HUMAN,1944,2026,not_researched,none,,
US-CARNEGIE-MELLON-UNIVERSITY-PROVOST,1945,2026,not_researched,none,,
US-UNIVERSITY-OF-ALABAMA-BIRMINGHAM-D-UAB-HEERSINK-SCHOOL-OF-MEDICINE,1945,2026,not_researched,none,,
US-VANDERBILT-UNIVERSITY-D-VANDERBILT-UNIVERSITY-SCHOOL-OF-MEDICINE,1945,2026,not_researched,none,,
US-WAYNE-STATE-UNIVERSITY-D-COLLEGE-OF-NURSING,1945,2026,not_researched,none,,
US-UNIVERSITY-OF-ILLINOIS-URBANA-CHAMPAIGN-D-COLLEGE-OF-VETERINARY-MEDICINE,1945,2026,not_researched,none,,
US-UNIVERSITY-OF-LOUISVILLE-D-UNIVERSITY-OF-LOUISVILLE-LOUIS-D-BRANDEIS-SCHOOL,1946,2026,not_researched,none,,
US-UNIVERSITY-OF-WASHINGTON-D-UNIVERSITY-OF-WASHINGTON-SCHOOL-OF-MEDICINE,1946,2026,not_researched,none,,
US-BOSTON-COLLEGE-D-CONNELL-SCHOOL-OF-NURSING,1946,2026,not_researched,none,,
US-UNIVERSITY-OF-GEORGIA-D-MARY-FRANCES-EARLY-COLLEGE-OF-EDUCATION,1946,2026,not_researched,none,,
US-UNIVERSITY-OF-GEORGIA-D-COLLEGE-OF-VETERINARY-MEDICINE,1946,2026,not_researched,none,,
US-UNIVERSITY-OF-MISSOURI-D-COLLEGE-OF-VETERINARY-MEDICINE,1946,2026,not_researched,none,,
US-NORTHEASTERN-UNIVERSITY-PROVOST,1947,2026,not_researched,none,,
US-UNIVERSITY-OF-HOUSTON-D-UNIVERSITY-OF-HOUSTON-LAW-CENTER,1947,2026,not_researched,none,,
US-INDIANA-UNIVERSITY-INDIANAPOLIS-D-INDIANA-UNIVERSITY-SCHOOL-OF-MEDICINE,1947,2026,not_researched,none,,
US-UNIVERSITY-OF-CALIFORNIA-LOS-ANGELES-D-DAVID-GEFFEN-SCHOOL-OF-MEDICINE-AT-UCLA,1947,2026,not_researched,none,,
US-CALIFORNIA-STATE-UNIVERSITY-FRESNO-D-JORDAN-COLLEGE-OF-AGRICULTURAL-SCIENCES-AND-TECH,1947,1990,not_researched,none,,
US-CALIFORNIA-STATE-UNIVERSITY-FRESNO-D-JORDAN-COLLEGE-OF-AGRICULTURAL-SCIENCES-AND-TECH,1991,2026,researched_partial,web_search,,
US-UNIVERSITY-OF-ARIZONA-D-R-KEN-COIT-COLLEGE-OF-PHARMACY,1947,2026,not_researched,none,,
US-UNIVERSITY-OF-UTAH-D-COLLEGE-OF-PHARMACY,1947,2026,not_researched,none,,
US-OKLAHOMA-STATE-UNIVERSITY-D-COLLEGE-OF-VETERINARY-MEDICINE,1947,2026,not_researched,none,,
US-UNIVERSITY-OF-CALIFORNIA-DAVIS-D-SCHOOL-OF-VETERINARY-MEDICINE,1947,2026,not_researched,none,,
US-UNIVERSITY-OF-MINNESOTA-TWIN-CITIES-D-COLLEGE-OF-VETERINARY-MEDICINE,1947,2026,not_researched,none,,
US-UNIVERSITY-OF-UTAH-D-COLLEGE-OF-NURSING,1948,2026,not_researched,none,,
US-NORTH-CAROLINA-STATE-UNIVERSITY-D-COLLEGE-OF-EDUCATION,1948,2026,not_researched,none,,
US-STANFORD-UNIVERSITY-D-SCHOOL-OF-HUMANITIES-AND-SCIENCES,1948,2026,not_researched,none,,
US-UNIVERSITY-OF-CALIFORNIA-LOS-ANGELES-D-UCLA-SCHOOL-OF-LAW,1949,2026,not_researched,none,,
US-HARVARD-UNIVERSITY-D-HARVARD-MEDICAL-SCHOOL,1949,2026,not_researched,none,,
US-NORTHWESTERN-UNIVERSITY-D-NORTHWESTERN-UNIVERSITY-FEINBERG-SCHOOL-OF-MEDIC,1949,2026,not_researched,none,,
US-UNIVERSITY-OF-CALIFORNIA-LOS-ANGELES-D-JOE-C-WEN-SCHOOL-OF-NURSING,1949,2026,not_researched,none,,
US-UNIVERSITY-OF-KENTUCKY-D-COLLEGE-OF-PHARMACY,1949,2026,not_researched,none,,
US-UNIVERSITY-OF-DELAWARE-PROVOST,1950,2026,not_researched,none,,
US-UNIVERSITY-OF-ALABAMA-BIRMINGHAM-D-SCHOOL-OF-NURSING,1950,2026,not_researched,none,,
US-UNIVERSITY-OF-PENNSYLVANIA-D-SCHOOL-OF-NURSING,1950,2026,not_researched,none,,
US-TUFTS-UNIVERSITY-PROVOST,1951,2026,not_researched,none,,
US-INDIANA-UNIVERSITY-BLOOMINGTON-D-COLLEGE-OF-ARTS-AND-SCIENCES,1951,2026,not_researched,none,,
US-UNIVERSITY-OF-ARKANSAS-FOR-MEDICAL-SCIENCES-D-COLLEGE-OF-PHARMACY,1951,1978,not_researched,none,,
US-UNIVERSITY-OF-ARKANSAS-FOR-MEDICAL-SCIENCES-D-COLLEGE-OF-PHARMACY,1979,2026,researched_partial,web_search,,
US-UNIVERSITY-OF-NOTRE-DAME-CENTRAL,1952,2026,not_researched,none,,
US-INDIANA-UNIVERSITY-BLOOMINGTON-D-INDIANA-UNIVERSITY-MAURER-SCHOOL-OF-LAW,1952,2026,not_researched,none,,
US-VANDERBILT-UNIVERSITY-D-VANDERBILT-LAW-SCHOOL,1952,2026,not_researched,none,,
US-PRAIRIE-VIEW-A-AND-M-UNIVERSITY-D-COLLEGE-OF-NURSING,1952,1993,not_researched,none,,
US-PRAIRIE-VIEW-A-AND-M-UNIVERSITY-D-COLLEGE-OF-NURSING,1994,2026,researched_partial,web_search,,
US-UNIVERSITY-OF-CALIFORNIA-DAVIS-D-COLLEGE-OF-AGRICULTURAL-AND-ENVIRONMENTAL-SCIENC,1952,2026,not_researched,none,,
US-UNIVERSITY-OF-MIAMI-D-UNIVERSITY-OF-MIAMI-LEONARD-M-MILLER-SCHOOL-OF-M,1953,2026,not_researched,none,,
US-UNIVERSITY-OF-MASSACHUSETTS-AMHERST-D-ELAINE-MARIEB-COLLEGE-OF-NURSING,1953,2026,not_researched,none,,
US-MICHIGAN-STATE-UNIVERSITY-D-COLLEGE-OF-EDUCATION,1953,2026,not_researched,none,,
US-RICE-UNIVERSITY-PROVOST,1954,2026,not_researched,none,,
US-GEORGETOWN-UNIVERSITY-D-GEORGETOWN-UNIVERSITY-LAW-CENTER,1954,2026,not_researched,none,,
US-UNIVERSITY-OF-FLORIDA-D-UNIVERSITY-OF-FLORIDA-COLLEGE-OF-MEDICINE,1954,2026,not_researched,none,,
US-UNIVERSITY-OF-WISCONSIN-MADISON-D-SCHOOL-OF-EDUCATION,1954,2026,not_researched,none,,
US-UNIVERSITY-OF-NEVADA-RENO-D-COLLEGE-OF-AGRICULTURE-BIOTECHNOLOGY-AND-NATURAL,1954,2026,not_researched,none,,
US-UNIVERSITY-OF-CINCINNATI-D-JAMES-L-WINKLE-COLLEGE-OF-PHARMACY,1954,2026,not_researched,none,,
US-CLEMSON-UNIVERSITY-PROVOST,1955,2026,not_researched,none,,
US-NORTH-CAROLINA-STATE-UNIVERSITY-PROVOST,1955,2026,not_researched,none,,
US-UNIVERSITY-OF-MISSISSIPPI-D-UNIVERSITY-OF-MISSISSIPPI-SCHOOL-OF-MEDICINE,1955,2026,not_researched,none,,
US-UNIVERSITY-OF-MICHIGAN-D-SCHOOL-OF-NURSING,1955,2026,not_researched,none,,
US-UNIVERSITY-OF-NEW-MEXICO-D-COLLEGE-OF-NURSING,1955,2026,not_researched,none,,
US-UNIVERSITY-OF-THE-PACIFIC-D-THOMAS-J-LONG-SCHOOL-OF-PHARMACY,1955,1994,not_researched,none,,
US-UNIVERSITY-OF-THE-PACIFIC-D-THOMAS-J-LONG-SCHOOL-OF-PHARMACY,1995,2026,researched_complete,web_search,,
US-UNIVERSITY-OF-CINCINNATI-PROVOST,1956,2026,not_researched,none,,
US-NORTHWESTERN-UNIVERSITY-D-NORTHWESTERN-PRITZKER-SCHOOL-OF-LAW,1956,2026,not_researched,none,,
US-EMORY-UNIVERSITY-D-EMORY-UNIVERSITY-SCHOOL-OF-MEDICINE,1956,2026,not_researched,none,,
US-UNIVERSITY-OF-KENTUCKY-D-UNIVERSITY-OF-KENTUCKY-COLLEGE-OF-MEDICINE,1956,2026,not_researched,none,,
US-EAST-TENNESSEE-STATE-UNIVERSITY-D-COLLEGE-OF-NURSING,1956,1991,not_researched,none,,
US-EAST-TENNESSEE-STATE-UNIVERSITY-D-COLLEGE-OF-NURSING,1992,2026,researched_partial,web_search,,
US-UNIVERSITY-OF-FLORIDA-D-COLLEGE-OF-NURSING,1956,2026,not_researched,none,,
US-UNIVERSITY-OF-ILLINOIS-CHICAGO-D-COLLEGE-OF-NURSING,1956,2026,not_researched,none,,
US-GEORGE-WASHINGTON-UNIVERSITY-D-COLUMBIAN-COLLEGE-OF-ARTS-AND-SCIENCES,1956,2026,not_researched,none,,
US-UNIVERSITY-OF-ARIZONA-D-COLLEGE-OF-AGRICULTURE-LIFE-AND-ENVIRONMENTAL-SC,1956,2026,not_researched,none,,
US-LEHIGH-UNIVERSITY-PROVOST,1957,2026,not_researched,none,,
US-UNIVERSITY-OF-ARIZONA-D-COLLEGE-OF-NURSING,1957,2026,not_researched,none,,
US-MERCER-UNIVERSITY-D-COLLEGE-OF-PHARMACY,1957,1978,not_researched,none,,
US-MERCER-UNIVERSITY-D-COLLEGE-OF-PHARMACY,1979,2026,researched_partial,web_search,,
US-UNIVERSITY-OF-ARKANSAS-D-UNIVERSITY-OF-ARKANSAS-SCHOOL-OF-LAW,1958,2026,not_researched,none,,
US-UNIVERSITY-OF-KENTUCKY-D-COLLEGE-OF-NURSING,1958,2026,not_researched,none,,
US-VIRGINIA-COMMONWEALTH-UNIVERSITY-D-SCHOOL-OF-NURSING,1958,2026,not_researched,none,,
US-RENSSELAER-POLYTECHNIC-INSTITUTE-PROVOST,1959,2026,not_researched,none,,
US-UNIVERSITY-OF-SOUTH-FLORIDA-PROVOST,1959,2026,not_researched,none,,
US-BRIGHAM-YOUNG-UNIVERSITY-D-COLLEGE-OF-NURSING,1959,2026,not_researched,none,,
US-UNIVERSITY-OF-SOUTH-FLORIDA-D-COLLEGE-OF-EDUCATION,1959,2026,not_researched,none,,
US-PACE-UNIVERSITY-CENTRAL,1960,1989,not_researched,none,,
US-PACE-UNIVERSITY-CENTRAL,1990,2026,researched_complete,web_search,,
US-VILLANOVA-UNIVERSITY-D-M-LOUISE-FITZPATRICK-COLLEGE-OF-NURSING,1960,1987,not_researched,none,,
US-VILLANOVA-UNIVERSITY-D-M-LOUISE-FITZPATRICK-COLLEGE-OF-NURSING,1988,2026,researched_partial,web_search,,
US-WASHINGTON-STATE-UNIVERSITY-D-COLLEGE-OF-PHARMACY-AND-PHARMACEUTICAL-SCIENCES,1960,2026,not_researched,none,,
US-PURDUE-UNIVERSITY-D-COLLEGE-OF-VETERINARY-MEDICINE,1960,2026,not_researched,none,,
US-PURDUE-UNIVERSITY-PROVOST,1961,2026,not_researched,none,,
US-UNIVERSITY-OF-MISSOURI-PROVOST,1961,2026,not_researched,none,,
US-UNIVERSITY-OF-PENNSYLVANIA-PROVOST,1961,2026,not_researched,none,,
US-UNIVERSITY-OF-ROCHESTER-PROVOST,1961,2026,not_researched,none,,
US-WEST-VIRGINIA-UNIVERSITY-D-WEST-VIRGINIA-UNIVERSITY-SCHOOL-OF-MEDICINE,1961,2026,not_researched,none,,
US-UNIVERSITY-OF-VIRGINIA-D-SCHOOL-OF-NURSING,1961,2026,not_researched,none,,
US-UNIVERSITY-OF-CALIFORNIA-IRVINE-CENTRAL,1962,2026,not_researched,none,,
US-UNIVERSITY-OF-MIAMI-CENTRAL,1962,2026,not_researched,none,,
US-UNIVERSITY-OF-CHICAGO-PROVOST,1962,2026,not_researched,none,,
US-WASHINGTON-UNIVERSITY-ST-LOUIS-PROVOST,1962,2026,not_researched,none,,
US-UNIVERSITY-OF-MAINE-D-UNIVERSITY-OF-MAINE-SCHOOL-OF-LAW,1962,2026,not_researched,none,,
US-DEPAUL-UNIVERSITY-D-COLLEGE-OF-EDUCATION,1962,1992,not_researched,none,,
US-DEPAUL-UNIVERSITY-D-COLLEGE-OF-EDUCATION,1993,2026,researched_partial,web_search,,
US-MICHIGAN-STATE-UNIVERSITY-D-COLLEGE-OF-ARTS-AND-LETTERS,1962,2026,not_researched,none,,
US-VANDERBILT-UNIVERSITY-CENTRAL,1963,2026,not_researched,none,,
US-UNIVERSITY-OF-SOUTH-ALABAMA-CENTRAL,1963,2026,researched_complete,web_search,,
US-CORNELL-UNIVERSITY-PROVOST,1963,2026,not_researched,none,,
US-VIRGINIA-TECH-PROVOST,1963,2026,not_researched,none,,
US-YALE-UNIVERSITY-PROVOST,1963,2026,not_researched,none,,
US-SOUTHERN-METHODIST-UNIVERSITY-D-SMU-DEDMAN-SCHOOL-OF-LAW,1963,2026,not_researched,none,,
US-TULANE-UNIVERSITY-D-TULANE-UNIVERSITY-LAW-SCHOOL,1963,2026,not_researched,none,,
US-UNIVERSITY-OF-VIRGINIA-D-UNIVERSITY-OF-VIRGINIA-SCHOOL-OF-LAW,1963,2026,not_researched,none,,
US-RUTGERS-UNIVERSITY-D-RUTGERS-ROBERT-WOOD-JOHNSON-MEDICAL-SCHOOL,1963,2026,not_researched,none,,
US-UNIVERSITY-OF-CONNECTICUT-D-UNIVERSITY-OF-CONNECTICUT-SCHOOL-OF-MEDICINE,1963,2026,not_researched,none,,
US-WAKE-FOREST-UNIVERSITY-D-WAKE-FOREST-UNIVERSITY-SCHOOL-OF-MEDICINE,1963,1982,not_researched,none,,
US-WAKE-FOREST-UNIVERSITY-D-WAKE-FOREST-UNIVERSITY-SCHOOL-OF-MEDICINE,1983,2026,researched_partial,web_search,,
US-WAYNE-STATE-UNIVERSITY-D-WAYNE-STATE-UNIVERSITY-SCHOOL-OF-MEDICINE,1963,2026,not_researched,none,,
US-UNIVERSITY-OF-CALIFORNIA-IRVINE-D-CHARLIE-DUNLOP-SCHOOL-OF-BIOLOGICAL-SCIENCES,1963,2026,not_researched,none,,
US-UNIVERSITY-OF-CALIFORNIA-IRVINE-D-SCHOOL-OF-HUMANITIES,1963,2026,not_researched,none,,
US-LEHIGH-UNIVERSITY-CENTRAL,1964,2026,not_researched,none,,
US-LOYOLA-UNIVERSITY-MARYLAND-CENTRAL,1964,2026,not_researched,none,,
US-ARIZONA-STATE-UNIVERSITY-D-SANDRA-DAY-O-CONNOR-COLLEGE-OF-LAW,1964,2026,not_researched,none,,
US-STANFORD-UNIVERSITY-D-STANFORD-LAW-SCHOOL,1964,2026,not_researched,none,,
US-UNIVERSITY-BUFFALO-D-UNIVERSITY-AT-BUFFALO-SCHOOL-OF-LAW,1964,2026,not_researched,none,,
US-UNIVERSITY-OF-CALIFORNIA-DAVIS-D-UNIVERSITY-OF-CALIFORNIA-DAVIS-SCHOOL-OF-LAW,1964,2026,not_researched,none,,
US-UNIVERSITY-OF-NORTH-CAROLINA-D-UNIVERSITY-OF-NORTH-CAROLINA-SCHOOL-OF-LAW,1964,2026,not_researched,none,,
US-MICHIGAN-STATE-UNIVERSITY-D-MICHIGAN-STATE-UNIVERSITY-COLLEGE-OF-HUMAN-MEDIC,1964,2026,not_researched,none,,
US-UNIVERSITY-OF-ARIZONA-D-UNIVERSITY-OF-ARIZONA-COLLEGE-OF-MEDICINE-TUCSON,1964,2026,not_researched,none,,
US-UNIVERSITY-OF-NEW-MEXICO-D-UNIVERSITY-OF-NEW-MEXICO-SCHOOL-OF-MEDICINE,1964,2026,not_researched,none,,
US-GEORGE-WASHINGTON-UNIVERSITY-CENTRAL,1965,2026,not_researched,none,,
US-IOWA-STATE-UNIVERSITY-CENTRAL,1965,2026,not_researched,none,,
US-MIAMI-UNIVERSITY-CENTRAL,1965,1995,not_researched,none,,
US-MIAMI-UNIVERSITY-CENTRAL,1996,2026,researched_partial,web_search,,
US-IOWA-STATE-UNIVERSITY-PROVOST,1965,2026,not_researched,none,,
US-STONY-BROOK-UNIVERSITY-PROVOST,1965,2026,not_researched,none,,
US-UNIVERSITY-OF-MICHIGAN-PROVOST,1965,2026,not_researched,none,,
US-UNIVERSITY-OF-CINCINNATI-D-UNIVERSITY-OF-CINCINNATI-DONALD-P-KLEKAMP-COLLEG,1965,2026,not_researched,none,,
US-UNIVERSITY-OF-CALIFORNIA-IRVINE-D-UC-IRVINE-SCHOOL-OF-MEDICINE,1965,2026,not_researched,none,,
US-UNIVERSITY-OF-HAWAII-MANOA-D-JOHN-A-BURNS-SCHOOL-OF-MEDICINE,1965,2026,not_researched,none,,
US-UNIVERSITY-OF-TEXAS-SAN-ANTONIO-D-JOE-R-AND-TERESA-LOZANO-LONG-SCHOOL-OF-MEDICINE,1965,2026,not_researched,none,,
US-WASHINGTON-UNIVERSITY-ST-LOUIS-D-WASHINGTON-UNIVERSITY-SCHOOL-OF-MEDICINE,1965,2026,not_researched,none,,
US-ARIZONA-STATE-UNIVERSITY-D-EDSON-COLLEGE-OF-NURSING-AND-HEALTH-INNOVATION,1965,2026,not_researched,none,,
US-UNIVERSITY-OF-CALIFORNIA-IRVINE-D-SCHOOL-OF-SOCIAL-SCIENCES,1965,2026,not_researched,none,,
US-BRIGHAM-YOUNG-UNIVERSITY-PROVOST,1966,2026,not_researched,none,,
US-MASSACHUSETTS-INSTITUTE-OF-TECHNOLOGY-PROVOST,1966,2026,not_researched,none,,
US-PRINCETON-UNIVERSITY-PROVOST,1966,2026,not_researched,none,,
US-UNIVERSITY-OF-NORTH-CAROLINA-PROVOST,1966,2026,not_researched,none,,
US-BOSTON-UNIVERSITY-D-BOSTON-UNIVERSITY-SCHOOL-OF-LAW,1966,2026,not_researched,none,,
US-FLORIDA-STATE-UNIVERSITY-D-FLORIDA-STATE-UNIVERSITY-COLLEGE-OF-LAW,1966,2026,not_researched,none,,
US-SYRACUSE-UNIVERSITY-D-SYRACUSE-UNIVERSITY-COLLEGE-OF-LAW,1966,2026,not_researched,none,,
US-TEXAS-TECH-UNIVERSITY-D-TEXAS-TECH-UNIVERSITY-SCHOOL-OF-LAW,1966,2026,not_researched,none,,
US-UNIVERSITY-OF-ARIZONA-D-UNIVERSITY-OF-ARIZONA-JAMES-E-ROGERS-COLLEGE-OF,1966,2026,not_researched,none,,
US-UNIVERSITY-OF-CALIFORNIA-BERKELEY-D-UNIVERSITY-OF-CALIFORNIA-BERKELEY-SCHOOL-OF-LAW,1966,2026,not_researched,none,,
US-UNIVERSITY-OF-IOWA-D-UNIVERSITY-OF-IOWA-COLLEGE-OF-LAW,1966,2026,not_researched,none,,
US-UNIVERSITY-OF-MICHIGAN-D-UNIVERSITY-OF-MICHIGAN-LAW-SCHOOL,1966,2026,not_researched,none,,
US-UNIVERSITY-OF-NEBRASKA-LINCOLN-D-UNIVERSITY-OF-NEBRASKA-COLLEGE-OF-LAW,1966,2026,not_researched,none,,
US-CASE-WESTERN-RESERVE-UNIVERSITY-D-CASE-WESTERN-RESERVE-UNIVERSITY-SCHOOL-OF-MEDICI,1966,2026,not_researched,none,,
US-DARTMOUTH-COLLEGE-D-GEISEL-SCHOOL-OF-MEDICINE-AT-DARTMOUTH,1966,2026,not_researched,none,,
US-UNIVERSITY-OF-CALIFORNIA-DAVIS-D-UC-DAVIS-SCHOOL-OF-MEDICINE,1966,2026,not_researched,none,,
US-UNIVERSITY-BUFFALO-D-SCHOOL-OF-NURSING,1966,2026,not_researched,none,,
US-UNIVERSITY-OF-NORTH-CAROLINA-GREENSBORO-D-SCHOOL-OF-NURSING,1966,1994,not_researched,none,,
US-UNIVERSITY-OF-NORTH-CAROLINA-GREENSBORO-D-SCHOOL-OF-NURSING,1995,2026,researched_partial,web_search,,
US-WIDENER-UNIVERSITY-D-DWYER-SCHOOL-OF-NURSING,1966,1995,not_researched,none,,
US-WIDENER-UNIVERSITY-D-DWYER-SCHOOL-OF-NURSING,1996,2026,researched_complete,web_search,,
US-UNIVERSITY-OF-NORTH-DAKOTA-D-COLLEGE-OF-ARTS-AND-SCIENCES,1966,2026,not_researched,none,,
US-UNIVERSITY-OF-TEXAS-ARLINGTON-D-COLLEGE-OF-SCIENCE,1966,2026,not_researched,none,,
US-VIRGINIA-COMMONWEALTH-UNIVERSITY-D-COLLEGE-OF-HUMANITIES-AND-SCIENCES,1966,2026,not_researched,none,,
US-UNIVERSITY-OF-GEORGIA-CENTRAL,1967,2026,not_researched,none,,
US-UNIVERSITY-OF-PITTSBURGH-CENTRAL,1967,2026,not_researched,none,,
US-WASHINGTON-STATE-UNIVERSITY-CENTRAL,1967,2026,not_researched,none,,
US-CAMPBELL-UNIVERSITY-CENTRAL,1967,2026,researched_partial,web_search,,
US-CHAPMAN-UNIVERSITY-PROVOST,1967,1990,not_researched,none,,
US-CHAPMAN-UNIVERSITY-PROVOST,1991,2026,researched_partial,web_search,,
US-DARTMOUTH-COLLEGE-PROVOST,1967,2026,not_researched,none,,
US-STANFORD-UNIVERSITY-PROVOST,1967,2026,not_researched,none,,
US-UNIVERSITY-OF-ILLINOIS-URBANA-CHAMPAIGN-PROVOST,1967,2026,not_researched,none,,
US-WAKE-FOREST-UNIVERSITY-PROVOST,1967,1982,not_researched,none,,
US-WAKE-FOREST-UNIVERSITY-PROVOST,1983,2026,researched_partial,web_search,,
US-UNIVERSITY-OF-SOUTH-CAROLINA-D-DARLA-MOORE-SCHOOL-OF-BUSINESS,1967,2026,not_researched,none,,
US-NORTHEASTERN-UNIVERSITY-D-NORTHEASTERN-UNIVERSITY-SCHOOL-OF-LAW,1967,2026,not_researched,none,,
US-UNIVERSITY-OF-CONNECTICUT-D-UNIVERSITY-OF-CONNECTICUT-SCHOOL-OF-LAW,1967,2026,not_researched,none,,
US-PENNSYLVANIA-STATE-UNIVERSITY-D-PENN-STATE-COLLEGE-OF-MEDICINE,1967,2026,not_researched,none,,
US-UNIVERSITY-OF-ROCHESTER-D-UNIVERSITY-OF-ROCHESTER-SCHOOL-OF-MEDICINE-AND-D,1967,2026,not_researched,none,,
US-YALE-UNIVERSITY-D-YALE-SCHOOL-OF-MEDICINE,1967,2026,not_researched,none,,
US-VANDERBILT-UNIVERSITY-D-SCHOOL-OF-NURSING,1967,2026,not_researched,none,,
US-TEXAS-TECH-UNIVERSITY-D-COLLEGE-OF-EDUCATION,1967,2026,not_researched,none,,
US-UNIVERSITY-OF-CALIFORNIA-LOS-ANGELES-D-SCHOOL-OF-EDUCATION-AND-INFORMATION-STUDIES,1967,2026,not_researched,none,,
US-NORTH-DAKOTA-STATE-UNIVERSITY-CENTRAL,1968,2026,not_researched,none,,
US-UNIVERSITY-OF-CALIFORNIA-LOS-ANGELES-CENTRAL,1968,2026,not_researched,none,,
US-UNIVERSITY-OF-DELAWARE-CENTRAL,1968,2026,not_researched,none,,
US-UNIVERSITY-OF-MISSISSIPPI-CENTRAL,1968,2026,not_researched,none,,
US-BOSTON-COLLEGE-PROVOST,1968,2026,not_researched,none,,
US-PACE-UNIVERSITY-PROVOST,1968,1989,not_researched,none,,
US-PACE-UNIVERSITY-PROVOST,1990,2026,researched_complete,web_search,,
US-SANTA-CLARA-UNIVERSITY-PROVOST,1968,1987,not_researched,none,,
US-SANTA-CLARA-UNIVERSITY-PROVOST,1988,2026,researched_complete,web_search,,
US-UNIVERSITY-OF-PITTSBURGH-PROVOST,1968,2026,not_researched,none,,
US-UNIVERSITY-OF-PITTSBURGH-D-KATZ-GRADUATE-SCHOOL-OF-BUSINESS,1968,2026,not_researched,none,,
US-HARVARD-UNIVERSITY-D-HARVARD-LAW-SCHOOL,1968,2026,not_researched,none,,
US-UNIVERSITY-OF-NOTRE-DAME-D-NOTRE-DAME-LAW-SCHOOL,1968,2026,not_researched,none,,
US-UNIVERSITY-OF-OREGON-D-UNIVERSITY-OF-OREGON-SCHOOL-OF-LAW,1968,2026,not_researched,none,,
US-UNIVERSITY-OF-WISCONSIN-MADISON-D-UNIVERSITY-OF-WISCONSIN-LAW-SCHOOL,1968,2026,not_researched,none,,
US-STONY-BROOK-UNIVERSITY-D-RENAISSANCE-SCHOOL-OF-MEDICINE-AT-STONY-BROOK-UN,1968,2026,not_researched,none,,
US-MICHIGAN-STATE-UNIVERSITY-D-COLLEGE-OF-ENGINEERING,1968,2026,not_researched,none,,
US-OHIO-STATE-UNIVERSITY-D-COLLEGE-OF-ENGINEERING,1968,2026,not_researched,none,,
US-BOISE-STATE-UNIVERSITY-D-COLLEGE-OF-EDUCATION,1968,1992,not_researched,none,,
US-BOISE-STATE-UNIVERSITY-D-COLLEGE-OF-EDUCATION,1993,2026,researched_partial,web_search,,
US-BOISE-STATE-UNIVERSITY-D-COLLEGE-OF-ARTS-AND-SCIENCES,1968,1992,not_researched,none,,
US-BOISE-STATE-UNIVERSITY-D-COLLEGE-OF-ARTS-AND-SCIENCES,1993,2026,researched_partial,web_search,,
US-LOUISIANA-STATE-UNIVERSITY-D-SCHOOL-OF-VETERINARY-MEDICINE,1968,2026,not_researched,none,,
US-UNIVERSITY-OF-CALIFORNIA-DAVIS-CENTRAL,1969,2026,not_researched,none,,
US-UNIVERSITY-OF-IOWA-CENTRAL,1969,2026,not_researched,none,,
US-UNIVERSITY-OF-KENTUCKY-CENTRAL,1969,2026,not_researched,none,,
US-GRAND-VALLEY-STATE-UNIVERSITY-CENTRAL,1969,2026,researched_complete,web_search,,
US-COLUMBIA-UNIVERSITY-PROVOST,1969,2026,not_researched,none,,
US-MICHIGAN-STATE-UNIVERSITY-PROVOST,1969,2026,not_researched,none,,
US-COLLEGE-OF-WILLIAM-AND-MARY-D-WILLIAM-AND-MARY-LAW-SCHOOL,1969,2026,not_researched,none,,
US-UNIVERSITY-OF-NORTH-DAKOTA-D-UNIVERSITY-OF-NORTH-DAKOTA-SCHOOL-OF-LAW,1969,2026,not_researched,none,,
US-UNIVERSITY-OF-PENNSYLVANIA-D-RAYMOND-AND-RUTH-PERELMAN-SCHOOL-OF-MEDICINE-AT,1969,2026,not_researched,none,,
US-UNIVERSITY-OF-MASSACHUSETTS-DARTMOUTH-D-COLLEGE-OF-NURSING-AND-HEALTH-SCIENCES,1969,1992,not_researched,none,,
US-UNIVERSITY-OF-MASSACHUSETTS-DARTMOUTH-D-COLLEGE-OF-NURSING-AND-HEALTH-SCIENCES,1993,2026,researched_partial,web_search,,
US-UNIVERSITY-OF-SOUTH-CAROLINA-D-COLLEGE-OF-NURSING,1969,2026,not_researched,none,,
US-UNIVERSITY-OF-PITTSBURGH-D-KENNETH-P-DIETRICH-SCHOOL-OF-ARTS-AND-SCIENCES,1969,2026,not_researched,none,,
US-NEW-YORK-UNIVERSITY-D-TISCH-SCHOOL-OF-THE-ARTS,1969,2026,not_researched,none,,
US-SUNY-COLLEGE-OF-ENVIRONMENTAL-SCIENCE-AND-FORESTRY-D-COLLEGE-OF-ENVIRONMENTAL-SCIENCE-AND-FORESTRY,1969,1983,not_researched,none,,
US-SUNY-COLLEGE-OF-ENVIRONMENTAL-SCIENCE-AND-FORESTRY-D-COLLEGE-OF-ENVIRONMENTAL-SCIENCE-AND-FORESTRY,1984,2026,researched_partial,web_search,,
US-COLORADO-SCHOOL-OF-MINES-CENTRAL,1970,2026,not_researched,none,,
US-DARTMOUTH-COLLEGE-CENTRAL,1970,2026,not_researched,none,,
US-DUKE-UNIVERSITY-CENTRAL,1970,2026,not_researched,none,,
US-NORTHWESTERN-UNIVERSITY-CENTRAL,1970,2026,not_researched,none,,
US-OREGON-STATE-UNIVERSITY-CENTRAL,1970,2026,not_researched,none,,
US-PENNSYLVANIA-STATE-UNIVERSITY-CENTRAL,1970,2026,not_researched,none,,
US-RICE-UNIVERSITY-CENTRAL,1970,2026,not_researched,none,,
US-UNIVERSITY-BUFFALO-CENTRAL,1970,2026,not_researched,none,,
US-UNIVERSITY-OF-PENNSYLVANIA-CENTRAL,1970,2026,not_researched,none,,
US-AMERICAN-INTERNATIONAL-COLLEGE-CENTRAL,1970,2026,researched_complete,web_search,,
US-UNIVERSITY-OF-CALIFORNIA-LOS-ANGELES-PROVOST,1970,2026,not_researched,none,,
US-UNIVERSITY-OF-NOTRE-DAME-PROVOST,1970,2026,not_researched,none,,
US-OHIO-STATE-UNIVERSITY-D-MICHAEL-E-MORITZ-COLLEGE-OF-LAW,1970,2026,not_researched,none,,
US-PEPPERDINE-UNIVERSITY-D-RICK-J-CARUSO-SCHOOL-OF-LAW,1970,1984,not_researched,none,,
US-PEPPERDINE-UNIVERSITY-D-RICK-J-CARUSO-SCHOOL-OF-LAW,1985,2026,researched_complete,web_search,,
US-SANTA-CLARA-UNIVERSITY-D-SANTA-CLARA-UNIVERSITY-SCHOOL-OF-LAW,1970,1987,not_researched,none,,
US-SANTA-CLARA-UNIVERSITY-D-SANTA-CLARA-UNIVERSITY-SCHOOL-OF-LAW,1988,2026,researched_complete,web_search,,
US-UNIVERSITY-OF-ALABAMA-D-UNIVERSITY-OF-ALABAMA-SCHOOL-OF-LAW,1970,2026,not_researched,none,,
US-UNIVERSITY-OF-WASHINGTON-D-UNIVERSITY-OF-WASHINGTON-SCHOOL-OF-LAW,1970,2026,not_researched,none,,
US-YALE-UNIVERSITY-D-YALE-LAW-SCHOOL,1970,2026,not_researched,none,,
US-COLUMBIA-UNIVERSITY-D-COLUMBIA-UNIVERSITY-VAGELOS-COLLEGE-OF-PHYSICIAN,1970,2026,not_researched,none,,
US-NEW-YORK-UNIVERSITY-D-NYU-GROSSMAN-SCHOOL-OF-MEDICINE,1970,2026,not_researched,none,,
US-TEXAS-TECH-UNIVERSITY-D-TEXAS-TECH-UNIVERSITY-HEALTH-SCIENCES-CENTER-SCH,1970,2026,not_researched,none,,
US-UNIVERSITY-OF-IOWA-D-ROY-J-AND-LUCILLE-A-CARVER-COLLEGE-OF-MEDICINE,1970,2026,not_researched,none,,
US-UNIVERSITY-OF-TEXAS-AUSTIN-D-COCKRELL-SCHOOL-OF-ENGINEERING,1970,2026,not_researched,none,,
US-FAIRFIELD-UNIVERSITY-D-MARION-PECKHAM-EGAN-SCHOOL-OF-NURSING-AND-HEALTH,1970,1978,not_researched,none,,
US-FAIRFIELD-UNIVERSITY-D-MARION-PECKHAM-EGAN-SCHOOL-OF-NURSING-AND-HEALTH,1979,2026,researched_complete,web_search,,
US-UNIVERSITY-OF-MIAMI-D-SCHOOL-OF-NURSING-AND-HEALTH-STUDIES,1970,2026,not_researched,none,,
US-UNIVERSITY-OF-TEXAS-AUSTIN-D-COLLEGE-OF-EDUCATION,1970,2026,not_researched,none,,
US-HARVARD-UNIVERSITY-D-FACULTY-OF-ARTS-AND-SCIENCES,1970,2026,not_researched,none,,
US-ARIZONA-STATE-UNIVERSITY-CENTRAL,1971,2026,not_researched,none,,
US-BOSTON-UNIVERSITY-CENTRAL,1971,2026,not_researched,none,,
US-COLLEGE-OF-WILLIAM-AND-MARY-CENTRAL,1971,2026,not_researched,none,,
US-HARVARD-UNIVERSITY-CENTRAL,1971,2026,not_researched,none,,
US-INDIANA-UNIVERSITY-BLOOMINGTON-CENTRAL,1971,2026,not_researched,none,,
US-PURDUE-UNIVERSITY-CENTRAL,1971,2026,not_researched,none,,
US-RUTGERS-UNIVERSITY-CENTRAL,1971,2026,not_researched,none,,
US-SYRACUSE-UNIVERSITY-CENTRAL,1971,2026,not_researched,none,,
US-UNIVERSITY-OF-ARIZONA-CENTRAL,1971,2026,not_researched,none,,
US-UNIVERSITY-OF-NORTH-DAKOTA-CENTRAL,1971,2026,not_researched,none,,
US-UNIVERSITY-OF-TEXAS-DALLAS-CENTRAL,1971,2026,not_researched,none,,
US-WASHINGTON-UNIVERSITY-ST-LOUIS-CENTRAL,1971,2026,not_researched,none,,
US-JAMES-MADISON-UNIVERSITY-CENTRAL,1971,2026,researched_partial,web_search,,
US-LIBERTY-UNIVERSITY-CENTRAL,1971,2026,researched_complete,web_search,,
US-TOURO-UNIVERSITY-CENTRAL,1971,2026,researched_partial,web_search,,
US-COLLEGE-OF-WILLIAM-AND-MARY-PROVOST,1971,2026,not_researched,none,,
US-DUKE-UNIVERSITY-PROVOST,1971,2026,not_researched,none,,
US-JOHNS-HOPKINS-UNIVERSITY-PROVOST,1971,2026,not_researched,none,,
US-UNIVERSITY-OF-TEXAS-DALLAS-PROVOST,1971,2026,not_researched,none,,
US-BRIGHAM-YOUNG-UNIVERSITY-D-J-REUBEN-CLARK-LAW-SCHOOL,1971,2026,not_researched,none,,
US-UNIVERSITY-OF-KANSAS-D-UNIVERSITY-OF-KANSAS-SCHOOL-OF-LAW,1971,2026,not_researched,none,,
US-UNIVERSITY-OF-MISSISSIPPI-D-UNIVERSITY-OF-MISSISSIPPI-SCHOOL-OF-LAW,1971,2026,not_researched,none,,
US-UNIVERSITY-OF-NEW-MEXICO-D-UNIVERSITY-OF-NEW-MEXICO-SCHOOL-OF-LAW,1971,2026,not_researched,none,,
US-UNIVERSITY-OF-SOUTH-FLORIDA-D-USF-HEALTH-MORSANI-COLLEGE-OF-MEDICINE,1971,2026,not_researched,none,,
US-UNIVERSITY-OF-ALABAMA-HUNTSVILLE-D-COLLEGE-OF-NURSING,1971,1990,not_researched,none,,
US-UNIVERSITY-OF-ALABAMA-HUNTSVILLE-D-COLLEGE-OF-NURSING,1991,2026,researched_partial,web_search,,
US-UNIVERSITY-OF-TENNESSEE-KNOXVILLE-D-COLLEGE-OF-NURSING,1971,2026,not_researched,none,,
US-PEPPERDINE-UNIVERSITY-D-GRADUATE-SCHOOL-OF-EDUCATION-AND-PSYCHOLOGY,1971,1984,not_researched,none,,
US-PEPPERDINE-UNIVERSITY-D-GRADUATE-SCHOOL-OF-EDUCATION-AND-PSYCHOLOGY,1985,2026,researched_complete,web_search,,
US-UNIVERSITY-OF-FLORIDA-D-COLLEGE-OF-VETERINARY-MEDICINE,1971,2026,not_researched,none,,
US-BOSTON-COLLEGE-CENTRAL,1972,2026,not_researched,none,,
US-BRANDEIS-UNIVERSITY-CENTRAL,1972,2026,not_researched,none,,
US-CARNEGIE-MELLON-UNIVERSITY-CENTRAL,1972,2026,not_researched,none,,
US-GEORGIA-INSTITUTE-OF-TECHNOLOGY-CENTRAL,1972,2026,not_researched,none,,
US-JOHNS-HOPKINS-UNIVERSITY-CENTRAL,1972,2026,not_researched,none,,
US-NORTH-CAROLINA-A-AND-T-STATE-UNIVERSITY-CENTRAL,1972,1980,not_researched,none,,
US-NORTH-CAROLINA-A-AND-T-STATE-UNIVERSITY-CENTRAL,1981,2026,researched_partial,web_search,,
US-OHIO-STATE-UNIVERSITY-CENTRAL,1972,2026,not_researched,none,,
US-PRINCETON-UNIVERSITY-CENTRAL,1972,2026,not_researched,none,,
US-STEVENS-INSTITUTE-OF-TECHNOLOGY-CENTRAL,1972,1987,not_researched,none,,
US-STEVENS-INSTITUTE-OF-TECHNOLOGY-CENTRAL,1988,2026,researched_partial,web_search,,
US-TEXAS-CHRISTIAN-UNIVERSITY-PROVOST,1972,1978,not_researched,none,,
US-TEXAS-CHRISTIAN-UNIVERSITY-PROVOST,1979,2026,researched_partial,web_search,,
US-UNIVERSITY-OF-CALIFORNIA-SAN-DIEGO-PROVOST,1972,2026,not_researched,none,,
US-GEORGE-MASON-UNIVERSITY-D-ANTONIN-SCALIA-LAW-SCHOOL,1972,2026,not_researched,none,,
US-TEMPLE-UNIVERSITY-D-TEMPLE-UNIVERSITY-BEASLEY-SCHOOL-OF-LAW,1972,2026,not_researched,none,,
US-UNIVERSITY-OF-HAWAII-MANOA-D-UNIVERSITY-OF-HAWAII-AT-MANOA-WILLIAM-S-RICHARDS,1972,2026,not_researched,none,,
US-RUSH-UNIVERSITY-D-COLLEGE-OF-NURSING,1972,1983,not_researched,none,,
US-RUSH-UNIVERSITY-D-COLLEGE-OF-NURSING,1984,2026,researched_partial,web_search,,
US-UNIVERSITY-OF-ROCHESTER-D-SCHOOL-OF-NURSING,1972,2026,not_researched,none,,
US-UNIVERSITY-OF-TEXAS-AUSTIN-D-SCHOOL-OF-NURSING,1972,2026,not_researched,none,,
US-NORTH-CAROLINA-A-AND-T-STATE-UNIVERSITY-D-WILLIE-A-DEESE-COLLEGE-OF-BUSINESS-AND-ECONOMICS,1972,1980,not_researched,none,,
US-NORTH-CAROLINA-A-AND-T-STATE-UNIVERSITY-D-WILLIE-A-DEESE-COLLEGE-OF-BUSINESS-AND-ECONOMICS,1981,2026,researched_partial,web_search,,
US-INDIANA-UNIVERSITY-INDIANAPOLIS-CENTRAL,1973,2026,not_researched,none,,
US-TEMPLE-UNIVERSITY-CENTRAL,1973,2026,not_researched,none,,
US-UNIVERSITY-OF-KANSAS-CENTRAL,1973,2026,not_researched,none,,
US-UNIVERSITY-OF-TENNESSEE-KNOXVILLE-CENTRAL,1973,2026,not_researched,none,,
US-UNIVERSITY-OF-UTAH-CENTRAL,1973,2026,not_researched,none,,
US-DAEMEN-UNIVERSITY-CENTRAL,1973,2026,researched_complete,web_search,,
US-ELON-UNIVERSITY-CENTRAL,1973,2026,researched_complete,web_search,,
US-BAYLOR-UNIVERSITY-PROVOST,1973,2026,not_researched,none,,
US-FLORIDA-STATE-UNIVERSITY-PROVOST,1973,2026,not_researched,none,,
US-WASHINGTON-UNIVERSITY-ST-LOUIS-D-WASHINGTON-UNIVERSITY-SCHOOL-OF-LAW,1973,2026,not_researched,none,,
US-BROWN-UNIVERSITY-D-WARREN-ALPERT-MEDICAL-SCHOOL-OF-BROWN-UNIVERSITY,1973,2026,not_researched,none,,
US-SAMFORD-UNIVERSITY-D-MOFFETT-AND-SANDERS-SCHOOL-OF-NURSING,1973,1982,not_researched,none,,
US-SAMFORD-UNIVERSITY-D-MOFFETT-AND-SANDERS-SCHOOL-OF-NURSING,1983,2026,researched_complete,web_search,,
US-UNIVERSITY-OF-SOUTH-FLORIDA-D-COLLEGE-OF-NURSING,1973,2026,not_researched,none,,
US-UNIVERSITY-OF-TEXAS-SAN-ANTONIO-D-COLLEGE-OF-SCIENCES,1973,2026,not_researched,none,,
US-INDIANA-UNIVERSITY-BLOOMINGTON-D-JACOBS-SCHOOL-OF-MUSIC,1973,2026,not_researched,none,,
US-UNIVERSITY-OF-FLORIDA-CENTRAL,1974,2026,not_researched,none,,
US-UNIVERSITY-OF-MINNESOTA-TWIN-CITIES-CENTRAL,1974,2026,not_researched,none,,
US-UNIVERSITY-OF-RHODE-ISLAND-CENTRAL,1974,2026,not_researched,none,,
US-UNIVERSITY-OF-TEXAS-ARLINGTON-CENTRAL,1974,2026,not_researched,none,,
US-UNIVERSITY-OF-VIRGINIA-CENTRAL,1974,2026,not_researched,none,,
US-OAKLAND-CITY-UNIVERSITY-CENTRAL,1974,2026,researched_complete,web_search,,
US-NORTHWESTERN-UNIVERSITY-PROVOST,1974,2026,not_researched,none,,
US-DUKE-UNIVERSITY-D-FUQUA-SCHOOL-OF-BUSINESS,1974,2026,not_researched,none,,
US-UNIVERSITY-OF-ALABAMA-BIRMINGHAM-D-COLLAT-SCHOOL-OF-BUSINESS,1974,2026,not_researched,none,,
US-UNIVERSITY-OF-SOUTH-CAROLINA-D-UNIVERSITY-OF-SOUTH-CAROLINA-SCHOOL-OF-MEDICINE,1974,2026,not_researched,none,,
US-GEORGIA-INSTITUTE-OF-TECHNOLOGY-D-COLLEGE-OF-ENGINEERING,1974,2026,not_researched,none,,
US-BARRY-UNIVERSITY-D-SCHOOL-OF-NURSING,1974,1980,not_researched,none,,
US-BARRY-UNIVERSITY-D-SCHOOL-OF-NURSING,1981,2026,researched_complete,web_search,,
US-OAKLAND-UNIVERSITY-D-SCHOOL-OF-NURSING,1974,1994,not_researched,none,,
US-OAKLAND-UNIVERSITY-D-SCHOOL-OF-NURSING,1995,2026,researched_partial,web_search,,
US-UNIVERSITY-OF-SOUTH-ALABAMA-D-COLLEGE-OF-NURSING,1963,2026,researched_complete,web_search,,
US-BARRY-UNIVERSITY-D-ADRIAN-DOMINICAN-SCHOOL-OF-EDUCATION-LEADERSHIP,1974,1980,not_researched,none,,
US-BARRY-UNIVERSITY-D-ADRIAN-DOMINICAN-SCHOOL-OF-EDUCATION-LEADERSHIP,1981,2026,researched_complete,web_search,,
US-UNIVERSITY-OF-PENNSYLVANIA-D-SCHOOL-OF-ARTS-AND-SCIENCES,1974,2026,not_researched,none,,
US-UNIVERSITY-OF-CALIFORNIA-BERKELEY-D-RAUSSER-COLLEGE-OF-NATURAL-RESOURCES,1974,2026,not_researched,none,,
US-UNIVERSITY-OF-TENNESSEE-KNOXVILLE-D-COLLEGE-OF-VETERINARY-MEDICINE,1974,2026,not_researched,none,,
US-VIRGINIA-TECH-D-VIRGINIA-MARYLAND-COLLEGE-OF-VETERINARY-MEDICINE,1974,2026,not_researched,none,,
US-BINGHAMTON-UNIVERSITY-CENTRAL,1975,2026,not_researched,none,,
US-KANSAS-STATE-UNIVERSITY-CENTRAL,1975,2026,not_researched,none,,
US-NEW-YORK-UNIVERSITY-CENTRAL,1975,2026,not_researched,none,,
US-NORTHEASTERN-UNIVERSITY-CENTRAL,1975,2026,not_researched,none,,
US-OHIO-UNIVERSITY-CENTRAL,1975,2026,not_researched,none,,
US-UNIVERSITY-OF-MARYLAND-COLLEGE-PARK-CENTRAL,1975,2026,not_researched,none,,
US-UNIVERSITY-OF-NEW-MEXICO-CENTRAL,1975,2026,not_researched,none,,
US-UNIVERSITY-OF-ROCHESTER-CENTRAL,1975,2026,not_researched,none,,
US-VIRGINIA-TECH-CENTRAL,1975,2026,not_researched,none,,
US-NORTHWESTERN-UNIVERSITY-D-KELLOGG-SCHOOL-OF-MANAGEMENT,1975,2026,not_researched,none,,
US-TEXAS-TECH-UNIVERSITY-D-JERRY-S-RAWLS-COLLEGE-OF-BUSINESS,1975,2026,not_researched,none,,
US-NEW-YORK-UNIVERSITY-D-NEW-YORK-UNIVERSITY-SCHOOL-OF-LAW,1975,2026,not_researched,none,,
US-OHIO-UNIVERSITY-D-OHIO-UNIVERSITY-HERITAGE-COLLEGE-OF-OSTEOPATHIC,1975,2026,not_researched,none,,
US-TUFTS-UNIVERSITY-D-TUFTS-UNIVERSITY-SCHOOL-OF-MEDICINE,1975,2026,not_researched,none,,
US-UNIVERSITY-BUFFALO-D-JACOBS-SCHOOL-OF-MEDICINE-AND-BIOMEDICAL-SCIENCE,1975,2026,not_researched,none,,
US-NORTH-DAKOTA-STATE-UNIVERSITY-D-COLLEGE-OF-ENGINEERING,1975,2026,not_researched,none,,
US-RICE-UNIVERSITY-D-WIESS-SCHOOL-OF-NATURAL-SCIENCES,1975,2026,not_researched,none,,
US-UNIVERSITY-OF-WISCONSIN-MADISON-D-SCHOOL-OF-PHARMACY,1975,2026,not_researched,none,,
US-OREGON-STATE-UNIVERSITY-D-GARY-R-CARLSON-MD-COLLEGE-OF-VETERINARY-MEDICINE,1975,2026,not_researched,none,,
US-FLORIDA-STATE-UNIVERSITY-CENTRAL,1976,2026,not_researched,none,,
US-GEORGETOWN-UNIVERSITY-CENTRAL,1976,2026,not_researched,none,,
US-MISSISSIPPI-STATE-UNIVERSITY-CENTRAL,1976,2026,not_researched,none,,
US-NORTH-CAROLINA-STATE-UNIVERSITY-CENTRAL,1976,2026,not_researched,none,,
US-RENSSELAER-POLYTECHNIC-INSTITUTE-CENTRAL,1976,2026,not_researched,none,,
US-SANTA-CLARA-UNIVERSITY-CENTRAL,1976,1987,not_researched,none,,
US-SANTA-CLARA-UNIVERSITY-CENTRAL,1988,2026,researched_complete,web_search,,
US-TUFTS-UNIVERSITY-CENTRAL,1976,2026,not_researched,none,,
US-UNIVERSITY-OF-NEBRASKA-LINCOLN-CENTRAL,1976,2026,not_researched,none,,
US-UNIVERSITY-OF-VERMONT-CENTRAL,1976,2026,not_researched,none,,
US-HOFSTRA-UNIVERSITY-CENTRAL,1976,2026,researched_complete,web_search,,
US-YESHIVA-UNIVERSITY-CENTRAL,1976,2026,researched_complete,web_search,,
US-SEATTLE-UNIVERSITY-CENTRAL,1976,2026,researched_complete,web_search,,
US-EMORY-UNIVERSITY-PROVOST,1976,2026,not_researched,none,,
US-UNIVERSITY-OF-OREGON-D-LUNDQUIST-COLLEGE-OF-BUSINESS,1976,2026,not_researched,none,,
US-PACE-UNIVERSITY-D-ELISABETH-HAUB-SCHOOL-OF-LAW-AT-PACE-UNIVERSITY,1976,1989,not_researched,none,,
US-PACE-UNIVERSITY-D-ELISABETH-HAUB-SCHOOL-OF-LAW-AT-PACE-UNIVERSITY,1990,2026,researched_complete,web_search,,
US-OREGON-HEALTH-AND-SCIENCE-UNIVERSITY-D-SCHOOL-OF-NURSING,1976,1987,not_researched,none,,
US-OREGON-HEALTH-AND-SCIENCE-UNIVERSITY-D-SCHOOL-OF-NURSING,1988,2026,researched_partial,web_search,,
US-UNIVERSITY-OF-TEXAS-ARLINGTON-D-COLLEGE-OF-NURSING-AND-HEALTH-INNOVATION,1976,2026,not_researched,none,,
US-UNIVERSITY-OF-TEXAS-EL-PASO-D-SCHOOL-OF-NURSING,1976,2026,not_researched,none,,
US-UNIVERSITY-OF-FLORIDA-D-COLLEGE-OF-JOURNALISM-AND-COMMUNICATIONS,1976,2026,not_researched,none,,
US-VIRGINIA-COMMONWEALTH-UNIVERSITY-D-SCHOOL-OF-THE-ARTS,1976,2026,not_researched,none,,
US-BROWN-UNIVERSITY-CENTRAL,1977,2026,not_researched,none,,
US-CUNY-BARUCH-COLLEGE-CENTRAL,1977,2026,not_researched,none,,
US-CHAPMAN-UNIVERSITY-CENTRAL,1977,1990,not_researched,none,,
US-CHAPMAN-UNIVERSITY-CENTRAL,1991,2026,researched_partial,web_search,,
US-CORNELL-UNIVERSITY-CENTRAL,1977,2026,not_researched,none,,
US-EMORY-UNIVERSITY-CENTRAL,1977,2026,not_researched,none,,
US-KENT-STATE-UNIVERSITY-CENTRAL,1977,2026,not_researched,none,,
US-MONTANA-STATE-UNIVERSITY-CENTRAL,1977,2026,not_researched,none,,
US-OKLAHOMA-STATE-UNIVERSITY-CENTRAL,1977,2026,not_researched,none,,
US-UNIVERSITY-ALBANY-SUNY-CENTRAL,1977,2026,not_researched,none,,
US-UNIVERSITY-OF-ALABAMA-BIRMINGHAM-CENTRAL,1977,2026,not_researched,none,,
US-UNIVERSITY-OF-CALIFORNIA-SANTA-BARBARA-CENTRAL,1977,2026,not_researched,none,,
US-UNIVERSITY-OF-CALIFORNIA-SANTA-CRUZ-CENTRAL,1977,2026,not_researched,none,,
US-UNIVERSITY-OF-CINCINNATI-CENTRAL,1977,2026,not_researched,none,,
US-UNIVERSITY-OF-HOUSTON-CENTRAL,1977,2026,not_researched,none,,
US-UNIVERSITY-OF-IDAHO-CENTRAL,1977,2026,not_researched,none,,
US-UNIVERSITY-OF-MARYLAND-BALTIMORE-COUNTY-CENTRAL,1977,2026,not_researched,none,,
US-UNIVERSITY-OF-SOUTH-CAROLINA-CENTRAL,1977,2026,not_researched,none,,
US-UNIVERSITY-OF-WISCONSIN-MADISON-CENTRAL,1977,2026,not_researched,none,,
US-WEST-VIRGINIA-UNIVERSITY-CENTRAL,1977,2026,not_researched,none,,
US-UNIVERSITY-OF-NEBRASKA-OMAHA-CENTRAL,1977,2026,researched_partial,web_search,,
US-CAPITOL-TECHNOLOGY-UNIVERSITY-CENTRAL,1977,2026,researched_complete,web_search,,
US-CARSON-NEWMAN-UNIVERSITY-CENTRAL,1977,2026,researched_complete,web_search,,
US-KEISER-UNIVERSITY-FT-LAUDERDALE-CENTRAL,1977,2026,researched_complete,web_search,,
US-NATIONAL-LOUIS-UNIVERSITY-CENTRAL,1977,2026,researched_partial,web_search,,
US-BOSTON-COLLEGE-D-CARROLL-SCHOOL-OF-MANAGEMENT,1977,2026,not_researched,none,,
US-UNIVERSITY-OF-TENNESSEE-KNOXVILLE-D-HASLAM-COLLEGE-OF-BUSINESS,1977,2026,not_researched,none,,
US-TEXAS-A-AND-M-UNIVERSITY-D-TEXAS-A-AND-M-UNIVERSITY-NARESH-K-VASHISHT-COLLE,1977,2026,not_researched,none,,
US-UNIVERSITY-OF-MARYLAND-COLLEGE-PARK-D-A-JAMES-CLARK-SCHOOL-OF-ENGINEERING,1977,2026,not_researched,none,,
US-UNIVERSITY-OF-NORTH-CAROLINA-D-COLLEGE-OF-ARTS-AND-SCIENCES,1977,2026,not_researched,none,,
US-FERRIS-STATE-UNIVERSITY-D-COLLEGE-OF-PHARMACY,1977,1993,not_researched,none,,
US-FERRIS-STATE-UNIVERSITY-D-COLLEGE-OF-PHARMACY,1994,2026,researched_complete,web_search,,
US-BOISE-STATE-UNIVERSITY-CENTRAL,1978,1992,not_researched,none,,
US-BOISE-STATE-UNIVERSITY-CENTRAL,1993,2026,researched_partial,web_search,,
US-CALIFORNIA-INSTITUTE-OF-TECHNOLOGY-CENTRAL,1978,2026,not_researched,none,,
US-COLLEGE-OF-CHARLESTON-CENTRAL,1978,2026,not_researched,none,,
US-GEORGE-MASON-UNIVERSITY-CENTRAL,1978,2026,not_researched,none,,
US-MISSOURI-UNIVERSITY-OF-SCIENCE-AND-TECHNOLOGY-CENTRAL,1978,2026,not_researched,none,,
US-NEW-JERSEY-INSTITUTE-OF-TECHNOLOGY-CENTRAL,1978,2026,not_researched,none,,
US-PEPPERDINE-UNIVERSITY-CENTRAL,1978,1984,not_researched,none,,
US-PEPPERDINE-UNIVERSITY-CENTRAL,1985,2026,researched_complete,web_search,,
US-UNIVERSITY-OF-CENTRAL-FLORIDA-CENTRAL,1978,2026,not_researched,none,,
US-UNIVERSITY-OF-CHICAGO-CENTRAL,1978,2026,not_researched,none,,
US-UNIVERSITY-OF-MISSOURI-CENTRAL,1978,2026,not_researched,none,,
US-UNIVERSITY-OF-NEVADA-RENO-CENTRAL,1978,2026,not_researched,none,,
US-UNIVERSITY-OF-OKLAHOMA-CENTRAL,1978,2026,not_researched,none,,
US-UNIVERSITY-OF-SOUTH-FLORIDA-CENTRAL,1978,2026,not_researched,none,,
US-UNIVERSITY-OF-TEXAS-SAN-ANTONIO-CENTRAL,1978,2026,not_researched,none,,
US-VIRGINIA-COMMONWEALTH-UNIVERSITY-CENTRAL,1978,2026,not_researched,none,,
US-WAYNE-STATE-UNIVERSITY-CENTRAL,1978,2026,not_researched,none,,
US-YALE-UNIVERSITY-CENTRAL,1978,2026,not_researched,none,,
US-HAMPTON-UNIVERSITY-CENTRAL,1978,2026,researched_complete,web_search,,
US-BASTYR-UNIVERSITY-CENTRAL,1978,2026,researched_complete,web_search,,
US-DESALES-UNIVERSITY-CENTRAL,1978,2026,researched_complete,web_search,,
US-GRAND-CANYON-UNIVERSITY-CENTRAL,1978,2026,researched_complete,web_search,,
US-OUR-LADY-OF-THE-LAKE-UNIVERSITY-CENTRAL,1978,2026,researched_complete,web_search,,
US-UNIVERSITY-OF-MARY-CENTRAL,1978,2026,researched_complete,web_search,,
US-VALDOSTA-STATE-UNIVERSITY-CENTRAL,1978,2026,researched_complete,web_search,,
US-BROWN-UNIVERSITY-PROVOST,1978,2026,not_researched,none,,
US-RUTGERS-UNIVERSITY-PROVOST,1978,2026,not_researched,none,,
US-OHIO-STATE-UNIVERSITY-PROVOST,1978,2026,not_researched,none,,
US-NORTH-CAROLINA-STATE-UNIVERSITY-D-COLLEGE-OF-ENGINEERING,1978,2026,not_researched,none,,
US-UNIVERSITY-BUFFALO-D-SCHOOL-OF-ENGINEERING-AND-APPLIED-SCIENCES,1978,2026,not_researched,none,,
US-UNIVERSITY-OF-ALABAMA-BIRMINGHAM-D-SCHOOL-OF-ENGINEERING,1978,2026,not_researched,none,,
US-WASHINGTON-UNIVERSITY-ST-LOUIS-D-ARTS-AND-SCIENCES,1978,2026,not_researched,none,,
US-SOUTHERN-METHODIST-UNIVERSITY-D-MEADOWS-SCHOOL-OF-THE-ARTS,1978,2026,not_researched,none,,
US-TUFTS-UNIVERSITY-D-CUMMINGS-SCHOOL-OF-VETERINARY-MEDICINE-AT-TUFTS,1978,2026,not_researched,none,,
US-UNIVERSITY-OF-CALIFORNIA-LOS-ANGELES-D-ANDERSON-SCHOOL-OF-MANAGEMENT,1978,2026,not_researched,none,,
US-CLEMSON-UNIVERSITY-CENTRAL,1979,2026,not_researched,none,,
US-FLORIDA-INTERNATIONAL-UNIVERSITY-CENTRAL,1979,2026,not_researched,none,,
US-MICHIGAN-STATE-UNIVERSITY-CENTRAL,1979,2026,not_researched,none,,
US-TEXAS-CHRISTIAN-UNIVERSITY-CENTRAL,1979,2026,researched_partial,web_search,,
US-UNIVERSITY-OF-ALABAMA-HUNTSVILLE-CENTRAL,1979,1990,not_researched,none,,
US-UNIVERSITY-OF-ALABAMA-HUNTSVILLE-CENTRAL,1991,2026,researched_partial,web_search,,
US-UNIVERSITY-OF-CALIFORNIA-RIVERSIDE-CENTRAL,1979,2026,not_researched,none,,
US-UNIVERSITY-OF-CONNECTICUT-CENTRAL,1979,2026,not_researched,none,,
US-UNIVERSITY-OF-MASSACHUSETTS-AMHERST-CENTRAL,1979,2026,not_researched,none,,
US-UNIVERSITY-OF-NEVADA-LAS-VEGAS-CENTRAL,1979,2026,not_researched,none,,
US-UNIVERSITY-OF-TEXAS-AUSTIN-CENTRAL,1979,2026,not_researched,none,,
US-UNIVERSITY-OF-WASHINGTON-CENTRAL,1979,2026,not_researched,none,,
US-UTAH-STATE-UNIVERSITY-CENTRAL,1979,2026,not_researched,none,,
US-CALIFORNIA-STATE-UNIVERSITY-LOS-ANGELES-CENTRAL,1979,2026,researched_partial,web_search,,
US-MERCER-UNIVERSITY-CENTRAL,1979,2026,researched_partial,web_search,,
US-UNIVERSITY-OF-ARKANSAS-FOR-MEDICAL-SCIENCES-CENTRAL,1979,2026,researched_partial,web_search,,
US-CONCORDIA-UNIVERSITY-WISCONSIN-CENTRAL,1979,2026,researched_complete,web_search,,
US-CONCORDIA-UNIVERSITY-IRVINE-CENTRAL,1979,2026,researched_partial,web_search,,
US-DYOUVILLE-UNIVERSITY-CENTRAL,1979,2026,researched_complete,web_search,,
US-FAIRFIELD-UNIVERSITY-CENTRAL,1979,2026,researched_complete,web_search,,
US-OKLAHOMA-CITY-UNIVERSITY-CENTRAL,1979,2026,researched_complete,web_search,,
US-WILMINGTON-UNIVERSITY-CENTRAL,1979,2026,researched_complete,web_search,,
US-GEORGETOWN-UNIVERSITY-PROVOST,1979,2026,not_researched,none,,
US-GEORGE-WASHINGTON-UNIVERSITY-D-GEORGE-WASHINGTON-UNIVERSITY-LAW-SCHOOL,1979,2026,not_researched,none,,
US-JOHNS-HOPKINS-UNIVERSITY-D-WHITING-SCHOOL-OF-ENGINEERING,1979,2026,not_researched,none,,
US-AUBURN-UNIVERSITY-D-COLLEGE-OF-NURSING,1979,2026,not_researched,none,,
US-HARDING-UNIVERSITY-D-CARR-COLLEGE-OF-NURSING,1979,1986,not_researched,none,,
US-HARDING-UNIVERSITY-D-CARR-COLLEGE-OF-NURSING,1987,2026,researched_complete,web_search,,
US-UNIVERSITY-OF-NORTH-CAROLINA-WILMINGTON-D-WATSON-COLLEGE-OF-EDUCATION,1979,1989,not_researched,none,,
US-UNIVERSITY-OF-NORTH-CAROLINA-WILMINGTON-D-WATSON-COLLEGE-OF-EDUCATION,1990,2026,researched_partial,web_search,,
US-RICE-UNIVERSITY-D-SCHOOL-OF-SOCIAL-SCIENCES,1979,2026,not_researched,none,,
US-UNIVERSITY-OF-MICHIGAN-D-SCHOOL-OF-MUSIC-THEATRE-AND-DANCE,1979,2026,not_researched,none,,
US-YALE-UNIVERSITY-D-DAVID-GEFFEN-SCHOOL-OF-DRAMA,1979,2026,not_researched,none,,
US-NORTH-CAROLINA-STATE-UNIVERSITY-D-COLLEGE-OF-VETERINARY-MEDICINE,1979,2026,not_researched,none,,
US-UNIVERSITY-OF-WISCONSIN-MADISON-D-SCHOOL-OF-VETERINARY-MEDICINE,1979,2026,not_researched,none,,
US-AMERICAN-UNIVERSITY-CENTRAL,1980,2026,not_researched,none,,
US-AUBURN-UNIVERSITY-CENTRAL,1980,2026,not_researched,none,,
US-BRIGHAM-YOUNG-UNIVERSITY-CENTRAL,1980,2026,not_researched,none,,
US-CASE-WESTERN-RESERVE-UNIVERSITY-CENTRAL,1980,2026,not_researched,none,,
US-COLORADO-STATE-UNIVERSITY-CENTRAL,1980,2026,not_researched,none,,
US-COLUMBIA-UNIVERSITY-CENTRAL,1980,2026,not_researched,none,,
US-MASSACHUSETTS-INSTITUTE-OF-TECHNOLOGY-CENTRAL,1980,2026,not_researched,none,,
US-STANFORD-UNIVERSITY-CENTRAL,1980,2026,not_researched,none,,
US-STONY-BROOK-UNIVERSITY-CENTRAL,1980,2026,not_researched,none,,
US-TEXAS-A-AND-M-UNIVERSITY-CENTRAL,1980,2026,not_researched,none,,
US-TEXAS-TECH-UNIVERSITY-CENTRAL,1980,2026,not_researched,none,,
US-UNIVERSITY-OF-ARKANSAS-CENTRAL,1980,2026,not_researched,none,,
US-UNIVERSITY-OF-CALIFORNIA-BERKELEY-CENTRAL,1980,2026,not_researched,none,,
US-UNIVERSITY-OF-CALIFORNIA-SAN-DIEGO-CENTRAL,1980,2026,not_researched,none,,
US-UNIVERSITY-OF-LOUISVILLE-CENTRAL,1980,2026,not_researched,none,,
US-UNIVERSITY-OF-MAINE-CENTRAL,1980,2026,not_researched,none,,
US-UNIVERSITY-OF-MEMPHIS-CENTRAL,1980,2026,not_researched,none,,
US-UNIVERSITY-OF-MICHIGAN-CENTRAL,1980,2026,not_researched,none,,
US-UNIVERSITY-OF-NEW-HAMPSHIRE-CENTRAL,1980,2026,not_researched,none,,
US-UNIVERSITY-OF-NORTH-CAROLINA-CENTRAL,1980,2026,not_researched,none,,
US-UNIVERSITY-OF-OREGON-CENTRAL,1980,2026,not_researched,none,,
US-UNIVERSITY-OF-SOUTHERN-CALIFORNIA-CENTRAL,1980,2026,not_researched,none,,
US-UNIVERSITY-OF-TEXAS-EL-PASO-CENTRAL,1980,2026,not_researched,none,,
US-UNIVERSITY-OF-THE-CUMBERLANDS-CENTRAL,1980,2026,researched_complete,web_search,,
US-AMERICAN-UNIVERSITY-PROVOST,1980,2026,not_researched,none,,
US-CALIFORNIA-INSTITUTE-OF-TECHNOLOGY-PROVOST,1980,2026,not_researched,none,,
US-KANSAS-STATE-UNIVERSITY-PROVOST,1980,2026,not_researched,none,,
US-UNIVERSITY-OF-ARIZONA-D-ELLER-COLLEGE-OF-MANAGEMENT,1980,2026,not_researched,none,,
US-MICHIGAN-STATE-UNIVERSITY-D-COLLEGE-OF-NURSING,1980,2026,not_researched,none,,
US-MISSOURI-STATE-UNIVERSITY-D-WILLIAM-H-DARR-COLLEGE-OF-AGRICULTURE,1980,1992,not_researched,none,,
US-MISSOURI-STATE-UNIVERSITY-D-WILLIAM-H-DARR-COLLEGE-OF-AGRICULTURE,1993,2026,researched_complete,web_search,,
US-BAYLOR-UNIVERSITY-CENTRAL,1981,2026,not_researched,none,,
US-LOUISIANA-STATE-UNIVERSITY-CENTRAL,1981,2026,not_researched,none,,
US-SOUTHERN-METHODIST-UNIVERSITY-CENTRAL,1981,2026,not_researched,none,,
US-TULANE-UNIVERSITY-CENTRAL,1981,2026,not_researched,none,,
US-UNIVERSITY-OF-ALABAMA-CENTRAL,1981,2026,not_researched,none,,
US-UNIVERSITY-OF-COLORADO-BOULDER-CENTRAL,1981,2026,not_researched,none,,
US-UNIVERSITY-OF-COLORADO-DENVER-CENTRAL,1981,2026,not_researched,none,,
US-CLAREMONT-GRADUATE-UNIVERSITY-CENTRAL,1981,2026,researched_partial,web_search,,
US-CREIGHTON-UNIVERSITY-CENTRAL,1981,2026,researched_partial,web_search,,
US-KENNESAW-STATE-UNIVERSITY-CENTRAL,1981,2026,researched_partial,web_search,,
US-RUTGERS-UNIVERSITY-CAMDEN-CENTRAL,1981,2026,researched_partial,web_search,,
US-UNIVERSITY-OF-TEXAS-TYLER-CENTRAL,1981,2026,researched_partial,web_search,,
US-BARRY-UNIVERSITY-CENTRAL,1981,2026,researched_complete,web_search,,
US-COLLEGE-OF-SAINT-SCHOLASTICA-CENTRAL,1981,2026,researched_complete,web_search,,
US-UNIVERSITY-OF-TENNESSEE-CHATTANOOGA-CENTRAL,1981,2026,researched_partial,web_search,,
US-GEORGIA-INSTITUTE-OF-TECHNOLOGY-PROVOST,1981,2026,not_researched,none,,
US-UNIVERSITY-OF-SOUTHERN-CALIFORNIA-PROVOST,1981,2026,not_researched,none,,
US-UNIVERSITY-OF-KENTUCKY-D-GATTON-COLLEGE-OF-BUSINESS-AND-ECONOMICS,1981,2026,not_researched,none,,
US-OHIO-STATE-UNIVERSITY-D-OHIO-STATE-UNIVERSITY-COLLEGE-OF-MEDICINE,1981,2026,not_researched,none,,
US-UNIVERSITY-OF-NEVADA-RENO-D-UNIVERSITY-OF-NEVADA-RENO-SCHOOL-OF-MEDICINE,1981,2026,not_researched,none,,
US-MASSACHUSETTS-INSTITUTE-OF-TECHNOLOGY-D-SCHOOL-OF-ENGINEERING,1981,2026,not_researched,none,,
US-UNIVERSITY-OF-HAWAII-MANOA-D-COLLEGE-OF-ENGINEERING,1981,2026,not_researched,none,,
US-UNIVERSITY-OF-WASHINGTON-D-COLLEGE-OF-ENGINEERING,1981,2026,not_researched,none,,
US-UNIVERSITY-OF-WISCONSIN-MADISON-D-COLLEGE-OF-ENGINEERING,1981,2026,not_researched,none,,
US-UNIVERSITY-OF-ALABAMA-BIRMINGHAM-D-SCHOOL-OF-PUBLIC-HEALTH,1981,2026,not_researched,none,,
US-OREGON-STATE-UNIVERSITY-D-COLLEGE-OF-EDUCATION,1981,2026,not_researched,none,,
US-MASSACHUSETTS-INSTITUTE-OF-TECHNOLOGY-D-SCHOOL-OF-ARCHITECTURE-AND-PLANNING,1981,2026,not_researched,none,,
US-UNIVERSITY-OF-ILLINOIS-CHICAGO-D-RETZKY-COLLEGE-OF-PHARMACY,1981,2026,not_researched,none,,
US-UNIVERSITY-OF-RHODE-ISLAND-D-COLLEGE-OF-PHARMACY,1981,2026,not_researched,none,,
US-RUTGERS-UNIVERSITY-NEWARK-CENTRAL,1982,2026,researched_partial,web_search,,
US-NEW-SCHOOL-CENTRAL,1982,2026,researched_partial,web_search,,
US-BELMONT-UNIVERSITY-CENTRAL,1982,2026,researched_complete,web_search,,
US-BETHEL-UNIVERSITY-CENTRAL,1982,2026,researched_complete,web_search,,
US-BIOLA-UNIVERSITY-CENTRAL,1982,2026,researched_complete,web_search,,
US-SHENANDOAH-UNIVERSITY-CENTRAL,1982,2026,researched_partial,web_search,,
US-FLORIDA-INTERNATIONAL-UNIVERSITY-PROVOST,1982,2026,not_researched,none,,
US-TEMPLE-UNIVERSITY-PROVOST,1982,2026,not_researched,none,,
US-UNIVERSITY-OF-ARKANSAS-PROVOST,1982,2026,not_researched,none,,
US-UNIVERSITY-OF-KENTUCKY-PROVOST,1982,2026,not_researched,none,,
US-UNIVERSITY-OF-GEORGIA-D-TERRY-COLLEGE-OF-BUSINESS,1982,2026,not_researched,none,,
US-VIRGINIA-TECH-D-PAMPLIN-COLLEGE-OF-BUSINESS,1982,2026,not_researched,none,,
US-UNIVERSITY-OF-KENTUCKY-D-UNIVERSITY-OF-KENTUCKY-J-DAVID-ROSENBERG-COLLEGE,1982,2026,not_researched,none,,
US-UNIVERSITY-OF-CALIFORNIA-SAN-DIEGO-D-JACOBS-SCHOOL-OF-ENGINEERING,1982,2026,not_researched,none,,
US-UNIVERSITY-OF-HOUSTON-D-CULLEN-COLLEGE-OF-ENGINEERING,1982,2026,not_researched,none,,
US-FLORIDA-INTERNATIONAL-UNIVERSITY-D-NICOLE-WERTHEIM-COLLEGE-OF-NURSING-AND-HEALTH-SC,1982,2026,not_researched,none,,
US-ILLINOIS-STATE-UNIVERSITY-D-MENNONITE-COLLEGE-OF-NURSING,1982,1994,not_researched,none,,
US-ILLINOIS-STATE-UNIVERSITY-D-MENNONITE-COLLEGE-OF-NURSING,1995,2026,researched_partial,web_search,,
US-STONY-BROOK-UNIVERSITY-D-SCHOOL-OF-NURSING,1982,2026,not_researched,none,,
US-UNIVERSITY-OF-CINCINNATI-D-COLLEGE-OF-DESIGN-ARCHITECTURE-ART-AND-PLANNING,1982,2026,not_researched,none,,
US-UNIVERSITY-OF-MIAMI-D-FROST-SCHOOL-OF-MUSIC,1982,2026,not_researched,none,,
US-UNIVERSITY-OF-CALIFORNIA-SAN-DIEGO-D-DIVISION-OF-GRADUATE-EDUCATION-AND-POSTDOCTORAL,1982,2026,not_researched,none,,
US-UNIVERSITY-OF-ILLINOIS-CHICAGO-CENTRAL,1983,2026,not_researched,none,,
US-WAKE-FOREST-UNIVERSITY-CENTRAL,1983,2026,researched_partial,web_search,,
US-GEORGE-FOX-UNIVERSITY-CENTRAL,1983,2026,researched_complete,web_search,,
US-NORTHERN-KENTUCKY-UNIVERSITY-CENTRAL,1983,2026,researched_complete,web_search,,
US-SAMFORD-UNIVERSITY-CENTRAL,1983,2026,researched_complete,web_search,,
US-STOCKTON-UNIVERSITY-CENTRAL,1983,2026,researched_partial,web_search,,
US-UNIVERSITY-OF-FINDLAY-CENTRAL,1983,2026,researched_partial,web_search,,
US-TEXAS-A-AND-M-UNIVERSITY-PROVOST,1983,2026,not_researched,none,,
US-UNIVERSITY-OF-CALIFORNIA-BERKELEY-D-HAAS-SCHOOL-OF-BUSINESS,1983,2026,not_researched,none,,
US-UNIVERSITY-OF-ROCHESTER-D-SIMON-BUSINESS-SCHOOL,1983,2026,not_researched,none,,
US-UNIVERSITY-OF-IDAHO-D-UNIVERSITY-OF-IDAHO-COLLEGE-OF-LAW,1983,2026,not_researched,none,,
US-DUKE-UNIVERSITY-D-PRATT-SCHOOL-OF-ENGINEERING,1983,2026,not_researched,none,,
US-MONTANA-STATE-UNIVERSITY-D-NORM-ASBJORNSON-COLLEGE-OF-ENGINEERING,1983,2026,not_researched,none,,
US-UNIVERSITY-OF-ALABAMA-D-COLLEGE-OF-ENGINEERING,1983,2026,not_researched,none,,
US-UNIVERSITY-OF-ARKANSAS-D-COLLEGE-OF-ENGINEERING,1983,2026,not_researched,none,,
US-UNIVERSITY-OF-CALIFORNIA-DAVIS-D-COLLEGE-OF-ENGINEERING,1983,2026,not_researched,none,,
US-UNIVERSITY-OF-CALIFORNIA-SANTA-BARBARA-D-COLLEGE-OF-ENGINEERING,1983,2026,not_researched,none,,
US-JOHNS-HOPKINS-UNIVERSITY-D-SCHOOL-OF-NURSING,1983,2026,not_researched,none,,
US-OHIO-STATE-UNIVERSITY-D-COLLEGE-OF-NURSING,1983,2026,not_researched,none,,
US-UNIVERSITY-OF-ILLINOIS-URBANA-CHAMPAIGN-CENTRAL,1984,2026,not_researched,none,,
US-ALBERT-EINSTEIN-COLLEGE-OF-MEDICINE-CENTRAL,1984,2026,researched_partial,web_search,,
US-BALL-STATE-UNIVERSITY-CENTRAL,1984,2026,researched_partial,web_search,,
US-CALIFORNIA-STATE-UNIVERSITY-SACRAMENTO-CENTRAL,1984,2026,researched_partial,web_search,,
US-CLARK-UNIVERSITY-CENTRAL,1984,2026,researched_partial,web_search,,
US-FORDHAM-UNIVERSITY-CENTRAL,1984,2026,researched_partial,web_search,,
US-MORGAN-STATE-UNIVERSITY-CENTRAL,1984,2026,researched_partial,web_search,,
US-ROWAN-UNIVERSITY-CENTRAL,1984,2026,researched_partial,web_search,,
US-RUSH-UNIVERSITY-CENTRAL,1984,2026,researched_partial,web_search,,
US-SOUTHERN-CONNECTICUT-STATE-UNIVERSITY-CENTRAL,1984,2026,researched_partial,web_search,,
US-SUNY-COLLEGE-OF-ENVIRONMENTAL-SCIENCE-AND-FORESTRY-CENTRAL,1984,2026,researched_partial,web_search,,
US-CLARKE-UNIVERSITY-CENTRAL,1984,2026,researched_partial,web_search,,
US-EASTERN-KENTUCKY-UNIVERSITY-CENTRAL,1984,2026,researched_complete,web_search,,
US-PONTIFICAL-CATHOLIC-UNIVERSITY-OF-PUERTO-RICO-PONCE-CENTRAL,1984,2026,researched_complete,web_search,,
US-SAINT-MARYS-UNIVERSITY-OF-MINNESOTA-CENTRAL,1984,2026,researched_complete,web_search,,
US-ST-CATHERINE-UNIVERSITY-CENTRAL,1984,2026,researched_complete,web_search,,
US-WILKES-UNIVERSITY-CENTRAL,1984,2026,researched_complete,web_search,,
US-GEORGE-WASHINGTON-UNIVERSITY-PROVOST,1984,2026,not_researched,none,,
US-PENNSYLVANIA-STATE-UNIVERSITY-PROVOST,1984,2026,not_researched,none,,
US-UNIVERSITY-OF-CALIFORNIA-DAVIS-PROVOST,1984,2026,not_researched,none,,
US-UNIVERSITY-OF-CALIFORNIA-SANTA-BARBARA-PROVOST,1984,2026,not_researched,none,,
US-UNIVERSITY-OF-IDAHO-PROVOST,1984,2026,not_researched,none,,
US-UNIVERSITY-OF-TENNESSEE-KNOXVILLE-PROVOST,1984,2026,not_researched,none,,
US-COLLEGE-OF-CHARLESTON-D-SCHOOL-OF-BUSINESS,1984,2026,not_researched,none,,
US-KANSAS-STATE-UNIVERSITY-D-COLLEGE-OF-BUSINESS-ADMINISTRATION,1984,2026,not_researched,none,,
US-DARTMOUTH-COLLEGE-D-THAYER-SCHOOL-OF-ENGINEERING,1984,2026,not_researched,none,,
US-FLORIDA-INTERNATIONAL-UNIVERSITY-D-COLLEGE-OF-ENGINEERING-AND-COMPUTING,1984,2026,not_researched,none,,
US-GEORGE-MASON-UNIVERSITY-D-VOLGENAU-SCHOOL-OF-ENGINEERING,1984,2026,not_researched,none,,
US-STANFORD-UNIVERSITY-D-SCHOOL-OF-ENGINEERING,1984,2026,not_researched,none,,
US-TEXAS-A-AND-M-UNIVERSITY-D-COLLEGE-OF-ENGINEERING,1984,2026,not_researched,none,,
US-UNIVERSITY-OF-NOTRE-DAME-D-COLLEGE-OF-ENGINEERING,1984,2026,not_researched,none,,
US-UNIVERSITY-OF-SOUTHERN-CALIFORNIA-D-VITERBI-SCHOOL-OF-ENGINEERING,1984,2026,not_researched,none,,
US-UNIVERSITY-OF-VIRGINIA-D-SCHOOL-OF-ENGINEERING-AND-APPLIED-SCIENCE,1984,2026,not_researched,none,,
US-UNIVERSITY-OF-MEMPHIS-D-LOEWENBERG-COLLEGE-OF-NURSING,1984,2026,not_researched,none,,
US-FLORIDA-AGRICULTURAL-AND-MECHANICAL-UNIVERSITY-CENTRAL,1985,2026,researched_partial,web_search,,
US-ICAHN-SCHOOL-OF-MEDICINE-MOUNT-SINAI-CENTRAL,1985,2026,researched_partial,web_search,,
US-IDAHO-STATE-UNIVERSITY-CENTRAL,1985,2026,researched_partial,web_search,,
US-LONG-ISLAND-UNIVERSITY-CENTRAL,1985,2026,researched_partial,web_search,,
US-SOUTH-DAKOTA-STATE-UNIVERSITY-CENTRAL,1985,2026,researched_partial,web_search,,
US-WESTERN-MICHIGAN-UNIVERSITY-CENTRAL,1985,2026,researched_partial,web_search,,
US-ADELPHI-UNIVERSITY-CENTRAL,1985,2026,researched_partial,web_search,,
US-ALBIZU-UNIVERSITY-MIAMI-CENTRAL,1985,2026,researched_partial,web_search,,
US-BRENAU-UNIVERSITY-CENTRAL,1985,2026,researched_complete,web_search,,
US-DRAKE-UNIVERSITY-CENTRAL,1985,2026,researched_complete,web_search,,
US-LESLEY-UNIVERSITY-CENTRAL,1985,2026,researched_complete,web_search,,
US-MARY-BALDWIN-UNIVERSITY-CENTRAL,1985,2026,researched_complete,web_search,,
US-MASTERS-UNIVERSITY-AND-SEMINARY-CENTRAL,1985,2026,researched_partial,web_search,,
US-UNIVERSITY-OF-LA-VERNE-CENTRAL,1985,2026,researched_complete,web_search,,
US-UNIVERSITY-OF-PIKEVILLE-CENTRAL,1985,2026,researched_complete,web_search,,
US-NORTH-DAKOTA-STATE-UNIVERSITY-PROVOST,1985,2026,not_researched,none,,
US-OREGON-STATE-UNIVERSITY-PROVOST,1985,2026,not_researched,none,,
US-TEXAS-TECH-UNIVERSITY-PROVOST,1985,2026,not_researched,none,,
US-UNIVERSITY-OF-TEXAS-AUSTIN-PROVOST,1985,2026,not_researched,none,,
US-VANDERBILT-UNIVERSITY-PROVOST,1985,2026,not_researched,none,,
US-WEST-VIRGINIA-UNIVERSITY-PROVOST,1985,2026,not_researched,none,,
US-LOUISIANA-STATE-UNIVERSITY-D-E-J-OURSO-COLLEGE-OF-BUSINESS,1985,2026,not_researched,none,,
US-UNIVERSITY-OF-DELAWARE-D-ALFRED-LERNER-COLLEGE-OF-BUSINESS-AND-ECONOMICS,1985,2026,not_researched,none,,
US-CORNELL-UNIVERSITY-D-COLLEGE-OF-ENGINEERING,1985,2026,not_researched,none,,
US-TEXAS-TECH-UNIVERSITY-D-WHITACRE-COLLEGE-OF-ENGINEERING,1985,2026,not_researched,none,,
US-UNIVERSITY-OF-CALIFORNIA-IRVINE-D-HENRY-SAMUELI-SCHOOL-OF-ENGINEERING,1985,2026,not_researched,none,,
US-UNIVERSITY-OF-CALIFORNIA-LOS-ANGELES-D-JONATHAN-AND-KARIN-FIELDING-SCHOOL-OF-PUBLIC-HEA,1985,2026,not_researched,none,,
US-UNIVERSITY-OF-CALIFORNIA-SAN-DIEGO-D-SCHOOL-OF-ARTS-AND-HUMANITIES,1985,2026,not_researched,none,,
US-UNIVERSITY-OF-MIAMI-D-SCHOOL-OF-COMMUNICATION,1985,2026,not_researched,none,,
US-AUBURN-UNIVERSITY-D-COLLEGE-OF-FORESTRY-WILDLIFE-AND-ENVIRONMENT,1985,2026,not_researched,none,,
US-SOUTHERN-UNIVERSITY-AND-A-AND-M-COLLEGE-D-COLLEGE-OF-AGRICULTURAL-HUMAN-AND-ENVIRONMENTAL,1985,1990,not_researched,none,,
US-SOUTHERN-UNIVERSITY-AND-A-AND-M-COLLEGE-D-COLLEGE-OF-AGRICULTURAL-HUMAN-AND-ENVIRONMENTAL,1991,2026,researched_partial,web_search,,
US-UNIVERSITY-OF-CALIFORNIA-BERKELEY-D-GRADUATE-DIVISION,1985,2026,not_researched,none,,
US-UNIVERSITY-OF-NEVADA-LAS-VEGAS-D-GRADUATE-COLLEGE,1985,2026,not_researched,none,,
US-NORTHERN-ILLINOIS-UNIVERSITY-CENTRAL,1986,2026,researched_partial,web_search,,
US-SAINT-JOSEPHS-UNIVERSITY-CENTRAL,1986,2026,researched_partial,web_search,,
US-GARDNER-WEBB-UNIVERSITY-CENTRAL,1986,2026,researched_complete,web_search,,
US-LIPSCOMB-UNIVERSITY-CENTRAL,1986,2026,researched_complete,web_search,,
US-TEXAS-WOMANS-UNIVERSITY-CENTRAL,1986,2026,researched_complete,web_search,,
US-UNIVERSITY-OF-THE-INCARNATE-WORD-CENTRAL,1986,2026,researched_complete,web_search,,
US-UNIVERSITY-OF-WESTERN-STATES-CENTRAL,1986,2026,researched_complete,web_search,,
US-PEPPERDINE-UNIVERSITY-PROVOST,1985,2026,researched_complete,web_search,,
US-SOUTHERN-METHODIST-UNIVERSITY-PROVOST,1986,2026,not_researched,none,,
US-UNIVERSITY-OF-MIAMI-PROVOST,1986,2026,not_researched,none,,
US-TEXAS-CHRISTIAN-UNIVERSITY-D-M-J-NEELEY-SCHOOL-OF-BUSINESS,1979,2026,researched_partial,web_search,,
US-NORTHWESTERN-UNIVERSITY-D-MCCORMICK-SCHOOL-OF-ENGINEERING,1986,2026,not_researched,none,,
US-OKLAHOMA-STATE-UNIVERSITY-D-COLLEGE-OF-ENGINEERING-ARCHITECTURE-AND-TECHNOLO,1986,2026,not_researched,none,,
US-PRINCETON-UNIVERSITY-D-SCHOOL-OF-ENGINEERING-AND-APPLIED-SCIENCE,1986,2026,not_researched,none,,
US-UNIVERSITY-OF-CINCINNATI-D-COLLEGE-OF-ENGINEERING-AND-APPLIED-SCIENCE,1986,2026,not_researched,none,,
US-UNIVERSITY-OF-MICHIGAN-D-COLLEGE-OF-ENGINEERING,1986,2026,not_researched,none,,
US-VANDERBILT-UNIVERSITY-D-SCHOOL-OF-ENGINEERING,1986,2026,not_researched,none,,
US-COLUMBIA-UNIVERSITY-D-SCHOOL-OF-NURSING,1986,2026,not_researched,none,,
US-MERCER-UNIVERSITY-D-GEORGIA-BAPTIST-COLLEGE-OF-NURSING,1979,2026,researched_partial,web_search,,
US-SOUTHERN-UNIVERSITY-AND-A-AND-M-COLLEGE-D-SCHOOL-OF-NURSING,1986,1990,not_researched,none,,
US-SOUTHERN-UNIVERSITY-AND-A-AND-M-COLLEGE-D-SCHOOL-OF-NURSING,1991,2026,researched_partial,web_search,,
US-COLUMBIA-UNIVERSITY-D-MAILMAN-SCHOOL-OF-PUBLIC-HEALTH,1986,2026,not_researched,none,,
US-UNIVERSITY-OF-COLORADO-BOULDER-D-SCHOOL-OF-EDUCATION,1986,2026,not_researched,none,,
US-RICE-UNIVERSITY-D-SHEPHERD-SCHOOL-OF-MUSIC,1986,2026,not_researched,none,,
US-UNIVERSITY-OF-SOUTHERN-CALIFORNIA-D-THORNTON-SCHOOL-OF-MUSIC,1986,2026,not_researched,none,,
US-PENNSYLVANIA-STATE-UNIVERSITY-D-COLLEGE-OF-AGRICULTURAL-SCIENCES,1986,2026,not_researched,none,,
US-CAMPBELL-UNIVERSITY-D-COLLEGE-OF-PHARMACY-AND-HEALTH-SCIENCES,1967,2026,researched_partial,web_search,,
US-UNIVERSITY-OF-NEW-MEXICO-D-COLLEGE-OF-PHARMACY,1986,2026,not_researched,none,,
US-UNIVERSITY-OF-PITTSBURGH-D-SCHOOL-OF-PHARMACY,1986,2026,not_researched,none,,
US-DELAWARE-STATE-UNIVERSITY-CENTRAL,1987,2026,researched_partial,web_search,,
US-EAST-TEXAS-A-AND-M-UNIVERSITY-CENTRAL,1987,2026,researched_partial,web_search,,
US-FLORIDA-INSTITUTE-OF-TECHNOLOGY-CENTRAL,1987,2026,researched_partial,web_search,,
US-GEORGIA-SOUTHERN-UNIVERSITY-CENTRAL,1987,2026,researched_partial,web_search,,
US-LOUISIANA-TECH-UNIVERSITY-CENTRAL,1987,2026,researched_partial,web_search,,
US-TENNESSEE-TECHNOLOGICAL-UNIVERSITY-CENTRAL,1987,2026,researched_partial,web_search,,
US-UNIVERSITY-OF-TEXAS-MEDICAL-BRANCH-GALVESTON-CENTRAL,1987,2026,researched_partial,web_search,,
US-UNIVERSITY-OF-NEW-ORLEANS-CENTRAL,1987,2026,researched_partial,web_search,,
US-BAKER-UNIVERSITY-CENTRAL,1987,2026,researched_complete,web_search,,
US-DOMINICAN-UNIVERSITY-NEW-YORK-CENTRAL,1987,2026,researched_complete,web_search,,
US-EDGEWOOD-COLLEGE-CENTRAL,1987,2026,researched_complete,web_search,,
US-HARDING-UNIVERSITY-CENTRAL,1987,2026,researched_complete,web_search,,
US-HUSSON-UNIVERSITY-CENTRAL,1987,2026,researched_complete,web_search,,
US-INDIANA-WESLEYAN-UNIVERSITY-NATIONAL-AND-GLOBAL-CENTRAL,1987,2026,researched_complete,web_search,,
US-MOUNT-SAINT-JOSEPH-UNIVERSITY-CENTRAL,1987,2026,researched_complete,web_search,,
US-QUINNIPIAC-UNIVERSITY-CENTRAL,1987,2026,researched_complete,web_search,,
US-SAINT-AMBROSE-UNIVERSITY-CENTRAL,1987,2026,researched_complete,web_search,,
US-SAINT-LEO-UNIVERSITY-CENTRAL,1987,2026,researched_complete,web_search,,
US-UNION-UNIVERSITY-CENTRAL,1987,2026,researched_complete,web_search,,
US-BOSTON-UNIVERSITY-PROVOST,1987,2026,not_researched,none,,
US-COLLEGE-OF-CHARLESTON-PROVOST,1987,2026,not_researched,none,,
US-INDIANA-UNIVERSITY-INDIANAPOLIS-PROVOST,1987,2026,not_researched,none,,
US-RICE-UNIVERSITY-D-JONES-GRADUATE-SCHOOL-OF-BUSINESS,1987,2026,not_researched,none,,
US-TEXAS-A-AND-M-UNIVERSITY-D-MAYS-BUSINESS-SCHOOL,1987,2026,not_researched,none,,
US-UNIVERSITY-OF-MASSACHUSETTS-AMHERST-D-ISENBERG-SCHOOL-OF-MANAGEMENT,1987,2026,not_researched,none,,
US-VANDERBILT-UNIVERSITY-D-OWEN-GRADUATE-SCHOOL-OF-MANAGEMENT,1987,2026,not_researched,none,,
US-UNIVERSITY-OF-PITTSBURGH-D-UNIVERSITY-OF-PITTSBURGH-SCHOOL-OF-MEDICINE,1987,2026,not_researched,none,,
US-UNIVERSITY-OF-CALIFORNIA-LOS-ANGELES-D-HENRY-SAMUELI-SCHOOL-OF-ENGINEERING-AND-APPLIED,1987,2026,not_researched,none,,
US-UNIVERSITY-OF-MIAMI-D-COLLEGE-OF-ENGINEERING,1987,2026,not_researched,none,,
US-MISSISSIPPI-STATE-UNIVERSITY-D-COLLEGE-OF-VETERINARY-MEDICINE,1987,2026,not_researched,none,,
US-UNIVERSITY-OF-IDAHO-D-GRADUATE-SCHOOL,1987,2026,not_researched,none,,
US-AUGUSTA-UNIVERSITY-CENTRAL,1988,2026,researched_partial,web_search,,
US-CLARK-ATLANTA-UNIVERSITY-CENTRAL,1988,2026,researched_complete,web_search,,
US-DUQUESNE-UNIVERSITY-CENTRAL,1988,2026,researched_partial,web_search,,
US-EASTERN-VIRGINIA-MEDICAL-SCHOOL-CENTRAL,1988,2026,researched_partial,web_search,,
US-OREGON-HEALTH-AND-SCIENCE-UNIVERSITY-CENTRAL,1988,2026,researched_partial,web_search,,
US-SAN-FRANCISCO-STATE-UNIVERSITY-CENTRAL,1988,2026,researched_partial,web_search,,
US-UNIVERSITY-OF-WEST-FLORIDA-CENTRAL,1988,2026,researched_partial,web_search,,
US-VILLANOVA-UNIVERSITY-CENTRAL,1988,2026,researched_partial,web_search,,
US-AURORA-UNIVERSITY-CENTRAL,1988,2026,researched_complete,web_search,,
US-DALLAS-BAPTIST-UNIVERSITY-CENTRAL,1988,2026,researched_complete,web_search,,
US-GALLAUDET-UNIVERSITY-CENTRAL,1988,2026,researched_complete,web_search,,
US-ROOSEVELT-UNIVERSITY-CENTRAL,1988,2026,researched_partial,web_search,,
US-RUSSELL-SAGE-COLLEGE-CENTRAL,1988,2026,researched_partial,web_search,,
US-SACRED-HEART-UNIVERSITY-CENTRAL,1988,2026,researched_partial,web_search,,
US-UNIVERSITY-OF-CENTRAL-ARKANSAS-CENTRAL,1988,2026,researched_complete,web_search,,
US-UNIVERSITY-OF-INDIANAPOLIS-CENTRAL,1988,2026,researched_complete,web_search,,
US-VALPARAISO-UNIVERSITY-CENTRAL,1988,2026,researched_complete,web_search,,
US-WESTERN-KENTUCKY-UNIVERSITY-CENTRAL,1988,2026,researched_complete,web_search,,
US-CASE-WESTERN-RESERVE-UNIVERSITY-PROVOST,1988,2026,not_researched,none,,
US-GEORGE-MASON-UNIVERSITY-PROVOST,1988,2026,not_researched,none,,
US-COLORADO-STATE-UNIVERSITY-D-COLLEGE-OF-BUSINESS,1988,2026,not_researched,none,,
US-FLORIDA-STATE-UNIVERSITY-D-COLLEGE-OF-BUSINESS,1988,2026,not_researched,none,,
US-TULANE-UNIVERSITY-D-A-B-FREEMAN-SCHOOL-OF-BUSINESS,1988,2026,not_researched,none,,
US-INDIANA-UNIVERSITY-INDIANAPOLIS-D-INDIANA-UNIVERSITY-ROBERT-H-MCKINNEY-SCHOOL-OF-L,1988,2026,not_researched,none,,
US-UNIVERSITY-OF-MISSOURI-D-UNIVERSITY-OF-MISSOURI-SCHOOL-OF-LAW,1988,2026,not_researched,none,,
US-AUBURN-UNIVERSITY-D-SAMUEL-GINN-COLLEGE-OF-ENGINEERING,1988,2026,not_researched,none,,
US-BROWN-UNIVERSITY-D-SCHOOL-OF-ENGINEERING,1988,2026,not_researched,none,,
US-IOWA-STATE-UNIVERSITY-D-COLLEGE-OF-ENGINEERING,1988,2026,not_researched,none,,
US-RICE-UNIVERSITY-D-GEORGE-R-BROWN-SCHOOL-OF-ENGINEERING,1988,2026,not_researched,none,,
US-UNIVERSITY-OF-COLORADO-DENVER-D-COLLEGE-OF-ENGINEERING-DESIGN-AND-COMPUTING,1988,2026,not_researched,none,,
US-UNIVERSITY-OF-FLORIDA-D-HERBERT-WERTHEIM-COLLEGE-OF-ENGINEERING,1988,2026,not_researched,none,,
US-UNIVERSITY-OF-CINCINNATI-D-COLLEGE-OF-ARTS-AND-SCIENCES,1988,2026,not_researched,none,,
US-NORTHWESTERN-UNIVERSITY-D-SCHOOL-OF-COMMUNICATION,1988,2026,not_researched,none,,
US-UNIVERSITY-OF-ALABAMA-D-CULVERHOUSE-COLLEGE-OF-BUSINESS,1988,2026,not_researched,none,,
US-EASTERN-MICHIGAN-UNIVERSITY-CENTRAL,1989,2026,researched_partial,web_search,,
US-MONTCLAIR-STATE-UNIVERSITY-CENTRAL,1989,2026,researched_partial,web_search,,
US-TEXAS-A-AND-M-UNIVERSITY-KINGSVILLE-CENTRAL,1989,2026,researched_partial,web_search,,
US-TEXAS-STATE-UNIVERSITY-CENTRAL,1989,2026,researched_partial,web_search,,
US-UNIVERSITY-OF-NORTH-FLORIDA-CENTRAL,1989,2026,researched_partial,web_search,,
US-UNIVERSITY-OF-SOUTH-DAKOTA-CENTRAL,1989,2026,researched_partial,web_search,,
US-MARIAN-UNIVERSITY-CENTRAL,1989,2026,researched_complete,web_search,,
US-ROBERT-MORRIS-UNIVERSITY-CENTRAL,1989,2026,researched_partial,web_search,,
US-SOUTH-COLLEGE-CENTRAL,1989,2026,researched_partial,web_search,,
US-ST-JOHNS-UNIVERSITY-NEW-YORK-CENTRAL,1989,2026,researched_complete,web_search,,
US-SUFFOLK-UNIVERSITY-CENTRAL,1989,2026,researched_partial,web_search,,
US-UNIVERSITY-OF-CHARLESTON-CENTRAL,1989,2026,researched_complete,web_search,,
US-UNIVERSITY-OF-HARTFORD-CENTRAL,1989,2026,researched_partial,web_search,,
US-WILLIAM-CAREY-UNIVERSITY-CENTRAL,1989,2026,researched_complete,web_search,,
US-COLUMBIA-UNIVERSITY-D-COLUMBIA-BUSINESS-SCHOOL,1989,2026,not_researched,none,,
US-CORNELL-UNIVERSITY-D-JOHNSON-SCHOOL-OF-MANAGEMENT,1989,2026,not_researched,none,,
US-EMORY-UNIVERSITY-D-GOIZUETA-BUSINESS-SCHOOL,1989,2026,not_researched,none,,
US-PENNSYLVANIA-STATE-UNIVERSITY-D-SMEAL-COLLEGE-OF-BUSINESS,1989,2026,not_researched,none,,
US-UNIVERSITY-OF-CALIFORNIA-DAVIS-D-GRADUATE-SCHOOL-OF-MANAGEMENT,1989,2026,not_researched,none,,
US-UNIVERSITY-OF-NOTRE-DAME-D-MENDOZA-COLLEGE-OF-BUSINESS,1989,2026,not_researched,none,,
US-WAKE-FOREST-UNIVERSITY-D-SCHOOL-OF-BUSINESS,1983,2026,researched_partial,web_search,,
US-ARIZONA-STATE-UNIVERSITY-D-IRA-A-FULTON-SCHOOLS-OF-ENGINEERING,1989,2026,not_researched,none,,
US-CARNEGIE-MELLON-UNIVERSITY-D-COLLEGE-OF-ENGINEERING,1989,2026,not_researched,none,,
US-SYRACUSE-UNIVERSITY-D-COLLEGE-OF-ENGINEERING-AND-COMPUTER-SCIENCE,1989,2026,not_researched,none,,
US-UNIVERSITY-OF-ARKANSAS-FOR-MEDICAL-SCIENCES-D-COLLEGE-OF-NURSING,1979,2026,researched_partial,web_search,,
US-PURDUE-UNIVERSITY-D-COLLEGE-OF-EDUCATION,1989,2026,not_researched,none,,
US-UNIVERSITY-OF-TEXAS-DALLAS-D-SCHOOL-OF-BEHAVIORAL-AND-BRAIN-SCIENCES,1989,2026,not_researched,none,,
US-UNIVERSITY-OF-MISSOURI-D-SCHOOL-OF-JOURNALISM,1989,2026,not_researched,none,,
US-UNIVERSITY-OF-CALIFORNIA-LOS-ANGELES-D-GRADUATE-DIVISION,1989,2026,not_researched,none,,
US-UNIVERSITY-OF-CALIFORNIA-DAVIS-D-GRADUATE-STUDIES,1989,2026,not_researched,none,,
US-UNIVERSITY-OF-CALIFORNIA-SANTA-BARBARA-D-GRADUATE-DIVISION,1989,2026,not_researched,none,,
US-BRIGHAM-YOUNG-UNIVERSITY-D-MARRIOTT-SCHOOL-OF-BUSINESS,1989,2026,not_researched,none,,
US-AZUSA-PACIFIC-UNIVERSITY-CENTRAL,1990,2026,researched_partial,web_search,,
US-CALIFORNIA-STATE-UNIVERSITY-FULLERTON-CENTRAL,1990,2026,researched_partial,web_search,,
US-ILLINOIS-INSTITUTE-OF-TECHNOLOGY-CENTRAL,1990,2026,researched_partial,web_search,,
US-MEDICAL-COLLEGE-OF-WISCONSIN-CENTRAL,1990,2026,researched_partial,web_search,,
US-PORTLAND-STATE-UNIVERSITY-CENTRAL,1990,2026,researched_partial,web_search,,
US-TEXAS-A-AND-M-UNIVERSITY-CORPUS-CHRISTI-CENTRAL,1990,2026,researched_partial,web_search,,
US-THOMAS-JEFFERSON-UNIVERSITY-CENTRAL,1990,2026,researched_partial,web_search,,
US-UNIVERSITY-OF-NORTH-CAROLINA-WILMINGTON-CENTRAL,1990,2026,researched_partial,web_search,,
US-UNIVERSITY-OF-TULSA-CENTRAL,1990,2026,researched_partial,web_search,,
US-ALVERNIA-UNIVERSITY-CENTRAL,1990,2026,researched_complete,web_search,,
US-BELLARMINE-UNIVERSITY-CENTRAL,1990,2026,researched_complete,web_search,,
US-CALIFORNIA-INSTITUTE-OF-INTEGRAL-STUDIES-CENTRAL,1990,2026,researched_partial,web_search,,
US-ERSKINE-COLLEGE-CENTRAL,1990,2026,researched_complete,web_search,,
US-UNIVERSITY-OF-DETROIT-MERCY-CENTRAL,1990,2026,researched_partial,web_search,,
US-UNIVERSITY-OF-WISCONSIN-OSHKOSH-CENTRAL,1990,2026,researched_complete,web_search,,
US-WILLIAM-WOODS-UNIVERSITY-CENTRAL,1990,2026,researched_complete,web_search,,
US-UNIVERSITY-OF-IOWA-PROVOST,1990,2026,not_researched,none,,
US-CLEMSON-UNIVERSITY-D-WILBUR-O-AND-ANN-POWERS-COLLEGE-OF-BUSINESS,1990,2026,not_researched,none,,
US-PACE-UNIVERSITY-D-LUBIN-SCHOOL-OF-BUSINESS,1990,2026,researched_complete,web_search,,
US-PURDUE-UNIVERSITY-D-DANIELS-SCHOOL-OF-BUSINESS,1990,2026,not_researched,none,,
US-SANTA-CLARA-UNIVERSITY-D-LEAVEY-SCHOOL-OF-BUSINESS,1988,2026,researched_complete,web_search,,
US-STANFORD-UNIVERSITY-D-GRADUATE-SCHOOL-OF-BUSINESS,1990,2026,not_researched,none,,
US-UNIVERSITY-OF-ALABAMA-HUNTSVILLE-D-COLLEGE-OF-BUSINESS,1990,1990,not_researched,none,,
US-UNIVERSITY-OF-ALABAMA-HUNTSVILLE-D-COLLEGE-OF-BUSINESS,1991,2026,researched_partial,web_search,,
US-UNIVERSITY-OF-MICHIGAN-D-ROSS-SCHOOL-OF-BUSINESS,1990,2026,not_researched,none,,
US-UNIVERSITY-OF-PENNSYLVANIA-D-WHARTON-SCHOOL,1990,2026,not_researched,none,,
US-DARTMOUTH-COLLEGE-D-TUCK-SCHOOL-OF-BUSINESS,1990,2026,not_researched,none,,
US-BOSTON-UNIVERSITY-D-COLLEGE-OF-ENGINEERING,1990,2026,not_researched,none,,
US-OREGON-STATE-UNIVERSITY-D-COLLEGE-OF-ENGINEERING,1990,2026,not_researched,none,,
US-UNIVERSITY-OF-CALIFORNIA-BERKELEY-D-COLLEGE-OF-ENGINEERING,1990,2026,not_researched,none,,
US-UNIVERSITY-OF-CALIFORNIA-RIVERSIDE-D-BOURNS-COLLEGE-OF-ENGINEERING,1990,2026,not_researched,none,,
US-UNIVERSITY-OF-KENTUCKY-D-COLLEGE-OF-ENGINEERING,1990,2026,not_researched,none,,
US-UNIVERSITY-OF-PENNSYLVANIA-D-SCHOOL-OF-ENGINEERING-AND-APPLIED-SCIENCE,1990,2026,not_researched,none,,
US-VIRGINIA-TECH-D-COLLEGE-OF-ENGINEERING,1990,2026,not_researched,none,,
US-UNIVERSITY-OF-CINCINNATI-D-COLLEGE-OF-NURSING,1990,2026,not_researched,none,,
US-EMORY-UNIVERSITY-D-ROLLINS-SCHOOL-OF-PUBLIC-HEALTH,1990,2026,not_researched,none,,
US-JOHNS-HOPKINS-UNIVERSITY-D-BLOOMBERG-SCHOOL-OF-PUBLIC-HEALTH,1990,2026,not_researched,none,,
US-ARIZONA-STATE-UNIVERSITY-D-COLLEGE-OF-LIBERAL-ARTS-AND-SCIENCES,1990,2026,not_researched,none,,
US-NORTHWESTERN-UNIVERSITY-D-BIENEN-SCHOOL-OF-MUSIC,1990,2026,not_researched,none,,
US-SYRACUSE-UNIVERSITY-D-S-I-NEWHOUSE-SCHOOL-OF-PUBLIC-COMMUNICATIONS,1990,2026,not_researched,none,,
US-UNIVERSITY-OF-CALIFORNIA-LOS-ANGELES-D-SCHOOL-OF-THEATER-FILM-AND-TELEVISION,1990,2026,not_researched,none,,
US-UNIVERSITY-OF-FLORIDA-D-COLLEGE-OF-DESIGN-CONSTRUCTION-AND-PLANNING,1990,2026,not_researched,none,,
US-TEMPLE-UNIVERSITY-D-SCHOOL-OF-PHARMACY,1990,2026,not_researched,none,,
US-ARIZONA-STATE-UNIVERSITY-D-W-P-CAREY-SCHOOL-OF-BUSINESS,1990,2026,not_researched,none,,
US-UNIVERSITY-OF-FLORIDA-D-WARRINGTON-COLLEGE-OF-BUSINESS,1990,2026,not_researched,none,,
US-UNIVERSITY-OF-MISSOURI-D-TRULASKE-COLLEGE-OF-BUSINESS,1990,2026,not_researched,none,,
US-ABILENE-CHRISTIAN-UNIVERSITY-CENTRAL,1991,2026,researched_partial,web_search,,
US-CALIFORNIA-STATE-POLYTECHNIC-UNIVERSITY-POMONA-CENTRAL,1991,2026,researched_partial,web_search,,
US-CALIFORNIA-STATE-UNIVERSITY-FRESNO-CENTRAL,1991,2026,researched_partial,web_search,,
US-EMBRY-RIDDLE-AERONAUTICAL-UNIVERSITY-CENTRAL,1991,2026,researched_partial,web_search,,
US-LOMA-LINDA-UNIVERSITY-CENTRAL,1991,2026,researched_partial,web_search,,
US-LOYOLA-MARYMOUNT-UNIVERSITY-CENTRAL,1991,2026,researched_partial,web_search,,
US-MARSHALL-UNIVERSITY-CENTRAL,1991,2026,researched_partial,web_search,,
US-MIDDLE-TENNESSEE-STATE-UNIVERSITY-CENTRAL,1991,2026,researched_partial,web_search,,
US-OKLAHOMA-STATE-UNIVERSITY-CENTER-FOR-HEALTH-SCIENCES-CENTRAL,1991,2026,researched_partial,web_search,,
US-SOUTHERN-UNIVERSITY-AND-A-AND-M-COLLEGE-CENTRAL,1991,2026,researched_partial,web_search,,
US-TARLETON-STATE-UNIVERSITY-CENTRAL,1991,2026,researched_partial,web_search,,
US-TENNESSEE-STATE-UNIVERSITY-CENTRAL,1991,2026,researched_partial,web_search,,
US-ROCKEFELLER-UNIVERSITY-CENTRAL,1991,2026,researched_partial,web_search,,
US-UMASS-CHAN-MEDICAL-SCHOOL-CENTRAL,1991,2026,researched_partial,web_search,,
US-UNIVERSITY-OF-ALASKA-FAIRBANKS-CENTRAL,1991,2026,researched_partial,web_search,,
US-UNIVERSITY-OF-MISSOURI-ST-LOUIS-CENTRAL,1991,2026,researched_partial,web_search,,
US-UNIVERSITY-OF-NORTHERN-COLORADO-CENTRAL,1991,2026,researched_complete,web_search,,
US-UNIVERSITY-OF-SAN-FRANCISCO-CENTRAL,1991,2026,researched_complete,web_search,,
US-CARDINAL-STRITCH-UNIVERSITY-CENTRAL,1991,2026,researched_complete,web_search,,
US-GANNON-UNIVERSITY-CENTRAL,1991,2026,researched_complete,web_search,,
US-HARDIN-SIMMONS-UNIVERSITY-CENTRAL,1991,2026,researched_complete,web_search,,
US-LINCOLN-MEMORIAL-UNIVERSITY-CENTRAL,1991,2026,researched_complete,web_search,,
US-PALM-BEACH-ATLANTIC-UNIVERSITY-CENTRAL,1991,2026,researched_complete,web_search,,
US-SAYBROOK-UNIVERSITY-CENTRAL,1991,2026,researched_complete,web_search,,
US-TEXAS-WESLEYAN-UNIVERSITY-CENTRAL,1991,2026,researched_complete,web_search,,
US-TREVECCA-NAZARENE-UNIVERSITY-CENTRAL,1991,2026,researched_complete,web_search,,
US-UNIVERSITY-OF-ARIZONA-GLOBAL-CAMPUS-CENTRAL,1991,2026,researched_complete,web_search,,
US-UNIVERSITY-OF-LOUISIANA-MONROE-CENTRAL,1991,2026,researched_complete,web_search,,
US-UNIVERSITY-OF-MARY-HARDIN-BAYLOR-CENTRAL,1991,2026,researched_complete,web_search,,
US-UNIVERSITY-OF-ST-THOMAS-MINNESOTA-CENTRAL,1991,2026,researched_complete,web_search,,
US-XAVIER-UNIVERSITY-CENTRAL,1991,2026,researched_complete,web_search,,
US-ARIZONA-STATE-UNIVERSITY-PROVOST,1991,2026,not_researched,none,,
US-COLORADO-STATE-UNIVERSITY-PROVOST,1991,2026,not_researched,none,,
US-UNIVERSITY-OF-MINNESOTA-TWIN-CITIES-PROVOST,1991,2026,not_researched,none,,
US-UNIVERSITY-OF-RHODE-ISLAND-PROVOST,1991,2026,not_researched,none,,
US-WASHINGTON-STATE-UNIVERSITY-PROVOST,1991,2026,not_researched,none,,
US-BOSTON-UNIVERSITY-D-QUESTROM-SCHOOL-OF-BUSINESS,1991,2026,not_researched,none,,
US-OHIO-STATE-UNIVERSITY-D-FISHER-COLLEGE-OF-BUSINESS,1991,2026,not_researched,none,,
US-OREGON-STATE-UNIVERSITY-D-COLLEGE-OF-BUSINESS,1991,2026,not_researched,none,,
US-UNIVERSITY-OF-MINNESOTA-TWIN-CITIES-D-CARLSON-SCHOOL-OF-MANAGEMENT,1991,2026,not_researched,none,,
US-UNIVERSITY-OF-TEXAS-EL-PASO-D-WOODY-HUNT-COLLEGE-OF-BUSINESS,1991,2026,not_researched,none,,
US-CORNELL-UNIVERSITY-D-WEILL-CORNELL-MEDICINE,1991,2026,not_researched,none,,
US-UNIVERSITY-OF-SOUTHERN-CALIFORNIA-D-KECK-SCHOOL-OF-MEDICINE-OF-USC,1991,2026,not_researched,none,,
US-UNIVERSITY-OF-VERMONT-D-ROBERT-LARNER-M-D-COLLEGE-OF-MEDICINE-AT-THE-UNI,1991,2026,not_researched,none,,
US-COLUMBIA-UNIVERSITY-D-FU-FOUNDATION-SCHOOL-OF-ENGINEERING-AND-APPLIED,1991,2026,not_researched,none,,
US-RUTGERS-UNIVERSITY-D-SCHOOL-OF-ENGINEERING,1991,2026,not_researched,none,,
US-UNIVERSITY-OF-LOUISVILLE-D-J-B-SPEED-SCHOOL-OF-ENGINEERING,1991,2026,not_researched,none,,
US-UNIVERSITY-OF-RHODE-ISLAND-D-COLLEGE-OF-ENGINEERING,1991,2026,not_researched,none,,
US-WASHINGTON-UNIVERSITY-ST-LOUIS-D-MCKELVEY-SCHOOL-OF-ENGINEERING,1991,2026,not_researched,none,,
US-UNIVERSITY-OF-CALIFORNIA-BERKELEY-D-SCHOOL-OF-PUBLIC-HEALTH,1991,2026,not_researched,none,,
US-FAIRFIELD-UNIVERSITY-D-SCHOOL-OF-EDUCATION-AND-HUMAN-DEVELOPMENT,1979,2026,researched_complete,web_search,,
US-CHAPMAN-UNIVERSITY-D-WILKINSON-COLLEGE-OF-ARTS-HUMANITIES-AND-SOCIAL,1991,2026,researched_partial,web_search,,
US-COLORADO-STATE-UNIVERSITY-D-COLLEGE-OF-LIBERAL-ARTS,1991,2026,not_researched,none,,
US-MASSACHUSETTS-INSTITUTE-OF-TECHNOLOGY-D-SCHOOL-OF-HUMANITIES-ARTS-AND-SOCIAL-SCIENCES,1991,2026,not_researched,none,,
US-MASSACHUSETTS-INSTITUTE-OF-TECHNOLOGY-D-SCHOOL-OF-SCIENCE,1991,2026,not_researched,none,,
US-PENNSYLVANIA-STATE-UNIVERSITY-D-COLLEGE-OF-THE-LIBERAL-ARTS,1991,2026,not_researched,none,,
US-UNIVERSITY-OF-SOUTHERN-CALIFORNIA-D-SCHOOL-OF-CINEMATIC-ARTS,1991,2026,not_researched,none,,
US-SAMFORD-UNIVERSITY-D-MCWHORTER-SCHOOL-OF-PHARMACY,1983,2026,researched_complete,web_search,,
US-BOISE-STATE-UNIVERSITY-D-GRADUATE-COLLEGE,1991,1992,not_researched,none,,
US-BOISE-STATE-UNIVERSITY-D-GRADUATE-COLLEGE,1993,2026,researched_partial,web_search,,
US-UNIVERSITY-OF-WISCONSIN-MADISON-D-WISCONSIN-SCHOOL-OF-BUSINESS,1991,2026,not_researched,none,,
US-UNIVERSITY-OF-MISSISSIPPI-D-SCHOOL-OF-BUSINESS-ADMINISTRATION,1991,2026,not_researched,none,,
US-CENTRAL-MICHIGAN-UNIVERSITY-CENTRAL,1992,2026,researched_partial,web_search,,
US-EAST-TENNESSEE-STATE-UNIVERSITY-CENTRAL,1992,2026,researched_partial,web_search,,
US-INDIANA-UNIVERSITY-OF-PENNSYLVANIA-CENTRAL,1992,2026,researched_partial,web_search,,
US-JACKSON-STATE-UNIVERSITY-CENTRAL,1992,2026,researched_partial,web_search,,
US-ROCHESTER-INSTITUTE-OF-TECHNOLOGY-CENTRAL,1992,2026,researched_partial,web_search,,
US-WEST-CHESTER-UNIVERSITY-OF-PENNSYLVANIA-CENTRAL,1992,2026,researched_partial,web_search,,
US-BRADLEY-UNIVERSITY-CENTRAL,1992,2026,researched_complete,web_search,,
US-CHATHAM-UNIVERSITY-CENTRAL,1992,2026,researched_complete,web_search,,
US-IMMACULATA-UNIVERSITY-CENTRAL,1992,2026,researched_complete,web_search,,
US-INDIANA-STATE-UNIVERSITY-CENTRAL,1992,2026,researched_complete,web_search,,
US-LA-SALLE-UNIVERSITY-CENTRAL,1992,2026,researched_complete,web_search,,
US-MARYVILLE-UNIVERSITY-OF-SAINT-LOUIS-CENTRAL,1992,2026,researched_complete,web_search,,
US-SOUTHEASTERN-BAPTIST-THEOLOGICAL-SEMINARY-CENTRAL,1992,2026,researched_complete,web_search,,
US-SPRINGFIELD-COLLEGE-CENTRAL,1992,2026,researched_complete,web_search,,
US-WALSH-UNIVERSITY-CENTRAL,1992,2026,researched_complete,web_search,,
US-WINGATE-UNIVERSITY-CENTRAL,1992,2026,researched_complete,web_search,,
US-HARVARD-UNIVERSITY-PROVOST,1992,2026,not_researched,none,,
US-GEORGE-WASHINGTON-UNIVERSITY-D-SCHOOL-OF-BUSINESS,1992,2026,not_researched,none,,
US-MISSISSIPPI-STATE-UNIVERSITY-D-COLLEGE-OF-BUSINESS,1992,2026,not_researched,none,,
US-NORTH-CAROLINA-STATE-UNIVERSITY-D-POOLE-COLLEGE-OF-MANAGEMENT,1992,2026,not_researched,none,,
US-YALE-UNIVERSITY-D-SCHOOL-OF-MANAGEMENT,1992,2026,not_researched,none,,
US-UNIVERSITY-OF-CHICAGO-D-UNIVERSITY-OF-CHICAGO-PRITZKER-SCHOOL-OF-MEDICIN,1992,2026,not_researched,none,,
US-CASE-WESTERN-RESERVE-UNIVERSITY-D-CASE-SCHOOL-OF-ENGINEERING,1992,2026,not_researched,none,,
US-CLEMSON-UNIVERSITY-D-COLLEGE-OF-ENGINEERING-COMPUTING-AND-APPLIED-SCI,1992,2026,not_researched,none,,
US-FLORIDA-STATE-UNIVERSITY-D-FAMU-FSU-COLLEGE-OF-ENGINEERING,1992,2026,not_researched,none,,
US-PENNSYLVANIA-STATE-UNIVERSITY-D-COLLEGE-OF-ENGINEERING,1992,2026,not_researched,none,,
US-STONY-BROOK-UNIVERSITY-D-COLLEGE-OF-ENGINEERING-AND-APPLIED-SCIENCES,1992,2026,not_researched,none,,
US-WEST-VIRGINIA-UNIVERSITY-D-SCHOOL-OF-NURSING,1992,2026,not_researched,none,,
US-BOSTON-UNIVERSITY-D-SCHOOL-OF-PUBLIC-HEALTH,1992,2026,not_researched,none,,
US-WASHINGTON-UNIVERSITY-ST-LOUIS-D-COLLEGE-OF-ARTS-AND-SCIENCES,1992,2026,not_researched,none,,
US-HARVARD-UNIVERSITY-D-GRADUATE-SCHOOL-OF-DESIGN,1992,2026,not_researched,none,,
US-LOUISIANA-STATE-UNIVERSITY-D-MANSHIP-SCHOOL-OF-MASS-COMMUNICATION,1992,2026,not_researched,none,,
US-UNIVERSITY-OF-TEXAS-AUSTIN-D-SCHOOL-OF-ARCHITECTURE,1992,2026,not_researched,none,,
US-VIRGINIA-TECH-D-COLLEGE-OF-NATURAL-RESOURCES-AND-ENVIRONMENT,1992,2026,not_researched,none,,
US-UNIVERSITY-OF-COLORADO-BOULDER-D-GRADUATE-SCHOOL,1992,2026,not_researched,none,,
US-UNIVERSITY-OF-MARYLAND-COLLEGE-PARK-D-ROBERT-H-SMITH-SCHOOL-OF-BUSINESS,1992,2026,not_researched,none,,
US-APPALACHIAN-STATE-UNIVERSITY-CENTRAL,1993,2026,researched_partial,web_search,,
US-CLEVELAND-STATE-UNIVERSITY-CENTRAL,1993,2026,researched_partial,web_search,,
US-DEPAUL-UNIVERSITY-CENTRAL,1993,2026,researched_partial,web_search,,
US-LAMAR-UNIVERSITY-CENTRAL,1993,2026,researched_complete,web_search,,
US-STATE-UNIVERSITY-OF-NEW-YORK-UPSTATE-MEDICAL-UNIVERSITY-CENTRAL,1993,2026,researched_partial,web_search,,
US-CITY-COLLEGE-OF-NEW-YORK-CENTRAL,1993,2026,researched_partial,web_search,,
US-UNIVERSITY-OF-COLORADO-COLORADO-SPRINGS-CENTRAL,1993,2026,researched_partial,web_search,,
US-UNIVERSITY-OF-MASSACHUSETTS-DARTMOUTH-CENTRAL,1993,2026,researched_partial,web_search,,
US-UNIVERSITY-OF-MICHIGAN-DEARBORN-CENTRAL,1993,2026,researched_partial,web_search,,
US-UNIVERSITY-OF-PUERTO-RICO-RIO-PIEDRAS-CENTRAL,1993,2026,researched_partial,web_search,,
US-VIRGINIA-STATE-UNIVERSITY-CENTRAL,1993,2026,researched_partial,web_search,,
US-WICHITA-STATE-UNIVERSITY-CENTRAL,1993,2026,researched_partial,web_search,,
US-FLORIDA-GULF-COAST-UNIVERSITY-CENTRAL,1993,2026,researched_complete,web_search,,
US-GWYNEDD-MERCY-UNIVERSITY-CENTRAL,1993,2026,researched_complete,web_search,,
US-MARYMOUNT-UNIVERSITY-CENTRAL,1993,2026,researched_complete,web_search,,
US-MISSOURI-STATE-UNIVERSITY-CENTRAL,1993,2026,researched_complete,web_search,,
US-REGENT-UNIVERSITY-CENTRAL,1993,2026,researched_complete,web_search,,
US-REGIS-UNIVERSITY-CENTRAL,1993,2026,researched_complete,web_search,,
US-UNIVERSIDAD-ANA-G-MENDEZ-GURABO-CAMPUS-CENTRAL,1993,2026,researched_complete,web_search,,
US-UNIVERSITY-OF-HAWAII-HILO-CENTRAL,1993,2026,researched_partial,web_search,,
US-UNIVERSITY-OF-LYNCHBURG-CENTRAL,1993,2026,researched_complete,web_search,,
US-BINGHAMTON-UNIVERSITY-PROVOST,1993,2026,not_researched,none,,
US-UNIVERSITY-OF-CENTRAL-FLORIDA-PROVOST,1993,2026,not_researched,none,,
US-UNIVERSITY-OF-FLORIDA-PROVOST,1993,2026,not_researched,none,,
US-UNIVERSITY-OF-KANSAS-PROVOST,1993,2026,not_researched,none,,
US-UNIVERSITY-OF-ARIZONA-PROVOST,1993,2026,not_researched,none,,
US-GEORGETOWN-UNIVERSITY-D-MCDONOUGH-SCHOOL-OF-BUSINESS,1993,2026,not_researched,none,,
US-NEW-YORK-UNIVERSITY-D-STERN-SCHOOL-OF-BUSINESS,1993,2026,not_researched,none,,
US-OHIO-UNIVERSITY-D-COLLEGE-OF-BUSINESS,1993,2026,not_researched,none,,
US-UNIVERSITY-OF-ARKANSAS-D-SAM-M-WALTON-COLLEGE-OF-BUSINESS,1993,2026,not_researched,none,,
US-UNIVERSITY-OF-CHICAGO-D-BOOTH-SCHOOL-OF-BUSINESS,1993,2026,not_researched,none,,
US-UNIVERSITY-OF-COLORADO-BOULDER-D-LEEDS-SCHOOL-OF-BUSINESS,1993,2026,not_researched,none,,
US-UNIVERSITY-OF-NORTH-CAROLINA-D-KENAN-FLAGLER-BUSINESS-SCHOOL,1993,2026,not_researched,none,,
US-UNIVERSITY-OF-OKLAHOMA-D-PRICE-COLLEGE-OF-BUSINESS,1993,2026,not_researched,none,,
US-UNIVERSITY-OF-SOUTHERN-CALIFORNIA-D-MARSHALL-SCHOOL-OF-BUSINESS,1993,2026,not_researched,none,,
US-UNIVERSITY-OF-VIRGINIA-D-DARDEN-SCHOOL-OF-BUSINESS,1993,2026,not_researched,none,,
US-UNIVERSITY-OF-ILLINOIS-URBANA-CHAMPAIGN-D-UNIVERSITY-OF-ILLINOIS-COLLEGE-OF-LAW,1993,2026,not_researched,none,,
US-UNIVERSITY-OF-MEMPHIS-D-UNIVERSITY-OF-MEMPHIS-CECIL-C-HUMPHREYS-SCHOOL-O,1993,2026,not_researched,none,,
US-UNIVERSITY-OF-ARIZONA-D-COLLEGE-OF-ENGINEERING,1993,2026,not_researched,none,,
US-UNIVERSITY-OF-CENTRAL-FLORIDA-D-COLLEGE-OF-ENGINEERING-AND-COMPUTER-SCIENCE,1993,2026,not_researched,none,,
US-UNIVERSITY-OF-MASSACHUSETTS-AMHERST-D-COLLEGE-OF-ENGINEERING,1993,2026,not_researched,none,,
US-UNIVERSITY-OF-SOUTH-FLORIDA-D-COLLEGE-OF-ENGINEERING,1993,2026,not_researched,none,,
US-MARQUETTE-UNIVERSITY-D-COLLEGE-OF-NURSING,1993,1995,not_researched,none,,
US-MARQUETTE-UNIVERSITY-D-COLLEGE-OF-NURSING,1996,2026,researched_partial,web_search,,
US-TOURO-UNIVERSITY-D-GRADUATE-SCHOOL-OF-EDUCATION,1971,2026,researched_partial,web_search,,
US-CASE-WESTERN-RESERVE-UNIVERSITY-D-COLLEGE-OF-ARTS-AND-SCIENCES,1993,2026,not_researched,none,,
US-UNIVERSITY-OF-WISCONSIN-MADISON-D-COLLEGE-OF-LETTERS-AND-SCIENCE,1993,2026,not_researched,none,,
US-UNIVERSITY-OF-ARIZONA-D-COLLEGE-OF-HUMANITIES,1993,2026,not_researched,none,,
US-UNIVERSITY-OF-ARIZONA-D-COLLEGE-OF-SCIENCE,1993,2026,not_researched,none,,
US-CARNEGIE-MELLON-UNIVERSITY-D-COLLEGE-OF-FINE-ARTS,1993,2026,not_researched,none,,
US-UNIVERSITY-OF-COLORADO-BOULDER-D-COLLEGE-OF-MUSIC,1993,2026,not_researched,none,,
US-UNIVERSITY-OF-TEXAS-AUSTIN-D-MOODY-COLLEGE-OF-COMMUNICATION,1993,2026,not_researched,none,,
US-VANDERBILT-UNIVERSITY-D-BLAIR-SCHOOL-OF-MUSIC,1993,2026,not_researched,none,,
US-UNIVERSITY-OF-CONNECTICUT-D-COLLEGE-OF-AGRICULTURE-HEALTH-AND-NATURAL-RESOUR,1993,2026,not_researched,none,,
US-INDIANA-UNIVERSITY-BLOOMINGTON-D-KELLEY-SCHOOL-OF-BUSINESS,1993,2026,not_researched,none,,
US-AUBURN-UNIVERSITY-D-HARBERT-COLLEGE-OF-BUSINESS,1993,2026,not_researched,none,,
US-MASSACHUSETTS-INSTITUTE-OF-TECHNOLOGY-D-SLOAN-SCHOOL-OF-MANAGEMENT,1993,2026,not_researched,none,,
US-CALIFORNIA-STATE-UNIVERSITY-LONG-BEACH-CENTRAL,1994,2026,researched_partial,web_search,,
US-LOUISIANA-STATE-UNIVERSITY-HEALTH-SCIENCES-CENTER-NEW-ORLEANS-CENTRAL,1994,2026,researched_partial,web_search,,
US-PRAIRIE-VIEW-A-AND-M-UNIVERSITY-CENTRAL,1994,2026,researched_partial,web_search,,
US-TEACHERS-COLLEGE-COLUMBIA-UNIVERSITY-CENTRAL,1994,2026,researched_partial,web_search,,
US-UNIVERSITY-OF-PUERTO-RICO-MAYAGUEZ-CENTRAL,1994,2026,researched_partial,web_search,,
US-WRIGHT-STATE-UNIVERSITY-CENTRAL,1994,2026,researched_partial,web_search,,
US-ALABAMA-STATE-UNIVERSITY-CENTRAL,1994,2026,researched_partial,web_search,,
US-ANDREWS-UNIVERSITY-CENTRAL,1994,2026,researched_complete,web_search,,
US-FERRIS-STATE-UNIVERSITY-CENTRAL,1994,2026,researched_complete,web_search,,
US-MISSISSIPPI-COLLEGE-CENTRAL,1994,2026,researched_complete,web_search,,
US-SOUTHERN-ILLINOIS-UNIVERSITY-EDWARDSVILLE-CENTRAL,1994,2026,researched_complete,web_search,,
US-ST-THOMAS-UNIVERSITY-CENTRAL,1994,2026,researched_partial,web_search,,
US-UNIVERSITY-OF-MICHIGAN-FLINT-CENTRAL,1994,2026,researched_complete,web_search,,
US-UNIVERSITY-OF-WEST-GEORGIA-CENTRAL,1994,2026,researched_complete,web_search,,
US-MIAMI-UNIVERSITY-PROVOST,1994,1995,not_researched,none,,
US-MIAMI-UNIVERSITY-PROVOST,1996,2026,researched_partial,web_search,,
US-MISSISSIPPI-STATE-UNIVERSITY-PROVOST,1994,2026,not_researched,none,,
US-OKLAHOMA-STATE-UNIVERSITY-PROVOST,1994,2026,not_researched,none,,
US-UNIVERSITY-OF-CALIFORNIA-BERKELEY-PROVOST,1994,2026,not_researched,none,,
US-UNIVERSITY-OF-CALIFORNIA-RIVERSIDE-PROVOST,1994,2026,not_researched,none,,
US-UNIVERSITY-OF-MARYLAND-BALTIMORE-COUNTY-PROVOST,1994,2026,not_researched,none,,
US-UNIVERSITY-OF-MASSACHUSETTS-AMHERST-PROVOST,1994,2026,not_researched,none,,
US-UNIVERSITY-OF-VIRGINIA-PROVOST,1994,2026,not_researched,none,,
US-UNIVERSITY-OF-WASHINGTON-PROVOST,1994,2026,not_researched,none,,
US-BRANDEIS-UNIVERSITY-D-INTERNATIONAL-BUSINESS-SCHOOL,1994,2026,not_researched,none,,
US-IOWA-STATE-UNIVERSITY-D-IVY-COLLEGE-OF-BUSINESS,1994,2026,not_researched,none,,
US-MICHIGAN-STATE-UNIVERSITY-D-BROAD-COLLEGE-OF-BUSINESS,1994,2026,not_researched,none,,
US-NORTHEASTERN-UNIVERSITY-D-D-AMORE-MCKIM-SCHOOL-OF-BUSINESS,1994,2026,not_researched,none,,
US-PEPPERDINE-UNIVERSITY-D-GRAZIADIO-BUSINESS-SCHOOL,1985,2026,researched_complete,web_search,,
US-UNIVERSITY-BUFFALO-D-SCHOOL-OF-MANAGEMENT,1994,2026,not_researched,none,,
US-UNIVERSITY-OF-CINCINNATI-D-CARL-H-LINDNER-COLLEGE-OF-BUSINESS,1994,2026,not_researched,none,,
US-UNIVERSITY-OF-IOWA-D-TIPPIE-COLLEGE-OF-BUSINESS,1994,2026,not_researched,none,,
US-UNIVERSITY-OF-UTAH-D-DAVID-ECCLES-SCHOOL-OF-BUSINESS,1994,2026,not_researched,none,,
US-UNIVERSITY-OF-WASHINGTON-D-FOSTER-SCHOOL-OF-BUSINESS,1994,2026,not_researched,none,,
US-WASHINGTON-UNIVERSITY-ST-LOUIS-D-OLIN-BUSINESS-SCHOOL,1994,2026,not_researched,none,,
US-VIRGINIA-COMMONWEALTH-UNIVERSITY-D-VIRGINIA-COMMONWEALTH-UNIVERSITY-SCHOOL-OF-MEDIC,1994,2026,not_researched,none,,
US-RENSSELAER-POLYTECHNIC-INSTITUTE-D-SCHOOL-OF-ENGINEERING,1994,2026,not_researched,none,,
US-TUFTS-UNIVERSITY-D-SCHOOL-OF-ENGINEERING,1994,2026,not_researched,none,,
US-UNIVERSITY-OF-COLORADO-BOULDER-D-COLLEGE-OF-ENGINEERING-AND-APPLIED-SCIENCE,1994,2026,not_researched,none,,
US-YALE-UNIVERSITY-D-SCHOOL-OF-ENGINEERING-AND-APPLIED-SCIENCE,1994,2026,not_researched,none,,
US-SOUTH-DAKOTA-STATE-UNIVERSITY-D-COLLEGE-OF-NURSING,1985,2026,researched_partial,web_search,,
US-UNIVERSITY-OF-ILLINOIS-CHICAGO-D-SCHOOL-OF-PUBLIC-HEALTH,1994,2026,not_researched,none,,
US-UNIVERSITY-OF-CALIFORNIA-SANTA-BARBARA-D-GEVIRTZ-GRADUATE-SCHOOL-OF-EDUCATION,1994,2026,not_researched,none,,
US-AUBURN-UNIVERSITY-D-COLLEGE-OF-SCIENCES-AND-MATHEMATICS,1994,2026,not_researched,none,,
US-GEORGIA-INSTITUTE-OF-TECHNOLOGY-D-COLLEGE-OF-SCIENCES,1994,2026,not_researched,none,,
US-UNIVERSITY-OF-TEXAS-AUSTIN-D-COLLEGE-OF-NATURAL-SCIENCES,1994,2026,not_researched,none,,
US-UNIVERSITY-OF-KANSAS-D-SCHOOL-OF-ARCHITECTURE-AND-DESIGN,1994,2026,not_researched,none,,
US-UNIVERSITY-OF-TENNESSEE-KNOXVILLE-D-COLLEGE-OF-ARCHITECTURE-AND-DESIGN,1994,2026,not_researched,none,,
US-SOUTH-DAKOTA-STATE-UNIVERSITY-D-COLLEGE-OF-PHARMACY-AND-ALLIED-HEALTH-PROFESSION,1985,2026,researched_partial,web_search,,
US-TEXAS-TECH-UNIVERSITY-HEALTH-SCIENCES-CENTER-D-JERRY-H-HODGE-SCHOOL-OF-PHARMACY,1994,1995,not_researched,none,,
US-TEXAS-TECH-UNIVERSITY-HEALTH-SCIENCES-CENTER-D-JERRY-H-HODGE-SCHOOL-OF-PHARMACY,1996,2026,researched_partial,web_search,,
US-WILKES-UNIVERSITY-D-NESBITT-SCHOOL-OF-PHARMACY,1984,2026,researched_complete,web_search,,
US-BOWLING-GREEN-STATE-UNIVERSITY-CENTRAL,1995,2026,researched_partial,web_search,,
US-CLARKSON-UNIVERSITY-CENTRAL,1995,2026,researched_partial,web_search,,
US-HUNTER-COLLEGE-CENTRAL,1995,2026,researched_partial,web_search,,
US-ILLINOIS-STATE-UNIVERSITY-CENTRAL,1995,2026,researched_partial,web_search,,
US-OAKLAND-UNIVERSITY-CENTRAL,1995,2026,researched_partial,web_search,,
US-SAM-HOUSTON-STATE-UNIVERSITY-CENTRAL,1995,2026,researched_partial,web_search,,
US-SAN-JOSE-STATE-UNIVERSITY-CENTRAL,1995,2026,researched_partial,web_search,,
US-SETON-HALL-UNIVERSITY-CENTRAL,1995,2026,researched_partial,web_search,,
US-SOUTH-CAROLINA-STATE-UNIVERSITY-CENTRAL,1995,2026,researched_partial,web_search,,
US-TEXAS-SOUTHERN-UNIVERSITY-CENTRAL,1995,2026,researched_partial,web_search,,
US-UNIVERSITY-OF-NEW-ENGLAND-CENTRAL,1995,2026,researched_partial,web_search,,
US-UNIVERSITY-OF-NORTH-CAROLINA-GREENSBORO-CENTRAL,1995,2026,researched_partial,web_search,,
US-UNIVERSITY-OF-OKLAHOMA-HEALTH-SCIENCES-CENTER-CENTRAL,1995,2026,researched_partial,web_search,,
US-UNIVERSITY-OF-SAN-DIEGO-CENTRAL,1995,2026,researched_partial,web_search,,
US-CAPELLA-UNIVERSITY-CENTRAL,1995,2026,researched_partial,web_search,,
US-LOYOLA-UNIVERSITY-NEW-ORLEANS-CENTRAL,1995,2026,researched_complete,web_search,,
US-MISERICORDIA-UNIVERSITY-CENTRAL,1995,2026,researched_complete,web_search,,
US-PACIFIC-UNIVERSITY-CENTRAL,1995,2026,researched_complete,web_search,,
US-POINT-PARK-UNIVERSITY-CENTRAL,1995,2026,researched_complete,web_search,,
US-RADFORD-UNIVERSITY-CENTRAL,1995,2026,researched_complete,web_search,,
US-SIMMONS-UNIVERSITY-CENTRAL,1995,2026,researched_partial,web_search,,
US-TRINITY-INTERNATIONAL-UNIVERSITY-ILLINOIS-CENTRAL,1995,2026,researched_complete,web_search,,
US-UNIVERSITY-OF-BRIDGEPORT-CENTRAL,1995,2026,researched_complete,web_search,,
US-UNIVERSITY-OF-HOUSTON-CLEAR-LAKE-CENTRAL,1995,2026,researched_partial,web_search,,
US-UNIVERSITY-OF-ST-FRANCIS-CENTRAL,1995,2026,researched_complete,web_search,,
US-UNIVERSITY-OF-THE-PACIFIC-CENTRAL,1995,2026,researched_complete,web_search,,
US-UNIVERSITY-OF-THE-SCIENCES-CENTRAL,1995,2026,researched_complete,web_search,,
US-WESTERN-CAROLINA-UNIVERSITY-CENTRAL,1995,2026,researched_complete,web_search,,
US-WINSTON-SALEM-STATE-UNIVERSITY-CENTRAL,1995,2026,researched_complete,web_search,,
US-UNIVERSITY-BUFFALO-PROVOST,1995,2026,not_researched,none,,
US-UNIVERSITY-OF-CONNECTICUT-PROVOST,1995,2026,not_researched,none,,
US-UNIVERSITY-OF-OKLAHOMA-PROVOST,1995,2026,not_researched,none,,
US-CUNY-BARUCH-COLLEGE-D-ZICKLIN-SCHOOL-OF-BUSINESS,1995,2026,not_researched,none,,
US-OKLAHOMA-STATE-UNIVERSITY-D-SPEARS-SCHOOL-OF-BUSINESS,1995,2026,not_researched,none,,
US-UNIVERSITY-OF-KANSAS-D-SCHOOL-OF-BUSINESS,1995,2026,not_researched,none,,
US-UNIVERSITY-OF-NEVADA-RENO-D-COLLEGE-OF-BUSINESS,1995,2026,not_researched,none,,
US-UNIVERSITY-OF-TEXAS-AUSTIN-D-MCCOMBS-SCHOOL-OF-BUSINESS,1995,2026,not_researched,none,,
US-BAYLOR-UNIVERSITY-D-SCHOOL-OF-ENGINEERING-AND-COMPUTER-SCIENCE,1995,2026,not_researched,none,,
US-PURDUE-UNIVERSITY-D-COLLEGE-OF-ENGINEERING,1995,2026,not_researched,none,,
US-UNIVERSITY-OF-MINNESOTA-TWIN-CITIES-D-COLLEGE-OF-SCIENCE-AND-ENGINEERING,1995,2026,not_researched,none,,
US-UNIVERSITY-OF-MISSISSIPPI-D-SCHOOL-OF-ENGINEERING,1995,2026,not_researched,none,,
US-UNIVERSITY-OF-NEVADA-RENO-D-COLLEGE-OF-ENGINEERING,1995,2026,not_researched,none,,
US-VIRGINIA-COMMONWEALTH-UNIVERSITY-D-COLLEGE-OF-ENGINEERING,1995,2026,not_researched,none,,
US-WASHINGTON-STATE-UNIVERSITY-D-VOILAND-COLLEGE-OF-ENGINEERING-AND-ARCHITECTURE,1995,2026,not_researched,none,,
US-UNIVERSITY-OF-RHODE-ISLAND-D-COLLEGE-OF-NURSING,1995,2026,not_researched,none,,
US-UNIVERSITY-OF-FLORIDA-D-COLLEGE-OF-PUBLIC-HEALTH-AND-HEALTH-PROFESSIONS,1995,2026,not_researched,none,,
US-UNIVERSITY-OF-MICHIGAN-D-SCHOOL-OF-PUBLIC-HEALTH,1995,2026,not_researched,none,,
US-UNIVERSITY-OF-SOUTH-FLORIDA-D-COLLEGE-OF-PUBLIC-HEALTH,1995,2026,not_researched,none,,
US-YALE-UNIVERSITY-D-SCHOOL-OF-PUBLIC-HEALTH,1995,2026,not_researched,none,,
US-APPALACHIAN-STATE-UNIVERSITY-D-REICH-COLLEGE-OF-EDUCATION,1993,2026,researched_partial,web_search,,
US-GEORGE-WASHINGTON-UNIVERSITY-D-GRADUATE-SCHOOL-OF-EDUCATION-AND-HUMAN-DEVELOPME,1995,2026,not_researched,none,,
US-UNIVERSITY-OF-PENNSYLVANIA-D-GRADUATE-SCHOOL-OF-EDUCATION,1995,2026,not_researched,none,,
US-CORNELL-UNIVERSITY-D-COLLEGE-OF-ARTS-AND-SCIENCES,1995,2026,not_researched,none,,
US-DUKE-UNIVERSITY-D-TRINITY-COLLEGE-OF-ARTS-AND-SCIENCES,1995,2026,not_researched,none,,
US-UNIVERSITY-OF-MINNESOTA-TWIN-CITIES-D-COLLEGE-OF-BIOLOGICAL-SCIENCES,1995,2026,not_researched,none,,
US-WAKE-FOREST-UNIVERSITY-D-WAKE-FOREST-COLLEGE,1983,2026,researched_partial,web_search,,
US-DEPAUL-UNIVERSITY-D-SCHOOL-OF-MUSIC,1993,2026,researched_partial,web_search,,
US-UNIVERSITY-OF-NEVADA-LAS-VEGAS-D-COLLEGE-OF-FINE-ARTS,1995,2026,not_researched,none,,
US-UNIVERSITY-OF-SOUTHERN-CALIFORNIA-D-ROSKI-SCHOOL-OF-ART-AND-DESIGN,1995,2026,not_researched,none,,
US-YALE-UNIVERSITY-D-SCHOOL-OF-MUSIC,1995,2026,not_researched,none,,
US-SHENANDOAH-UNIVERSITY-D-BERNARD-J-DUNN-SCHOOL-OF-PHARMACY,1982,2026,researched_partial,web_search,,
US-UNIVERSITY-OF-SOUTHERN-CALIFORNIA-D-ALFRED-E-MANN-SCHOOL-OF-PHARMACY-AND-PHARMACEUTI,1995,2026,not_researched,none,,
US-ARIZONA-STATE-UNIVERSITY-D-GRADUATE-COLLEGE,1995,2026,not_researched,none,,
US-UNIVERSITY-OF-ARIZONA-D-GRADUATE-COLLEGE,1995,2026,not_researched,none,,
US-LOYOLA-UNIVERSITY-MARYLAND-D-SELLINGER-SCHOOL-OF-BUSINESS-AND-MANAGEMENT,1995,2026,not_researched,none,,
US-HARVARD-UNIVERSITY-D-HARVARD-BUSINESS-SCHOOL,1995,2026,not_researched,none,,
US-KEAN-UNIVERSITY-CENTRAL,1996,2026,researched_complete,web_search,,
US-MARQUETTE-UNIVERSITY-CENTRAL,1996,2026,researched_partial,web_search,,
US-TEXAS-TECH-UNIVERSITY-HEALTH-SCIENCES-CENTER-CENTRAL,1996,2026,researched_partial,web_search,,
US-UNIVERSITY-OF-AKRON-CENTRAL,1996,2026,researched_partial,web_search,,
US-BELHAVEN-UNIVERSITY-CENTRAL,1996,2026,researched_complete,web_search,,
US-CITY-UNIVERSITY-OF-SEATTLE-CENTRAL,1996,2026,researched_partial,web_search,,
US-COLORADO-TECHNICAL-UNIVERSITY-COLORADO-SPRINGS-CENTRAL,1996,2026,researched_partial,web_search,,
US-GONZAGA-UNIVERSITY-CENTRAL,1996,2026,researched_complete,web_search,,
US-NORTHCENTRAL-UNIVERSITY-CENTRAL,1996,2026,researched_complete,web_search,,
US-SEATTLE-PACIFIC-UNIVERSITY-CENTRAL,1996,2026,researched_complete,web_search,,
US-ST-JOHN-FISHER-UNIVERSITY-CENTRAL,1996,2026,researched_complete,web_search,,
US-WESTERN-NEW-ENGLAND-UNIVERSITY-CENTRAL,1996,2026,researched_complete,web_search,,
US-WIDENER-UNIVERSITY-CENTRAL,1996,2026,researched_complete,web_search,,
US-UNIVERSITY-OF-MISSISSIPPI-PROVOST,1996,2026,not_researched,none,,
US-UNIVERSITY-OF-NEW-MEXICO-PROVOST,1996,2026,not_researched,none,,
US-CARNEGIE-MELLON-UNIVERSITY-D-TEPPER-SCHOOL-OF-BUSINESS,1996,2026,not_researched,none,,
US-TEMPLE-UNIVERSITY-D-FOX-SCHOOL-OF-BUSINESS,1996,2026,not_researched,none,,
US-UNIVERSITY-OF-TEXAS-DALLAS-D-NAVEEN-JINDAL-SCHOOL-OF-MANAGEMENT,1996,2026,not_researched,none,,
US-UNIVERSITY-OF-OKLAHOMA-D-UNIVERSITY-OF-OKLAHOMA-COLLEGE-OF-LAW,1996,2026,not_researched,none,,
US-INDIANA-UNIVERSITY-INDIANAPOLIS-D-PURDUE-SCHOOL-OF-ENGINEERING-AND-TECHNOLOGY,1996,2026,not_researched,none,,
US-MISSISSIPPI-STATE-UNIVERSITY-D-BAGLEY-COLLEGE-OF-ENGINEERING,1996,2026,not_researched,none,,
US-UNIVERSITY-OF-PITTSBURGH-D-SWANSON-SCHOOL-OF-ENGINEERING,1996,2026,not_researched,none,,
US-ARKANSAS-STATE-UNIVERSITY-D-COLLEGE-OF-NURSING-AND-HEALTH-PROFESSIONS,1910,2026,researched_partial,web_search,,
US-UNIVERSITY-OF-MINNESOTA-TWIN-CITIES-D-SCHOOL-OF-PUBLIC-HEALTH,1996,2026,not_researched,none,,
US-BOSTON-COLLEGE-D-LYNCH-SCHOOL-OF-EDUCATION-AND-HUMAN-DEVELOPMENT,1996,2026,not_researched,none,,
US-BRIGHAM-YOUNG-UNIVERSITY-D-DAVID-O-MCKAY-SCHOOL-OF-EDUCATION,1996,2026,not_researched,none,,
US-LEHIGH-UNIVERSITY-D-COLLEGE-OF-EDUCATION,1996,2026,not_researched,none,,
US-MERCER-UNIVERSITY-D-TIFT-COLLEGE-OF-EDUCATION,1979,2026,researched_partial,web_search,,
US-MICHIGAN-STATE-UNIVERSITY-D-COLLEGE-OF-NATURAL-SCIENCE,1996,2026,not_researched,none,,
US-UNIVERSITY-OF-CONNECTICUT-D-COLLEGE-OF-LIBERAL-ARTS-AND-SCIENCES,1996,2026,not_researched,none,,
US-UNIVERSITY-OF-MINNESOTA-TWIN-CITIES-D-COLLEGE-OF-LIBERAL-ARTS,1996,2026,not_researched,none,,
US-UNIVERSITY-OF-TENNESSEE-KNOXVILLE-D-COLLEGE-OF-ARTS-AND-SCIENCES,1996,2026,not_researched,none,,
US-CHAPMAN-UNIVERSITY-D-DODGE-COLLEGE-OF-FILM-AND-MEDIA-ARTS,1991,2026,researched_partial,web_search,,
US-UNIVERSITY-OF-ALABAMA-D-COLLEGE-OF-COMMUNICATION-AND-INFORMATION-SCIENCE,1996,2026,not_researched,none,,
US-UNIVERSITY-OF-SOUTHERN-CALIFORNIA-D-ANNENBERG-SCHOOL-FOR-COMMUNICATION-AND-JOURNALIS,1996,2026,not_researched,none,,
US-YALE-UNIVERSITY-D-SCHOOL-OF-ART,1996,2026,not_researched,none,,
US-UNIVERSITY-OF-WASHINGTON-D-GRADUATE-SCHOOL,1996,2026,not_researched,none,,
US-BAYLOR-UNIVERSITY-D-HANKAMER-SCHOOL-OF-BUSINESS,1996,2026,not_researched,none,,
US-STEVENS-INSTITUTE-OF-TECHNOLOGY-D-SCHOOL-OF-BUSINESS,1988,2026,researched_partial,web_search,,
US-ALLIANT-INTERNATIONAL-UNIVERSITY-SAN-DIEGO-CENTRAL,1997,2026,researched_complete,web_search,,
US-UNIVERSITY-OF-ST-THOMAS-HOUSTON-CENTRAL,1997,2026,researched_complete,web_search,,
US-UNIVERSITY-OF-ILLINOIS-CHICAGO-PROVOST,1997,2026,not_researched,none,,
US-UNIVERSITY-OF-MARYLAND-COLLEGE-PARK-PROVOST,1997,2026,not_researched,none,,
US-UNIVERSITY-OF-NEBRASKA-LINCOLN-PROVOST,1997,2026,not_researched,none,,
US-COLLEGE-OF-WILLIAM-AND-MARY-D-RAYMOND-A-MASON-SCHOOL-OF-BUSINESS,1997,2026,not_researched,none,,
US-FLORIDA-INTERNATIONAL-UNIVERSITY-D-COLLEGE-OF-BUSINESS,1997,2026,not_researched,none,,
US-UNIVERSITY-OF-CENTRAL-FLORIDA-D-COLLEGE-OF-BUSINESS,1997,2026,not_researched,none,,
US-CASE-WESTERN-RESERVE-UNIVERSITY-D-CASE-WESTERN-RESERVE-UNIVERSITY-SCHOOL-OF-LAW,1997,2026,not_researched,none,,
US-CHAPMAN-UNIVERSITY-D-CHAPMAN-UNIVERSITY-DALE-E-FOWLER-SCHOOL-OF-LAW,1991,2026,researched_partial,web_search,,
US-UNIVERSITY-OF-NEVADA-LAS-VEGAS-D-WILLIAM-S-BOYD-SCHOOL-OF-LAW,1997,2026,not_researched,none,,
US-TULANE-UNIVERSITY-D-TULANE-UNIVERSITY-SCHOOL-OF-MEDICINE,1997,2026,not_researched,none,,
US-BOISE-STATE-UNIVERSITY-D-COLLEGE-OF-ENGINEERING,1993,2026,researched_partial,web_search,,
US-KANSAS-STATE-UNIVERSITY-D-CARL-R-ICE-COLLEGE-OF-ENGINEERING,1997,2026,not_researched,none,,
US-NORTHEASTERN-UNIVERSITY-D-COLLEGE-OF-ENGINEERING,1997,2026,not_researched,none,,
US-UNIVERSITY-OF-CALIFORNIA-SANTA-CRUZ-D-BASKIN-SCHOOL-OF-ENGINEERING,1997,2026,not_researched,none,,
US-UNIVERSITY-OF-NEVADA-LAS-VEGAS-D-HOWARD-R-HUGHES-COLLEGE-OF-ENGINEERING,1997,2026,not_researched,none,,
US-THOMAS-JEFFERSON-UNIVERSITY-D-JEFFERSON-COLLEGE-OF-NURSING,1990,2026,researched_partial,web_search,,
US-GEORGE-WASHINGTON-UNIVERSITY-D-MILKEN-INSTITUTE-SCHOOL-OF-PUBLIC-HEALTH,1997,2026,not_researched,none,,
US-TEXAS-A-AND-M-UNIVERSITY-D-SCHOOL-OF-PUBLIC-HEALTH,1997,2026,not_researched,none,,
US-UNIVERSITY-OF-TEXAS-ARLINGTON-D-COLLEGE-OF-EDUCATION,1997,2026,not_researched,none,,
US-UNIVERSITY-OF-ILLINOIS-CHICAGO-D-COLLEGE-OF-EDUCATION,1997,2026,not_researched,none,,
US-UNIVERSITY-OF-MARYLAND-COLLEGE-PARK-D-COLLEGE-OF-ARTS-AND-HUMANITIES,1997,2026,not_researched,none,,
US-UNIVERSITY-OF-TEXAS-DALLAS-D-HARRY-W-BASS-JR-SCHOOL-OF-ARTS-HUMANITIES-AND-TE,1997,2026,not_researched,none,,
US-ARIZONA-STATE-UNIVERSITY-D-POLYTECHNIC-SCHOOL,1997,2026,not_researched,none,,
US-CORNELL-UNIVERSITY-D-COLLEGE-OF-ARCHITECTURE-ART-AND-PLANNING,1997,2026,not_researched,none,,
US-UNIVERSITY-OF-KANSAS-D-WILLIAM-ALLEN-WHITE-SCHOOL-OF-JOURNALISM-AND-MAS,1997,2026,not_researched,none,,
US-UNIVERSITY-OF-OREGON-D-SCHOOL-OF-JOURNALISM-AND-COMMUNICATION,1997,2026,not_researched,none,,
US-UNIVERSITY-OF-UTAH-D-COLLEGE-OF-FINE-ARTS,1997,2026,not_researched,none,,
US-OKLAHOMA-STATE-UNIVERSITY-D-FERGUSON-COLLEGE-OF-AGRICULTURE,1997,2026,not_researched,none,,
US-HAMPTON-UNIVERSITY-D-SCHOOL-OF-PHARMACY,1978,2026,researched_complete,web_search,,
US-SOUTHERN-METHODIST-UNIVERSITY-D-COX-SCHOOL-OF-BUSINESS,1997,2026,not_researched,none,,
US-UNIVERSITY-OF-CALIFORNIA-IRVINE-D-PAUL-MERAGE-SCHOOL-OF-BUSINESS,1997,2026,not_researched,none,,
US-UNIVERSITY-OF-MANAGEMENT-AND-TECHNOLOGY-CENTRAL,1998,2026,researched_complete,web_search,,
US-UNIVERSITY-OF-PHOENIX-ARIZONA-CENTRAL,1998,2026,researched_complete,web_search,,
US-UNIVERSITY-OF-CALIFORNIA-SANTA-CRUZ-PROVOST,1998,2026,not_researched,none,,
US-UNIVERSITY-OF-GEORGIA-PROVOST,1998,2026,not_researched,none,,
US-UNIVERSITY-OF-UTAH-PROVOST,1998,2026,not_researched,none,,
US-AMERICAN-UNIVERSITY-D-KOGOD-SCHOOL-OF-BUSINESS,1998,2026,not_researched,none,,
US-RUTGERS-UNIVERSITY-D-RUTGERS-BUSINESS-SCHOOL-NEWARK-AND-NEW-BRUNSWICK,1998,2026,not_researched,none,,
US-UNIVERSITY-OF-ILLINOIS-CHICAGO-D-COLLEGE-OF-BUSINESS-ADMINISTRATION,1998,2026,not_researched,none,,
US-UNIVERSITY-OF-NEBRASKA-LINCOLN-D-COLLEGE-OF-BUSINESS,1998,2026,not_researched,none,,
US-UNIVERSITY-OF-LOUISVILLE-D-UNIVERSITY-OF-LOUISVILLE-SCHOOL-OF-MEDICINE,1998,2026,not_researched,none,,
US-HARVARD-UNIVERSITY-D-JOHN-A-PAULSON-SCHOOL-OF-ENGINEERING-AND-APPLIED,1998,2026,not_researched,none,,
US-UNIVERSITY-OF-ROCHESTER-D-HAJIM-SCHOOL-OF-ENGINEERING-AND-APPLIED-SCIENCES,1998,2026,not_researched,none,,
US-UNIVERSITY-OF-TEXAS-DALLAS-D-ERIK-JONSSON-SCHOOL-OF-ENGINEERING-AND-COMPUTER,1998,2026,not_researched,none,,
US-SOUTHERN-ILLINOIS-UNIVERSITY-EDWARDSVILLE-D-SCHOOL-OF-NURSING,1994,2026,researched_complete,web_search,,
US-UNIVERSITY-OF-SAN-FRANCISCO-D-SCHOOL-OF-NURSING-AND-HEALTH-PROFESSIONS,1991,2026,researched_complete,web_search,,
US-UNIVERSITY-OF-WASHINGTON-D-SCHOOL-OF-NURSING,1998,2026,not_researched,none,,
US-WILLIAM-CAREY-UNIVERSITY-D-SCHOOL-OF-NURSING,1989,2026,researched_complete,web_search,,
US-HARVARD-UNIVERSITY-D-T-H-CHAN-SCHOOL-OF-PUBLIC-HEALTH,1998,2026,not_researched,none,,
US-UNIVERSITY-OF-SOUTH-CAROLINA-D-ARNOLD-SCHOOL-OF-PUBLIC-HEALTH,1998,2026,not_researched,none,,
US-UNIVERSITY-OF-NEVADA-LAS-VEGAS-D-COLLEGE-OF-EDUCATION,1998,2026,not_researched,none,,
US-UNIVERSITY-OF-SAN-DIEGO-D-SCHOOL-OF-LEADERSHIP-AND-EDUCATION-SCIENCES,1995,2026,researched_partial,web_search,,
US-WASHINGTON-STATE-UNIVERSITY-D-COLLEGE-OF-EDUCATION-SPORT-AND-HUMAN-SCIENCES,1998,2026,not_researched,none,,
US-WESTERN-CAROLINA-UNIVERSITY-D-COLLEGE-OF-EDUCATION-AND-ALLIED-PROFESSIONS,1995,2026,researched_complete,web_search,,
US-PENNSYLVANIA-STATE-UNIVERSITY-D-EBERLY-COLLEGE-OF-SCIENCE,1998,2026,not_researched,none,,
US-PEPPERDINE-UNIVERSITY-D-SEAVER-COLLEGE-OF-LETTERS-ARTS-AND-SCIENCES,1985,2026,researched_complete,web_search,,
US-UNIVERSITY-BUFFALO-D-COLLEGE-OF-ARTS-AND-SCIENCES,1998,2026,not_researched,none,,
US-UNIVERSITY-OF-NEVADA-LAS-VEGAS-D-COLLEGE-OF-LIBERAL-ARTS,1998,2026,not_researched,none,,
US-NORTHWESTERN-UNIVERSITY-D-MEDILL-SCHOOL-OF-JOURNALISM-MEDIA-IMC,1998,2026,not_researched,none,,
US-UNIVERSITY-OF-KENTUCKY-D-COLLEGE-OF-FINE-ARTS,1998,2026,not_researched,none,,
US-UNIVERSITY-OF-MICHIGAN-D-TAUBMAN-COLLEGE-OF-ARCHITECTURE-AND-URBAN-PLANNI,1998,2026,not_researched,none,,
US-SOUTH-DAKOTA-STATE-UNIVERSITY-D-COLLEGE-OF-AGRICULTURE-FOOD-AND-ENVIRONMENTAL-SC,1985,2026,researched_partial,web_search,,
US-UNIVERSITY-OF-UTAH-D-GRADUATE-SCHOOL,1998,2026,not_researched,none,,
US-FIELDING-GRADUATE-UNIVERSITY-CENTRAL,1999,2026,researched_complete,web_search,,
US-SOUTHEASTERN-UNIVERSITY-CENTRAL,1999,2026,researched_complete,web_search,,
US-WALDEN-UNIVERSITY-CENTRAL,1999,2026,researched_complete,web_search,,
US-AUBURN-UNIVERSITY-PROVOST,1999,2026,not_researched,none,,
US-KENT-STATE-UNIVERSITY-PROVOST,1999,2026,not_researched,none,,
US-MONTANA-STATE-UNIVERSITY-PROVOST,1999,2026,not_researched,none,,
US-SYRACUSE-UNIVERSITY-PROVOST,1999,2026,not_researched,none,,
US-GEORGIA-INSTITUTE-OF-TECHNOLOGY-D-SCHELLER-COLLEGE-OF-BUSINESS,1999,2026,not_researched,none,,
US-INDIANA-UNIVERSITY-BLOOMINGTON-D-LUDDY-SCHOOL-OF-INFORMATICS-COMPUTING-AND-ENGINE,1999,2026,not_researched,none,,
US-UNIVERSITY-OF-TENNESSEE-KNOXVILLE-D-TICKLE-COLLEGE-OF-ENGINEERING,1999,2026,not_researched,none,,
US-UNIVERSITY-OF-MISSOURI-D-SINCLAIR-SCHOOL-OF-NURSING,1999,2026,not_researched,none,,
US-UNIVERSITY-OF-THE-INCARNATE-WORD-D-ILA-FAYE-MILLER-SCHOOL-OF-NURSING-AND-HEALTH-PRO,1986,2026,researched_complete,web_search,,
US-UNIVERSITY-OF-IOWA-D-COLLEGE-OF-PUBLIC-HEALTH,1999,2026,not_researched,none,,
US-UNIVERSITY-OF-WASHINGTON-D-SCHOOL-OF-PUBLIC-HEALTH,1999,2026,not_researched,none,,
US-HARDING-UNIVERSITY-D-CANNON-CLARY-COLLEGE-OF-EDUCATION,1987,2026,researched_complete,web_search,,
US-UNIVERSITY-OF-MARYLAND-COLLEGE-PARK-D-COLLEGE-OF-EDUCATION,1999,2026,not_researched,none,,
US-AMERICAN-UNIVERSITY-D-COLLEGE-OF-ARTS-AND-SCIENCES,1999,2026,not_researched,none,,
US-GEORGIA-INSTITUTE-OF-TECHNOLOGY-D-IVAN-ALLEN-COLLEGE-OF-LIBERAL-ARTS,1999,2026,not_researched,none,,
US-OREGON-STATE-UNIVERSITY-D-COLLEGE-OF-SCIENCE,1999,2026,not_researched,none,,
US-UNIVERSITY-OF-CALIFORNIA-SAN-DIEGO-D-SCHOOL-OF-PHYSICAL-SCIENCES,1999,2026,not_researched,none,,
US-UNIVERSITY-OF-RHODE-ISLAND-D-COLLEGE-OF-ARTS-AND-SCIENCES,1999,2026,not_researched,none,,
US-UNIVERSITY-OF-TEXAS-AUSTIN-D-COLLEGE-OF-LIBERAL-ARTS,1999,2026,not_researched,none,,
US-COLUMBIA-UNIVERSITY-D-SCHOOL-OF-THE-ARTS,1999,2026,not_researched,none,,
US-PENNSYLVANIA-STATE-UNIVERSITY-D-BELLISARIO-COLLEGE-OF-COMMUNICATIONS,1999,2026,not_researched,none,,
US-UNIVERSITY-OF-TEXAS-AUSTIN-D-COLLEGE-OF-FINE-ARTS,1999,2026,not_researched,none,,
US-COLORADO-STATE-UNIVERSITY-D-GRADUATE-SCHOOL,1999,2026,not_researched,none,,
US-OREGON-STATE-UNIVERSITY-D-GRADUATE-SCHOOL,1999,2026,not_researched,none,,
US-NORTH-CAROLINA-A-AND-T-STATE-UNIVERSITY-PROVOST,1981,2026,researched_partial,web_search,,
US-UNIVERSITY-OF-CALIFORNIA-IRVINE-PROVOST,2000,2026,not_researched,none,,
US-UNIVERSITY-OF-WISCONSIN-MADISON-PROVOST,2000,2026,not_researched,none,,
US-UNIVERSITY-OF-TEXAS-ARLINGTON-D-COLLEGE-OF-BUSINESS,2000,2026,not_researched,none,,
US-UNIVERSITY-OF-COLORADO-DENVER-D-BUSINESS-SCHOOL,2000,2026,not_researched,none,,
US-MICHIGAN-STATE-UNIVERSITY-D-MICHIGAN-STATE-UNIVERSITY-COLLEGE-OF-LAW,2000,2026,not_researched,none,,
US-UNIVERSITY-OF-NEW-HAMPSHIRE-D-UNIVERSITY-OF-NEW-HAMPSHIRE-FRANKLIN-PIERCE-SCHO,2000,2026,not_researched,none,,
US-FLORIDA-STATE-UNIVERSITY-D-FLORIDA-STATE-UNIVERSITY-COLLEGE-OF-MEDICINE,2000,2026,not_researched,none,,
US-GEORGETOWN-UNIVERSITY-D-GEORGETOWN-UNIVERSITY-SCHOOL-OF-MEDICINE,2000,2026,not_researched,none,,
US-CALIFORNIA-INSTITUTE-OF-TECHNOLOGY-D-DIVISION-OF-ENGINEERING-AND-APPLIED-SCIENCE,2000,2026,not_researched,none,,
US-BELMONT-UNIVERSITY-D-GORDON-E-INMAN-COLLEGE-OF-NURSING,1982,2026,researched_complete,web_search,,
US-TEXAS-TECH-UNIVERSITY-HEALTH-SCIENCES-CENTER-D-SCHOOL-OF-NURSING,1996,2026,researched_partial,web_search,,
US-VALPARAISO-UNIVERSITY-D-COLLEGE-OF-NURSING-AND-HEALTH-PROFESSIONS,1988,2026,researched_complete,web_search,,
US-SAN-FRANCISCO-STATE-UNIVERSITY-D-GRADUATE-COLLEGE-OF-EDUCATION,1988,2026,researched_partial,web_search,,
US-TEXAS-CHRISTIAN-UNIVERSITY-D-COLLEGE-OF-EDUCATION,1979,2026,researched_partial,web_search,,
US-UNIVERSITY-OF-HOUSTON-D-COLLEGE-OF-EDUCATION,2000,2026,not_researched,none,,
US-UNIVERSITY-OF-MICHIGAN-D-MARSAL-FAMILY-SCHOOL-OF-EDUCATION,2000,2026,not_researched,none,,
US-UNIVERSITY-OF-PITTSBURGH-D-SCHOOL-OF-EDUCATION,2000,2026,not_researched,none,,
US-UNIVERSITY-OF-WASHINGTON-D-COLLEGE-OF-EDUCATION,2000,2026,not_researched,none,,
US-CARNEGIE-MELLON-UNIVERSITY-D-MARIANNA-BROWN-DIETRICH-COLLEGE-OF-HUMANITIES-AN,2000,2026,not_researched,none,,
US-MICHIGAN-STATE-UNIVERSITY-D-COLLEGE-OF-SOCIAL-SCIENCE,2000,2026,not_researched,none,,
US-RICE-UNIVERSITY-D-SCHOOL-OF-HUMANITIES,2000,2026,not_researched,none,,
US-SYRACUSE-UNIVERSITY-D-COLLEGE-OF-ARTS-AND-SCIENCES,2000,2026,not_researched,none,,
US-UNIVERSITY-OF-ALABAMA-D-J-FRANK-BAREFIELD-JR-COLLEGE-OF-ARTS-AND-SCIENCE,2000,2026,not_researched,none,,
US-BAYLOR-UNIVERSITY-D-SCHOOL-OF-MUSIC,2000,2026,not_researched,none,,
US-DEPAUL-UNIVERSITY-D-THEATRE-SCHOOL,1993,2026,researched_partial,web_search,,
US-SYRACUSE-UNIVERSITY-D-COLLEGE-OF-VISUAL-AND-PERFORMING-ARTS,2000,2026,not_researched,none,,
US-TEXAS-CHRISTIAN-UNIVERSITY-D-COLLEGE-OF-FINE-ARTS,1979,2026,researched_partial,web_search,,
US-UNIVERSITY-OF-MICHIGAN-D-PENNY-W-STAMPS-SCHOOL-OF-ART-AND-DESIGN,2000,2026,not_researched,none,,
US-OREGON-STATE-UNIVERSITY-D-COLLEGE-OF-PHARMACY,2000,2026,not_researched,none,,
US-UNIVERSITY-OF-CALIFORNIA-IRVINE-D-GRADUATE-DIVISION,2000,2026,not_researched,none,,
US-UNIVERSITY-OF-CALIFORNIA-SANTA-CRUZ-D-DIVISION-OF-GRADUATE-STUDIES,2000,2026,not_researched,none,,
US-MONTANA-STATE-UNIVERSITY-D-COLLEGE-OF-BUSINESS,2000,2026,not_researched,none,,
US-UNIVERSITY-OF-HAWAII-MANOA-CENTRAL,2001,2026,not_researched,none,,
US-BRIAR-CLIFF-UNIVERSITY-CENTRAL,2001,2026,researched_complete,web_search,,
US-COLORADO-SCHOOL-OF-MINES-PROVOST,2001,2026,not_researched,none,,
US-MISSOURI-UNIVERSITY-OF-SCIENCE-AND-TECHNOLOGY-PROVOST,2001,2026,not_researched,none,,
US-TULANE-UNIVERSITY-PROVOST,2001,2026,not_researched,none,,
US-UNIVERSITY-OF-COLORADO-BOULDER-PROVOST,2001,2026,not_researched,none,,
US-UNIVERSITY-OF-MEMPHIS-PROVOST,2001,2026,not_researched,none,,
US-UNIVERSITY-OF-NEVADA-RENO-PROVOST,2001,2026,not_researched,none,,
US-UTAH-STATE-UNIVERSITY-PROVOST,2001,2026,not_researched,none,,
US-BINGHAMTON-UNIVERSITY-D-SCHOOL-OF-MANAGEMENT,2001,2026,not_researched,none,,
US-UNIVERSITY-OF-HOUSTON-D-C-T-BAUER-COLLEGE-OF-BUSINESS,2001,2026,not_researched,none,,
US-UNIVERSITY-OF-ILLINOIS-URBANA-CHAMPAIGN-D-GIES-COLLEGE-OF-BUSINESS,2001,2026,not_researched,none,,
US-FLORIDA-INTERNATIONAL-UNIVERSITY-D-FLORIDA-INTERNATIONAL-UNIVERSITY-COLLEGE-OF-LAW,2001,2026,not_researched,none,,
US-UNIVERSITY-OF-ILLINOIS-URBANA-CHAMPAIGN-D-GRAINGER-COLLEGE-OF-ENGINEERING,2001,2026,not_researched,none,,
US-UNIVERSITY-OF-OKLAHOMA-D-GALLOGLY-COLLEGE-OF-ENGINEERING,2001,2026,not_researched,none,,
US-UNIVERSITY-OF-SOUTH-CAROLINA-D-COLLEGE-OF-ENGINEERING-AND-COMPUTING,2001,2026,not_researched,none,,
US-UNIVERSITY-OF-TEXAS-EL-PASO-D-COLLEGE-OF-ENGINEERING,2001,2026,not_researched,none,,
US-WEST-VIRGINIA-UNIVERSITY-D-STATLER-COLLEGE-OF-ENGINEERING-AND-MINERAL-RESOU,2001,2026,not_researched,none,,
US-FLORIDA-STATE-UNIVERSITY-D-COLLEGE-OF-NURSING,2001,2026,not_researched,none,,
US-GRAND-VALLEY-STATE-UNIVERSITY-D-KIRKHOF-COLLEGE-OF-NURSING,1969,2026,researched_complete,web_search,,
US-GWYNEDD-MERCY-UNIVERSITY-D-FRANCES-M-MAGUIRE-SCHOOL-OF-NURSING-AND-HEALTH-P,1993,2026,researched_complete,web_search,,
US-UNIVERSITY-OF-TEXAS-MEDICAL-BRANCH-GALVESTON-D-SCHOOL-OF-NURSING,1987,2026,researched_partial,web_search,,
US-UNIVERSITY-OF-ARIZONA-D-MEL-AND-ENID-ZUCKERMAN-COLLEGE-OF-PUBLIC-HEALTH,2001,2026,not_researched,none,,
US-UNIVERSITY-OF-ARKANSAS-FOR-MEDICAL-SCIENCES-D-FAY-W-BOOZMAN-COLLEGE-OF-PUBLIC-HEALTH,1979,2026,researched_partial,web_search,,
US-UNIVERSITY-OF-PITTSBURGH-D-SCHOOL-OF-PUBLIC-HEALTH,2001,2026,not_researched,none,,
US-COLLEGE-OF-CHARLESTON-D-SCHOOL-OF-EDUCATION,2001,2026,not_researched,none,,
US-FLORIDA-STATE-UNIVERSITY-D-ANNE-SPENCER-DAVES-COLLEGE-OF-EDUCATION-HEALTH-A,2001,2026,not_researched,none,,
US-UNIVERSITY-OF-ROCHESTER-D-MARGARET-WARNER-SCHOOL-OF-EDUCATION-AND-HUMAN-DE,2001,2026,not_researched,none,,
US-YESHIVA-UNIVERSITY-D-AZRIELI-GRADUATE-SCHOOL-OF-JEWISH-EDUCATION-AND,1976,2026,researched_complete,web_search,,
US-EMORY-UNIVERSITY-D-EMORY-COLLEGE-OF-ARTS-AND-SCIENCES,2001,2026,not_researched,none,,
US-TUFTS-UNIVERSITY-D-SCHOOL-OF-ARTS-AND-SCIENCES,2001,2026,not_researched,none,,
US-UNIVERSITY-OF-CALIFORNIA-SAN-DIEGO-D-SCHOOL-OF-BIOLOGICAL-SCIENCES,2001,2026,not_researched,none,,
US-UNIVERSITY-OF-VIRGINIA-D-COLLEGE-AND-GRADUATE-SCHOOL-OF-ARTS-AND-SCIENCES,2001,2026,not_researched,none,,
US-BOSTON-UNIVERSITY-D-COLLEGE-OF-FINE-ARTS,2001,2026,not_researched,none,,
US-GEORGE-MASON-UNIVERSITY-D-COLLEGE-OF-VISUAL-AND-PERFORMING-ARTS,2001,2026,not_researched,none,,
US-UNIVERSITY-OF-GEORGIA-D-GRADY-COLLEGE-OF-JOURNALISM-AND-MASS-COMMUNICATI,2001,2026,not_researched,none,,
US-UNIVERSITY-OF-MARYLAND-COLLEGE-PARK-D-PHILIP-MERRILL-COLLEGE-OF-JOURNALISM,2001,2026,not_researched,none,,
US-UNIVERSITY-OF-OKLAHOMA-D-GAYLORD-COLLEGE-OF-JOURNALISM-AND-MASS-COMMUNICA,2001,2026,not_researched,none,,
US-UNIVERSITY-OF-OREGON-D-SCHOOL-OF-MUSIC-AND-DANCE,2001,2026,not_researched,none,,
US-UNIVERSITY-OF-DELAWARE-D-COLLEGE-OF-AGRICULTURE-AND-NATURAL-RESOURCES,2001,2026,not_researched,none,,
US-NORTHEASTERN-UNIVERSITY-D-SCHOOL-OF-PHARMACY-AND-PHARMACEUTICAL-SCIENCES,2001,2026,not_researched,none,,
US-KENT-STATE-UNIVERSITY-D-COLLEGE-OF-BUSINESS-ADMINISTRATION,2001,2026,not_researched,none,,
US-NEW-YORK-UNIVERSITY-PROVOST,2002,2026,not_researched,none,,
US-OHIO-UNIVERSITY-PROVOST,2002,2026,not_researched,none,,
US-UNIVERSITY-OF-ALABAMA-BIRMINGHAM-PROVOST,2002,2026,not_researched,none,,
US-UNIVERSITY-OF-LOUISVILLE-PROVOST,2002,2026,not_researched,none,,
US-CHAPMAN-UNIVERSITY-D-ARGYROS-SCHOOL-OF-BUSINESS-AND-ECONOMICS,1991,2026,researched_partial,web_search,,
US-UTAH-STATE-UNIVERSITY-D-JON-M-HUNTSMAN-SCHOOL-OF-BUSINESS,2002,2026,not_researched,none,,
US-PENNSYLVANIA-STATE-UNIVERSITY-D-PENN-STATE-DICKINSON-LAW,2002,2026,not_researched,none,,
US-UNIVERSITY-OF-OKLAHOMA-D-UNIVERSITY-OF-OKLAHOMA-COLLEGE-OF-MEDICINE,2002,2026,not_researched,none,,
US-OHIO-UNIVERSITY-D-RUSS-COLLEGE-OF-ENGINEERING-AND-TECHNOLOGY,2002,2026,not_researched,none,,
US-UNIVERSITY-OF-KANSAS-D-SCHOOL-OF-ENGINEERING,2002,2026,not_researched,none,,
US-UNIVERSITY-OF-NEBRASKA-LINCOLN-D-COLLEGE-OF-ENGINEERING,2002,2026,not_researched,none,,
US-UTAH-STATE-UNIVERSITY-D-COLLEGE-OF-ENGINEERING,2002,2026,not_researched,none,,
US-DUQUESNE-UNIVERSITY-D-SCHOOL-OF-NURSING,1988,2026,researched_partial,web_search,,
US-UNIVERSITY-OF-OKLAHOMA-HEALTH-SCIENCES-CENTER-D-HUDSON-COLLEGE-OF-PUBLIC-HEALTH,1995,2026,researched_partial,web_search,,
US-UNIVERSITY-OF-LOUISVILLE-D-SCHOOL-OF-PUBLIC-HEALTH-AND-INFORMATION-SCIENCES,2002,2026,not_researched,none,,
US-ARIZONA-STATE-UNIVERSITY-D-MARY-LOU-FULTON-COLLEGE-FOR-TEACHING-AND-LEARNIN,2002,2026,not_researched,none,,
US-CHAPMAN-UNIVERSITY-D-DONNA-FORD-ATTALLAH-COLLEGE-OF-EDUCATIONAL-STUDI,1991,2026,researched_partial,web_search,,
US-UNIVERSITY-OF-CALIFORNIA-DAVIS-D-SCHOOL-OF-EDUCATION,2002,2026,not_researched,none,,
US-UNIVERSITY-OF-ST-FRANCIS-D-COLLEGE-OF-EDUCATION,1995,2026,researched_complete,web_search,,
US-UNIVERSITY-OF-THE-INCARNATE-WORD-D-DREEBEN-SCHOOL-OF-EDUCATION,1986,2026,researched_complete,web_search,,
US-JOHNS-HOPKINS-UNIVERSITY-D-ZANVYL-KRIEGER-SCHOOL-OF-ARTS-AND-SCIENCES,2002,2026,not_researched,none,,
US-NORTHWESTERN-UNIVERSITY-D-JUDD-A-AND-MARJORIE-WEINBERG-COLLEGE-OF-ARTS-AND,2002,2026,not_researched,none,,
US-STONY-BROOK-UNIVERSITY-D-COLLEGE-OF-ARTS-AND-SCIENCES,2002,2026,not_researched,none,,
US-UNIVERSITY-OF-ARIZONA-D-COLLEGE-OF-SOCIAL-AND-BEHAVIORAL-SCIENCES,2002,2026,not_researched,none,,
US-UNIVERSITY-OF-MARYLAND-COLLEGE-PARK-D-COLLEGE-OF-BEHAVIORAL-AND-SOCIAL-SCIENCES,2002,2026,not_researched,none,,
US-TEXAS-CHRISTIAN-UNIVERSITY-D-BOB-SCHIEFFER-COLLEGE-OF-COMMUNICATION,1979,2026,researched_partial,web_search,,
US-UNIVERSITY-OF-SOUTHERN-CALIFORNIA-D-SCHOOL-OF-DRAMATIC-ARTS,2002,2026,not_researched,none,,
US-UNIVERSITY-OF-UTAH-D-COLLEGE-OF-ARCHITECTURE-AND-PLANNING,2002,2026,not_researched,none,,
US-LOMA-LINDA-UNIVERSITY-D-SCHOOL-OF-PHARMACY,1991,2026,researched_partial,web_search,,
US-UNIVERSITY-OF-CALIFORNIA-SAN-DIEGO-D-SKAGGS-SCHOOL-OF-PHARMACY-AND-PHARMACEUTICAL-SCI,2002,2026,not_researched,none,,
US-WASHINGTON-STATE-UNIVERSITY-D-GRADUATE-SCHOOL,2002,2026,not_researched,none,,
US-MIAMI-UNIVERSITY-D-FARMER-SCHOOL-OF-BUSINESS,1996,2026,researched_partial,web_search,,
US-BRANDEIS-UNIVERSITY-PROVOST,2003,2026,not_researched,none,,
US-UNIVERSITY-OF-ALABAMA-PROVOST,2003,2026,not_researched,none,,
US-UNIVERSITY-OF-COLORADO-DENVER-PROVOST,2003,2026,not_researched,none,,
US-UNIVERSITY-OF-NEW-HAMPSHIRE-PROVOST,2003,2026,not_researched,none,,
US-WAYNE-STATE-UNIVERSITY-PROVOST,2003,2026,not_researched,none,,
US-UNIVERSITY-OF-CALIFORNIA-SAN-DIEGO-D-RADY-SCHOOL-OF-MANAGEMENT,2003,2026,not_researched,none,,
US-UNIVERSITY-OF-CONNECTICUT-D-SCHOOL-OF-BUSINESS,2003,2026,not_researched,none,,
US-GEORGE-WASHINGTON-UNIVERSITY-D-GEORGE-WASHINGTON-UNIVERSITY-SCHOOL-OF-MEDICINE,2003,2026,not_researched,none,,
US-UNIVERSITY-OF-MISSOURI-D-COLLEGE-OF-ENGINEERING,2003,2026,not_researched,none,,
US-AZUSA-PACIFIC-UNIVERSITY-D-SCHOOL-OF-NURSING,1990,2026,researched_partial,web_search,,
US-CREIGHTON-UNIVERSITY-D-COLLEGE-OF-NURSING,1981,2026,researched_partial,web_search,,
US-UNIVERSITY-OF-SAN-DIEGO-D-HAHN-SCHOOL-OF-NURSING-AND-HEALTH-SCIENCE,1995,2026,researched_partial,web_search,,
US-OHIO-STATE-UNIVERSITY-D-COLLEGE-OF-PUBLIC-HEALTH,2003,2026,not_researched,none,,
US-TULANE-UNIVERSITY-D-CELIA-SCOTT-WEATHERHEAD-SCHOOL-OF-PUBLIC-HEALTH,2003,2026,not_researched,none,,
US-NEW-YORK-UNIVERSITY-D-STEINHARDT-SCHOOL-OF-CULTURE-EDUCATION-AND-HUMAN,2003,2026,not_researched,none,,
US-UNIVERSITY-OF-ARIZONA-D-COLLEGE-OF-EDUCATION,2003,2026,not_researched,none,,
US-UNIVERSITY-OF-NORTH-FLORIDA-D-SILVERFIELD-COLLEGE-OF-EDUCATION-AND-HUMAN-SERVI,1989,2026,researched_partial,web_search,,
US-VALDOSTA-STATE-UNIVERSITY-D-JAMES-L-AND-DOROTHY-H-DEWAR-COLLEGE-OF-EDUCATION,1978,2026,researched_complete,web_search,,
US-CUNY-BARUCH-COLLEGE-D-MILDRED-AND-GEORGE-WEISSMAN-SCHOOL-OF-ARTS-AND-S,2003,2026,not_researched,none,,
US-INDIANA-UNIVERSITY-INDIANAPOLIS-D-IU-SCHOOL-OF-LIBERAL-ARTS,2003,2026,not_researched,none,,
US-KANSAS-STATE-UNIVERSITY-D-COLLEGE-OF-ARTS-AND-SCIENCES,2003,2026,not_researched,none,,
US-NEW-JERSEY-INSTITUTE-OF-TECHNOLOGY-D-JORDAN-HU-COLLEGE-OF-SCIENCE-AND-LIBERAL-ARTS,2003,2026,not_researched,none,,
US-UNIVERSITY-OF-CHICAGO-D-DIVISION-OF-THE-PHYSICAL-SCIENCES,2003,2026,not_researched,none,,
US-UNIVERSITY-OF-KENTUCKY-D-COLLEGE-OF-ARTS-AND-SCIENCES,2003,2026,not_researched,none,,
US-UNIVERSITY-OF-TEXAS-ARLINGTON-D-COLLEGE-OF-LIBERAL-ARTS,2003,2026,not_researched,none,,
US-VIRGINIA-TECH-D-COLLEGE-OF-LIBERAL-ARTS-AND-HUMAN-SCIENCES,2003,2026,not_researched,none,,
US-VIRGINIA-TECH-D-COLLEGE-OF-SCIENCE,2003,2026,not_researched,none,,
US-FLORIDA-STATE-UNIVERSITY-D-COLLEGE-OF-MOTION-PICTURE-ARTS,2003,2026,not_researched,none,,
US-LOYOLA-MARYMOUNT-UNIVERSITY-D-SCHOOL-OF-FILM-AND-TELEVISION,1991,2026,researched_partial,web_search,,
US-DRAKE-UNIVERSITY-D-COLLEGE-OF-PHARMACY-AND-HEALTH-SCIENCES,1985,2026,researched_complete,web_search,,
US-UNIVERSITY-OF-CONNECTICUT-D-SCHOOL-OF-PHARMACY-AND-PHARMACEUTICAL-SCIENCES,2003,2026,not_researched,none,,
US-WINGATE-UNIVERSITY-D-SCHOOL-OF-PHARMACY,1992,2026,researched_complete,web_search,,
US-LOUISIANA-STATE-UNIVERSITY-PROVOST,2004,2026,not_researched,none,,
US-UNIVERSITY-OF-SOUTH-CAROLINA-PROVOST,2004,2026,not_researched,none,,
US-VIRGINIA-COMMONWEALTH-UNIVERSITY-PROVOST,2004,2026,not_researched,none,,
US-UNIVERSITY-ALBANY-SUNY-D-MASSRY-SCHOOL-OF-BUSINESS,2004,2026,not_researched,none,,
US-UNIVERSITY-OF-TEXAS-SAN-ANTONIO-D-CARLOS-ALVAREZ-COLLEGE-OF-BUSINESS,2004,2026,not_researched,none,,
US-UNIVERSITY-OF-ILLINOIS-CHICAGO-D-UNIVERSITY-OF-ILLINOIS-COLLEGE-OF-MEDICINE,2004,2026,not_researched,none,,
US-ADELPHI-UNIVERSITY-D-COLLEGE-OF-NURSING-AND-PUBLIC-HEALTH,1985,2026,researched_partial,web_search,,
US-AUGUSTA-UNIVERSITY-D-COLLEGE-OF-NURSING,1988,2026,researched_partial,web_search,,
US-UNIVERSITY-OF-NEVADA-LAS-VEGAS-D-SCHOOL-OF-NURSING,2004,2026,not_researched,none,,
US-UNIVERSITY-OF-ST-FRANCIS-D-LEACH-COLLEGE-OF-NURSING,1995,2026,researched_complete,web_search,,
US-UNIVERSITY-OF-WISCONSIN-OSHKOSH-D-COLLEGE-OF-NURSING-HEALTH-PROFESSIONS-AND-STEM,1990,2026,researched_complete,web_search,,
US-LOUISIANA-STATE-UNIVERSITY-HEALTH-SCIENCES-CENTER-NEW-ORLEANS-D-SCHOOL-OF-PUBLIC-HEALTH,1994,2026,researched_partial,web_search,,
US-UNIVERSITY-OF-KENTUCKY-D-COLLEGE-OF-PUBLIC-HEALTH,2004,2026,not_researched,none,,
US-UNIVERSITY-OF-NEVADA-LAS-VEGAS-D-SCHOOL-OF-PUBLIC-HEALTH,2004,2026,not_researched,none,,
US-CALIFORNIA-STATE-UNIVERSITY-FULLERTON-D-COLLEGE-OF-EDUCATION,1990,2026,researched_partial,web_search,,
US-MARQUETTE-UNIVERSITY-D-COLLEGE-OF-EDUCATION,1996,2026,researched_partial,web_search,,
US-UNIVERSITY-OF-TEXAS-EL-PASO-D-COLLEGE-OF-EDUCATION,2004,2026,not_researched,none,,
US-UNIVERSITY-OF-SAN-FRANCISCO-D-SCHOOL-OF-EDUCATION,1991,2026,researched_complete,web_search,,
US-COLUMBIA-UNIVERSITY-D-FACULTY-OF-ARTS-AND-SCIENCES,2004,2026,not_researched,none,,
US-LEHIGH-UNIVERSITY-D-COLLEGE-OF-ARTS-AND-SCIENCES,2004,2026,not_researched,none,,
US-PACE-UNIVERSITY-D-DYSON-COLLEGE-OF-ARTS-AND-SCIENCES,1990,2026,researched_complete,web_search,,
US-UNIVERSITY-OF-ILLINOIS-URBANA-CHAMPAIGN-D-COLLEGE-OF-LIBERAL-ARTS-AND-SCIENCES,2004,2026,not_researched,none,,
US-UNIVERSITY-OF-LOUISVILLE-D-COLLEGE-OF-ARTS-AND-SCIENCES,2004,2026,not_researched,none,,
US-UNIVERSITY-OF-NEVADA-RENO-D-COLLEGE-OF-SCIENCE,2004,2026,not_researched,none,,
US-UNIVERSITY-OF-TEXAS-SAN-ANTONIO-D-COLLEGE-OF-LIBERAL-AND-FINE-ARTS,2004,2026,not_researched,none,,
US-TEXAS-TECH-UNIVERSITY-D-COLLEGE-OF-MEDIA-AND-COMMUNICATION,2004,2026,not_researched,none,,
US-UNIVERSITY-OF-CALIFORNIA-LOS-ANGELES-D-SCHOOL-OF-THE-ARTS-AND-ARCHITECTURE,2004,2026,not_researched,none,,
US-COLORADO-STATE-UNIVERSITY-D-WARNER-COLLEGE-OF-NATURAL-RESOURCES,2004,2026,not_researched,none,,
US-UNIVERSITY-OF-PUERTO-RICO-MAYAGUEZ-D-COLLEGE-OF-AGRICULTURAL-SCIENCES,1994,2026,researched_partial,web_search,,
US-TEXAS-A-AND-M-UNIVERSITY-D-IRMA-LERMA-RANGEL-COLLEGE-OF-PHARMACY,2004,2026,not_researched,none,,
US-IDAHO-STATE-UNIVERSITY-D-GRADUATE-SCHOOL,1985,2026,researched_partial,web_search,,
US-NEW-JERSEY-INSTITUTE-OF-TECHNOLOGY-PROVOST,2005,2026,not_researched,none,,
US-UNIVERSITY-OF-HOUSTON-PROVOST,2005,2026,not_researched,none,,
US-UNIVERSITY-OF-NORTH-DAKOTA-PROVOST,2005,2026,not_researched,none,,
US-NORTH-DAKOTA-STATE-UNIVERSITY-D-COLLEGE-OF-BUSINESS,2005,2026,not_researched,none,,
US-SYRACUSE-UNIVERSITY-D-WHITMAN-SCHOOL-OF-MANAGEMENT,2005,2026,not_researched,none,,
US-UNIVERSITY-OF-HAWAII-MANOA-D-SHIDLER-COLLEGE-OF-BUSINESS,2005,2026,not_researched,none,,
US-LEHIGH-UNIVERSITY-D-COLLEGE-OF-BUSINESS,2005,2026,not_researched,none,,
US-UNIVERSITY-OF-VERMONT-D-COLLEGE-OF-ENGINEERING-AND-MATHEMATICAL-SCIENCES,2005,2026,not_researched,none,,
US-BINGHAMTON-UNIVERSITY-D-DECKER-COLLEGE-OF-NURSING-AND-HEALTH-SCIENCES,2005,2026,not_researched,none,,
US-LOMA-LINDA-UNIVERSITY-D-SCHOOL-OF-NURSING,1991,2026,researched_partial,web_search,,
US-MONTANA-STATE-UNIVERSITY-D-MARK-AND-ROBYN-JONES-COLLEGE-OF-NURSING,2005,2026,not_researched,none,,
US-NEW-YORK-UNIVERSITY-D-RORY-MEYERS-COLLEGE-OF-NURSING,2005,2026,not_researched,none,,
US-UNIVERSITY-OF-HAWAII-MANOA-D-NANCY-ATMOSPERA-WALCH-SCHOOL-OF-NURSING,2005,2026,not_researched,none,,
US-UNIVERSITY-OF-GEORGIA-D-COLLEGE-OF-PUBLIC-HEALTH,2005,2026,not_researched,none,,
US-DUQUESNE-UNIVERSITY-D-SCHOOL-OF-EDUCATION,1988,2026,researched_partial,web_search,,
US-FORDHAM-UNIVERSITY-D-GRADUATE-SCHOOL-OF-EDUCATION,1984,2026,researched_partial,web_search,,
US-HUNTER-COLLEGE-D-SCHOOL-OF-EDUCATION,1995,2026,researched_partial,web_search,,
US-INDIANA-UNIVERSITY-OF-PENNSYLVANIA-D-COLLEGE-OF-EDUCATION-AND-HUMAN-SERVICES,1992,2026,researched_partial,web_search,,
US-LOYOLA-MARYMOUNT-UNIVERSITY-D-SCHOOL-OF-EDUCATION,1991,2026,researched_partial,web_search,,
US-UNIVERSITY-OF-TEXAS-SAN-ANTONIO-D-COLLEGE-OF-EDUCATION-AND-HUMAN-DEVELOPMENT,2005,2026,not_researched,none,,
US-UNIVERSITY-OF-MASSACHUSETTS-AMHERST-D-COLLEGE-OF-EDUCATION,2005,2026,not_researched,none,,
US-UNIVERSITY-OF-OREGON-D-COLLEGE-OF-EDUCATION,2005,2026,not_researched,none,,
US-UNIVERSITY-OF-THE-PACIFIC-D-BENERD-COLLEGE,1995,2026,researched_complete,web_search,,
US-AUBURN-UNIVERSITY-D-COLLEGE-OF-LIBERAL-ARTS,2005,2026,not_researched,none,,
US-FLORIDA-STATE-UNIVERSITY-D-COLLEGE-OF-ARTS-AND-SCIENCES,2005,2026,not_researched,none,,
US-GEORGE-MASON-UNIVERSITY-D-COLLEGE-OF-HUMANITIES-AND-SOCIAL-SCIENCES,2005,2026,not_researched,none,,
US-OKLAHOMA-STATE-UNIVERSITY-D-COLLEGE-OF-ARTS-AND-SCIENCES,2005,2026,not_researched,none,,
US-SANTA-CLARA-UNIVERSITY-D-COLLEGE-OF-ARTS-AND-SCIENCES,1988,2026,researched_complete,web_search,,
US-UNIVERSITY-OF-CALIFORNIA-SANTA-BARBARA-D-COLLEGE-OF-LETTERS-AND-SCIENCE,2005,2026,not_researched,none,,
US-UNIVERSITY-OF-DELAWARE-D-COLLEGE-OF-ARTS-AND-SCIENCES,2005,2026,not_researched,none,,
US-UNIVERSITY-OF-MARYLAND-BALTIMORE-COUNTY-D-COLLEGE-OF-NATURAL-AND-MATHEMATICAL-SCIENCES,2005,2026,not_researched,none,,
US-UNIVERSITY-OF-MIAMI-D-COLLEGE-OF-ARTS-AND-SCIENCES,2005,2026,not_researched,none,,
US-UNIVERSITY-OF-SOUTH-CAROLINA-D-MCCAUSLAND-COLLEGE-OF-ARTS-AND-SCIENCES,2005,2026,not_researched,none,,
US-UNIVERSITY-OF-TEXAS-DALLAS-D-SCHOOL-OF-ECONOMIC-POLITICAL-AND-POLICY-SCIENCES,2005,2026,not_researched,none,,
US-UNIVERSITY-OF-VERMONT-D-COLLEGE-OF-ARTS-AND-SCIENCES,2005,2026,not_researched,none,,
US-WEST-VIRGINIA-UNIVERSITY-D-EBERLY-COLLEGE-OF-ARTS-AND-SCIENCES,2005,2026,not_researched,none,,
US-BRIGHAM-YOUNG-UNIVERSITY-D-COLLEGE-OF-HUMANITIES,2005,2026,not_researched,none,,
US-CLEVELAND-STATE-UNIVERSITY-D-COLLEGE-OF-LIBERAL-ARTS-AND-SOCIAL-SCIENCES,1993,2026,researched_partial,web_search,,
US-ARIZONA-STATE-UNIVERSITY-D-WALTER-CRONKITE-SCHOOL-OF-JOURNALISM-AND-MASS-CO,2005,2026,not_researched,none,,
US-FLORIDA-STATE-UNIVERSITY-D-COLLEGE-OF-MUSIC,2005,2026,not_researched,none,,
US-OHIO-UNIVERSITY-D-SCRIPPS-COLLEGE-OF-COMMUNICATION,2005,2026,not_researched,none,,
US-UNIVERSITY-OF-OREGON-D-COLLEGE-OF-DESIGN,2005,2026,not_researched,none,,
US-MISSISSIPPI-STATE-UNIVERSITY-D-COLLEGE-OF-FOREST-RESOURCES,2005,2026,not_researched,none,,
US-EAST-TENNESSEE-STATE-UNIVERSITY-D-BILL-GATTON-COLLEGE-OF-PHARMACY,1992,2026,researched_partial,web_search,,
US-PALM-BEACH-ATLANTIC-UNIVERSITY-D-LLOYD-L-GREGORY-SCHOOL-OF-PHARMACY,1991,2026,researched_complete,web_search,,
US-SOUTHERN-ILLINOIS-UNIVERSITY-EDWARDSVILLE-D-SCHOOL-OF-PHARMACY,1994,2026,researched_complete,web_search,,
US-ST-JOHN-FISHER-UNIVERSITY-D-WEGMANS-SCHOOL-OF-PHARMACY,1996,2026,researched_complete,web_search,,
US-UNIVERSITY-OF-NEVADA-RENO-D-GRADUATE-SCHOOL,2005,2026,not_researched,none,,
US-INDIANA-UNIVERSITY-BLOOMINGTON-PROVOST,2006,2026,not_researched,none,,
US-STEVENS-INSTITUTE-OF-TECHNOLOGY-PROVOST,1988,2026,researched_partial,web_search,,
US-UNIVERSITY-OF-VERMONT-PROVOST,2006,2026,not_researched,none,,
US-FLORIDA-INTERNATIONAL-UNIVERSITY-D-FIU-HERBERT-WERTHEIM-COLLEGE-OF-MEDICINE,2006,2026,not_researched,none,,
US-UNIVERSITY-OF-CENTRAL-FLORIDA-D-UNIVERSITY-OF-CENTRAL-FLORIDA-COLLEGE-OF-MEDICIN,2006,2026,not_researched,none,,
US-ST-JOHN-FISHER-UNIVERSITY-D-WEGMANS-SCHOOL-OF-NURSING,1996,2026,researched_complete,web_search,,
US-TEXAS-CHRISTIAN-UNIVERSITY-D-HARRIS-COLLEGE-OF-NURSING-AND-HEALTH-SCIENCES,1979,2026,researched_partial,web_search,,
US-EAST-TENNESSEE-STATE-UNIVERSITY-D-COLLEGE-OF-PUBLIC-HEALTH,1992,2026,researched_partial,web_search,,
US-GEORGIA-SOUTHERN-UNIVERSITY-D-JIANN-PING-HSU-COLLEGE-OF-PUBLIC-HEALTH,1987,2026,researched_partial,web_search,,
US-CALIFORNIA-STATE-UNIVERSITY-SACRAMENTO-D-COLLEGE-OF-EDUCATION,1984,2026,researched_partial,web_search,,
US-INDIANA-STATE-UNIVERSITY-D-BAYH-COLLEGE-OF-EDUCATION,1992,2026,researched_complete,web_search,,
US-OHIO-STATE-UNIVERSITY-D-COLLEGE-OF-EDUCATION-AND-HUMAN-ECOLOGY,2006,2026,not_researched,none,,
US-UNIVERSITY-OF-ILLINOIS-URBANA-CHAMPAIGN-D-COLLEGE-OF-EDUCATION,2006,2026,not_researched,none,,
US-UNIVERSITY-OF-MIAMI-D-SCHOOL-OF-EDUCATION-AND-HUMAN-DEVELOPMENT,2006,2026,not_researched,none,,
US-GEORGE-MASON-UNIVERSITY-D-COLLEGE-OF-SCIENCE,2006,2026,not_researched,none,,
US-RUTGERS-UNIVERSITY-D-SCHOOL-OF-ARTS-AND-SCIENCES,2006,2026,not_researched,none,,
US-TULANE-UNIVERSITY-D-SCHOOL-OF-SCIENCE-AND-ENGINEERING,2006,2026,not_researched,none,,
US-UNIVERSITY-OF-CALIFORNIA-RIVERSIDE-D-COLLEGE-OF-HUMANITIES-ARTS-AND-SOCIAL-SCIENCES,2006,2026,not_researched,none,,
US-UNIVERSITY-OF-CALIFORNIA-SANTA-CRUZ-D-DIVISION-OF-SOCIAL-SCIENCES,2006,2026,not_researched,none,,
US-UNIVERSITY-OF-CENTRAL-FLORIDA-D-COLLEGE-OF-ARTS-AND-HUMANITIES,2006,2026,not_researched,none,,
US-UNIVERSITY-OF-MARYLAND-COLLEGE-PARK-D-COLLEGE-OF-COMPUTER-MATHEMATICAL-AND-NATURAL-SCI,2006,2026,not_researched,none,,
US-UNIVERSITY-OF-MISSOURI-D-COLLEGE-OF-ARTS-AND-SCIENCE,2006,2026,not_researched,none,,
US-UNIVERSITY-OF-SOUTHERN-CALIFORNIA-D-DANA-AND-DAVID-DORNSIFE-COLLEGE-OF-LETTERS-ARTS,2006,2026,not_researched,none,,
US-ARIZONA-STATE-UNIVERSITY-D-HERBERGER-INSTITUTE-FOR-DESIGN-AND-THE-ARTS,2006,2026,not_researched,none,,
US-BOSTON-UNIVERSITY-D-COLLEGE-OF-COMMUNICATION,2006,2026,not_researched,none,,
US-MARQUETTE-UNIVERSITY-D-DIEDERICH-COLLEGE-OF-COMMUNICATION,1996,2026,researched_partial,web_search,,
US-UNIVERSITY-OF-FLORIDA-D-COLLEGE-OF-THE-ARTS,2006,2026,not_researched,none,,
US-UNIVERSITY-OF-MINNESOTA-TWIN-CITIES-D-COLLEGE-OF-DESIGN,2006,2026,not_researched,none,,
US-UNIVERSITY-OF-TENNESSEE-KNOXVILLE-D-COLLEGE-OF-COMMUNICATION-AND-INFORMATION,2006,2026,not_researched,none,,
US-WASHINGTON-UNIVERSITY-ST-LOUIS-D-SAM-FOX-SCHOOL-OF-DESIGN-AND-VISUAL-ARTS,2006,2026,not_researched,none,,
US-TEXAS-A-AND-M-UNIVERSITY-KINGSVILLE-D-DICK-AND-MARY-LEWIS-KLEBERG-COLLEGE-OF-AGRICULTU,1989,2026,researched_partial,web_search,,
US-HARDING-UNIVERSITY-D-COLLEGE-OF-PHARMACY,1987,2026,researched_complete,web_search,,
US-UNIVERSITY-OF-HAWAII-HILO-D-DANIEL-K-INOUYE-COLLEGE-OF-PHARMACY,1993,2026,researched_partial,web_search,,
US-UNIVERSITY-OF-THE-INCARNATE-WORD-D-FEIK-SCHOOL-OF-PHARMACY,1986,2026,researched_complete,web_search,,
US-MONTANA-STATE-UNIVERSITY-D-GRADUATE-SCHOOL,2006,2026,not_researched,none,,
US-UNIVERSITY-OF-NEW-MEXICO-D-GRADUATE-STUDIES,2006,2026,not_researched,none,,
US-UTAH-STATE-UNIVERSITY-D-GRADUATE-SCHOOL,2006,2026,not_researched,none,,
US-UNIVERSITY-OF-MASSACHUSETTS-GLOBAL-CENTRAL,2007,2026,researched_complete,web_search,,
US-LOYOLA-UNIVERSITY-MARYLAND-PROVOST,2007,2026,not_researched,none,,
US-UNIVERSITY-OF-NEVADA-LAS-VEGAS-PROVOST,2007,2026,not_researched,none,,
US-UNIVERSITY-OF-TEXAS-ARLINGTON-PROVOST,2007,2026,not_researched,none,,
US-UNIVERSITY-OF-MEMPHIS-D-FOGELMAN-COLLEGE-OF-BUSINESS-AND-ECONOMICS,2007,2026,not_researched,none,,
US-UNIVERSITY-OF-CALIFORNIA-SAN-DIEGO-D-UC-SAN-DIEGO-SCHOOL-OF-MEDICINE,2007,2026,not_researched,none,,
US-NEW-JERSEY-INSTITUTE-OF-TECHNOLOGY-D-NEWARK-COLLEGE-OF-ENGINEERING,2007,2026,not_researched,none,,
US-UNIVERSITY-OF-DELAWARE-D-COLLEGE-OF-ENGINEERING,2007,2026,not_researched,none,,
US-UNIVERSITY-OF-ILLINOIS-CHICAGO-D-COLLEGE-OF-ENGINEERING,2007,2026,not_researched,none,,
US-UNIVERSITY-OF-MAINE-D-COLLEGE-OF-ENGINEERING,2007,2026,not_researched,none,,
US-MARIAN-UNIVERSITY-D-ALAN-AND-SUE-LEIGHTON-SCHOOL-OF-NURSING,1989,2026,researched_complete,web_search,,
US-UNIVERSITY-OF-CENTRAL-FLORIDA-D-COLLEGE-OF-NURSING,2007,2026,not_researched,none,,
US-UNIVERSITY-OF-LOUISVILLE-D-SCHOOL-OF-NURSING,2007,2026,not_researched,none,,
US-UNIVERSITY-OF-MISSOURI-ST-LOUIS-D-COLLEGE-OF-NURSING,1991,2026,researched_partial,web_search,,
US-UNIVERSITY-OF-MARYLAND-COLLEGE-PARK-D-SCHOOL-OF-PUBLIC-HEALTH,2007,2026,not_researched,none,,
US-BAYLOR-UNIVERSITY-D-MOODY-SCHOOL-OF-EDUCATION,2007,2026,not_researched,none,,
US-GONZAGA-UNIVERSITY-D-SCHOOL-OF-EDUCATION,1996,2026,researched_complete,web_search,,
US-SOUTHERN-METHODIST-UNIVERSITY-D-ANNETTE-CALDWELL-SIMMONS-SCHOOL-OF-EDUCATION-AND,2007,2026,not_researched,none,,
US-CALIFORNIA-INSTITUTE-OF-TECHNOLOGY-D-DIVISION-OF-THE-HUMANITIES-AND-SOCIAL-SCIENCES,2007,2026,not_researched,none,,
US-FLORIDA-INTERNATIONAL-UNIVERSITY-D-COLLEGE-OF-ARTS-SCIENCES-AND-EDUCATION,2007,2026,not_researched,none,,
US-INDIANA-UNIVERSITY-INDIANAPOLIS-D-SCHOOL-OF-SCIENCE,2007,2026,not_researched,none,,
US-MONTANA-STATE-UNIVERSITY-D-COLLEGE-OF-LETTERS-AND-SCIENCE,2007,2026,not_researched,none,,
US-TEMPLE-UNIVERSITY-D-COLLEGE-OF-LIBERAL-ARTS,2007,2026,not_researched,none,,
US-TEMPLE-UNIVERSITY-D-COLLEGE-OF-SCIENCE-AND-TECHNOLOGY,2007,2026,not_researched,none,,
US-UNIVERSITY-ALBANY-SUNY-D-COLLEGE-OF-ARTS-AND-SCIENCES,2007,2026,not_researched,none,,
US-UNIVERSITY-OF-SOUTH-FLORIDA-D-COLLEGE-OF-ARTS-AND-SCIENCES,2007,2026,not_researched,none,,
US-UNIVERSITY-OF-UTAH-D-COLLEGE-OF-SCIENCE,2007,2026,not_researched,none,,
US-BRIGHAM-YOUNG-UNIVERSITY-D-COLLEGE-OF-LIFE-SCIENCES,2007,2026,not_researched,none,,
US-CHAPMAN-UNIVERSITY-D-COLLEGE-OF-PERFORMING-ARTS,1991,2026,researched_partial,web_search,,
US-PENNSYLVANIA-STATE-UNIVERSITY-D-COLLEGE-OF-ARTS-AND-ARCHITECTURE,2007,2026,not_researched,none,,
US-UNIVERSITY-OF-ILLINOIS-URBANA-CHAMPAIGN-D-COLLEGE-OF-FINE-AND-APPLIED-ARTS,2007,2026,not_researched,none,,
US-UNIVERSITY-OF-OKLAHOMA-D-WEITZENHOFFER-FAMILY-COLLEGE-OF-FINE-ARTS,2007,2026,not_researched,none,,
US-UNIVERSITY-OF-TENNESSEE-KNOXVILLE-D-HERBERT-COLLEGE-OF-AGRICULTURE,2007,2026,not_researched,none,,
US-LIPSCOMB-UNIVERSITY-D-COLLEGE-OF-PHARMACY,1986,2026,researched_complete,web_search,,
US-UNION-UNIVERSITY-D-COLLEGE-OF-PHARMACY,1987,2026,researched_complete,web_search,,
US-UNIVERSITY-OF-NEW-ENGLAND-D-SCHOOL-OF-PHARMACY,1995,2026,researched_partial,web_search,,
US-UNIVERSITY-OF-ALABAMA-HUNTSVILLE-PROVOST,1991,2026,researched_partial,web_search,,
US-UNIVERSITY-OF-MAINE-PROVOST,2008,2026,not_researched,none,,
US-UNIVERSITY-OF-OREGON-PROVOST,2008,2026,not_researched,none,,
US-JOHNS-HOPKINS-UNIVERSITY-D-CAREY-BUSINESS-SCHOOL,2008,2026,not_researched,none,,
US-UNIVERSITY-OF-CALIFORNIA-IRVINE-D-UNIVERSITY-OF-CALIFORNIA-IRVINE-SCHOOL-OF-LAW,2008,2026,not_researched,none,,
US-UNIVERSITY-OF-CALIFORNIA-RIVERSIDE-D-UC-RIVERSIDE-SCHOOL-OF-MEDICINE,2008,2026,not_researched,none,,
US-UNIVERSITY-OF-MISSOURI-D-UNIVERSITY-OF-MISSOURI-SCHOOL-OF-MEDICINE,2008,2026,not_researched,none,,
US-VIRGINIA-TECH-D-VIRGINIA-TECH-CARILION-SCHOOL-OF-MEDICINE,2008,2026,not_researched,none,,
US-GEORGE-WASHINGTON-UNIVERSITY-D-SCHOOL-OF-ENGINEERING-AND-APPLIED-SCIENCE,2008,2026,not_researched,none,,
US-UNIVERSITY-OF-CONNECTICUT-D-SCHOOL-OF-ENGINEERING,2008,2026,not_researched,none,,
US-UNIVERSITY-OF-IDAHO-D-COLLEGE-OF-ENGINEERING,2008,2026,not_researched,none,,
US-UNIVERSITY-OF-UTAH-D-COLLEGE-OF-ENGINEERING,2008,2026,not_researched,none,,
US-PENNSYLVANIA-STATE-UNIVERSITY-D-ROSS-AND-CAROL-NESE-COLLEGE-OF-NURSING,2008,2026,not_researched,none,,
US-SEATTLE-UNIVERSITY-D-COLLEGE-OF-NURSING-AND-HEALTH-SCIENCES,1976,2026,researched_complete,web_search,,
US-TEXAS-A-AND-M-UNIVERSITY-D-COLLEGE-OF-NURSING,2008,2026,not_researched,none,,
US-UNIVERSITY-OF-COLORADO-COLORADO-SPRINGS-D-HELEN-AND-ARTHUR-E-JOHNSON-BETH-EL-COLLEGE-OF-NU,1993,2026,researched_partial,web_search,,
US-UNIVERSITY-OF-HOUSTON-D-ANDY-AND-BARBARA-GESSNER-COLLEGE-OF-NURSING,2008,2026,not_researched,none,,
US-UNIVERSITY-OF-MEMPHIS-D-SCHOOL-OF-PUBLIC-HEALTH,2008,2026,not_researched,none,,
US-BOSTON-UNIVERSITY-D-WHEELOCK-COLLEGE-OF-EDUCATION-AND-HUMAN-DEVELOPM,2008,2026,not_researched,none,,
US-CALIFORNIA-STATE-POLYTECHNIC-UNIVERSITY-POMONA-D-COLLEGE-OF-EDUCATION-AND-INTEGRATIVE-STUDIES,1991,2026,researched_partial,web_search,,
US-CALIFORNIA-STATE-UNIVERSITY-LONG-BEACH-D-COLLEGE-OF-EDUCATION,1994,2026,researched_partial,web_search,,
US-CLAREMONT-GRADUATE-UNIVERSITY-D-SCHOOL-OF-EDUCATIONAL-STUDIES,1981,2026,researched_partial,web_search,,
US-GEORGE-FOX-UNIVERSITY-D-COLLEGE-OF-EDUCATION,1983,2026,researched_complete,web_search,,
US-KENNESAW-STATE-UNIVERSITY-D-CLARICE-C-AND-LELAND-H-BAGWELL-COLLEGE-OF-EDUCAT,1981,2026,researched_partial,web_search,,
US-PRAIRIE-VIEW-A-AND-M-UNIVERSITY-D-WHITLOWE-R-GREEN-COLLEGE-OF-EDUCATION,1994,2026,researched_partial,web_search,,
US-BINGHAMTON-UNIVERSITY-D-HARPUR-COLLEGE-OF-ARTS-AND-SCIENCES,2008,2026,not_researched,none,,
US-BOSTON-COLLEGE-D-MORRISSEY-COLLEGE-OF-ARTS-AND-SCIENCES,2008,2026,not_researched,none,,
US-NORTH-CAROLINA-STATE-UNIVERSITY-D-COLLEGE-OF-HUMANITIES-AND-SOCIAL-SCIENCES,2008,2026,not_researched,none,,
US-OREGON-STATE-UNIVERSITY-D-COLLEGE-OF-LIBERAL-ARTS,2008,2026,not_researched,none,,
US-TEXAS-CHRISTIAN-UNIVERSITY-D-ADDRAN-COLLEGE-OF-LIBERAL-ARTS,1979,2026,researched_partial,web_search,,
US-TULANE-UNIVERSITY-D-SCHOOL-OF-LIBERAL-ARTS,2008,2026,not_researched,none,,
US-UNIVERSITY-OF-ARKANSAS-D-J-WILLIAM-FULBRIGHT-COLLEGE-OF-ARTS-AND-SCIENCES,2008,2026,not_researched,none,,
US-UNIVERSITY-OF-MICHIGAN-D-COLLEGE-OF-LITERATURE-SCIENCE-AND-THE-ARTS,2008,2026,not_researched,none,,
US-UNIVERSITY-OF-NOTRE-DAME-D-COLLEGE-OF-SCIENCE,2008,2026,not_researched,none,,
US-UNIVERSITY-OF-WASHINGTON-D-COLLEGE-OF-ARTS-AND-SCIENCES,2008,2026,not_researched,none,,
US-VANDERBILT-UNIVERSITY-D-COLLEGE-OF-ARTS-AND-SCIENCE,2008,2026,not_researched,none,,
US-CALIFORNIA-STATE-POLYTECHNIC-UNIVERSITY-POMONA-D-DON-B-HUNTLEY-COLLEGE-OF-AGRICULTURE,1991,2026,researched_partial,web_search,,
US-TENNESSEE-STATE-UNIVERSITY-D-COLLEGE-OF-AGRICULTURE,1991,2026,researched_partial,web_search,,
US-UNIVERSITY-OF-ARKANSAS-D-DALE-BUMPERS-COLLEGE-OF-AGRICULTURAL-FOOD-AND-LI,2008,2026,not_researched,none,,
US-UNIVERSITY-OF-VERMONT-D-COLLEGE-OF-AGRICULTURE-AND-LIFE-SCIENCES,2008,2026,not_researched,none,,
US-BELMONT-UNIVERSITY-D-COLLEGE-OF-PHARMACY,1982,2026,researched_complete,web_search,,
US-THOMAS-JEFFERSON-UNIVERSITY-D-JEFFERSON-COLLEGE-OF-PHARMACY,1990,2026,researched_partial,web_search,,
US-TOURO-UNIVERSITY-D-TOURO-COLLEGE-OF-PHARMACY,1971,2026,researched_partial,web_search,,
US-WESTERN-NEW-ENGLAND-UNIVERSITY-D-COLLEGE-OF-PHARMACY-AND-HEALTH-SCIENCES,1996,2026,researched_complete,web_search,,
US-UNIVERSITY-OF-CALIFORNIA-RIVERSIDE-D-GRADUATE-DIVISION,2008,2026,not_researched,none,,
US-CALIFORNIA-STATE-UNIVERSITY-SACRAMENTO-D-GRADUATE-SCHOOL,1984,2026,researched_partial,web_search,,
US-WAYNE-STATE-UNIVERSITY-D-MIKE-ILITCH-SCHOOL-OF-BUSINESS,2008,2026,not_researched,none,,
US-NATIONAL-AMERICAN-UNIVERSITY-RAPID-CITY-CENTRAL,2009,2026,researched_partial,web_search,,
US-UNIVERSITY-ALBANY-SUNY-PROVOST,2009,2026,not_researched,none,,
US-UNIVERSITY-OF-HAWAII-MANOA-PROVOST,2009,2026,not_researched,none,,
US-UNIVERSITY-OF-NEW-MEXICO-D-ANDERSON-SCHOOL-OF-MANAGEMENT,2009,2026,not_researched,none,,
US-UNIVERSITY-OF-NORTH-DAKOTA-D-UNIVERSITY-OF-NORTH-DAKOTA-SCHOOL-OF-MEDICINE-AN,2009,2026,not_researched,none,,
US-LOUISIANA-STATE-UNIVERSITY-D-COLLEGE-OF-ENGINEERING,2009,2026,not_researched,none,,
US-UNIVERSITY-OF-NORTH-DAKOTA-D-COLLEGE-OF-ENGINEERING-AND-MINES,2009,2026,not_researched,none,,
US-UNIVERSITY-OF-TEXAS-SAN-ANTONIO-D-COLLEGE-OF-ENGINEERING-AND-INTEGRATED-DESIGN,2009,2026,not_researched,none,,
US-DYOUVILLE-UNIVERSITY-D-PATRICIA-H-GARMAN-SCHOOL-OF-NURSING,1979,2026,researched_complete,web_search,,
US-UNIVERSITY-OF-CALIFORNIA-DAVIS-D-BETTY-IRENE-MOORE-SCHOOL-OF-NURSING,2009,2026,not_researched,none,,
US-UNIVERSITY-OF-MASSACHUSETTS-GLOBAL-D-MARYBELLE-AND-S-PAUL-MUSCO-SCHOOL-OF-NURSING-AND,2007,2026,researched_complete,web_search,,
US-UNIVERSITY-OF-ST-THOMAS-HOUSTON-D-CAROL-AND-ODIS-PEAVY-SCHOOL-OF-NURSING,1997,2026,researched_complete,web_search,,
US-KENT-STATE-UNIVERSITY-D-COLLEGE-OF-PUBLIC-HEALTH,2009,2026,not_researched,none,,
US-UNIVERSITY-OF-MASSACHUSETTS-AMHERST-D-SCHOOL-OF-PUBLIC-HEALTH-AND-HEALTH-SCIENCES,2009,2026,not_researched,none,,
US-ADELPHI-UNIVERSITY-D-RUTH-S-AMMON-COLLEGE-OF-EDUCATION-AND-HEALTH-SCI,1985,2026,researched_partial,web_search,,
US-UNIVERSITY-ALBANY-SUNY-D-SCHOOL-OF-EDUCATION,2009,2026,not_researched,none,,
US-OHIO-STATE-UNIVERSITY-D-COLLEGE-OF-ARTS-AND-SCIENCES,2009,2026,not_researched,none,,
US-PRINCETON-UNIVERSITY-D-SCHOOL-OF-PUBLIC-AND-INTERNATIONAL-AFFAIRS,2009,2026,not_researched,none,,
US-GRAND-VALLEY-STATE-UNIVERSITY-D-PEW-FACULTY-TEACHING-AND-LEARNING-CENTER,1969,2026,researched_complete,web_search,,
US-MISSOURI-STATE-UNIVERSITY-D-COLLEGE-OF-ARTS-AND-SCIENCES,1993,2026,researched_complete,web_search,,
US-FLORIDA-STATE-UNIVERSITY-D-COLLEGE-OF-COMMUNICATION-AND-INFORMATION,2009,2026,not_researched,none,,
US-MICHIGAN-STATE-UNIVERSITY-D-COLLEGE-OF-COMMUNICATION-ARTS-AND-SCIENCES,2009,2026,not_researched,none,,
US-TEMPLE-UNIVERSITY-D-TYLER-SCHOOL-OF-ART-AND-ARCHITECTURE,2009,2026,not_researched,none,,
US-UNIVERSITY-OF-WASHINGTON-D-COLLEGE-OF-BUILT-ENVIRONMENTS,2009,2026,not_researched,none,,
US-CLEMSON-UNIVERSITY-D-COLLEGE-OF-AGRICULTURE-FORESTRY-AND-LIFE-SCIENCE,2009,2026,not_researched,none,,
US-COLORADO-STATE-UNIVERSITY-D-COLLEGE-OF-AGRICULTURAL-SCIENCES,2009,2026,not_researched,none,,
US-UNIVERSITY-OF-HOUSTON-D-COLLEGE-OF-PHARMACY,2009,2026,not_researched,none,,
US-UNIVERSITY-OF-COLORADO-DENVER-D-GRADUATE-SCHOOL,2009,2026,not_researched,none,,
US-BOISE-STATE-UNIVERSITY-PROVOST,1993,2026,researched_partial,web_search,,
US-UNIVERSITY-OF-TEXAS-SAN-ANTONIO-PROVOST,2010,2026,not_researched,none,,
US-VIRGINIA-COMMONWEALTH-UNIVERSITY-D-SCHOOL-OF-BUSINESS,2010,2026,not_researched,none,,
US-UNIVERSITY-OF-ALABAMA-HUNTSVILLE-D-COLLEGE-OF-ENGINEERING,1991,2026,researched_partial,web_search,,
US-UNIVERSITY-OF-IOWA-D-COLLEGE-OF-ENGINEERING,2010,2026,not_researched,none,,
US-CAPELLA-UNIVERSITY-D-SCHOOL-OF-NURSING-AND-HEALTH-SCIENCES,1995,2026,researched_partial,web_search,,
US-GEORGE-WASHINGTON-UNIVERSITY-D-SCHOOL-OF-NURSING,2010,2026,not_researched,none,,
US-WASHINGTON-STATE-UNIVERSITY-D-COLLEGE-OF-NURSING,2010,2026,not_researched,none,,
US-GEORGIA-SOUTHERN-UNIVERSITY-D-COLLEGE-OF-EDUCATION,1987,2026,researched_partial,web_search,,
US-RUSSELL-SAGE-COLLEGE-D-ESTEVES-SCHOOL-OF-EDUCATION,1988,2026,researched_partial,web_search,,
US-UNIVERSITY-OF-MASSACHUSETTS-GLOBAL-D-SCHOOL-OF-EDUCATION,2007,2026,researched_complete,web_search,,
US-UTAH-STATE-UNIVERSITY-D-EMMA-ECCLES-JONES-COLLEGE-OF-EDUCATION-HEALTH-AN,2010,2026,not_researched,none,,
US-COLORADO-STATE-UNIVERSITY-D-COLLEGE-OF-NATURAL-SCIENCES,2010,2026,not_researched,none,,
US-DARTMOUTH-COLLEGE-D-FACULTY-OF-ARTS-AND-SCIENCES,2010,2026,not_researched,none,,
US-NORTHEASTERN-UNIVERSITY-D-COLLEGE-OF-SCIENCE,2010,2026,not_researched,none,,
US-PURDUE-UNIVERSITY-D-COLLEGE-OF-LIBERAL-ARTS,2010,2026,not_researched,none,,
US-STEVENS-INSTITUTE-OF-TECHNOLOGY-D-SCHOOL-OF-HUMANITIES-ARTS-AND-SOCIAL-SCIENCES,1988,2026,researched_partial,web_search,,
US-TEXAS-TECH-UNIVERSITY-D-COLLEGE-OF-ARTS-AND-SCIENCES,2010,2026,not_researched,none,,
US-UNIVERSITY-OF-ALABAMA-BIRMINGHAM-D-COLLEGE-OF-ARTS-AND-SCIENCES,2010,2026,not_researched,none,,
US-UNIVERSITY-OF-HOUSTON-D-COLLEGE-OF-LIBERAL-ARTS-AND-SOCIAL-SCIENCES,2010,2026,not_researched,none,,
US-UNIVERSITY-OF-ILLINOIS-CHICAGO-D-COLLEGE-OF-LIBERAL-ARTS-AND-SCIENCES,2010,2026,not_researched,none,,
US-NORTHEASTERN-UNIVERSITY-D-COLLEGE-OF-ARTS-MEDIA-AND-DESIGN,2010,2026,not_researched,none,,
US-MIDDLE-TENNESSEE-STATE-UNIVERSITY-D-COLLEGE-OF-LIBERAL-ARTS,1991,2026,researched_partial,web_search,,
US-UNIVERSITY-OF-ARIZONA-D-COLLEGE-OF-FINE-ARTS,2010,2026,not_researched,none,,
US-UNIVERSITY-OF-NEBRASKA-LINCOLN-D-COLLEGE-OF-JOURNALISM-AND-MASS-COMMUNICATIONS,2010,2026,not_researched,none,,
US-UNIVERSITY-OF-RHODE-ISLAND-D-COLLEGE-OF-THE-ENVIRONMENT-AND-LIFE-SCIENCES,2010,2026,not_researched,none,,
US-CONCORDIA-UNIVERSITY-WISCONSIN-D-SCHOOL-OF-PHARMACY,1979,2026,researched_complete,web_search,,
US-DYOUVILLE-UNIVERSITY-D-SCHOOL-OF-PHARMACY,1979,2026,researched_complete,web_search,,
US-MARSHALL-UNIVERSITY-D-SCHOOL-OF-PHARMACY,1991,2026,researched_partial,web_search,,
US-UNIVERSITY-OF-LOUISIANA-MONROE-D-COLLEGE-OF-PHARMACY,1991,2026,researched_complete,web_search,,
US-LINCOLN-MEMORIAL-UNIVERSITY-D-RICHARD-A-GILLESPIE-COLLEGE-OF-VETERINARY-MEDICI,1991,2026,researched_complete,web_search,,
US-UNIVERSITY-OF-HAWAII-MANOA-D-GRADUATE-SCHOOL,2010,2026,not_researched,none,,
US-UNIVERSITY-OF-TEXAS-EL-PASO-PROVOST,2011,2026,not_researched,none,,
US-TUFTS-UNIVERSITY-D-FLETCHER-SCHOOL,2011,2026,not_researched,none,,
US-UNIVERSITY-OF-CALIFORNIA-RIVERSIDE-D-A-GARY-ANDERSON-GRADUATE-SCHOOL-OF-MANAGEMENT,2011,2026,not_researched,none,,
US-UNIVERSITY-OF-MIAMI-D-MIAMI-HERBERT-BUSINESS-SCHOOL,2011,2026,not_researched,none,,
US-UNIVERSITY-OF-VERMONT-D-GROSSMAN-SCHOOL-OF-BUSINESS,2011,2026,not_researched,none,,
US-OKLAHOMA-STATE-UNIVERSITY-D-OKLAHOMA-STATE-UNIVERSITY-COLLEGE-OF-OSTEOPATHIC,2011,2026,not_researched,none,,
US-COLORADO-SCHOOL-OF-MINES-D-COLLEGE-OF-ENGINEERING-AND-COMPUTATIONAL-SCIENCE,2011,2026,not_researched,none,,
US-WAYNE-STATE-UNIVERSITY-D-COLLEGE-OF-ENGINEERING,2011,2026,not_researched,none,,
US-HUNTER-COLLEGE-D-HUNTER-BELLEVUE-SCHOOL-OF-NURSING,1995,2026,researched_partial,web_search,,
US-QUINNIPIAC-UNIVERSITY-D-SCHOOL-OF-NURSING,1987,2026,researched_complete,web_search,,
US-RUTGERS-UNIVERSITY-CAMDEN-D-SCHOOL-OF-NURSING-CAMDEN,1981,2026,researched_partial,web_search,,
US-UNIVERSITY-OF-NORTH-DAKOTA-D-COLLEGE-OF-NURSING-AND-PROFESSIONAL-DISCIPLINES,2011,2026,not_researched,none,,
US-WALSH-UNIVERSITY-D-GARY-AND-LINDA-BYERS-SCHOOL-OF-NURSING,1992,2026,researched_complete,web_search,,
US-AZUSA-PACIFIC-UNIVERSITY-D-COLLEGE-OF-EDUCATION-AND-BEHAVIORAL-SCIENCES,1990,2026,researched_partial,web_search,,
US-EASTERN-MICHIGAN-UNIVERSITY-D-COLLEGE-OF-EDUCATION,1989,2026,researched_partial,web_search,,
US-GARDNER-WEBB-UNIVERSITY-D-COLLEGE-OF-EDUCATION,1986,2026,researched_complete,web_search,,
US-LESLEY-UNIVERSITY-D-GRADUATE-SCHOOL-OF-EDUCATION,1985,2026,researched_complete,web_search,,
US-UNIVERSITY-OF-COLORADO-COLORADO-SPRINGS-D-COLLEGE-OF-EDUCATION,1993,2026,researched_partial,web_search,,
US-UNIVERSITY-OF-SOUTH-CAROLINA-D-COLLEGE-OF-EDUCATION,2011,2026,not_researched,none,,
US-BRIGHAM-YOUNG-UNIVERSITY-D-COLLEGE-OF-FAMILY-HOME-AND-SOCIAL-SCIENCES,2011,2026,not_researched,none,,
US-LOUISIANA-STATE-UNIVERSITY-D-COLLEGE-OF-HUMANITIES-AND-SOCIAL-SCIENCES,2011,2026,not_researched,none,,
US-NEW-YORK-UNIVERSITY-D-FACULTY-OF-ARTS-AND-SCIENCE,2011,2026,not_researched,none,,
US-NORTHEASTERN-UNIVERSITY-D-COLLEGE-OF-SOCIAL-SCIENCES-AND-HUMANITIES,2011,2026,not_researched,none,,
US-UNIVERSITY-OF-CALIFORNIA-SANTA-CRUZ-D-DIVISION-OF-HUMANITIES,2011,2026,not_researched,none,,
US-UNIVERSITY-OF-CALIFORNIA-SANTA-CRUZ-D-DIVISION-OF-PHYSICAL-AND-BIOLOGICAL-SCIENCES,2011,2026,not_researched,none,,
US-UNIVERSITY-OF-CENTRAL-FLORIDA-D-COLLEGE-OF-SCIENCES,2011,2026,not_researched,none,,
US-UNIVERSITY-OF-GEORGIA-D-FRANKLIN-COLLEGE-OF-ARTS-AND-SCIENCES,2011,2026,not_researched,none,,
US-UNIVERSITY-OF-NEW-MEXICO-D-COLLEGE-OF-ARTS-AND-SCIENCES,2011,2026,not_researched,none,,
US-UNIVERSITY-OF-TEXAS-EL-PASO-D-COLLEGE-OF-LIBERAL-ARTS,2011,2026,not_researched,none,,
US-CLEMSON-UNIVERSITY-D-COLLEGE-OF-ARCHITECTURE-ARTS-AND-HUMANITIES,2011,2026,not_researched,none,,
US-UNIVERSITY-OF-CINCINNATI-D-COLLEGE-CONSERVATORY-OF-MUSIC,2011,2026,not_researched,none,,
US-VIRGINIA-STATE-UNIVERSITY-D-COLLEGE-OF-AGRICULTURE,1993,2026,researched_partial,web_search,,
US-UNIVERSITY-OF-SOUTH-FLORIDA-D-TANEJA-COLLEGE-OF-PHARMACY,2011,2026,not_researched,none,,
US-UNIVERSITY-OF-OREGON-D-DIVISION-OF-GRADUATE-STUDIES,2011,2026,not_researched,none,,
US-CASE-WESTERN-RESERVE-UNIVERSITY-D-WEATHERHEAD-SCHOOL-OF-MANAGEMENT,2012,2026,not_researched,none,,
US-UNIVERSITY-OF-SOUTH-FLORIDA-D-MUMA-COLLEGE-OF-BUSINESS,2012,2026,not_researched,none,,
US-HAMPTON-UNIVERSITY-D-SCHOOL-OF-NURSING,1978,2026,researched_complete,web_search,,
US-LA-SALLE-UNIVERSITY-D-SCHOOL-OF-NURSING-AND-HEALTH-SCIENCES,1992,2026,researched_complete,web_search,,
US-SHENANDOAH-UNIVERSITY-D-ELEANOR-WADE-CUSTER-SCHOOL-OF-NURSING,1982,2026,researched_partial,web_search,,
US-WILMINGTON-UNIVERSITY-D-COLLEGE-OF-NURSING-AND-HEALTH-SCIENCES,1979,2026,researched_complete,web_search,,
US-FLORIDA-INTERNATIONAL-UNIVERSITY-D-ROBERT-STEMPEL-COLLEGE-OF-PUBLIC-HEALTH-AND-SOCI,2012,2026,not_researched,none,,
US-INDIANA-UNIVERSITY-BLOOMINGTON-D-SCHOOL-OF-PUBLIC-HEALTH-BLOOMINGTON,2012,2026,not_researched,none,,
US-NEW-YORK-UNIVERSITY-D-SCHOOL-OF-GLOBAL-PUBLIC-HEALTH,2012,2026,not_researched,none,,
US-CENTRAL-MICHIGAN-UNIVERSITY-D-COLLEGE-OF-EDUCATION-AND-HUMAN-SERVICES,1992,2026,researched_partial,web_search,,
US-ILLINOIS-STATE-UNIVERSITY-D-COLLEGE-OF-EDUCATION,1995,2026,researched_partial,web_search,,
US-SANTA-CLARA-UNIVERSITY-D-SCHOOL-OF-EDUCATION-AND-COUNSELING-PSYCHOLOGY,1988,2026,researched_complete,web_search,,
US-UNIVERSITY-OF-CALIFORNIA-IRVINE-D-SCHOOL-OF-EDUCATION,2012,2026,not_researched,none,,
US-UNIVERSITY-OF-COLORADO-DENVER-D-SCHOOL-OF-EDUCATION-AND-HUMAN-DEVELOPMENT,2012,2026,not_researched,none,,
US-WESTERN-MICHIGAN-UNIVERSITY-D-COLLEGE-OF-EDUCATION-AND-HUMAN-DEVELOPMENT,1985,2026,researched_partial,web_search,,
US-IOWA-STATE-UNIVERSITY-D-COLLEGE-OF-LIBERAL-ARTS-AND-SCIENCES,2012,2026,not_researched,none,,
US-LOUISIANA-STATE-UNIVERSITY-D-COLLEGE-OF-SCIENCE,2012,2026,not_researched,none,,
US-MIAMI-UNIVERSITY-D-COLLEGE-OF-ARTS-AND-SCIENCE,1996,2026,researched_partial,web_search,,
US-RENSSELAER-POLYTECHNIC-INSTITUTE-D-SCHOOL-OF-HUMANITIES-ARTS-AND-SOCIAL-SCIENCES,2012,2026,not_researched,none,,
US-TEXAS-CHRISTIAN-UNIVERSITY-D-COLLEGE-OF-SCIENCE-AND-ENGINEERING,1979,2026,researched_partial,web_search,,
US-UNIVERSITY-OF-COLORADO-BOULDER-D-COLLEGE-OF-ARTS-AND-SCIENCES,2012,2026,not_researched,none,,
US-UNIVERSITY-OF-HAWAII-MANOA-D-COLLEGE-OF-SOCIAL-SCIENCES,2012,2026,not_researched,none,,
US-UNIVERSITY-OF-OREGON-D-COLLEGE-OF-ARTS-AND-SCIENCES,2012,2026,not_researched,none,,
US-WASHINGTON-STATE-UNIVERSITY-D-COLLEGE-OF-ARTS-AND-SCIENCES,2012,2026,not_researched,none,,
US-WAYNE-STATE-UNIVERSITY-D-COLLEGE-OF-LIBERAL-ARTS-AND-SCIENCES,2012,2026,not_researched,none,,
US-UNIVERSITY-OF-HAWAII-MANOA-D-COLLEGE-OF-ARTS-LANGUAGES-AND-LETTERS,2012,2026,not_researched,none,,
US-UNIVERSITY-OF-HAWAII-HILO-D-COLLEGE-OF-AGRICULTURE-FORESTRY-AND-NATURAL-RESO,1993,2026,researched_partial,web_search,,
US-WEST-VIRGINIA-UNIVERSITY-D-DAVIS-COLLEGE-OF-AGRICULTURE-AND-NATURAL-RESOURC,2012,2026,not_researched,none,,
US-REGIS-UNIVERSITY-D-SCHOOL-OF-PHARMACY,1993,2026,researched_complete,web_search,,
US-STONY-BROOK-UNIVERSITY-D-COLLEGE-OF-BUSINESS,2013,2026,not_researched,none,,
US-TEXAS-A-AND-M-UNIVERSITY-D-TEXAS-A-AND-M-UNIVERSITY-SCHOOL-OF-LAW,2013,2026,not_researched,none,,
US-COLORADO-STATE-UNIVERSITY-D-WALTER-SCOTT-JR-COLLEGE-OF-ENGINEERING,2013,2026,not_researched,none,,
US-NEW-YORK-UNIVERSITY-D-TANDON-SCHOOL-OF-ENGINEERING,2013,2026,not_researched,none,,
US-UNIVERSITY-OF-MEMPHIS-D-HERFF-COLLEGE-OF-ENGINEERING,2013,2026,not_researched,none,,
US-UNIVERSITY-OF-TEXAS-ARLINGTON-D-COLLEGE-OF-ENGINEERING,2013,2026,not_researched,none,,
US-BELLARMINE-UNIVERSITY-D-DONNA-AND-ALLAN-LANSING-SCHOOL-OF-NURSING-AND-CL,1990,2026,researched_complete,web_search,,
US-KENT-STATE-UNIVERSITY-D-COLLEGE-OF-NURSING,2013,2026,not_researched,none,,
US-UNIVERSITY-OF-ALABAMA-D-CAPSTONE-COLLEGE-OF-NURSING,2013,2026,not_researched,none,,
US-WALDEN-UNIVERSITY-D-COLLEGE-OF-NURSING,1999,2026,researched_complete,web_search,,
US-BROWN-UNIVERSITY-D-SCHOOL-OF-PUBLIC-HEALTH,2013,2026,not_researched,none,,
US-INDIANA-UNIVERSITY-INDIANAPOLIS-D-RICHARD-M-FAIRBANKS-SCHOOL-OF-PUBLIC-HEALTH,2013,2026,not_researched,none,,
US-HOFSTRA-UNIVERSITY-D-SCHOOL-OF-EDUCATION,1976,2026,researched_complete,web_search,,
US-OAKLAND-UNIVERSITY-D-SCHOOL-OF-EDUCATION-AND-HUMAN-SERVICES,1995,2026,researched_partial,web_search,,
US-ROWAN-UNIVERSITY-D-COLLEGE-OF-EDUCATION,1984,2026,researched_partial,web_search,,
US-UNIVERSITY-OF-NEVADA-RENO-D-COLLEGE-OF-EDUCATION-AND-HUMAN-DEVELOPMENT,2013,2026,not_researched,none,,
US-MISSISSIPPI-STATE-UNIVERSITY-D-COLLEGE-OF-ARTS-AND-SCIENCES,2013,2026,not_researched,none,,
US-NORTH-CAROLINA-STATE-UNIVERSITY-D-COLLEGE-OF-SCIENCES,2013,2026,not_researched,none,,
US-UNIVERSITY-OF-MARYLAND-BALTIMORE-COUNTY-D-COLLEGE-OF-ARTS-HUMANITIES-AND-SOCIAL-SCIENCES,2013,2026,not_researched,none,,
US-UNIVERSITY-OF-MEMPHIS-D-COLLEGE-OF-ARTS-AND-SCIENCES,2013,2026,not_researched,none,,
US-UNIVERSITY-OF-OKLAHOMA-D-DODGE-FAMILY-COLLEGE-OF-ARTS-AND-SCIENCES,2013,2026,not_researched,none,,
US-UNIVERSITY-OF-TEXAS-EL-PASO-D-COLLEGE-OF-SCIENCE,2013,2026,not_researched,none,,
US-UNIVERSITY-OF-UTAH-D-COLLEGE-OF-SOCIAL-AND-BEHAVIORAL-SCIENCE,2013,2026,not_researched,none,,
US-UNIVERSITY-OF-NEBRASKA-LINCOLN-D-COLLEGE-OF-ARTS-AND-SCIENCES,2013,2026,not_researched,none,,
US-UNIVERSITY-OF-TULSA-D-KENDALL-COLLEGE-OF-ARTS-AND-SCIENCES,1990,2026,researched_partial,web_search,,
US-HUNTER-COLLEGE-D-SCHOOL-OF-ARTS-AND-SCIENCES,1995,2026,researched_partial,web_search,,
US-OAKLAND-UNIVERSITY-D-COLLEGE-OF-ARTS-AND-SCIENCES,1995,2026,researched_partial,web_search,,
US-FLORIDA-STATE-UNIVERSITY-D-COLLEGE-OF-FINE-ARTS,2013,2026,not_researched,none,,
US-TEMPLE-UNIVERSITY-D-KLEIN-COLLEGE-OF-MEDIA-AND-COMMUNICATION,2013,2026,not_researched,none,,
US-ARKANSAS-STATE-UNIVERSITY-D-COLLEGE-OF-AGRICULTURE,1910,2026,researched_partial,web_search,,
US-CHAPMAN-UNIVERSITY-D-SCHOOL-OF-PHARMACY,1991,2026,researched_partial,web_search,,
US-UNIVERSITY-OF-TEXAS-TYLER-D-BEN-AND-MAYTEE-FISCH-COLLEGE-OF-PHARMACY,1981,2026,researched_partial,web_search,,
US-UNIVERSITY-OF-NEVADA-LAS-VEGAS-D-LEE-BUSINESS-SCHOOL,2013,2026,not_researched,none,,
US-WASHINGTON-STATE-UNIVERSITY-D-CARSON-COLLEGE-OF-BUSINESS,2014,2026,not_researched,none,,
US-UNIVERSITY-OF-NEVADA-LAS-VEGAS-D-KIRK-KERKORIAN-SCHOOL-OF-MEDICINE-AT-UNLV,2014,2026,not_researched,none,,
US-UNIVERSITY-OF-TEXAS-AUSTIN-D-DELL-MEDICAL-SCHOOL,2014,2026,not_researched,none,,
US-UNIVERSITY-OF-MARYLAND-BALTIMORE-COUNTY-D-COLLEGE-OF-ENGINEERING-AND-INFORMATION-TECHNOLOG,2014,2026,not_researched,none,,
US-LIBERTY-UNIVERSITY-D-SCHOOL-OF-NURSING,1971,2026,researched_complete,web_search,,
US-OKLAHOMA-CITY-UNIVERSITY-D-KRAMER-SCHOOL-OF-NURSING,1979,2026,researched_complete,web_search,,
US-SACRED-HEART-UNIVERSITY-D-DR-SUSAN-L-DAVIS-AND-RICHARD-J-HENLEY-COLLEGE-OF,1988,2026,researched_partial,web_search,,
US-TEXAS-WOMANS-UNIVERSITY-D-COLLEGE-OF-NURSING,1986,2026,researched_complete,web_search,,
US-TEMPLE-UNIVERSITY-D-BARNETT-COLLEGE-OF-PUBLIC-HEALTH,2014,2026,not_researched,none,,
US-MONTCLAIR-STATE-UNIVERSITY-D-COLLEGE-FOR-EDUCATION-AND-ENGAGED-LEARNING,1989,2026,researched_partial,web_search,,
US-SAM-HOUSTON-STATE-UNIVERSITY-D-COLLEGE-OF-EDUCATION,1995,2026,researched_partial,web_search,,
US-TARLETON-STATE-UNIVERSITY-D-COLLEGE-OF-EDUCATION,1991,2026,researched_partial,web_search,,
US-UNIVERSITY-OF-TEXAS-TYLER-D-COLLEGE-OF-EDUCATION-AND-PSYCHOLOGY,1981,2026,researched_partial,web_search,,
US-UNIVERSITY-OF-CALIFORNIA-RIVERSIDE-D-SCHOOL-OF-EDUCATION,2014,2026,not_researched,none,,
US-UNIVERSITY-OF-NEW-MEXICO-D-COLLEGE-OF-EDUCATION-AND-HUMAN-SCIENCES,2014,2026,not_researched,none,,
US-UNIVERSITY-OF-UTAH-D-COLLEGE-OF-EDUCATION,2014,2026,not_researched,none,,
US-MISSOURI-UNIVERSITY-OF-SCIENCE-AND-TECHNOLOGY-D-COLLEGE-OF-ARTS-SCIENCES-AND-EDUCATION,2014,2026,not_researched,none,,
US-SOUTHERN-METHODIST-UNIVERSITY-D-DEDMAN-COLLEGE-OF-HUMANITIES-AND-SCIENCES,2014,2026,not_researched,none,,
US-UNIVERSITY-OF-ALABAMA-HUNTSVILLE-D-COLLEGE-OF-SCIENCE,1991,2026,researched_partial,web_search,,
US-UNIVERSITY-OF-CALIFORNIA-BERKELEY-D-COLLEGE-OF-LETTERS-AND-SCIENCE,2014,2026,not_researched,none,,
US-UNIVERSITY-OF-CALIFORNIA-LOS-ANGELES-D-COLLEGE-OF-LETTERS-AND-SCIENCE,2014,2026,not_researched,none,,
US-UNIVERSITY-OF-CALIFORNIA-SAN-DIEGO-D-SCHOOL-OF-SOCIAL-SCIENCES,2014,2026,not_researched,none,,
US-UNIVERSITY-OF-COLORADO-DENVER-D-COLLEGE-OF-LIBERAL-ARTS-AND-SCIENCES,2014,2026,not_researched,none,,
US-UNIVERSITY-OF-MAINE-D-COLLEGE-OF-LIBERAL-ARTS-AND-SCIENCES,2014,2026,not_researched,none,,
US-UNIVERSITY-OF-ROCHESTER-D-SCHOOL-OF-ARTS-AND-SCIENCES,2014,2026,not_researched,none,,
US-YALE-UNIVERSITY-D-FACULTY-OF-ARTS-AND-SCIENCES,2014,2026,not_researched,none,,
US-BOWLING-GREEN-STATE-UNIVERSITY-D-COLLEGE-OF-ARTS-AND-SCIENCES,1995,2026,researched_partial,web_search,,
US-ILLINOIS-STATE-UNIVERSITY-D-COLLEGE-OF-ARTS-AND-SCIENCES,1995,2026,researched_partial,web_search,,
US-LOYOLA-MARYMOUNT-UNIVERSITY-D-COLLEGE-OF-LIBERAL-ARTS,1991,2026,researched_partial,web_search,,
US-UNIVERSITY-OF-FINDLAY-D-COLLEGE-OF-PHARMACY,1983,2026,researched_partial,web_search,,
US-UNIVERSITY-OF-TEXAS-RIO-GRANDE-VALLEY-CENTRAL,2015,2026,researched_partial,web_search,,
US-RUTGERS-UNIVERSITY-D-RUTGERS-LAW-SCHOOL,2015,2026,not_researched,none,,
US-TEXAS-CHRISTIAN-UNIVERSITY-D-ANNE-BURNETT-MARION-SCHOOL-OF-MEDICINE-AT-TEXAS,1979,2026,researched_partial,web_search,,
US-WASHINGTON-STATE-UNIVERSITY-D-ELSON-S-FLOYD-COLLEGE-OF-MEDICINE,2015,2026,not_researched,none,,
US-GRAND-CANYON-UNIVERSITY-D-COLLEGE-OF-NURSING-AND-HEALTH-CARE-PROFESSIONS,1978,2026,researched_complete,web_search,,
US-HOFSTRA-UNIVERSITY-D-HOFSTRA-NORTHWELL-SCHOOL-OF-NURSING-AND-PHYSICIA,1976,2026,researched_complete,web_search,,
US-NORTHEASTERN-UNIVERSITY-D-SCHOOL-OF-NURSING,2015,2026,not_researched,none,,
US-SETON-HALL-UNIVERSITY-D-COLLEGE-OF-NURSING,1995,2026,researched_partial,web_search,,
US-UNION-UNIVERSITY-D-SCHOOL-OF-NURSING,1987,2026,researched_complete,web_search,,
US-WILKES-UNIVERSITY-D-PASSAN-SCHOOL-OF-NURSING,1984,2026,researched_complete,web_search,,
US-LOMA-LINDA-UNIVERSITY-D-SCHOOL-OF-PUBLIC-HEALTH,1991,2026,researched_partial,web_search,,
US-AUGUSTA-UNIVERSITY-D-COLLEGE-OF-EDUCATION-AND-HUMAN-DEVELOPMENT,1988,2026,researched_partial,web_search,,
US-CLEMSON-UNIVERSITY-D-COLLEGE-OF-EDUCATION,2015,2026,not_researched,none,,
US-LAMAR-UNIVERSITY-D-COLLEGE-OF-EDUCATION-AND-HUMAN-DEVELOPMENT,1993,2026,researched_complete,web_search,,
US-LOUISIANA-TECH-UNIVERSITY-D-COLLEGE-OF-EDUCATION-AND-HUMAN-SCIENCES,1987,2026,researched_partial,web_search,,
US-MIAMI-UNIVERSITY-D-COLLEGE-OF-EDUCATION-HEALTH-AND-SOCIETY,1996,2026,researched_partial,web_search,,
US-MONTANA-STATE-UNIVERSITY-D-COLLEGE-OF-EDUCATION-HEALTH-AND-HUMAN-DEVELOPMEN,2015,2026,not_researched,none,,
US-UNIVERSITY-OF-TEXAS-RIO-GRANDE-VALLEY-D-COLLEGE-OF-EDUCATION-AND-P-16-INTEGRATION,2015,2026,researched_partial,web_search,,
US-UNIVERSITY-OF-CENTRAL-ARKANSAS-D-COLLEGE-OF-EDUCATION,1988,2026,researched_complete,web_search,,
US-KENT-STATE-UNIVERSITY-D-COLLEGE-OF-ARTS-AND-SCIENCES,2015,2026,not_researched,none,,
US-RENSSELAER-POLYTECHNIC-INSTITUTE-D-SCHOOL-OF-SCIENCE,2015,2026,not_researched,none,,
US-UNIVERSITY-OF-HOUSTON-D-COLLEGE-OF-NATURAL-SCIENCES-AND-MATHEMATICS,2015,2026,not_researched,none,,
US-UNIVERSITY-OF-MASSACHUSETTS-AMHERST-D-COLLEGE-OF-SOCIAL-AND-BEHAVIORAL-SCIENCES,2015,2026,not_researched,none,,
US-UNIVERSITY-OF-TEXAS-DALLAS-D-SCHOOL-OF-NATURAL-SCIENCES-AND-MATHEMATICS,2015,2026,not_researched,none,,
US-FORDHAM-UNIVERSITY-D-FORDHAM-COLLEGE-OF-ARTS-AND-SCIENCES,1984,2026,researched_partial,web_search,,
US-TEXAS-A-AND-M-UNIVERSITY-D-COLLEGE-OF-LIBERAL-ARTS,2015,2026,not_researched,none,,
US-UNIVERSITY-OF-COLORADO-BOULDER-D-COLLEGE-OF-MEDIA-COMMUNICATION-AND-INFORMATION,2015,2026,not_researched,none,,
US-INDIANA-UNIVERSITY-BLOOMINGTON-D-MEDIA-SCHOOL,2015,2026,not_researched,none,,
US-NEW-SCHOOL-D-COLLEGE-OF-PERFORMING-ARTS,1982,2026,researched_partial,web_search,,
US-UNIVERSITY-OF-SOUTHERN-CALIFORNIA-D-GLORYA-KAUFMAN-SCHOOL-OF-DANCE,2015,2026,not_researched,none,,
US-NORTH-CAROLINA-A-AND-T-STATE-UNIVERSITY-D-COLLEGE-OF-AGRICULTURE-AND-ENVIRONMENTAL-SCIENCE,1981,2026,researched_partial,web_search,,
US-TENNESSEE-TECHNOLOGICAL-UNIVERSITY-D-COLLEGE-OF-AGRICULTURE-AND-HUMAN-ECOLOGY,1987,2026,researched_partial,web_search,,
US-BINGHAMTON-UNIVERSITY-D-SCHOOL-OF-PHARMACY-AND-PHARMACEUTICAL-SCIENCES,2015,2026,not_researched,none,,
US-MEDICAL-COLLEGE-OF-WISCONSIN-D-SCHOOL-OF-PHARMACY,1990,2026,researched_partial,web_search,,
US-UNIVERSITY-OF-TEXAS-EL-PASO-D-SCHOOL-OF-PHARMACY,2015,2026,not_researched,none,,
US-UNIVERSITY-BUFFALO-D-GRADUATE-SCHOOL,2015,2026,not_researched,none,,
US-UNIVERSITY-OF-NEW-HAMPSHIRE-D-PETER-T-PAUL-COLLEGE-OF-BUSINESS-AND-ECONOMICS,2015,2026,not_researched,none,,
US-UNIVERSITY-OF-RHODE-ISLAND-D-COLLEGE-OF-BUSINESS,2015,2026,not_researched,none,,
US-UNIVERSITY-OF-IDAHO-D-COLLEGE-OF-BUSINESS-AND-ECONOMICS,2016,2026,not_researched,none,,
US-UNIVERSITY-OF-ILLINOIS-CHICAGO-D-UNIVERSITY-OF-ILLINOIS-CHICAGO-SCHOOL-OF-LAW,2016,2026,not_researched,none,,
US-UNIVERSITY-OF-ILLINOIS-URBANA-CHAMPAIGN-D-CARLE-ILLINOIS-COLLEGE-OF-MEDICINE,2016,2026,not_researched,none,,
US-MISSOURI-UNIVERSITY-OF-SCIENCE-AND-TECHNOLOGY-D-COLLEGE-OF-ENGINEERING-AND-COMPUTING,2016,2026,not_researched,none,,
US-UNIVERSITY-OF-NEW-HAMPSHIRE-D-COLLEGE-OF-ENGINEERING-AND-PHYSICAL-SCIENCES,2016,2026,not_researched,none,,
US-MONTCLAIR-STATE-UNIVERSITY-D-SCHOOL-OF-NURSING,1989,2026,researched_partial,web_search,,
US-UNIVERSITY-OF-MICHIGAN-FLINT-D-SCHOOL-OF-NURSING,1994,2026,researched_complete,web_search,,
US-UNIVERSITY-OF-NEVADA-RENO-D-ORVIS-SCHOOL-OF-NURSING,2016,2026,not_researched,none,,
US-AMERICAN-UNIVERSITY-D-SCHOOL-OF-EDUCATION,2016,2026,not_researched,none,,
US-ARKANSAS-STATE-UNIVERSITY-D-COLLEGE-OF-EDUCATION-AND-BEHAVIORAL-SCIENCE,1910,2026,researched_partial,web_search,,
US-BOWLING-GREEN-STATE-UNIVERSITY-D-COLLEGE-OF-EDUCATION-AND-HUMAN-DEVELOPMENT,1995,2026,researched_partial,web_search,,
US-CITY-UNIVERSITY-OF-SEATTLE-D-ALBRIGHT-SCHOOL-OF-EDUCATION,1996,2026,researched_partial,web_search,,
US-KENT-STATE-UNIVERSITY-D-COLLEGE-OF-EDUCATION-HEALTH-AND-HUMAN-SERVICES,2016,2026,not_researched,none,,
US-NORTHERN-ILLINOIS-UNIVERSITY-D-COLLEGE-OF-EDUCATION,1986,2026,researched_partial,web_search,,
US-TEXAS-A-AND-M-UNIVERSITY-D-COLLEGE-OF-EDUCATION-AND-HUMAN-DEVELOPMENT,2016,2026,not_researched,none,,
US-UNIVERSITY-OF-LA-VERNE-D-LAFETRA-COLLEGE-OF-EDUCATION,1985,2026,researched_complete,web_search,,
US-UNIVERSITY-OF-MAINE-D-COLLEGE-OF-EDUCATION-AND-HUMAN-DEVELOPMENT,2016,2026,not_researched,none,,
US-UNIVERSITY-OF-VERMONT-D-COLLEGE-OF-EDUCATION-AND-SOCIAL-SERVICES,2016,2026,not_researched,none,,
US-CARNEGIE-MELLON-UNIVERSITY-D-MELLON-COLLEGE-OF-SCIENCE,2016,2026,not_researched,none,,
US-CLEMSON-UNIVERSITY-D-COLLEGE-OF-BEHAVIORAL-SOCIAL-AND-HEALTH-SCIENCES,2016,2026,not_researched,none,,
US-NORTH-CAROLINA-A-AND-T-STATE-UNIVERSITY-D-COLLEGE-OF-SCIENCE-AND-TECHNOLOGY,1981,2026,researched_partial,web_search,,
US-PURDUE-UNIVERSITY-D-COLLEGE-OF-SCIENCE,2016,2026,not_researched,none,,
US-UNIVERSITY-OF-CHICAGO-D-DIVISION-OF-THE-ARTS-AND-HUMANITIES,2016,2026,not_researched,none,,
US-UNIVERSITY-OF-IDAHO-D-COLLEGE-OF-LETTERS-ARTS-AND-SOCIAL-SCIENCES,2016,2026,not_researched,none,,
US-UNIVERSITY-OF-NEVADA-LAS-VEGAS-D-COLLEGE-OF-SCIENCES,2016,2026,not_researched,none,,
US-UNIVERSITY-OF-NEVADA-RENO-D-COLLEGE-OF-LIBERAL-ARTS,2016,2026,not_researched,none,,
US-UNIVERSITY-OF-NEW-HAMPSHIRE-D-COLLEGE-OF-LIBERAL-ARTS,2016,2026,not_researched,none,,
US-YALE-UNIVERSITY-D-SCHOOL-OF-HUMANITIES,2016,2026,not_researched,none,,
US-INDIANA-STATE-UNIVERSITY-D-COLLEGE-OF-ARTS-AND-SCIENCES,1992,2026,researched_complete,web_search,,
US-ROWAN-UNIVERSITY-D-COLLEGE-OF-LIBERAL-ARTS,1984,2026,researched_partial,web_search,,
US-TUFTS-UNIVERSITY-D-SCHOOL-OF-THE-MUSEUM-OF-FINE-ARTS,2016,2026,not_researched,none,,
US-TARLETON-STATE-UNIVERSITY-D-COLLEGE-OF-AGRICULTURE-AND-NATURAL-RESOURCES,1991,2026,researched_partial,web_search,,
US-WILLIAM-CAREY-UNIVERSITY-D-SCHOOL-OF-PHARMACY,1989,2026,researched_complete,web_search,,
US-WEST-VIRGINIA-UNIVERSITY-D-JOHN-CHAMBERS-COLLEGE-OF-BUSINESS-AND-ECONOMICS,2016,2026,not_researched,none,,
US-UNIVERSITY-OF-LOUISVILLE-D-COLLEGE-OF-BUSINESS,2017,2026,not_researched,none,,
US-UNIVERSITY-OF-NORTH-DAKOTA-D-NISTLER-COLLEGE-OF-BUSINESS-AND-PUBLIC-ADMINISTR,2017,2026,not_researched,none,,
US-AURORA-UNIVERSITY-D-SCHOOL-OF-NURSING,1988,2026,researched_complete,web_search,,
US-GEORGE-FOX-UNIVERSITY-D-COLLEGE-OF-NURSING,1983,2026,researched_complete,web_search,,
US-UNIVERSITY-OF-CALIFORNIA-IRVINE-D-SUE-AND-BILL-GROSS-SCHOOL-OF-NURSING,2017,2026,not_researched,none,,
US-UNIVERSITY-OF-OKLAHOMA-HEALTH-SCIENCES-CENTER-D-FRAN-AND-EARL-ZIEGLER-COLLEGE-OF-NURSING,1995,2026,researched_partial,web_search,,
US-GEORGE-MASON-UNIVERSITY-D-COLLEGE-OF-PUBLIC-HEALTH,2017,2026,not_researched,none,,
US-UNIVERSITY-OF-NEVADA-RENO-D-SCHOOL-OF-PUBLIC-HEALTH,2017,2026,not_researched,none,,
US-WEST-VIRGINIA-UNIVERSITY-D-SCHOOL-OF-PUBLIC-HEALTH,2017,2026,not_researched,none,,
US-BALL-STATE-UNIVERSITY-D-TEACHERS-COLLEGE,1984,2026,researched_partial,web_search,,
US-CALIFORNIA-STATE-UNIVERSITY-LOS-ANGELES-D-CHARTER-COLLEGE-OF-EDUCATION,1979,2026,researched_partial,web_search,,
US-PORTLAND-STATE-UNIVERSITY-D-COLLEGE-OF-EDUCATION,1990,2026,researched_partial,web_search,,
US-SOUTHERN-ILLINOIS-UNIVERSITY-EDWARDSVILLE-D-SCHOOL-OF-EDUCATION-HEALTH-AND-HUMAN-BEHAVIOR,1994,2026,researched_complete,web_search,,
US-TEXAS-WOMANS-UNIVERSITY-D-COLLEGE-OF-PROFESSIONAL-EDUCATION,1986,2026,researched_complete,web_search,,
US-CLEMSON-UNIVERSITY-D-COLLEGE-OF-SCIENCE,2017,2026,not_researched,none,,
US-UNIVERSITY-OF-CALIFORNIA-DAVIS-D-COLLEGE-OF-LETTERS-AND-SCIENCE,2017,2026,not_researched,none,,
US-UNIVERSITY-OF-MASSACHUSETTS-AMHERST-D-COLLEGE-OF-NATURAL-SCIENCES,2017,2026,not_researched,none,,
US-UNIVERSITY-OF-UTAH-D-COLLEGE-OF-HUMANITIES,2017,2026,not_researched,none,,
US-GEORGETOWN-UNIVERSITY-D-COLLEGE-OF-ARTS-AND-SCIENCES,2017,2026,not_researched,none,,
US-NEW-YORK-UNIVERSITY-D-COLLEGE-OF-ARTS-AND-SCIENCE,2017,2026,not_researched,none,,
US-PORTLAND-STATE-UNIVERSITY-D-COLLEGE-OF-THE-ARTS,1990,2026,researched_partial,web_search,,
US-SAN-JOSE-STATE-UNIVERSITY-D-COLLEGE-OF-HUMANITIES-AND-THE-ARTS,1995,2026,researched_partial,web_search,,
US-LONG-ISLAND-UNIVERSITY-D-LEWYT-COLLEGE-OF-VETERINARY-MEDICINE,1985,2026,researched_partial,web_search,,
US-UNIVERSITY-OF-OKLAHOMA-D-GRADUATE-COLLEGE,2017,2026,not_researched,none,,
US-COLORADO-SCHOOL-OF-MINES-D-GRADUATE-SCHOOL,2017,2026,not_researched,none,,
US-GEORGE-MASON-UNIVERSITY-D-COSTELLO-COLLEGE-OF-BUSINESS,2017,2026,not_researched,none,,
US-PURDUE-UNIVERSITY-GLOBAL-CENTRAL,2018,2026,researched_complete,web_search,,
US-UNIVERSITY-OF-HOUSTON-D-TILMAN-J-FERTITTA-FAMILY-COLLEGE-OF-MEDICINE,2018,2026,not_researched,none,,
US-KENT-STATE-UNIVERSITY-D-COLLEGE-OF-AERONAUTICS-AND-ENGINEERING,2018,2026,not_researched,none,,
US-UNIVERSITY-OF-NEW-MEXICO-D-SCHOOL-OF-ENGINEERING,2018,2026,not_researched,none,,
US-GONZAGA-UNIVERSITY-D-SCHOOL-OF-NURSING-AND-HUMAN-PHYSIOLOGY,1996,2026,researched_complete,web_search,,
US-AURORA-UNIVERSITY-D-COLLEGE-OF-EDUCATION-AND-SOCIAL-WORK,1988,2026,researched_complete,web_search,,
US-CLARK-ATLANTA-UNIVERSITY-D-SCHOOL-OF-EDUCATION,1988,2026,researched_complete,web_search,,
US-CONCORDIA-UNIVERSITY-WISCONSIN-D-SCHOOL-OF-EDUCATION,1979,2026,researched_complete,web_search,,
US-INDIANA-UNIVERSITY-INDIANAPOLIS-D-SCHOOL-OF-EDUCATION,2018,2026,not_researched,none,,
US-NORTH-CAROLINA-A-AND-T-STATE-UNIVERSITY-D-COLLEGE-OF-EDUCATION,1981,2026,researched_partial,web_search,,
US-SAN-JOSE-STATE-UNIVERSITY-D-CONNIE-L-LURIE-COLLEGE-OF-EDUCATION,1995,2026,researched_partial,web_search,,
US-SEATTLE-PACIFIC-UNIVERSITY-D-SCHOOL-OF-EDUCATION,1996,2026,researched_complete,web_search,,
US-TEXAS-STATE-UNIVERSITY-D-COLLEGE-OF-EDUCATION,1989,2026,researched_partial,web_search,,
US-UNIVERSITY-OF-HARTFORD-D-COLLEGE-OF-EDUCATION-NURSING-AND-HEALTH-PROFESSI,1989,2026,researched_partial,web_search,,
US-UNIVERSITY-OF-ALABAMA-HUNTSVILLE-D-COLLEGE-OF-ARTS-HUMANITIES-AND-SOCIAL-SCIENCES,1991,2026,researched_partial,web_search,,
US-EAST-TEXAS-A-AND-M-UNIVERSITY-D-COLLEGE-OF-AGRICULTURAL-SCIENCES-AND-NATURAL-RES,1987,2026,researched_partial,web_search,,
US-PRAIRIE-VIEW-A-AND-M-UNIVERSITY-D-COLLEGE-OF-AGRICULTURE-AND-HUMAN-SCIENCES,1994,2026,researched_partial,web_search,,
US-TEXAS-TECH-UNIVERSITY-D-DAVIS-COLLEGE-OF-AGRICULTURAL-SCIENCES-AND-NATUR,2018,2026,not_researched,none,,
US-WASHINGTON-STATE-UNIVERSITY-D-COLLEGE-OF-AGRICULTURAL-HUMAN-AND-NATURAL-RESOUR,2018,2026,not_researched,none,,
US-IDAHO-STATE-UNIVERSITY-D-L-S-SKAGGS-COLLEGE-OF-PHARMACY,1985,2026,researched_partial,web_search,,
US-SAINT-JOSEPHS-UNIVERSITY-D-PHILADELPHIA-COLLEGE-OF-PHARMACY,1986,2026,researched_partial,web_search,,
US-SOUTH-COLLEGE-D-SCHOOL-OF-PHARMACY,1989,2026,researched_partial,web_search,,
US-UNIVERSITY-OF-CALIFORNIA-IRVINE-D-SCHOOL-OF-PHARMACY-AND-PHARMACEUTICAL-SCIENCES,2018,2026,not_researched,none,,
US-UNIVERSITY-OF-MICHIGAN-D-RACKHAM-GRADUATE-SCHOOL,2018,2026,not_researched,none,,
US-CUNY-BARUCH-COLLEGE-PROVOST,2019,2026,not_researched,none,,
US-ST-CATHERINE-UNIVERSITY-D-SCHOOL-OF-NURSING,1984,2026,researched_complete,web_search,,
US-UNIVERSITY-OF-CALIFORNIA-IRVINE-D-JOE-C-WEN-SCHOOL-OF-POPULATION-AND-PUBLIC-HEALTH,2019,2026,not_researched,none,,
US-AMERICAN-INTERNATIONAL-COLLEGE-D-SCHOOL-OF-EDUCATION,1970,2026,researched_complete,web_search,,
US-KEAN-UNIVERSITY-D-COLLEGE-OF-EDUCATION,1996,2026,researched_complete,web_search,,
US-MORGAN-STATE-UNIVERSITY-D-SCHOOL-OF-EDUCATION-AND-URBAN-STUDIES,1984,2026,researched_partial,web_search,,
US-TEXAS-A-AND-M-UNIVERSITY-KINGSVILLE-D-COLLEGE-OF-EDUCATION-AND-HUMAN-PERFORMANCE,1989,2026,researched_partial,web_search,,
US-WEST-CHESTER-UNIVERSITY-OF-PENNSYLVANIA-D-COLLEGE-OF-EDUCATION-AND-SOCIAL-WORK,1992,2026,researched_partial,web_search,,
US-UNIVERSITY-OF-CALIFORNIA-IRVINE-D-SCHOOL-OF-PHYSICAL-SCIENCES,2019,2026,not_researched,none,,
US-FLORIDA-GULF-COAST-UNIVERSITY-D-COLLEGE-OF-ARTS-AND-SCIENCES,1993,2026,researched_complete,web_search,,
US-LOUISIANA-STATE-UNIVERSITY-D-COLLEGE-OF-LIBERAL-ARTS,2019,2026,not_researched,none,,
US-UNIVERSITY-OF-CALIFORNIA-LOS-ANGELES-D-HERB-ALPERT-SCHOOL-OF-MUSIC,2019,2026,not_researched,none,,
US-CREIGHTON-UNIVERSITY-D-SCHOOL-OF-PHARMACY-AND-HEALTH-PROFESSIONS,1981,2026,researched_partial,web_search,,
US-TEXAS-SOUTHERN-UNIVERSITY-D-JOAN-M-LAFLEUR-COLLEGE-OF-PHARMACY-AND-HEALTH-SC,1995,2026,researched_partial,web_search,,
US-TEXAS-TECH-UNIVERSITY-D-SCHOOL-OF-VETERINARY-MEDICINE,2019,2026,not_researched,none,,
US-UNIVERSITY-OF-ARIZONA-D-COLLEGE-OF-VETERINARY-MEDICINE,2019,2026,not_researched,none,,
US-NORTH-CAROLINA-STATE-UNIVERSITY-D-GRADUATE-SCHOOL,2019,2026,not_researched,none,,
US-UNIVERSITY-OF-MISSISSIPPI-D-GRADUATE-SCHOOL,2019,2026,not_researched,none,,
US-UNIVERSITY-OF-MISSOURI-D-GRADUATE-SCHOOL,2019,2026,not_researched,none,,
US-UNIVERSITY-OF-TEXAS-ARLINGTON-D-GRADUATE-SCHOOL,2019,2026,not_researched,none,,
US-CHAPMAN-UNIVERSITY-D-GRADUATE-SCHOOL,1991,2026,researched_partial,web_search,,
US-UNIVERSITY-OF-MAINE-D-MAINE-BUSINESS-SCHOOL,2019,2026,not_researched,none,,
US-LINCOLN-MEMORIAL-UNIVERSITY-D-CAYLOR-SCHOOL-OF-NURSING,1991,2026,researched_complete,web_search,,
US-RADFORD-UNIVERSITY-D-COLLEGE-OF-NURSING,1995,2026,researched_complete,web_search,,
US-VALDOSTA-STATE-UNIVERSITY-D-COLLEGE-OF-NURSING-AND-HEALTH-SCIENCES,1978,2026,researched_complete,web_search,,
US-ST-JOHN-FISHER-UNIVERSITY-D-RALPH-C-WILSON-JR-SCHOOL-OF-EDUCATION,1996,2026,researched_complete,web_search,,
US-EAST-TEXAS-A-AND-M-UNIVERSITY-D-COLLEGE-OF-EDUCATION-AND-HUMAN-SERVICES,1987,2026,researched_partial,web_search,,
US-UNIVERSITY-OF-HOUSTON-CLEAR-LAKE-D-COLLEGE-OF-EDUCATION,1995,2026,researched_partial,web_search,,
US-UNIVERSITY-OF-NORTHERN-COLORADO-D-COLLEGE-OF-EDUCATION-AND-BEHAVIORAL-SCIENCES,1991,2026,researched_complete,web_search,,
US-BRIGHAM-YOUNG-UNIVERSITY-D-COLLEGE-OF-COMPUTATIONAL-MATHEMATICAL-AND-PHYSIC,2020,2026,not_researched,none,,
US-CARNEGIE-MELLON-UNIVERSITY-D-SCHOOL-OF-DRAMA,2020,2026,not_researched,none,,
US-MARQUETTE-UNIVERSITY-D-HELEN-WAY-KLINGLER-COLLEGE-OF-ARTS-AND-SCIENCES,1996,2026,researched_partial,web_search,,
US-UNIVERSITY-OF-MASSACHUSETTS-AMHERST-D-COLLEGE-OF-HUMANITIES-AND-FINE-ARTS,2020,2026,not_researched,none,,
US-NORTHERN-ILLINOIS-UNIVERSITY-D-COLLEGE-OF-LIBERAL-ARTS-AND-SCIENCES,1986,2026,researched_partial,web_search,,
US-INDIANA-UNIVERSITY-BLOOMINGTON-D-ESKENAZI-SCHOOL-OF-ART-ARCHITECTURE-AND-DESIGN,2020,2026,not_researched,none,,
US-WAYNE-STATE-UNIVERSITY-D-GRADUATE-SCHOOL,2020,2026,not_researched,none,,
US-PONTIFICAL-CATHOLIC-UNIVERSITY-OF-PUERTO-RICO-ARECIBO-CENTRAL,2021,2026,researched_complete,web_search,,
US-TAFT-UNIVERSITY-SYSTEM-CENTRAL,2021,2026,researched_partial,web_search,,
US-LOYOLA-UNIVERSITY-NEW-ORLEANS-D-COLLEGE-OF-NURSING-AND-HEALTH,1995,2026,researched_complete,web_search,,
US-PALM-BEACH-ATLANTIC-UNIVERSITY-D-SCHOOL-OF-NURSING,1991,2026,researched_complete,web_search,,
US-TEXAS-A-AND-M-UNIVERSITY-CORPUS-CHRISTI-D-COLLEGE-OF-NURSING-AND-HEALTH-SCIENCES,1990,2026,researched_partial,web_search,,
US-UNIVERSITY-OF-TEXAS-TYLER-D-SCHOOL-OF-NURSING,1981,2026,researched_partial,web_search,,
US-OHIO-UNIVERSITY-D-PATTON-COLLEGE-OF-EDUCATION,2021,2026,not_researched,none,,
US-OKLAHOMA-STATE-UNIVERSITY-D-COLLEGE-OF-EDUCATION-AND-HUMAN-SCIENCES,2021,2026,not_researched,none,,
US-POINT-PARK-UNIVERSITY-D-SCHOOL-OF-EDUCATION,1995,2026,researched_complete,web_search,,
US-SEATTLE-UNIVERSITY-D-COLLEGE-OF-EDUCATION,1976,2026,researched_complete,web_search,,
US-KENT-STATE-UNIVERSITY-D-COLLEGE-OF-THE-ARTS,2021,2026,not_researched,none,,
US-DELAWARE-STATE-UNIVERSITY-D-COLLEGE-OF-AGRICULTURE-SCIENCE-AND-TECHNOLOGY,1987,2026,researched_partial,web_search,,
US-SOUTH-CAROLINA-STATE-UNIVERSITY-D-COLLEGE-OF-AGRICULTURE-FAMILY-AND-CONSUMER-SCIEN,1995,2026,researched_partial,web_search,,
US-TEXAS-A-AND-M-UNIVERSITY-D-COLLEGE-OF-AGRICULTURE-AND-LIFE-SCIENCES,2021,2026,not_researched,none,,
US-ROWAN-UNIVERSITY-D-SHREIBER-SCHOOL-OF-VETERINARY-MEDICINE,1984,2026,researched_partial,web_search,,
US-VIRGINIA-TECH-D-GRADUATE-SCHOOL,2021,2026,not_researched,none,,
US-JAMES-MADISON-UNIVERSITY-D-GRADUATE-SCHOOL,1971,2026,researched_partial,web_search,,
US-LOUISIANA-STATE-UNIVERSITY-HEALTH-SCIENCES-CENTER-NEW-ORLEANS-D-GRADUATE-SCHOOL,1994,2026,researched_partial,web_search,,
US-GEORGETOWN-UNIVERSITY-D-BERKLEY-SCHOOL-OF-NURSING,2022,2026,not_researched,none,,
US-UNIVERSITY-OF-TEXAS-RIO-GRANDE-VALLEY-D-SCHOOL-OF-NURSING,2015,2026,researched_partial,web_search,,
US-XAVIER-UNIVERSITY-D-COLLEGE-OF-NURSING,1991,2026,researched_complete,web_search,,
US-CONCORDIA-UNIVERSITY-IRVINE-D-SCHOOL-OF-EDUCATION,1979,2026,researched_partial,web_search,,
US-NATIONAL-LOUIS-UNIVERSITY-D-NATIONAL-COLLEGE-OF-EDUCATION,1977,2026,researched_partial,web_search,,
US-SAINT-JOSEPHS-UNIVERSITY-D-SCHOOL-OF-EDUCATION-AND-HUMAN-DEVELOPMENT,1986,2026,researched_partial,web_search,,
US-SOUTH-CAROLINA-STATE-UNIVERSITY-D-COLLEGE-OF-EDUCATION-HUMANITIES-AND-SOCIAL-SCIEN,1995,2026,researched_partial,web_search,,
US-UNIVERSITY-OF-IDAHO-D-COLLEGE-OF-EDUCATION-HEALTH-AND-HUMAN-SCIENCES,2022,2026,not_researched,none,,
US-UNIVERSITY-OF-WEST-GEORGIA-D-COLLEGE-OF-EDUCATION,1994,2026,researched_complete,web_search,,
US-WINGATE-UNIVERSITY-D-THAYER-SCHOOL-OF-EDUCATION,1992,2026,researched_complete,web_search,,
US-TEXAS-A-AND-M-UNIVERSITY-D-COLLEGE-OF-ARTS-AND-SCIENCES,2022,2026,not_researched,none,,
US-CENTRAL-MICHIGAN-UNIVERSITY-D-COLLEGE-OF-THE-ARTS-AND-MEDIA,1992,2026,researched_partial,web_search,,
US-UNIVERSITY-OF-CALIFORNIA-IRVINE-D-CLAIRE-TREVOR-SCHOOL-OF-THE-ARTS,2022,2026,not_researched,none,,
US-PACIFIC-UNIVERSITY-D-SCHOOL-OF-PHARMACY,1995,2026,researched_complete,web_search,,
US-UTAH-STATE-UNIVERSITY-D-COLLEGE-OF-VETERINARY-MEDICINE,2022,2026,not_researched,none,,
US-UNIVERSITY-OF-NORTH-CAROLINA-D-GRADUATE-SCHOOL,2022,2026,not_researched,none,,
US-UNIVERSITY-OF-SOUTH-FLORIDA-D-GRADUATE-SCHOOL,2022,2026,not_researched,none,,
US-KENNESAW-STATE-UNIVERSITY-D-GRADUATE-COLLEGE,1981,2026,researched_partial,web_search,,
US-PORTLAND-STATE-UNIVERSITY-PROVOST,1990,2026,researched_partial,web_search,,
US-VILLANOVA-UNIVERSITY-D-VILLANOVA-SCHOOL-OF-BUSINESS,1988,2026,researched_partial,web_search,,
US-FORDHAM-UNIVERSITY-D-GABELLI-SCHOOL-OF-BUSINESS,1984,2026,researched_partial,web_search,,
US-FLORIDA-GULF-COAST-UNIVERSITY-D-COLLEGE-OF-EDUCATION,1993,2026,researched_complete,web_search,,
US-TEACHERS-COLLEGE-COLUMBIA-UNIVERSITY-D-TEACHERS-COLLEGE,1994,2026,researched_partial,web_search,,
US-UNIVERSITY-OF-RHODE-ISLAND-D-ALAN-SHAWN-FEINSTEIN-COLLEGE-OF-EDUCATION-AND-PR,2023,2026,not_researched,none,,
US-CLEMSON-UNIVERSITY-D-COLLEGE-OF-ARTS-AND-HUMANITIES,2023,2026,not_researched,none,,
US-COLLEGE-OF-CHARLESTON-D-SCHOOL-OF-LANGUAGES-CULTURES-AND-WORLD-AFFAIRS,2023,2026,not_researched,none,,
US-LOYOLA-UNIVERSITY-MARYLAND-D-LOYOLA-COLLEGE-OF-ARTS-AND-SCIENCES,2023,2026,not_researched,none,,
US-NORTH-DAKOTA-STATE-UNIVERSITY-D-COLLEGE-OF-ARTS-AND-SCIENCES,2023,2026,not_researched,none,,
US-UNIVERSITY-OF-ROCHESTER-D-COLLEGE-OF-ARTS-SCIENCES-AND-ENGINEERING,2023,2026,not_researched,none,,
US-UNIVERSITY-OF-TENNESSEE-KNOXVILLE-D-NATALIE-L-HASLAM-COLLEGE-OF-MUSIC,2023,2026,not_researched,none,,
US-ARKANSAS-STATE-UNIVERSITY-D-COLLEGE-OF-VETERINARY-MEDICINE,1910,2026,researched_partial,web_search,,
US-CLEMSON-UNIVERSITY-D-HARVEY-S-PEELER-JR-COLLEGE-OF-VETERINARY-MEDICIN,2023,2026,not_researched,none,,
US-INDIANA-UNIVERSITY-BLOOMINGTON-D-GRADUATE-SCHOOL,2023,2026,not_researched,none,,
US-STONY-BROOK-UNIVERSITY-D-GRADUATE-SCHOOL,2023,2026,not_researched,none,,
US-UNIVERSITY-OF-ARKANSAS-D-GRADUATE-SCHOOL,2023,2026,not_researched,none,,
US-UNIVERSITY-OF-KENTUCKY-D-GRADUATE-SCHOOL,2023,2026,not_researched,none,,
US-CLEVELAND-STATE-UNIVERSITY-D-GRADUATE-COLLEGE,1993,2026,researched_partial,web_search,,
US-UNIVERSITY-OF-GEORGIA-D-UNIVERSITY-OF-GEORGIA-SCHOOL-OF-MEDICINE,2024,2026,not_researched,none,,
US-SAINT-JOSEPHS-UNIVERSITY-D-SCHOOL-OF-NURSING-AND-ALLIED-HEALTH,1986,2026,researched_partial,web_search,,
US-SIMMONS-UNIVERSITY-D-SCHOOL-OF-NURSING,1995,2026,researched_partial,web_search,,
US-BRADLEY-UNIVERSITY-D-COLLEGE-OF-EDUCATION-AND-HEALTH-SCIENCES,1992,2026,researched_complete,web_search,,
US-SACRED-HEART-UNIVERSITY-D-ISABELLE-FARRINGTON-COLLEGE-OF-EDUCATION-AND-HUM,1988,2026,researched_partial,web_search,,
US-SOUTHERN-CONNECTICUT-STATE-UNIVERSITY-D-COLLEGE-OF-EDUCATION,1984,2026,researched_partial,web_search,,
US-COLLEGE-OF-CHARLESTON-D-SCHOOL-OF-HUMANITIES-AND-SOCIAL-SCIENCES,2024,2026,not_researched,none,,
US-COLLEGE-OF-CHARLESTON-D-SCHOOL-OF-NATURAL-AND-ENVIRONMENTAL-SCIENCES,2024,2026,not_researched,none,,
US-NORTH-CAROLINA-A-AND-T-STATE-UNIVERSITY-D-COLLEGE-OF-ARTS-HUMANITIES-AND-SOCIAL-SCIENCES,1981,2026,researched_partial,web_search,,
US-UNIVERSITY-OF-HAWAII-MANOA-D-COLLEGE-OF-NATURAL-SCIENCES,2024,2026,not_researched,none,,
US-PURDUE-UNIVERSITY-D-GRADUATE-SCHOOL,2024,2026,not_researched,none,,
US-MISSISSIPPI-STATE-UNIVERSITY-D-GRADUATE-SCHOOL,2024,2026,not_researched,none,,
US-OKLAHOMA-STATE-UNIVERSITY-D-GRADUATE-COLLEGE,2024,2026,not_researched,none,,
US-TEMPLE-UNIVERSITY-D-GRADUATE-SCHOOL,2024,2026,not_researched,none,,
US-UNIVERSITY-OF-CENTRAL-FLORIDA-D-COLLEGE-OF-GRADUATE-STUDIES,2024,2026,not_researched,none,,
US-UNIVERSITY-OF-ILLINOIS-CHICAGO-D-GRADUATE-COLLEGE,2024,2026,not_researched,none,,
US-ARIZONA-STATE-UNIVERSITY-D-JOHN-SHUFELDT-SCHOOL-OF-MEDICINE-AND-MEDICAL-ENG,2025,2026,not_researched,none,,
US-CONCORDIA-UNIVERSITY-WISCONSIN-D-SCHOOL-OF-NURSING,1979,2026,researched_complete,web_search,,
US-WASHINGTON-UNIVERSITY-ST-LOUIS-D-BURSKY-SCHOOL-OF-PUBLIC-HEALTH,2025,2026,not_researched,none,,
US-BRENAU-UNIVERSITY-D-CAROLE-ANN-DANIEL-COLLEGE-OF-EDUCATION,1985,2026,researched_complete,web_search,,
US-OAKLAND-CITY-UNIVERSITY-D-SCHOOL-OF-EDUCATION,1974,2026,researched_complete,web_search,,
US-TEXAS-A-AND-M-UNIVERSITY-CORPUS-CHRISTI-D-COLLEGE-OF-EDUCATION-AND-HUMAN-DEVELOPMENT,1990,2026,researched_partial,web_search,,
US-UNIVERSITY-OF-WEST-FLORIDA-D-SCHOOL-OF-EDUCATION,1988,2026,researched_partial,web_search,,
US-UTAH-STATE-UNIVERSITY-D-COLLEGE-OF-ARTS-AND-SCIENCES,2025,2026,not_researched,none,,
US-DARTMOUTH-COLLEGE-D-SCHOOL-OF-ARTS-AND-SCIENCES,2025,2026,not_researched,none,,
US-EASTERN-MICHIGAN-UNIVERSITY-D-COLLEGE-OF-ARTS-AND-SCIENCES,1989,2026,researched_partial,web_search,,
US-UTAH-STATE-UNIVERSITY-D-S-J-AND-JESSIE-E-QUINNEY-COLLEGE-OF-AGRICULTURE,2025,2026,not_researched,none,,
US-AUBURN-UNIVERSITY-D-GRADUATE-SCHOOL,2025,2026,not_researched,none,,
US-IOWA-STATE-UNIVERSITY-D-GRADUATE-COLLEGE,2025,2026,not_researched,none,,
US-KANSAS-STATE-UNIVERSITY-D-GRADUATE-SCHOOL,2025,2026,not_researched,none,,
US-KENT-STATE-UNIVERSITY-D-GRADUATE-COLLEGE,2025,2026,not_researched,none,,
US-UNIVERSITY-OF-ALABAMA-BIRMINGHAM-D-GRADUATE-SCHOOL,2025,2026,not_researched,none,,
US-ARKANSAS-STATE-UNIVERSITY-D-GRADUATE-SCHOOL,1910,2026,researched_partial,web_search,,
US-LAMAR-UNIVERSITY-D-GRADUATE-COLLEGE,1993,2026,researched_complete,web_search,,
US-NORTHERN-ILLINOIS-UNIVERSITY-D-GRADUATE-SCHOOL,1986,2026,researched_partial,web_search,,
US-UNIVERSITY-OF-KENTUCKY-D-STANLEY-AND-KAREN-PIGMAN-COLLEGE-OF-ENGINEERING,2026,2026,not_researched,none,,
US-DALLAS-BAPTIST-UNIVERSITY-D-DOROTHY-M-BUSH-COLLEGE-OF-EDUCATION,1988,2026,researched_complete,web_search,,
US-SAN-FRANCISCO-STATE-UNIVERSITY-D-COLLEGE-OF-LIBERAL-AND-CREATIVE-ARTS,1988,2026,researched_partial,web_search,,
US-COLLEGE-OF-CHARLESTON-D-GRADUATE-SCHOOL,2026,2026,not_researched,none,,
US-FLORIDA-STATE-UNIVERSITY-D-GRADUATE-SCHOOL,2026,2026,not_researched,none,,
US-MISSOURI-UNIVERSITY-OF-SCIENCE-AND-TECHNOLOGY-D-GRADUATE-SCHOOL,2026,2026,not_researched,none,,
US-UNIVERSITY-OF-LOUISVILLE-D-GRADUATE-SCHOOL,2026,2026,not_researched,none,,
US-UNIVERSITY-OF-MAINE-D-GRADUATE-SCHOOL,2026,2026,not_researched,none,,
US-UNIVERSITY-OF-MASSACHUSETTS-AMHERST-D-GRADUATE-SCHOOL,2026,2026,not_researched,none,,
US-UNIVERSITY-OF-NORTH-DAKOTA-D-SCHOOL-OF-GRADUATE-STUDIES,2026,2026,not_researched,none,,
US-UNIVERSITY-OF-VERMONT-D-GRADUATE-COLLEGE,2026,2026,not_researched,none,,
US-GEORGIA-SOUTHERN-UNIVERSITY-D-GRADUATE-COLLEGE,1987,2026,researched_partial,web_search,,
US-JACKSON-STATE-UNIVERSITY-D-GRADUATE-SCHOOL,1992,2026,researched_partial,web_search,,
US-LOUISIANA-TECH-UNIVERSITY-D-GRADUATE-SCHOOL,1987,2026,researched_partial,web_search,,
