seat_id,institution_id,seat_level,unit_type,canonical_name,reports_to,reports_to_source_url,reports_to_year_observed,created_year,dissolved_year,predecessor_seat_id
US-DUKE-UNIVERSITY-D-DUKE-UNIVERSITY-SCHOOL-OF-LAW,US-DUKE-UNIVERSITY,dean,law,Duke University School of Law,,,,,,
US-UNIVERSITY-OF-PENNSYLVANIA-D-UNIVERSITY-OF-PENNSYLVANIA-CAREY-LAW-SCHOOL,US-UNIVERSITY-OF-PENNSYLVANIA,dean,law,University of Pennsylvania Carey Law School,,,,,,
US-BAYLOR-UNIVERSITY-D-BAYLOR-LAW-SCHOOL,US-BAYLOR-UNIVERSITY,dean,law,Baylor Law School,,,,,,
US-COLUMBIA-UNIVERSITY-D-COLUMBIA-LAW-SCHOOL,US-COLUMBIA-UNIVERSITY,dean,law,Columbia Law School,,,,,,
US-UNIVERSITY-OF-SOUTH-CAROLINA-D-COLLEGE-OF-PHARMACY,US-UNIVERSITY-OF-SOUTH-CAROLINA,dean,pharmacy,College of Pharmacy,,,,,,
US-UNIVERSITY-OF-MISSOURI-D-COLLEGE-OF-AGRICULTURE-FOOD-AND-NATURAL-RESOURCE,US-UNIVERSITY-OF-MISSOURI,dean,agriculture,"College of Agriculture, Food and Natural Resources",,,,,,
US-BOSTON-UNIVERSITY-D-BOSTON-UNIVERSITY-ARAM-V-CHOBANIAN-AND-EDWARD-AV,US-BOSTON-UNIVERSITY,dean,medicine,Boston University Aram V. Chobanian & Edward Avedisian School of Medicine,,,,,,
US-BOSTON-UNIVERSITY-D-COLLEGE-OF-ARTS-AND-SCIENCES,US-BOSTON-UNIVERSITY,dean,arts_sciences,College of Arts & Sciences,,,,,,
US-UNIVERSITY-OF-MICHIGAN-D-COLLEGE-OF-PHARMACY,US-UNIVERSITY-OF-MICHIGAN,dean,pharmacy,College of Pharmacy,,,,,,
US-UNIVERSITY-OF-ILLINOIS-URBANA-CHAMPAIGN-D-COLLEGE-OF-AGRICULTURAL-CONSUMER-AND-ENVIRONMENT,US-UNIVERSITY-OF-ILLINOIS-URBANA-CHAMPAIGN,dean,agriculture,"College of Agricultural, Consumer and Environmental Sciences (ACES)",,,,,,
US-IOWA-STATE-UNIVERSITY-D-COLLEGE-OF-AGRICULTURE-AND-LIFE-SCIENCES,US-IOWA-STATE-UNIVERSITY,dean,agriculture,College of Agriculture and Life Sciences (CALS),,,,,,
US-IOWA-STATE-UNIVERSITY-D-COLLEGE-OF-VETERINARY-MEDICINE,US-IOWA-STATE-UNIVERSITY,dean,veterinary,College of Veterinary Medicine,,,,,,
US-UNIVERSITY-OF-WISCONSIN-MADISON-D-COLLEGE-OF-AGRICULTURAL-AND-LIFE-SCIENCES,US-UNIVERSITY-OF-WISCONSIN-MADISON,dean,agriculture,College of Agricultural and Life Sciences,,,,,,
US-UNIVERSITY-OF-COLORADO-DENVER-D-UNIVERSITY-OF-COLORADO-SCHOOL-OF-MEDICINE,US-UNIVERSITY-OF-COLORADO-DENVER,dean,medicine,University of Colorado School of Medicine (Anschutz Medical Campus),,,,,,
US-UNIVERSITY-OF-PENNSYLVANIA-D-SCHOOL-OF-VETERINARY-MEDICINE,US-UNIVERSITY-OF-PENNSYLVANIA,dean,veterinary,School of Veterinary Medicine,,,,,,
US-UNIVERSITY-OF-IOWA-D-COLLEGE-OF-PHARMACY,US-UNIVERSITY-OF-IOWA,dean,pharmacy,College of Pharmacy,,,,,,
US-UNIVERSITY-OF-KANSAS-D-SCHOOL-OF-PHARMACY,US-UNIVERSITY-OF-KANSAS,dean,pharmacy,School of Pharmacy,,,,,,
US-OHIO-STATE-UNIVERSITY-D-COLLEGE-OF-VETERINARY-MEDICINE,US-OHIO-STATE-UNIVERSITY,dean,veterinary,College of Veterinary Medicine,,,,,,
US-CORNELL-UNIVERSITY-D-CORNELL-LAW-SCHOOL,US-CORNELL-UNIVERSITY,dean,law,Cornell Law School,,,,,,
US-UNIVERSITY-OF-MINNESOTA-TWIN-CITIES-D-UNIVERSITY-OF-MINNESOTA-LAW-SCHOOL,US-UNIVERSITY-OF-MINNESOTA-TWIN-CITIES,dean,law,University of Minnesota Law School,,,,,,
US-CORNELL-UNIVERSITY-D-NEW-YORK-STATE-COLLEGE-OF-AGRICULTURE-AND-LIFE-S,US-CORNELL-UNIVERSITY,dean,agriculture,New York State College of Agriculture and Life Sciences (CALS),,,,,,
US-UNIVERSITY-OF-TENNESSEE-KNOXVILLE-D-UNIVERSITY-OF-TENNESSEE-WINSTON-COLLEGE-OF-LAW,US-UNIVERSITY-OF-TENNESSEE-KNOXVILLE,dean,law,University of Tennessee Winston College of Law,,,,,,
US-UNIVERSITY-BUFFALO-D-SCHOOL-OF-PHARMACY-AND-PHARMACEUTICAL-SCIENCES,US-UNIVERSITY-BUFFALO,dean,pharmacy,School of Pharmacy and Pharmaceutical Sciences,,,,,,
US-LONG-ISLAND-UNIVERSITY-D-ARNOLD-AND-MARIE-SCHWARTZ-COLLEGE-OF-PHARMACY-AN,US-LONG-ISLAND-UNIVERSITY,dean,pharmacy,Arnold & Marie Schwartz College of Pharmacy and Health Sciences,,,,1926,,
US-UNIVERSITY-OF-COLORADO-BOULDER-D-UNIVERSITY-OF-COLORADO-LAW-SCHOOL,US-UNIVERSITY-OF-COLORADO-BOULDER,dean,law,University of Colorado Law School (Colorado Law),,,,,,
US-UNIVERSITY-OF-KANSAS-D-COLLEGE-OF-LIBERAL-ARTS-AND-SCIENCES,US-UNIVERSITY-OF-KANSAS,dean,arts_sciences,College of Liberal Arts and Sciences,,,,,,
US-OHIO-STATE-UNIVERSITY-D-COLLEGE-OF-FOOD-AGRICULTURAL-AND-ENVIRONMENTAL-S,US-OHIO-STATE-UNIVERSITY,dean,agriculture,"College of Food, Agricultural, and Environmental Sciences",,,,,,
US-UNIVERSITY-OF-MINNESOTA-TWIN-CITIES-D-COLLEGE-OF-PHARMACY,US-UNIVERSITY-OF-MINNESOTA-TWIN-CITIES,dean,pharmacy,College of Pharmacy,,,,,,
US-JOHNS-HOPKINS-UNIVERSITY-D-JOHNS-HOPKINS-UNIVERSITY-SCHOOL-OF-MEDICINE,US-JOHNS-HOPKINS-UNIVERSITY,dean,medicine,Johns Hopkins University School of Medicine,,,,,,
US-UNIVERSITY-OF-TEXAS-AUSTIN-D-COLLEGE-OF-PHARMACY,US-UNIVERSITY-OF-TEXAS-AUSTIN,dean,pharmacy,College of Pharmacy,,,,,,
US-UNIVERSITY-OF-WASHINGTON-D-SCHOOL-OF-PHARMACY,US-UNIVERSITY-OF-WASHINGTON,dean,pharmacy,School of Pharmacy,,,,,,
US-CORNELL-UNIVERSITY-D-COLLEGE-OF-VETERINARY-MEDICINE,US-CORNELL-UNIVERSITY,dean,veterinary,College of Veterinary Medicine,,,,,,
US-UNIVERSITY-OF-PITTSBURGH-D-UNIVERSITY-OF-PITTSBURGH-SCHOOL-OF-LAW,US-UNIVERSITY-OF-PITTSBURGH,dean,law,University of Pittsburgh School of Law,,,,,,
US-UNIVERSITY-OF-MINNESOTA-TWIN-CITIES-D-COLLEGE-OF-FOOD-AGRICULTURAL-AND-NATURAL-RESOURC,US-UNIVERSITY-OF-MINNESOTA-TWIN-CITIES,dean,agriculture,"College of Food, Agricultural and Natural Resource Sciences",,,,,,
US-OHIO-STATE-UNIVERSITY-D-COLLEGE-OF-PHARMACY,US-OHIO-STATE-UNIVERSITY,dean,pharmacy,College of Pharmacy,,,,,,
US-WASHINGTON-STATE-UNIVERSITY-D-COLLEGE-OF-VETERINARY-MEDICINE,US-WASHINGTON-STATE-UNIVERSITY,dean,veterinary,College of Veterinary Medicine,,,,,,
US-AMERICAN-UNIVERSITY-D-AMERICAN-UNIVERSITY-WASHINGTON-COLLEGE-OF-LAW,US-AMERICAN-UNIVERSITY,dean,law,American University Washington College of Law,,,,,,
US-VIRGINIA-COMMONWEALTH-UNIVERSITY-D-SCHOOL-OF-PHARMACY,US-VIRGINIA-COMMONWEALTH-UNIVERSITY,dean,pharmacy,School of Pharmacy,,,,,,
US-UNIVERSITY-OF-KANSAS-D-UNIVERSITY-OF-KANSAS-SCHOOL-OF-MEDICINE,US-UNIVERSITY-OF-KANSAS,dean,medicine,University of Kansas School of Medicine,,,,,,
US-UNIVERSITY-OF-OKLAHOMA-D-COLLEGE-OF-PHARMACY,US-UNIVERSITY-OF-OKLAHOMA,dean,pharmacy,College of Pharmacy,,,,,,
US-UNIVERSITY-OF-GEORGIA-D-UNIVERSITY-OF-GEORGIA-SCHOOL-OF-LAW,US-UNIVERSITY-OF-GEORGIA,dean,law,University of Georgia School of Law,,,,,,
US-UNIVERSITY-OF-SOUTHERN-CALIFORNIA-D-USC-GOULD-SCHOOL-OF-LAW,US-UNIVERSITY-OF-SOUTHERN-CALIFORNIA,dean,law,USC Gould School of Law,,,,,,
US-UNIVERSITY-OF-IOWA-D-COLLEGE-OF-LIBERAL-ARTS-AND-SCIENCES,US-UNIVERSITY-OF-IOWA,dean,arts_sciences,College of Liberal Arts and Sciences,,,,,,
US-YALE-UNIVERSITY-D-YALE-SCHOOL-OF-THE-ENVIRONMENT,US-YALE-UNIVERSITY,dean,agriculture,Yale School of the Environment,,,,,,
US-UNIVERSITY-OF-SOUTH-CAROLINA-D-UNIVERSITY-OF-SOUTH-CAROLINA-JOSEPH-F-RICE-SCHOO,US-UNIVERSITY-OF-SOUTH-CAROLINA,dean,law,University of South Carolina Joseph F. Rice School of Law,,,,,,
US-UNIVERSITY-OF-TEXAS-AUSTIN-D-UNIVERSITY-OF-TEXAS-SCHOOL-OF-LAW,US-UNIVERSITY-OF-TEXAS-AUSTIN,dean,law,University of Texas School of Law,,,,,,
US-OHIO-UNIVERSITY-D-COLLEGE-OF-ARTS-AND-SCIENCES,US-OHIO-UNIVERSITY,dean,arts_sciences,College of Arts and Sciences,,,,,,
US-UNIVERSITY-OF-HAWAII-MANOA-D-COLLEGE-OF-TROPICAL-AGRICULTURE-AND-HUMAN-RESILI,US-UNIVERSITY-OF-HAWAII-MANOA,dean,agriculture,College of Tropical Agriculture and Human Resilience,,,,,,
US-UNIVERSITY-OF-CHICAGO-D-UNIVERSITY-OF-CHICAGO-LAW-SCHOOL,US-UNIVERSITY-OF-CHICAGO,dean,law,University of Chicago Law School,,,,,,
US-WEST-VIRGINIA-UNIVERSITY-D-WEST-VIRGINIA-UNIVERSITY-COLLEGE-OF-LAW,US-WEST-VIRGINIA-UNIVERSITY,dean,law,West Virginia University College of Law,,,,,,
US-MISSISSIPPI-STATE-UNIVERSITY-D-COLLEGE-OF-AGRICULTURE-AND-LIFE-SCIENCES,US-MISSISSIPPI-STATE-UNIVERSITY,dean,agriculture,College of Agriculture and Life Sciences,,,,,,
US-MONTANA-STATE-UNIVERSITY-D-COLLEGE-OF-AGRICULTURE,US-MONTANA-STATE-UNIVERSITY,dean,agriculture,College of Agriculture,,,,,,
US-VIRGINIA-TECH-D-COLLEGE-OF-AGRICULTURE-AND-LIFE-SCIENCES,US-VIRGINIA-TECH,dean,agriculture,College of Agriculture and Life Sciences,,,,,,
US-UNIVERSITY-OF-GEORGIA-D-COLLEGE-OF-PHARMACY,US-UNIVERSITY-OF-GEORGIA,dean,pharmacy,College of Pharmacy,,,,,,
US-WAKE-FOREST-UNIVERSITY-D-WAKE-FOREST-UNIVERSITY-SCHOOL-OF-LAW,US-WAKE-FOREST-UNIVERSITY,dean,law,Wake Forest University School of Law,,,,1834,,
US-UNIVERSITY-OF-UTAH-D-SPENCER-FOX-ECCLES-SCHOOL-OF-MEDICINE,US-UNIVERSITY-OF-UTAH,dean,medicine,Spencer Fox Eccles School of Medicine (University of Utah School of Medicine),,,,,,
US-UNIVERSITY-OF-VIRGINIA-D-UNIVERSITY-OF-VIRGINIA-SCHOOL-OF-MEDICINE,US-UNIVERSITY-OF-VIRGINIA,dean,medicine,University of Virginia School of Medicine,,,,,,
US-COLLEGE-OF-WILLIAM-AND-MARY-D-COLLEGE-OF-ARTS-AND-SCIENCES,US-COLLEGE-OF-WILLIAM-AND-MARY,dean,arts_sciences,College of Arts & Sciences (Faculty of Arts and Sciences),,,,,,
US-UNIVERSITY-OF-MISSISSIPPI-D-COLLEGE-OF-LIBERAL-ARTS,US-UNIVERSITY-OF-MISSISSIPPI,dean,arts_sciences,College of Liberal Arts,,,,,,
US-LOUISIANA-STATE-UNIVERSITY-D-LOUISIANA-STATE-UNIVERSITY-PAUL-M-HEBERT-LAW-CEN,US-LOUISIANA-STATE-UNIVERSITY,dean,law,Louisiana State University Paul M. Hebert Law Center,,,,,,
US-HARVARD-UNIVERSITY-D-HARVARD-GRADUATE-SCHOOL-OF-EDUCATION,US-HARVARD-UNIVERSITY,dean,education,Harvard Graduate School of Education,,,,,,
US-SYRACUSE-UNIVERSITY-D-SCHOOL-OF-EDUCATION,US-SYRACUSE-UNIVERSITY,dean,education,School of Education,,,,,,
US-UNIVERSITY-OF-GEORGIA-D-WARNELL-SCHOOL-OF-FORESTRY-AND-NATURAL-RESOURCES,US-UNIVERSITY-OF-GEORGIA,dean,agriculture,Warnell School of Forestry and Natural Resources,,,,,,
US-UNIVERSITY-OF-WISCONSIN-MADISON-D-UNIVERSITY-OF-WISCONSIN-SCHOOL-OF-MEDICINE-AND-P,US-UNIVERSITY-OF-WISCONSIN-MADISON,dean,medicine,University of Wisconsin School of Medicine and Public Health,,,,,,
US-PURDUE-UNIVERSITY-D-COLLEGE-OF-AGRICULTURE,US-PURDUE-UNIVERSITY,dean,agriculture,College of Agriculture,,,,,,
US-AUBURN-UNIVERSITY-D-COLLEGE-OF-VETERINARY-MEDICINE,US-AUBURN-UNIVERSITY,dean,veterinary,College of Veterinary Medicine,,,,,,
US-COLORADO-STATE-UNIVERSITY-D-COLLEGE-OF-VETERINARY-MEDICINE-AND-BIOMEDICAL-SC,US-COLORADO-STATE-UNIVERSITY,dean,veterinary,College of Veterinary Medicine and Biomedical Sciences,,,,,,
US-INDIANA-UNIVERSITY-BLOOMINGTON-D-SCHOOL-OF-EDUCATION,US-INDIANA-UNIVERSITY-BLOOMINGTON,dean,education,School of Education,,,,,,
US-KANSAS-STATE-UNIVERSITY-D-COLLEGE-OF-AGRICULTURE,US-KANSAS-STATE-UNIVERSITY,dean,agriculture,College of Agriculture,,,,,,
US-MICHIGAN-STATE-UNIVERSITY-D-COLLEGE-OF-AGRICULTURE-AND-NATURAL-RESOURCES,US-MICHIGAN-STATE-UNIVERSITY,dean,agriculture,College of Agriculture and Natural Resources,,,,,,
US-OREGON-STATE-UNIVERSITY-D-COLLEGE-OF-AGRICULTURAL-SCIENCES,US-OREGON-STATE-UNIVERSITY,dean,agriculture,College of Agricultural Sciences,,,,,,
US-UNIVERSITY-OF-KENTUCKY-D-MARTIN-GATTON-COLLEGE-OF-AGRICULTURE-FOOD-AND-EN,US-UNIVERSITY-OF-KENTUCKY,dean,agriculture,"Martin-Gatton College of Agriculture, Food and Environment",,,,,,
US-UNIVERSITY-OF-MISSISSIPPI-D-SCHOOL-OF-PHARMACY,US-UNIVERSITY-OF-MISSISSIPPI,dean,pharmacy,School of Pharmacy,,,,,,
US-UNIVERSITY-OF-FLORIDA-D-UNIVERSITY-OF-FLORIDA-FREDRIC-G-LEVIN-COLLEGE-OF,US-UNIVERSITY-OF-FLORIDA,dean,law,University of Florida Fredric G. Levin College of Law (UF Law),,,,,,
US-UNIVERSITY-OF-MINNESOTA-TWIN-CITIES-D-SCHOOL-OF-NURSING,US-UNIVERSITY-OF-MINNESOTA-TWIN-CITIES,dean,nursing,School of Nursing,,,,,,
US-JOHNS-HOPKINS-UNIVERSITY-D-SCHOOL-OF-EDUCATION,US-JOHNS-HOPKINS-UNIVERSITY,dean,education,School of Education,,,,,,
US-UNIVERSITY-OF-OKLAHOMA-D-JEANNINE-RAINBOLT-COLLEGE-OF-EDUCATION,US-UNIVERSITY-OF-OKLAHOMA,dean,education,Jeannine Rainbolt College of Education,,,,,,
US-UNIVERSITY-OF-IDAHO-D-COLLEGE-OF-NATURAL-RESOURCES,US-UNIVERSITY-OF-IDAHO,dean,agriculture,College of Natural Resources,,,,,,
US-UNIVERSITY-OF-NEBRASKA-LINCOLN-D-COLLEGE-OF-AGRICULTURAL-SCIENCES-AND-NATURAL-RES,US-UNIVERSITY-OF-NEBRASKA-LINCOLN,dean,agriculture,College of Agricultural Sciences and Natural Resources,,,,,,
US-ARKANSAS-STATE-UNIVERSITY-CENTRAL,US-ARKANSAS-STATE-UNIVERSITY,president,central,Office of the Chancellor,,,,1909,,
US-STANFORD-UNIVERSITY-D-STANFORD-UNIVERSITY-SCHOOL-OF-MEDICINE,US-STANFORD-UNIVERSITY,dean,medicine,Stanford University School of Medicine,,,,,,
US-UNIVERSITY-OF-FLORIDA-D-COLLEGE-OF-LIBERAL-ARTS-AND-SCIENCES,US-UNIVERSITY-OF-FLORIDA,dean,arts_sciences,College of Liberal Arts and Sciences,,,,,,
US-OREGON-STATE-UNIVERSITY-D-COLLEGE-OF-FORESTRY,US-OREGON-STATE-UNIVERSITY,dean,agriculture,College of Forestry,,,,,,
US-PURDUE-UNIVERSITY-D-COLLEGE-OF-PHARMACY,US-PURDUE-UNIVERSITY,dean,pharmacy,College of Pharmacy,,,,,,
US-MICHIGAN-STATE-UNIVERSITY-D-COLLEGE-OF-VETERINARY-MEDICINE,US-MICHIGAN-STATE-UNIVERSITY,dean,veterinary,College of Veterinary Medicine,,,,,,
US-UNIVERSITY-OF-FLORIDA-D-COLLEGE-OF-EDUCATION,US-UNIVERSITY-OF-FLORIDA,dean,education,College of Education,,,,,,
US-UNIVERSITY-OF-CALIFORNIA-RIVERSIDE-D-COLLEGE-OF-NATURAL-AND-AGRICULTURAL-SCIENCES,US-UNIVERSITY-OF-CALIFORNIA-RIVERSIDE,dean,agriculture,College of Natural and Agricultural Sciences,,,,,,
US-UNIVERSITY-OF-UTAH-D-S-J-QUINNEY-COLLEGE-OF-LAW,US-UNIVERSITY-OF-UTAH,dean,law,S.J. Quinney College of Law,,,,,,
US-CALIFORNIA-STATE-UNIVERSITY-FRESNO-D-KREMEN-SCHOOL-OF-EDUCATION-AND-HUMAN-DEVELOPMENT,US-CALIFORNIA-STATE-UNIVERSITY-FRESNO,dean,education,Kremen School of Education and Human Development,,,,1911,,
US-UNIVERSITY-OF-ARKANSAS-D-COLLEGE-OF-EDUCATION-AND-HEALTH-PROFESSIONS,US-UNIVERSITY-OF-ARKANSAS,dean,education,College of Education and Health Professions,,,,,,
US-UNIVERSITY-OF-CALIFORNIA-BERKELEY-D-BERKELEY-SCHOOL-OF-EDUCATION,US-UNIVERSITY-OF-CALIFORNIA-BERKELEY,dean,education,Berkeley School of Education,,,,,,
US-INDIANA-UNIVERSITY-BLOOMINGTON-D-SCHOOL-OF-NURSING,US-INDIANA-UNIVERSITY-BLOOMINGTON,dean,nursing,School of Nursing,,,,,,
US-UNIVERSITY-OF-IDAHO-D-COLLEGE-OF-AGRICULTURAL-AND-LIFE-SCIENCES,US-UNIVERSITY-OF-IDAHO,dean,agriculture,College of Agricultural and Life Sciences,,,,,,
US-UNIVERSITY-OF-NEW-HAMPSHIRE-D-COLLEGE-OF-LIFE-SCIENCES-AND-AGRICULTURE,US-UNIVERSITY-OF-NEW-HAMPSHIRE,dean,agriculture,College of Life Sciences and Agriculture,,,,,,
US-EMORY-UNIVERSITY-D-EMORY-UNIVERSITY-SCHOOL-OF-LAW,US-EMORY-UNIVERSITY,dean,law,Emory University School of Law,,,,,,
US-TEXAS-A-AND-M-UNIVERSITY-D-COLLEGE-OF-VETERINARY-MEDICINE-AND-BIOMEDICAL-SC,US-TEXAS-A-AND-M-UNIVERSITY,dean,veterinary,College of Veterinary Medicine & Biomedical Sciences,,,,,,
US-STANFORD-UNIVERSITY-D-GRADUATE-SCHOOL-OF-EDUCATION,US-STANFORD-UNIVERSITY,dean,education,Graduate School of Education,,,,,,
US-NORTH-CAROLINA-STATE-UNIVERSITY-D-COLLEGE-OF-AGRICULTURE-AND-LIFE-SCIENCES,US-NORTH-CAROLINA-STATE-UNIVERSITY,dean,agriculture,College of Agriculture and Life Sciences,,,,,,
US-UNIVERSITY-OF-SOUTHERN-CALIFORNIA-D-ROSSIER-SCHOOL-OF-EDUCATION,US-UNIVERSITY-OF-SOUTHERN-CALIFORNIA,dean,education,Rossier School of Education,,,,,,
US-TEMPLE-UNIVERSITY-D-COLLEGE-OF-EDUCATION-AND-HUMAN-DEVELOPMENT,US-TEMPLE-UNIVERSITY,dean,education,College of Education and Human Development,,,,,,
US-UNIVERSITY-OF-CONNECTICUT-D-NEAG-SCHOOL-OF-EDUCATION,US-UNIVERSITY-OF-CONNECTICUT,dean,education,Neag School of Education,,,,,,
US-BAYLOR-UNIVERSITY-D-COLLEGE-OF-ARTS-AND-SCIENCES,US-BAYLOR-UNIVERSITY,dean,arts_sciences,College of Arts and Sciences,,,,,,
US-UNIVERSITY-OF-NOTRE-DAME-D-COLLEGE-OF-ARTS-AND-LETTERS,US-UNIVERSITY-OF-NOTRE-DAME,dean,arts_sciences,College of Arts and Letters,,,,,,
US-KANSAS-STATE-UNIVERSITY-D-COLLEGE-OF-VETERINARY-MEDICINE,US-KANSAS-STATE-UNIVERSITY,dean,veterinary,College of Veterinary Medicine,,,,,,
US-WAYNE-STATE-UNIVERSITY-D-COLLEGE-OF-EDUCATION,US-WAYNE-STATE-UNIVERSITY,dean,education,College of Education,,,,,,
US-UNIVERSITY-OF-FLORIDA-D-COLLEGE-OF-AGRICULTURAL-AND-LIFE-SCIENCES,US-UNIVERSITY-OF-FLORIDA,dean,agriculture,College of Agricultural and Life Sciences,,,,,,
US-UNIVERSITY-OF-NORTH-CAROLINA-GREENSBORO-D-SCHOOL-OF-EDUCATION,US-UNIVERSITY-OF-NORTH-CAROLINA-GREENSBORO,dean,education,School of Education,,,,1891,,
US-CASE-WESTERN-RESERVE-UNIVERSITY-D-FRANCES-PAYNE-BOLTON-SCHOOL-OF-NURSING,US-CASE-WESTERN-RESERVE-UNIVERSITY,dean,nursing,Frances Payne Bolton School of Nursing,,,,,,
US-YALE-UNIVERSITY-D-SCHOOL-OF-NURSING,US-YALE-UNIVERSITY,dean,nursing,School of Nursing,,,,,,
US-PENNSYLVANIA-STATE-UNIVERSITY-D-COLLEGE-OF-EDUCATION,US-PENNSYLVANIA-STATE-UNIVERSITY,dean,education,College of Education,,,,,,
US-UNIVERSITY-OF-WISCONSIN-MADISON-D-SCHOOL-OF-NURSING,US-UNIVERSITY-OF-WISCONSIN-MADISON,dean,nursing,School of Nursing,,,,,,
US-AUBURN-UNIVERSITY-D-COLLEGE-OF-AGRICULTURE,US-AUBURN-UNIVERSITY,dean,agriculture,College of Agriculture,,,,,,
US-WAYNE-STATE-UNIVERSITY-D-EUGENE-APPLEBAUM-COLLEGE-OF-PHARMACY-AND-HEALTH,US-WAYNE-STATE-UNIVERSITY,dean,pharmacy,Eugene Applebaum College of Pharmacy and Health Sciences,,,,,,
US-UNIVERSITY-OF-MARYLAND-COLLEGE-PARK-D-COLLEGE-OF-AGRICULTURE-AND-NATURAL-RESOURCES,US-UNIVERSITY-OF-MARYLAND-COLLEGE-PARK,dean,agriculture,College of Agriculture and Natural Resources,,,,,,
US-DUQUESNE-UNIVERSITY-D-SCHOOL-OF-PHARMACY,US-DUQUESNE-UNIVERSITY,dean,pharmacy,School of Pharmacy,,,,1878,,
US-UNIVERSITY-OF-FLORIDA-D-COLLEGE-OF-PHARMACY,US-UNIVERSITY-OF-FLORIDA,dean,pharmacy,College of Pharmacy,,,,,,
US-UNIVERSITY-OF-MIAMI-D-UNIVERSITY-OF-MIAMI-SCHOOL-OF-LAW,US-UNIVERSITY-OF-MIAMI,dean,law,University of Miami School of Law,,,,,,
US-NORTHWESTERN-UNIVERSITY-D-SCHOOL-OF-EDUCATION-AND-SOCIAL-POLICY,US-NORTHWESTERN-UNIVERSITY,dean,education,School of Education and Social Policy,,,,,,
US-UNIVERSITY-OF-ARKANSAS-LITTLE-ROCK-CENTRAL,US-UNIVERSITY-OF-ARKANSAS-LITTLE-ROCK,president,central,Office of the Chancellor,,,,1927,,
US-WAYNE-STATE-UNIVERSITY-D-WAYNE-STATE-UNIVERSITY-LAW-SCHOOL,US-WAYNE-STATE-UNIVERSITY,dean,law,Wayne State University Law School,,,,,,
US-DUKE-UNIVERSITY-D-DUKE-UNIVERSITY-SCHOOL-OF-MEDICINE,US-DUKE-UNIVERSITY,dean,medicine,Duke University School of Medicine,,,,,,
US-BOSTON-COLLEGE-D-BOSTON-COLLEGE-LAW-SCHOOL,US-BOSTON-COLLEGE,dean,law,Boston College Law School,,,,,,
US-TEMPLE-UNIVERSITY-D-LEWIS-KATZ-SCHOOL-OF-MEDICINE-AT-TEMPLE-UNIVERSI,US-TEMPLE-UNIVERSITY,dean,medicine,Lewis Katz School of Medicine at Temple University,,,,,,
US-NORTH-CAROLINA-STATE-UNIVERSITY-D-COLLEGE-OF-NATURAL-RESOURCES,US-NORTH-CAROLINA-STATE-UNIVERSITY,dean,agriculture,College of Natural Resources,,,,,,
US-LOUISIANA-STATE-UNIVERSITY-D-LSU-HEALTH-NEW-ORLEANS-SCHOOL-OF-MEDICINE,US-LOUISIANA-STATE-UNIVERSITY,dean,medicine,LSU Health New Orleans School of Medicine,,,,,,
US-DUKE-UNIVERSITY-D-SCHOOL-OF-NURSING,US-DUKE-UNIVERSITY,dean,nursing,School of Nursing,,,,,,
US-UNIVERSITY-BUFFALO-D-GRADUATE-SCHOOL-OF-EDUCATION,US-UNIVERSITY-BUFFALO,dean,education,Graduate School of Education,,,,,,
US-UNIVERSITY-OF-HAWAII-MANOA-D-COLLEGE-OF-EDUCATION,US-UNIVERSITY-OF-HAWAII-MANOA,dean,education,College of Education,,,,,,
US-UNIVERSITY-OF-CHICAGO-D-DIVISION-OF-THE-SOCIAL-SCIENCES,US-UNIVERSITY-OF-CHICAGO,dean,arts_sciences,Division of the Social Sciences,,,,,,
US-LOUISIANA-STATE-UNIVERSITY-D-LSU-COLLEGE-OF-AGRICULTURE,US-LOUISIANA-STATE-UNIVERSITY,dean,agriculture,LSU College of Agriculture,,,,,,
US-UNIVERSITY-OF-GEORGIA-D-COLLEGE-OF-AGRICULTURAL-AND-ENVIRONMENTAL-SCIENC,US-UNIVERSITY-OF-GEORGIA,dean,agriculture,College of Agricultural and Environmental Sciences,,,,,,
US-UNIVERSITY-OF-MAINE-D-COLLEGE-OF-EARTH-LIFE-AND-HEALTH-SCIENCES,US-UNIVERSITY-OF-MAINE,dean,agriculture,"College of Earth, Life, and Health Sciences",,,,,,
US-UNIVERSITY-OF-MICHIGAN-D-UNIVERSITY-OF-MICHIGAN-MEDICAL-SCHOOL,US-UNIVERSITY-OF-MICHIGAN,dean,medicine,University of Michigan Medical School,,,,,,
US-UNIVERSITY-OF-MINNESOTA-TWIN-CITIES-D-UNIVERSITY-OF-MINNESOTA-MEDICAL-SCHOOL,US-UNIVERSITY-OF-MINNESOTA-TWIN-CITIES,dean,medicine,University of Minnesota Medical School,,,,,,
US-WEST-VIRGINIA-UNIVERSITY-D-SCHOOL-OF-PHARMACY,US-WEST-VIRGINIA-UNIVERSITY,dean,pharmacy,School of Pharmacy,,,,,,
US-DUKE-UNIVERSITY-D-NICHOLAS-SCHOOL-OF-THE-ENVIRONMENT,US-DUKE-UNIVERSITY,dean,agriculture,Nicholas School of the Environment,,,,,,
US-UNIVERSITY-OF-PITTSBURGH-D-SCHOOL-OF-NURSING,US-UNIVERSITY-OF-PITTSBURGH,dean,nursing,School of Nursing,,,,,,
US-UNIVERSITY-OF-CINCINNATI-D-UNIVERSITY-OF-CINCINNATI-COLLEGE-OF-MEDICINE,US-UNIVERSITY-OF-CINCINNATI,dean,medicine,University of Cincinnati College of Medicine,,,,,,
US-MICHIGAN-STATE-UNIVERSITY-D-COLLEGE-OF-MUSIC,US-MICHIGAN-STATE-UNIVERSITY,dean,creative_arts,College of Music,,,,,,
US-UNIVERSITY-OF-NORTH-CAROLINA-D-UNIVERSITY-OF-NORTH-CAROLINA-SCHOOL-OF-MEDICINE,US-UNIVERSITY-OF-NORTH-CAROLINA,dean,medicine,University of North Carolina School of Medicine,,,,,,
US-AUBURN-UNIVERSITY-D-HARRISON-COLLEGE-OF-PHARMACY,US-AUBURN-UNIVERSITY,dean,pharmacy,Harrison College of Pharmacy,,,,,,
US-UNIVERSITY-OF-CONNECTICUT-D-ELISABETH-DELUCA-SCHOOL-OF-NURSING,US-UNIVERSITY-OF-CONNECTICUT,dean,nursing,Elisabeth DeLuca School of Nursing,,,,,,
US-BAYLOR-UNIVERSITY-D-LOUISE-HERRINGTON-SCHOOL-OF-NURSING,US-BAYLOR-UNIVERSITY,dean,nursing,Louise Herrington School of Nursing,,,,,,
US-EMORY-UNIVERSITY-D-NELL-HODGSON-WOODRUFF-SCHOOL-OF-NURSING,US-EMORY-UNIVERSITY,dean,nursing,Nell Hodgson Woodruff School of Nursing,,,,,,
US-UNIVERSITY-OF-CINCINNATI-D-COLLEGE-OF-EDUCATION-CRIMINAL-JUSTICE-AND-HUMAN,US-UNIVERSITY-OF-CINCINNATI,dean,education,"College of Education, Criminal Justice, and Human Services",,,,,,
US-CARNEGIE-MELLON-UNIVERSITY-PROVOST,US-CARNEGIE-MELLON-UNIVERSITY,provost,central,Office of the Provost,,,,,,
US-UNIVERSITY-OF-ALABAMA-BIRMINGHAM-D-UAB-HEERSINK-SCHOOL-OF-MEDICINE,US-UNIVERSITY-OF-ALABAMA-BIRMINGHAM,dean,medicine,UAB Heersink School of Medicine (University of Alabama at Birmingham),,,,,,
US-VANDERBILT-UNIVERSITY-D-VANDERBILT-UNIVERSITY-SCHOOL-OF-MEDICINE,US-VANDERBILT-UNIVERSITY,dean,medicine,Vanderbilt University School of Medicine,,,,,,
US-WAYNE-STATE-UNIVERSITY-D-COLLEGE-OF-NURSING,US-WAYNE-STATE-UNIVERSITY,dean,nursing,College of Nursing,,,,,,
US-UNIVERSITY-OF-ILLINOIS-URBANA-CHAMPAIGN-D-COLLEGE-OF-VETERINARY-MEDICINE,US-UNIVERSITY-OF-ILLINOIS-URBANA-CHAMPAIGN,dean,veterinary,College of Veterinary Medicine,,,,,,
US-UNIVERSITY-OF-LOUISVILLE-D-UNIVERSITY-OF-LOUISVILLE-LOUIS-D-BRANDEIS-SCHOOL,US-UNIVERSITY-OF-LOUISVILLE,dean,law,University of Louisville Louis D. Brandeis School of Law,,,,,,
US-UNIVERSITY-OF-WASHINGTON-D-UNIVERSITY-OF-WASHINGTON-SCHOOL-OF-MEDICINE,US-UNIVERSITY-OF-WASHINGTON,dean,medicine,University of Washington School of Medicine,,,,,,
US-BOSTON-COLLEGE-D-CONNELL-SCHOOL-OF-NURSING,US-BOSTON-COLLEGE,dean,nursing,Connell School of Nursing,,,,,,
US-UNIVERSITY-OF-GEORGIA-D-MARY-FRANCES-EARLY-COLLEGE-OF-EDUCATION,US-UNIVERSITY-OF-GEORGIA,dean,education,Mary Frances Early College of Education,,,,,,
US-UNIVERSITY-OF-GEORGIA-D-COLLEGE-OF-VETERINARY-MEDICINE,US-UNIVERSITY-OF-GEORGIA,dean,veterinary,College of Veterinary Medicine,,,,,,
US-UNIVERSITY-OF-MISSOURI-D-COLLEGE-OF-VETERINARY-MEDICINE,US-UNIVERSITY-OF-MISSOURI,dean,veterinary,College of Veterinary Medicine,,,,,,
US-NORTHEASTERN-UNIVERSITY-PROVOST,US-NORTHEASTERN-UNIVERSITY,provost,central,Office of the Provost,,,,,,
US-UNIVERSITY-OF-HOUSTON-D-UNIVERSITY-OF-HOUSTON-LAW-CENTER,US-UNIVERSITY-OF-HOUSTON,dean,law,University of Houston Law Center,,,,,,
US-INDIANA-UNIVERSITY-INDIANAPOLIS-D-INDIANA-UNIVERSITY-SCHOOL-OF-MEDICINE,US-INDIANA-UNIVERSITY-INDIANAPOLIS,dean,medicine,Indiana University School of Medicine,,,,,,
US-UNIVERSITY-OF-CALIFORNIA-LOS-ANGELES-D-DAVID-GEFFEN-SCHOOL-OF-MEDICINE-AT-UCLA,US-UNIVERSITY-OF-CALIFORNIA-LOS-ANGELES,dean,medicine,David Geffen School of Medicine at UCLA,,,,,,
US-CALIFORNIA-STATE-UNIVERSITY-FRESNO-D-JORDAN-COLLEGE-OF-AGRICULTURAL-SCIENCES-AND-TECH,US-CALIFORNIA-STATE-UNIVERSITY-FRESNO,dean,agriculture,Jordan College of Agricultural Sciences and Technology,,,,1911,,
US-UNIVERSITY-OF-ARIZONA-D-R-KEN-COIT-COLLEGE-OF-PHARMACY,US-UNIVERSITY-OF-ARIZONA,dean,pharmacy,R. Ken Coit College of Pharmacy,,,,,,
US-UNIVERSITY-OF-UTAH-D-COLLEGE-OF-PHARMACY,US-UNIVERSITY-OF-UTAH,dean,pharmacy,College of Pharmacy,,,,,,
US-OKLAHOMA-STATE-UNIVERSITY-D-COLLEGE-OF-VETERINARY-MEDICINE,US-OKLAHOMA-STATE-UNIVERSITY,dean,veterinary,College of Veterinary Medicine,,,,,,
US-UNIVERSITY-OF-CALIFORNIA-DAVIS-D-SCHOOL-OF-VETERINARY-MEDICINE,US-UNIVERSITY-OF-CALIFORNIA-DAVIS,dean,veterinary,School of Veterinary Medicine,,,,,,
US-UNIVERSITY-OF-MINNESOTA-TWIN-CITIES-D-COLLEGE-OF-VETERINARY-MEDICINE,US-UNIVERSITY-OF-MINNESOTA-TWIN-CITIES,dean,veterinary,College of Veterinary Medicine,,,,,,
US-UNIVERSITY-OF-UTAH-D-COLLEGE-OF-NURSING,US-UNIVERSITY-OF-UTAH,dean,nursing,College of Nursing,,,,,,
US-NORTH-CAROLINA-STATE-UNIVERSITY-D-COLLEGE-OF-EDUCATION,US-NORTH-CAROLINA-STATE-UNIVERSITY,dean,education,College of Education,,,,,,
US-STANFORD-UNIVERSITY-D-SCHOOL-OF-HUMANITIES-AND-SCIENCES,US-STANFORD-UNIVERSITY,dean,arts_sciences,School of Humanities and Sciences,,,,,,
US-UNIVERSITY-OF-CALIFORNIA-LOS-ANGELES-D-UCLA-SCHOOL-OF-LAW,US-UNIVERSITY-OF-CALIFORNIA-LOS-ANGELES,dean,law,UCLA School of Law,,,,,,
US-HARVARD-UNIVERSITY-D-HARVARD-MEDICAL-SCHOOL,US-HARVARD-UNIVERSITY,dean,medicine,Harvard Medical School,,,,,,
US-NORTHWESTERN-UNIVERSITY-D-NORTHWESTERN-UNIVERSITY-FEINBERG-SCHOOL-OF-MEDIC,US-NORTHWESTERN-UNIVERSITY,dean,medicine,Northwestern University Feinberg School of Medicine,,,,,,
US-UNIVERSITY-OF-CALIFORNIA-LOS-ANGELES-D-JOE-C-WEN-SCHOOL-OF-NURSING,US-UNIVERSITY-OF-CALIFORNIA-LOS-ANGELES,dean,nursing,Joe C. Wen School of Nursing,,,,,,
US-UNIVERSITY-OF-KENTUCKY-D-COLLEGE-OF-PHARMACY,US-UNIVERSITY-OF-KENTUCKY,dean,pharmacy,College of Pharmacy,,,,,,
US-UNIVERSITY-OF-DELAWARE-PROVOST,US-UNIVERSITY-OF-DELAWARE,provost,central,Office of the Provost,,,,,,
US-UNIVERSITY-OF-ALABAMA-BIRMINGHAM-D-SCHOOL-OF-NURSING,US-UNIVERSITY-OF-ALABAMA-BIRMINGHAM,dean,nursing,School of Nursing,,,,,,
US-UNIVERSITY-OF-PENNSYLVANIA-D-SCHOOL-OF-NURSING,US-UNIVERSITY-OF-PENNSYLVANIA,dean,nursing,School of Nursing,,,,,,
US-TUFTS-UNIVERSITY-PROVOST,US-TUFTS-UNIVERSITY,provost,central,Office of the Provost and Senior Vice President,,,,,,
US-INDIANA-UNIVERSITY-BLOOMINGTON-D-COLLEGE-OF-ARTS-AND-SCIENCES,US-INDIANA-UNIVERSITY-BLOOMINGTON,dean,arts_sciences,College of Arts and Sciences,,,,,,
US-UNIVERSITY-OF-ARKANSAS-FOR-MEDICAL-SCIENCES-D-COLLEGE-OF-PHARMACY,US-UNIVERSITY-OF-ARKANSAS-FOR-MEDICAL-SCIENCES,dean,pharmacy,College of Pharmacy,,,,1879,,
US-UNIVERSITY-OF-NOTRE-DAME-CENTRAL,US-UNIVERSITY-OF-NOTRE-DAME,president,central,Office of the President,,,,,,
US-INDIANA-UNIVERSITY-BLOOMINGTON-D-INDIANA-UNIVERSITY-MAURER-SCHOOL-OF-LAW,US-INDIANA-UNIVERSITY-BLOOMINGTON,dean,law,Indiana University Maurer School of Law,,,,,,
US-VANDERBILT-UNIVERSITY-D-VANDERBILT-LAW-SCHOOL,US-VANDERBILT-UNIVERSITY,dean,law,Vanderbilt Law School,,,,,,
US-PRAIRIE-VIEW-A-AND-M-UNIVERSITY-D-COLLEGE-OF-NURSING,US-PRAIRIE-VIEW-A-AND-M-UNIVERSITY,dean,nursing,College of Nursing,,,,1876,,
US-UNIVERSITY-OF-CALIFORNIA-DAVIS-D-COLLEGE-OF-AGRICULTURAL-AND-ENVIRONMENTAL-SCIENC,US-UNIVERSITY-OF-CALIFORNIA-DAVIS,dean,agriculture,College of Agricultural and Environmental Sciences,,,,,,
US-UNIVERSITY-OF-MIAMI-D-UNIVERSITY-OF-MIAMI-LEONARD-M-MILLER-SCHOOL-OF-M,US-UNIVERSITY-OF-MIAMI,dean,medicine,University of Miami Leonard M. Miller School of Medicine,,,,,,
US-UNIVERSITY-OF-MASSACHUSETTS-AMHERST-D-ELAINE-MARIEB-COLLEGE-OF-NURSING,US-UNIVERSITY-OF-MASSACHUSETTS-AMHERST,dean,nursing,Elaine Marieb College of Nursing,,,,,,
US-MICHIGAN-STATE-UNIVERSITY-D-COLLEGE-OF-EDUCATION,US-MICHIGAN-STATE-UNIVERSITY,dean,education,College of Education,,,,,,
US-RICE-UNIVERSITY-PROVOST,US-RICE-UNIVERSITY,provost,central,Office of the Provost,,,,,,
US-GEORGETOWN-UNIVERSITY-D-GEORGETOWN-UNIVERSITY-LAW-CENTER,US-GEORGETOWN-UNIVERSITY,dean,law,Georgetown University Law Center,,,,,,
US-UNIVERSITY-OF-FLORIDA-D-UNIVERSITY-OF-FLORIDA-COLLEGE-OF-MEDICINE,US-UNIVERSITY-OF-FLORIDA,dean,medicine,University of Florida College of Medicine,,,,,,
US-UNIVERSITY-OF-WISCONSIN-MADISON-D-SCHOOL-OF-EDUCATION,US-UNIVERSITY-OF-WISCONSIN-MADISON,dean,education,School of Education,,,,,,
US-UNIVERSITY-OF-NEVADA-RENO-D-COLLEGE-OF-AGRICULTURE-BIOTECHNOLOGY-AND-NATURAL,US-UNIVERSITY-OF-NEVADA-RENO,dean,agriculture,"College of Agriculture, Biotechnology & Natural Resources",,,,,,
US-UNIVERSITY-OF-CINCINNATI-D-JAMES-L-WINKLE-COLLEGE-OF-PHARMACY,US-UNIVERSITY-OF-CINCINNATI,dean,pharmacy,James L. Winkle College of Pharmacy,,,,,,
US-CLEMSON-UNIVERSITY-PROVOST,US-CLEMSON-UNIVERSITY,provost,central,Office of the Provost,,,,,,
US-NORTH-CAROLINA-STATE-UNIVERSITY-PROVOST,US-NORTH-CAROLINA-STATE-UNIVERSITY,provost,central,Office of the Executive Vice Chancellor and Provost,,,,,,
US-UNIVERSITY-OF-MISSISSIPPI-D-UNIVERSITY-OF-MISSISSIPPI-SCHOOL-OF-MEDICINE,US-UNIVERSITY-OF-MISSISSIPPI,dean,medicine,"University of Mississippi School of Medicine (University of Mississippi Medical Center, Jackson)",,,,,,
US-UNIVERSITY-OF-MICHIGAN-D-SCHOOL-OF-NURSING,US-UNIVERSITY-OF-MICHIGAN,dean,nursing,School of Nursing,,,,,,
US-UNIVERSITY-OF-NEW-MEXICO-D-COLLEGE-OF-NURSING,US-UNIVERSITY-OF-NEW-MEXICO,dean,nursing,College of Nursing,,,,,,
US-UNIVERSITY-OF-THE-PACIFIC-D-THOMAS-J-LONG-SCHOOL-OF-PHARMACY,US-UNIVERSITY-OF-THE-PACIFIC,dean,pharmacy,Thomas J. Long School of Pharmacy,,,,,,
US-UNIVERSITY-OF-CINCINNATI-PROVOST,US-UNIVERSITY-OF-CINCINNATI,provost,central,Office of the Provost,,,,,,
US-NORTHWESTERN-UNIVERSITY-D-NORTHWESTERN-PRITZKER-SCHOOL-OF-LAW,US-NORTHWESTERN-UNIVERSITY,dean,law,Northwestern Pritzker School of Law,,,,,,
US-EMORY-UNIVERSITY-D-EMORY-UNIVERSITY-SCHOOL-OF-MEDICINE,US-EMORY-UNIVERSITY,dean,medicine,Emory University School of Medicine,,,,,,
US-UNIVERSITY-OF-KENTUCKY-D-UNIVERSITY-OF-KENTUCKY-COLLEGE-OF-MEDICINE,US-UNIVERSITY-OF-KENTUCKY,dean,medicine,University of Kentucky College of Medicine,,,,,,
US-EAST-TENNESSEE-STATE-UNIVERSITY-D-COLLEGE-OF-NURSING,US-EAST-TENNESSEE-STATE-UNIVERSITY,dean,nursing,College of Nursing,,,,1911,,
US-UNIVERSITY-OF-FLORIDA-D-COLLEGE-OF-NURSING,US-UNIVERSITY-OF-FLORIDA,dean,nursing,College of Nursing,,,,,,
US-UNIVERSITY-OF-ILLINOIS-CHICAGO-D-COLLEGE-OF-NURSING,US-UNIVERSITY-OF-ILLINOIS-CHICAGO,dean,nursing,College of Nursing,,,,,,
US-GEORGE-WASHINGTON-UNIVERSITY-D-COLUMBIAN-COLLEGE-OF-ARTS-AND-SCIENCES,US-GEORGE-WASHINGTON-UNIVERSITY,dean,arts_sciences,Columbian College of Arts and Sciences,,,,,,
US-UNIVERSITY-OF-ARIZONA-D-COLLEGE-OF-AGRICULTURE-LIFE-AND-ENVIRONMENTAL-SC,US-UNIVERSITY-OF-ARIZONA,dean,agriculture,"College of Agriculture, Life & Environmental Sciences",,,,,,
US-LEHIGH-UNIVERSITY-PROVOST,US-LEHIGH-UNIVERSITY,provost,central,Office of the Provost and Senior Vice President for Academic Affairs,,,,,,
US-UNIVERSITY-OF-ARIZONA-D-COLLEGE-OF-NURSING,US-UNIVERSITY-OF-ARIZONA,dean,nursing,College of Nursing,,,,,,
US-MERCER-UNIVERSITY-D-COLLEGE-OF-PHARMACY,US-MERCER-UNIVERSITY,dean,pharmacy,College of Pharmacy,,,,1833,,
US-UNIVERSITY-OF-ARKANSAS-D-UNIVERSITY-OF-ARKANSAS-SCHOOL-OF-LAW,US-UNIVERSITY-OF-ARKANSAS,dean,law,University of Arkansas School of Law,,,,,,
US-UNIVERSITY-OF-KENTUCKY-D-COLLEGE-OF-NURSING,US-UNIVERSITY-OF-KENTUCKY,dean,nursing,College of Nursing,,,,,,
US-VIRGINIA-COMMONWEALTH-UNIVERSITY-D-SCHOOL-OF-NURSING,US-VIRGINIA-COMMONWEALTH-UNIVERSITY,dean,nursing,School of Nursing,,,,,,
US-RENSSELAER-POLYTECHNIC-INSTITUTE-PROVOST,US-RENSSELAER-POLYTECHNIC-INSTITUTE,provost,central,Office of the Provost,,,,,,
US-UNIVERSITY-OF-SOUTH-FLORIDA-PROVOST,US-UNIVERSITY-OF-SOUTH-FLORIDA,provost,central,Office of the Provost and Executive Vice President,,,,,,
US-BRIGHAM-YOUNG-UNIVERSITY-D-COLLEGE-OF-NURSING,US-BRIGHAM-YOUNG-UNIVERSITY,dean,nursing,College of Nursing,,,,,,
US-UNIVERSITY-OF-SOUTH-FLORIDA-D-COLLEGE-OF-EDUCATION,US-UNIVERSITY-OF-SOUTH-FLORIDA,dean,education,College of Education,,,,,,
US-PACE-UNIVERSITY-CENTRAL,US-PACE-UNIVERSITY,president,central,Office of the President,,,,,,
US-VILLANOVA-UNIVERSITY-D-M-LOUISE-FITZPATRICK-COLLEGE-OF-NURSING,US-VILLANOVA-UNIVERSITY,dean,nursing,M. Louise Fitzpatrick College of Nursing,,,,1842,,
US-WASHINGTON-STATE-UNIVERSITY-D-COLLEGE-OF-PHARMACY-AND-PHARMACEUTICAL-SCIENCES,US-WASHINGTON-STATE-UNIVERSITY,dean,pharmacy,College of Pharmacy and Pharmaceutical Sciences,,,,,,
US-PURDUE-UNIVERSITY-D-COLLEGE-OF-VETERINARY-MEDICINE,US-PURDUE-UNIVERSITY,dean,veterinary,College of Veterinary Medicine,,,,,,
US-PURDUE-UNIVERSITY-PROVOST,US-PURDUE-UNIVERSITY,provost,central,Office of the Provost,,,,,,
US-UNIVERSITY-OF-MISSOURI-PROVOST,US-UNIVERSITY-OF-MISSOURI,provost,central,Office of the Provost,,,,,,
US-UNIVERSITY-OF-PENNSYLVANIA-PROVOST,US-UNIVERSITY-OF-PENNSYLVANIA,provost,central,Office of the Provost,,,,,,
US-UNIVERSITY-OF-ROCHESTER-PROVOST,US-UNIVERSITY-OF-ROCHESTER,provost,central,Office of the Provost,,,,,,
US-WEST-VIRGINIA-UNIVERSITY-D-WEST-VIRGINIA-UNIVERSITY-SCHOOL-OF-MEDICINE,US-WEST-VIRGINIA-UNIVERSITY,dean,medicine,West Virginia University School of Medicine,,,,,,
US-UNIVERSITY-OF-VIRGINIA-D-SCHOOL-OF-NURSING,US-UNIVERSITY-OF-VIRGINIA,dean,nursing,School of Nursing,,,,,,
US-UNIVERSITY-OF-CALIFORNIA-IRVINE-CENTRAL,US-UNIVERSITY-OF-CALIFORNIA-IRVINE,president,central,Office of the Chancellor,,,,,,
US-UNIVERSITY-OF-MIAMI-CENTRAL,US-UNIVERSITY-OF-MIAMI,president,central,Office of the President,,,,,,
US-UNIVERSITY-OF-CHICAGO-PROVOST,US-UNIVERSITY-OF-CHICAGO,provost,central,Office of the Provost,,,,,,
US-WASHINGTON-UNIVERSITY-ST-LOUIS-PROVOST,US-WASHINGTON-UNIVERSITY-ST-LOUIS,provost,central,Office of the Provost,,,,,,
US-UNIVERSITY-OF-MAINE-D-UNIVERSITY-OF-MAINE-SCHOOL-OF-LAW,US-UNIVERSITY-OF-MAINE,dean,law,University of Maine School of Law,,,,,,
US-DEPAUL-UNIVERSITY-D-COLLEGE-OF-EDUCATION,US-DEPAUL-UNIVERSITY,dean,education,College of Education,,,,1898,,
US-MICHIGAN-STATE-UNIVERSITY-D-COLLEGE-OF-ARTS-AND-LETTERS,US-MICHIGAN-STATE-UNIVERSITY,dean,arts_sciences,College of Arts & Letters,,,,,,
US-VANDERBILT-UNIVERSITY-CENTRAL,US-VANDERBILT-UNIVERSITY,president,central,Office of the Chancellor,,,,,,
US-UNIVERSITY-OF-SOUTH-ALABAMA-CENTRAL,US-UNIVERSITY-OF-SOUTH-ALABAMA,president,central,Office of the President,,,,1963,,
US-CORNELL-UNIVERSITY-PROVOST,US-CORNELL-UNIVERSITY,provost,central,Office of the Provost,,,,,,
US-VIRGINIA-TECH-PROVOST,US-VIRGINIA-TECH,provost,central,Office of the Executive Vice President and Provost,,,,,,
US-YALE-UNIVERSITY-PROVOST,US-YALE-UNIVERSITY,provost,central,Office of the Provost,,,,,,
US-SOUTHERN-METHODIST-UNIVERSITY-D-SMU-DEDMAN-SCHOOL-OF-LAW,US-SOUTHERN-METHODIST-UNIVERSITY,dean,law,SMU Dedman School of Law,,,,,,
US-TULANE-UNIVERSITY-D-TULANE-UNIVERSITY-LAW-SCHOOL,US-TULANE-UNIVERSITY,dean,law,Tulane University Law School,,,,,,
US-UNIVERSITY-OF-VIRGINIA-D-UNIVERSITY-OF-VIRGINIA-SCHOOL-OF-LAW,US-UNIVERSITY-OF-VIRGINIA,dean,law,University of Virginia School of Law,,,,,,
US-RUTGERS-UNIVERSITY-D-RUTGERS-ROBERT-WOOD-JOHNSON-MEDICAL-SCHOOL,US-RUTGERS-UNIVERSITY,dean,medicine,Rutgers Robert Wood Johnson Medical School,,,,,,
US-UNIVERSITY-OF-CONNECTICUT-D-UNIVERSITY-OF-CONNECTICUT-SCHOOL-OF-MEDICINE,US-UNIVERSITY-OF-CONNECTICUT,dean,medicine,University of Connecticut School of Medicine,,,,,,
US-WAKE-FOREST-UNIVERSITY-D-WAKE-FOREST-UNIVERSITY-SCHOOL-OF-MEDICINE,US-WAKE-FOREST-UNIVERSITY,dean,medicine,Wake Forest University School of Medicine,,,,1834,,
US-WAYNE-STATE-UNIVERSITY-D-WAYNE-STATE-UNIVERSITY-SCHOOL-OF-MEDICINE,US-WAYNE-STATE-UNIVERSITY,dean,medicine,Wayne State University School of Medicine,,,,,,
US-UNIVERSITY-OF-CALIFORNIA-IRVINE-D-CHARLIE-DUNLOP-SCHOOL-OF-BIOLOGICAL-SCIENCES,US-UNIVERSITY-OF-CALIFORNIA-IRVINE,dean,arts_sciences,Charlie Dunlop School of Biological Sciences,,,,,,
US-UNIVERSITY-OF-CALIFORNIA-IRVINE-D-SCHOOL-OF-HUMANITIES,US-UNIVERSITY-OF-CALIFORNIA-IRVINE,dean,arts_sciences,School of Humanities,,,,,,
US-LEHIGH-UNIVERSITY-CENTRAL,US-LEHIGH-UNIVERSITY,president,central,Office of the President,,,,,,
US-LOYOLA-UNIVERSITY-MARYLAND-CENTRAL,US-LOYOLA-UNIVERSITY-MARYLAND,president,central,Office of the President,,,,,,
US-ARIZONA-STATE-UNIVERSITY-D-SANDRA-DAY-O-CONNOR-COLLEGE-OF-LAW,US-ARIZONA-STATE-UNIVERSITY,dean,law,Sandra Day O'Connor College of Law,,,,,,
US-STANFORD-UNIVERSITY-D-STANFORD-LAW-SCHOOL,US-STANFORD-UNIVERSITY,dean,law,Stanford Law School,,,,,,
US-UNIVERSITY-BUFFALO-D-UNIVERSITY-AT-BUFFALO-SCHOOL-OF-LAW,US-UNIVERSITY-BUFFALO,dean,law,University at Buffalo School of Law,,,,,,
US-UNIVERSITY-OF-CALIFORNIA-DAVIS-D-UNIVERSITY-OF-CALIFORNIA-DAVIS-SCHOOL-OF-LAW,US-UNIVERSITY-OF-CALIFORNIA-DAVIS,dean,law,"University of California, Davis, School of Law (King Hall)",,,,,,
US-UNIVERSITY-OF-NORTH-CAROLINA-D-UNIVERSITY-OF-NORTH-CAROLINA-SCHOOL-OF-LAW,US-UNIVERSITY-OF-NORTH-CAROLINA,dean,law,University of North Carolina School of Law,,,,,,
US-MICHIGAN-STATE-UNIVERSITY-D-MICHIGAN-STATE-UNIVERSITY-COLLEGE-OF-HUMAN-MEDIC,US-MICHIGAN-STATE-UNIVERSITY,dean,medicine,Michigan State University College of Human Medicine,,,,,,
US-UNIVERSITY-OF-ARIZONA-D-UNIVERSITY-OF-ARIZONA-COLLEGE-OF-MEDICINE-TUCSON,US-UNIVERSITY-OF-ARIZONA,dean,medicine,University of Arizona College of Medicine – Tucson,,,,,,
US-UNIVERSITY-OF-NEW-MEXICO-D-UNIVERSITY-OF-NEW-MEXICO-SCHOOL-OF-MEDICINE,US-UNIVERSITY-OF-NEW-MEXICO,dean,medicine,University of New Mexico School of Medicine,,,,,,
US-GEORGE-WASHINGTON-UNIVERSITY-CENTRAL,US-GEORGE-WASHINGTON-UNIVERSITY,president,central,Office of the President,,,,,,
US-IOWA-STATE-UNIVERSITY-CENTRAL,US-IOWA-STATE-UNIVERSITY,president,central,Office of the President,,,,,,
US-MIAMI-UNIVERSITY-CENTRAL,US-MIAMI-UNIVERSITY,president,central,Office of the President,,,,1809,,
US-IOWA-STATE-UNIVERSITY-PROVOST,US-IOWA-STATE-UNIVERSITY,provost,central,Office of the Senior Vice President and Provost,,,,,,
US-STONY-BROOK-UNIVERSITY-PROVOST,US-STONY-BROOK-UNIVERSITY,provost,central,Office of the Provost,,,,,,
US-UNIVERSITY-OF-MICHIGAN-PROVOST,US-UNIVERSITY-OF-MICHIGAN,provost,central,Office of the Provost and Executive Vice President for Academic Affairs,,,,,,
US-UNIVERSITY-OF-CINCINNATI-D-UNIVERSITY-OF-CINCINNATI-DONALD-P-KLEKAMP-COLLEG,US-UNIVERSITY-OF-CINCINNATI,dean,law,University of Cincinnati Donald P. Klekamp College of Law,,,,,,
US-UNIVERSITY-OF-CALIFORNIA-IRVINE-D-UC-IRVINE-SCHOOL-OF-MEDICINE,US-UNIVERSITY-OF-CALIFORNIA-IRVINE,dean,medicine,UC Irvine School of Medicine,,,,,,
US-UNIVERSITY-OF-HAWAII-MANOA-D-JOHN-A-BURNS-SCHOOL-OF-MEDICINE,US-UNIVERSITY-OF-HAWAII-MANOA,dean,medicine,John A. Burns School of Medicine,,,,,,
US-UNIVERSITY-OF-TEXAS-SAN-ANTONIO-D-JOE-R-AND-TERESA-LOZANO-LONG-SCHOOL-OF-MEDICINE,US-UNIVERSITY-OF-TEXAS-SAN-ANTONIO,dean,medicine,Joe R. and Teresa Lozano Long School of Medicine,,,,,,
US-WASHINGTON-UNIVERSITY-ST-LOUIS-D-WASHINGTON-UNIVERSITY-SCHOOL-OF-MEDICINE,US-WASHINGTON-UNIVERSITY-ST-LOUIS,dean,medicine,Washington University School of Medicine (WashU Medicine),,,,,,
US-ARIZONA-STATE-UNIVERSITY-D-EDSON-COLLEGE-OF-NURSING-AND-HEALTH-INNOVATION,US-ARIZONA-STATE-UNIVERSITY,dean,nursing,Edson College of Nursing and Health Innovation,,,,,,
US-UNIVERSITY-OF-CALIFORNIA-IRVINE-D-SCHOOL-OF-SOCIAL-SCIENCES,US-UNIVERSITY-OF-CALIFORNIA-IRVINE,dean,arts_sciences,School of Social Sciences,,,,,,
US-BRIGHAM-YOUNG-UNIVERSITY-PROVOST,US-BRIGHAM-YOUNG-UNIVERSITY,provost,central,Office of the Academic Vice President,,,,,,
US-MASSACHUSETTS-INSTITUTE-OF-TECHNOLOGY-PROVOST,US-MASSACHUSETTS-INSTITUTE-OF-TECHNOLOGY,provost,central,Office of the Provost,,,,,,
US-PRINCETON-UNIVERSITY-PROVOST,US-PRINCETON-UNIVERSITY,provost,central,Office of the Provost,,,,,,
US-UNIVERSITY-OF-NORTH-CAROLINA-PROVOST,US-UNIVERSITY-OF-NORTH-CAROLINA,provost,central,Office of the Provost,,,,,,
US-BOSTON-UNIVERSITY-D-BOSTON-UNIVERSITY-SCHOOL-OF-LAW,US-BOSTON-UNIVERSITY,dean,law,Boston University School of Law,,,,,,
US-FLORIDA-STATE-UNIVERSITY-D-FLORIDA-STATE-UNIVERSITY-COLLEGE-OF-LAW,US-FLORIDA-STATE-UNIVERSITY,dean,law,Florida State University College of Law,,,,,,
US-SYRACUSE-UNIVERSITY-D-SYRACUSE-UNIVERSITY-COLLEGE-OF-LAW,US-SYRACUSE-UNIVERSITY,dean,law,Syracuse University College of Law,,,,,,
US-TEXAS-TECH-UNIVERSITY-D-TEXAS-TECH-UNIVERSITY-SCHOOL-OF-LAW,US-TEXAS-TECH-UNIVERSITY,dean,law,Texas Tech University School of Law,,,,,,
US-UNIVERSITY-OF-ARIZONA-D-UNIVERSITY-OF-ARIZONA-JAMES-E-ROGERS-COLLEGE-OF,US-UNIVERSITY-OF-ARIZONA,dean,law,University of Arizona James E. Rogers College of Law,,,,,,
US-UNIVERSITY-OF-CALIFORNIA-BERKELEY-D-UNIVERSITY-OF-CALIFORNIA-BERKELEY-SCHOOL-OF-LAW,US-UNIVERSITY-OF-CALIFORNIA-BERKELEY,dean,law,"University of California, Berkeley, School of Law",,,,,,
US-UNIVERSITY-OF-IOWA-D-UNIVERSITY-OF-IOWA-COLLEGE-OF-LAW,US-UNIVERSITY-OF-IOWA,dean,law,University of Iowa College of Law,,,,,,
US-UNIVERSITY-OF-MICHIGAN-D-UNIVERSITY-OF-MICHIGAN-LAW-SCHOOL,US-UNIVERSITY-OF-MICHIGAN,dean,law,University of Michigan Law School,,,,,,
US-UNIVERSITY-OF-NEBRASKA-LINCOLN-D-UNIVERSITY-OF-NEBRASKA-COLLEGE-OF-LAW,US-UNIVERSITY-OF-NEBRASKA-LINCOLN,dean,law,University of Nebraska College of Law,,,,,,
US-CASE-WESTERN-RESERVE-UNIVERSITY-D-CASE-WESTERN-RESERVE-UNIVERSITY-SCHOOL-OF-MEDICI,US-CASE-WESTERN-RESERVE-UNIVERSITY,dean,medicine,Case Western Reserve University School of Medicine,,,,,,
US-DARTMOUTH-COLLEGE-D-GEISEL-SCHOOL-OF-MEDICINE-AT-DARTMOUTH,US-DARTMOUTH-COLLEGE,dean,medicine,Geisel School of Medicine at Dartmouth (formerly Dartmouth Medical School),,,,,,
US-UNIVERSITY-OF-CALIFORNIA-DAVIS-D-UC-DAVIS-SCHOOL-OF-MEDICINE,US-UNIVERSITY-OF-CALIFORNIA-DAVIS,dean,medicine,UC Davis School of Medicine,,,,,,
US-UNIVERSITY-BUFFALO-D-SCHOOL-OF-NURSING,US-UNIVERSITY-BUFFALO,dean,nursing,School of Nursing,,,,,,
US-UNIVERSITY-OF-NORTH-CAROLINA-GREENSBORO-D-SCHOOL-OF-NURSING,US-UNIVERSITY-OF-NORTH-CAROLINA-GREENSBORO,dean,nursing,School of Nursing,,,,1891,,
US-WIDENER-UNIVERSITY-D-DWYER-SCHOOL-OF-NURSING,US-WIDENER-UNIVERSITY,dean,nursing,Dwyer School of Nursing,,,,,,
US-UNIVERSITY-OF-NORTH-DAKOTA-D-COLLEGE-OF-ARTS-AND-SCIENCES,US-UNIVERSITY-OF-NORTH-DAKOTA,dean,arts_sciences,College of Arts and Sciences,,,,,,
US-UNIVERSITY-OF-TEXAS-ARLINGTON-D-COLLEGE-OF-SCIENCE,US-UNIVERSITY-OF-TEXAS-ARLINGTON,dean,arts_sciences,College of Science,,,,,,
US-VIRGINIA-COMMONWEALTH-UNIVERSITY-D-COLLEGE-OF-HUMANITIES-AND-SCIENCES,US-VIRGINIA-COMMONWEALTH-UNIVERSITY,dean,arts_sciences,College of Humanities and Sciences,,,,,,
US-UNIVERSITY-OF-GEORGIA-CENTRAL,US-UNIVERSITY-OF-GEORGIA,president,central,Office of the President,,,,,,
US-UNIVERSITY-OF-PITTSBURGH-CENTRAL,US-UNIVERSITY-OF-PITTSBURGH,president,central,Office of the Chancellor,,,,,,
US-WASHINGTON-STATE-UNIVERSITY-CENTRAL,US-WASHINGTON-STATE-UNIVERSITY,president,central,Office of the President,,,,,,
US-CAMPBELL-UNIVERSITY-CENTRAL,US-CAMPBELL-UNIVERSITY,president,central,Office of the President,,,,1887,,
US-CHAPMAN-UNIVERSITY-PROVOST,US-CHAPMAN-UNIVERSITY,provost,central,Office of the Provost,,,,1861,,
US-DARTMOUTH-COLLEGE-PROVOST,US-DARTMOUTH-COLLEGE,provost,central,Office of the Provost,,,,,,
US-STANFORD-UNIVERSITY-PROVOST,US-STANFORD-UNIVERSITY,provost,central,Office of the Provost,,,,,,
US-UNIVERSITY-OF-ILLINOIS-URBANA-CHAMPAIGN-PROVOST,US-UNIVERSITY-OF-ILLINOIS-URBANA-CHAMPAIGN,provost,central,Office of the Provost and Vice Chancellor for Academic Affairs,,,,,,
US-WAKE-FOREST-UNIVERSITY-PROVOST,US-WAKE-FOREST-UNIVERSITY,provost,central,Office of the Provost,,,,1834,,
US-UNIVERSITY-OF-SOUTH-CAROLINA-D-DARLA-MOORE-SCHOOL-OF-BUSINESS,US-UNIVERSITY-OF-SOUTH-CAROLINA,dean,business,Darla Moore School of Business,,,,,,
US-NORTHEASTERN-UNIVERSITY-D-NORTHEASTERN-UNIVERSITY-SCHOOL-OF-LAW,US-NORTHEASTERN-UNIVERSITY,dean,law,Northeastern University School of Law,,,,,,
US-UNIVERSITY-OF-CONNECTICUT-D-UNIVERSITY-OF-CONNECTICUT-SCHOOL-OF-LAW,US-UNIVERSITY-OF-CONNECTICUT,dean,law,University of Connecticut School of Law (UConn Law),,,,,,
US-PENNSYLVANIA-STATE-UNIVERSITY-D-PENN-STATE-COLLEGE-OF-MEDICINE,US-PENNSYLVANIA-STATE-UNIVERSITY,dean,medicine,Penn State College of Medicine,,,,,,
US-UNIVERSITY-OF-ROCHESTER-D-UNIVERSITY-OF-ROCHESTER-SCHOOL-OF-MEDICINE-AND-D,US-UNIVERSITY-OF-ROCHESTER,dean,medicine,University of Rochester School of Medicine and Dentistry,,,,,,
US-YALE-UNIVERSITY-D-YALE-SCHOOL-OF-MEDICINE,US-YALE-UNIVERSITY,dean,medicine,Yale School of Medicine,,,,,,
US-VANDERBILT-UNIVERSITY-D-SCHOOL-OF-NURSING,US-VANDERBILT-UNIVERSITY,dean,nursing,School of Nursing,,,,,,
US-TEXAS-TECH-UNIVERSITY-D-COLLEGE-OF-EDUCATION,US-TEXAS-TECH-UNIVERSITY,dean,education,College of Education,,,,,,
US-UNIVERSITY-OF-CALIFORNIA-LOS-ANGELES-D-SCHOOL-OF-EDUCATION-AND-INFORMATION-STUDIES,US-UNIVERSITY-OF-CALIFORNIA-LOS-ANGELES,dean,education,School of Education and Information Studies,,,,,,
US-NORTH-DAKOTA-STATE-UNIVERSITY-CENTRAL,US-NORTH-DAKOTA-STATE-UNIVERSITY,president,central,Office of the President,,,,,,
US-UNIVERSITY-OF-CALIFORNIA-LOS-ANGELES-CENTRAL,US-UNIVERSITY-OF-CALIFORNIA-LOS-ANGELES,president,central,Office of the Chancellor,,,,,,
US-UNIVERSITY-OF-DELAWARE-CENTRAL,US-UNIVERSITY-OF-DELAWARE,president,central,Office of the President,,,,,,
US-UNIVERSITY-OF-MISSISSIPPI-CENTRAL,US-UNIVERSITY-OF-MISSISSIPPI,president,central,Office of the Chancellor,,,,,,
US-BOSTON-COLLEGE-PROVOST,US-BOSTON-COLLEGE,provost,central,Office of the Provost and Dean of Faculties,,,,,,
US-PACE-UNIVERSITY-PROVOST,US-PACE-UNIVERSITY,provost,central,Office of the Provost,,,,,,
US-SANTA-CLARA-UNIVERSITY-PROVOST,US-SANTA-CLARA-UNIVERSITY,provost,central,Office of the Provost and Executive Vice President,,,,,,
US-UNIVERSITY-OF-PITTSBURGH-PROVOST,US-UNIVERSITY-OF-PITTSBURGH,provost,central,Office of the Provost,,,,,,
US-UNIVERSITY-OF-PITTSBURGH-D-KATZ-GRADUATE-SCHOOL-OF-BUSINESS,US-UNIVERSITY-OF-PITTSBURGH,dean,business,Katz Graduate School of Business,,,,,,
US-HARVARD-UNIVERSITY-D-HARVARD-LAW-SCHOOL,US-HARVARD-UNIVERSITY,dean,law,Harvard Law School,,,,,,
US-UNIVERSITY-OF-NOTRE-DAME-D-NOTRE-DAME-LAW-SCHOOL,US-UNIVERSITY-OF-NOTRE-DAME,dean,law,Notre Dame Law School,,,,,,
US-UNIVERSITY-OF-OREGON-D-UNIVERSITY-OF-OREGON-SCHOOL-OF-LAW,US-UNIVERSITY-OF-OREGON,dean,law,University of Oregon School of Law,,,,,,
US-UNIVERSITY-OF-WISCONSIN-MADISON-D-UNIVERSITY-OF-WISCONSIN-LAW-SCHOOL,US-UNIVERSITY-OF-WISCONSIN-MADISON,dean,law,University of Wisconsin Law School,,,,,,
US-STONY-BROOK-UNIVERSITY-D-RENAISSANCE-SCHOOL-OF-MEDICINE-AT-STONY-BROOK-UN,US-STONY-BROOK-UNIVERSITY,dean,medicine,Renaissance School of Medicine at Stony Brook University,,,,,,
US-MICHIGAN-STATE-UNIVERSITY-D-COLLEGE-OF-ENGINEERING,US-MICHIGAN-STATE-UNIVERSITY,dean,engineering,College of Engineering,,,,,,
US-OHIO-STATE-UNIVERSITY-D-COLLEGE-OF-ENGINEERING,US-OHIO-STATE-UNIVERSITY,dean,engineering,College of Engineering,,,,,,
US-BOISE-STATE-UNIVERSITY-D-COLLEGE-OF-EDUCATION,US-BOISE-STATE-UNIVERSITY,dean,education,College of Education,,,,1932,,
US-BOISE-STATE-UNIVERSITY-D-COLLEGE-OF-ARTS-AND-SCIENCES,US-BOISE-STATE-UNIVERSITY,dean,arts_sciences,College of Arts and Sciences,,,,1932,,
US-LOUISIANA-STATE-UNIVERSITY-D-SCHOOL-OF-VETERINARY-MEDICINE,US-LOUISIANA-STATE-UNIVERSITY,dean,veterinary,School of Veterinary Medicine,,,,,,
US-UNIVERSITY-OF-CALIFORNIA-DAVIS-CENTRAL,US-UNIVERSITY-OF-CALIFORNIA-DAVIS,president,central,Office of the Chancellor,,,,,,
US-UNIVERSITY-OF-IOWA-CENTRAL,US-UNIVERSITY-OF-IOWA,president,central,Office of the President,,,,,,
US-UNIVERSITY-OF-KENTUCKY-CENTRAL,US-UNIVERSITY-OF-KENTUCKY,president,central,Office of the President,,,,,,
US-GRAND-VALLEY-STATE-UNIVERSITY-CENTRAL,US-GRAND-VALLEY-STATE-UNIVERSITY,president,central,Office of the President,,,,,,
US-COLUMBIA-UNIVERSITY-PROVOST,US-COLUMBIA-UNIVERSITY,provost,central,Office of the Provost,,,,,,
US-MICHIGAN-STATE-UNIVERSITY-PROVOST,US-MICHIGAN-STATE-UNIVERSITY,provost,central,Office of the Provost,,,,,,
US-COLLEGE-OF-WILLIAM-AND-MARY-D-WILLIAM-AND-MARY-LAW-SCHOOL,US-COLLEGE-OF-WILLIAM-AND-MARY,dean,law,William & Mary Law School (Marshall-Wythe School of Law),,,,,,
US-UNIVERSITY-OF-NORTH-DAKOTA-D-UNIVERSITY-OF-NORTH-DAKOTA-SCHOOL-OF-LAW,US-UNIVERSITY-OF-NORTH-DAKOTA,dean,law,University of North Dakota School of Law,,,,,,
US-UNIVERSITY-OF-PENNSYLVANIA-D-RAYMOND-AND-RUTH-PERELMAN-SCHOOL-OF-MEDICINE-AT,US-UNIVERSITY-OF-PENNSYLVANIA,dean,medicine,Raymond and Ruth Perelman School of Medicine at the University of Pennsylvania,,,,,,
US-UNIVERSITY-OF-MASSACHUSETTS-DARTMOUTH-D-COLLEGE-OF-NURSING-AND-HEALTH-SCIENCES,US-UNIVERSITY-OF-MASSACHUSETTS-DARTMOUTH,dean,nursing,College of Nursing and Health Sciences,,,,1895,,
US-UNIVERSITY-OF-SOUTH-CAROLINA-D-COLLEGE-OF-NURSING,US-UNIVERSITY-OF-SOUTH-CAROLINA,dean,nursing,College of Nursing,,,,,,
US-UNIVERSITY-OF-PITTSBURGH-D-KENNETH-P-DIETRICH-SCHOOL-OF-ARTS-AND-SCIENCES,US-UNIVERSITY-OF-PITTSBURGH,dean,arts_sciences,Kenneth P. Dietrich School of Arts and Sciences,,,,,,
US-NEW-YORK-UNIVERSITY-D-TISCH-SCHOOL-OF-THE-ARTS,US-NEW-YORK-UNIVERSITY,dean,creative_arts,Tisch School of the Arts,,,,,,
US-SUNY-COLLEGE-OF-ENVIRONMENTAL-SCIENCE-AND-FORESTRY-D-COLLEGE-OF-ENVIRONMENTAL-SCIENCE-AND-FORESTRY,US-SUNY-COLLEGE-OF-ENVIRONMENTAL-SCIENCE-AND-FORESTRY,dean,agriculture,College of Environmental Science and Forestry,,,,1911,,
US-COLORADO-SCHOOL-OF-MINES-CENTRAL,US-COLORADO-SCHOOL-OF-MINES,president,central,Office of the President,,,,,,
US-DARTMOUTH-COLLEGE-CENTRAL,US-DARTMOUTH-COLLEGE,president,central,Office of the President,,,,,,
US-DUKE-UNIVERSITY-CENTRAL,US-DUKE-UNIVERSITY,president,central,Office of the President,,,,,,
US-NORTHWESTERN-UNIVERSITY-CENTRAL,US-NORTHWESTERN-UNIVERSITY,president,central,Office of the President,,,,,,
US-OREGON-STATE-UNIVERSITY-CENTRAL,US-OREGON-STATE-UNIVERSITY,president,central,Office of the President,,,,,,
US-PENNSYLVANIA-STATE-UNIVERSITY-CENTRAL,US-PENNSYLVANIA-STATE-UNIVERSITY,president,central,Office of the President,,,,,,
US-RICE-UNIVERSITY-CENTRAL,US-RICE-UNIVERSITY,president,central,Office of the President,,,,,,
US-UNIVERSITY-BUFFALO-CENTRAL,US-UNIVERSITY-BUFFALO,president,central,Office of the President,,,,,,
US-UNIVERSITY-OF-PENNSYLVANIA-CENTRAL,US-UNIVERSITY-OF-PENNSYLVANIA,president,central,Office of the President,,,,,,
US-AMERICAN-INTERNATIONAL-COLLEGE-CENTRAL,US-AMERICAN-INTERNATIONAL-COLLEGE,president,central,Office of the President,,,,,,
US-UNIVERSITY-OF-CALIFORNIA-LOS-ANGELES-PROVOST,US-UNIVERSITY-OF-CALIFORNIA-LOS-ANGELES,provost,central,Office of the Executive Vice Chancellor and Provost,,,,,,
US-UNIVERSITY-OF-NOTRE-DAME-PROVOST,US-UNIVERSITY-OF-NOTRE-DAME,provost,central,Office of the Provost,,,,,,
US-OHIO-STATE-UNIVERSITY-D-MICHAEL-E-MORITZ-COLLEGE-OF-LAW,US-OHIO-STATE-UNIVERSITY,dean,law,Michael E. Moritz College of Law,,,,,,
US-PEPPERDINE-UNIVERSITY-D-RICK-J-CARUSO-SCHOOL-OF-LAW,US-PEPPERDINE-UNIVERSITY,dean,law,Rick J. Caruso School of Law,,,,,,
US-SANTA-CLARA-UNIVERSITY-D-SANTA-CLARA-UNIVERSITY-SCHOOL-OF-LAW,US-SANTA-CLARA-UNIVERSITY,dean,law,Santa Clara University School of Law,,,,,,
US-UNIVERSITY-OF-ALABAMA-D-UNIVERSITY-OF-ALABAMA-SCHOOL-OF-LAW,US-UNIVERSITY-OF-ALABAMA,dean,law,University of Alabama School of Law,,,,,,
US-UNIVERSITY-OF-WASHINGTON-D-UNIVERSITY-OF-WASHINGTON-SCHOOL-OF-LAW,US-UNIVERSITY-OF-WASHINGTON,dean,law,University of Washington School of Law,,,,,,
US-YALE-UNIVERSITY-D-YALE-LAW-SCHOOL,US-YALE-UNIVERSITY,dean,law,Yale Law School,,,,,,
US-COLUMBIA-UNIVERSITY-D-COLUMBIA-UNIVERSITY-VAGELOS-COLLEGE-OF-PHYSICIAN,US-COLUMBIA-UNIVERSITY,dean,medicine,Columbia University Vagelos College of Physicians and Surgeons,,,,,,
US-NEW-YORK-UNIVERSITY-D-NYU-GROSSMAN-SCHOOL-OF-MEDICINE,US-NEW-YORK-UNIVERSITY,dean,medicine,NYU Grossman School of Medicine,,,,,,
US-TEXAS-TECH-UNIVERSITY-D-TEXAS-TECH-UNIVERSITY-HEALTH-SCIENCES-CENTER-SCH,US-TEXAS-TECH-UNIVERSITY,dean,medicine,Texas Tech University Health Sciences Center School of Medicine,,,,,,
US-UNIVERSITY-OF-IOWA-D-ROY-J-AND-LUCILLE-A-CARVER-COLLEGE-OF-MEDICINE,US-UNIVERSITY-OF-IOWA,dean,medicine,Roy J. and Lucille A. Carver College of Medicine,,,,,,
US-UNIVERSITY-OF-TEXAS-AUSTIN-D-COCKRELL-SCHOOL-OF-ENGINEERING,US-UNIVERSITY-OF-TEXAS-AUSTIN,dean,engineering,Cockrell School of Engineering,,,,,,
US-FAIRFIELD-UNIVERSITY-D-MARION-PECKHAM-EGAN-SCHOOL-OF-NURSING-AND-HEALTH,US-FAIRFIELD-UNIVERSITY,dean,nursing,Marion Peckham Egan School of Nursing and Health Studies,,,,,,
US-UNIVERSITY-OF-MIAMI-D-SCHOOL-OF-NURSING-AND-HEALTH-STUDIES,US-UNIVERSITY-OF-MIAMI,dean,nursing,School of Nursing and Health Studies,,,,,,
US-UNIVERSITY-OF-TEXAS-AUSTIN-D-COLLEGE-OF-EDUCATION,US-UNIVERSITY-OF-TEXAS-AUSTIN,dean,education,College of Education,,,,,,
US-HARVARD-UNIVERSITY-D-FACULTY-OF-ARTS-AND-SCIENCES,US-HARVARD-UNIVERSITY,dean,arts_sciences,Faculty of Arts and Sciences,,,,,,
US-ARIZONA-STATE-UNIVERSITY-CENTRAL,US-ARIZONA-STATE-UNIVERSITY,president,central,Office of the President,,,,,,
US-BOSTON-UNIVERSITY-CENTRAL,US-BOSTON-UNIVERSITY,president,central,Office of the President,,,,,,
US-COLLEGE-OF-WILLIAM-AND-MARY-CENTRAL,US-COLLEGE-OF-WILLIAM-AND-MARY,president,central,Office of the President,,,,,,
US-HARVARD-UNIVERSITY-CENTRAL,US-HARVARD-UNIVERSITY,president,central,Office of the President,,,,,,
US-INDIANA-UNIVERSITY-BLOOMINGTON-CENTRAL,US-INDIANA-UNIVERSITY-BLOOMINGTON,president,central,Office of the President,,,,,,
US-PURDUE-UNIVERSITY-CENTRAL,US-PURDUE-UNIVERSITY,president,central,Office of the President,,,,,,
US-RUTGERS-UNIVERSITY-CENTRAL,US-RUTGERS-UNIVERSITY,president,central,Office of the President,,,,,,
US-SYRACUSE-UNIVERSITY-CENTRAL,US-SYRACUSE-UNIVERSITY,president,central,Office of the Chancellor,,,,,,
US-UNIVERSITY-OF-ARIZONA-CENTRAL,US-UNIVERSITY-OF-ARIZONA,president,central,Office of the President,,,,,,
US-UNIVERSITY-OF-NORTH-DAKOTA-CENTRAL,US-UNIVERSITY-OF-NORTH-DAKOTA,president,central,Office of the President,,,,,,
US-UNIVERSITY-OF-TEXAS-DALLAS-CENTRAL,US-UNIVERSITY-OF-TEXAS-DALLAS,president,central,Office of the President,,,,,,
US-WASHINGTON-UNIVERSITY-ST-LOUIS-CENTRAL,US-WASHINGTON-UNIVERSITY-ST-LOUIS,president,central,Office of the Chancellor,,,,,,
US-JAMES-MADISON-UNIVERSITY-CENTRAL,US-JAMES-MADISON-UNIVERSITY,president,central,Office of the President,,,,1908,,
US-LIBERTY-UNIVERSITY-CENTRAL,US-LIBERTY-UNIVERSITY,president,central,Office of the President,,,,,,
US-TOURO-UNIVERSITY-CENTRAL,US-TOURO-UNIVERSITY,president,central,Office of the President,,,,1970,,
US-COLLEGE-OF-WILLIAM-AND-MARY-PROVOST,US-COLLEGE-OF-WILLIAM-AND-MARY,provost,central,Office of the Provost,,,,,,
US-DUKE-UNIVERSITY-PROVOST,US-DUKE-UNIVERSITY,provost,central,Office of the Provost,,,,,,
US-JOHNS-HOPKINS-UNIVERSITY-PROVOST,US-JOHNS-HOPKINS-UNIVERSITY,provost,central,Office of the Provost,,,,,,
US-UNIVERSITY-OF-TEXAS-DALLAS-PROVOST,US-UNIVERSITY-OF-TEXAS-DALLAS,provost,central,Office of the Provost,,,,,,
US-BRIGHAM-YOUNG-UNIVERSITY-D-J-REUBEN-CLARK-LAW-SCHOOL,US-BRIGHAM-YOUNG-UNIVERSITY,dean,law,J. Reuben Clark Law School,,,,,,
US-UNIVERSITY-OF-KANSAS-D-UNIVERSITY-OF-KANSAS-SCHOOL-OF-LAW,US-UNIVERSITY-OF-KANSAS,dean,law,University of Kansas School of Law,,,,,,
US-UNIVERSITY-OF-MISSISSIPPI-D-UNIVERSITY-OF-MISSISSIPPI-SCHOOL-OF-LAW,US-UNIVERSITY-OF-MISSISSIPPI,dean,law,University of Mississippi School of Law,,,,,,
US-UNIVERSITY-OF-NEW-MEXICO-D-UNIVERSITY-OF-NEW-MEXICO-SCHOOL-OF-LAW,US-UNIVERSITY-OF-NEW-MEXICO,dean,law,University of New Mexico School of Law,,,,,,
US-UNIVERSITY-OF-SOUTH-FLORIDA-D-USF-HEALTH-MORSANI-COLLEGE-OF-MEDICINE,US-UNIVERSITY-OF-SOUTH-FLORIDA,dean,medicine,USF Health Morsani College of Medicine,,,,,,
US-UNIVERSITY-OF-ALABAMA-HUNTSVILLE-D-COLLEGE-OF-NURSING,US-UNIVERSITY-OF-ALABAMA-HUNTSVILLE,dean,nursing,College of Nursing,,,,1950,,
US-UNIVERSITY-OF-TENNESSEE-KNOXVILLE-D-COLLEGE-OF-NURSING,US-UNIVERSITY-OF-TENNESSEE-KNOXVILLE,dean,nursing,College of Nursing,,,,,,
US-PEPPERDINE-UNIVERSITY-D-GRADUATE-SCHOOL-OF-EDUCATION-AND-PSYCHOLOGY,US-PEPPERDINE-UNIVERSITY,dean,education,Graduate School of Education and Psychology,,,,,,
US-UNIVERSITY-OF-FLORIDA-D-COLLEGE-OF-VETERINARY-MEDICINE,US-UNIVERSITY-OF-FLORIDA,dean,veterinary,College of Veterinary Medicine,,,,,,
US-BOSTON-COLLEGE-CENTRAL,US-BOSTON-COLLEGE,president,central,Office of the President,,,,,,
US-BRANDEIS-UNIVERSITY-CENTRAL,US-BRANDEIS-UNIVERSITY,president,central,Office of the President,,,,,,
US-CARNEGIE-MELLON-UNIVERSITY-CENTRAL,US-CARNEGIE-MELLON-UNIVERSITY,president,central,Office of the President,,,,,,
US-GEORGIA-INSTITUTE-OF-TECHNOLOGY-CENTRAL,US-GEORGIA-INSTITUTE-OF-TECHNOLOGY,president,central,Office of the President,,,,,,
US-JOHNS-HOPKINS-UNIVERSITY-CENTRAL,US-JOHNS-HOPKINS-UNIVERSITY,president,central,Office of the President,,,,,,
US-NORTH-CAROLINA-A-AND-T-STATE-UNIVERSITY-CENTRAL,US-NORTH-CAROLINA-A-AND-T-STATE-UNIVERSITY,president,central,Office of the Chancellor,,,,1891,,
US-OHIO-STATE-UNIVERSITY-CENTRAL,US-OHIO-STATE-UNIVERSITY,president,central,Office of the President,,,,,,
US-PRINCETON-UNIVERSITY-CENTRAL,US-PRINCETON-UNIVERSITY,president,central,Office of the President,,,,,,
US-STEVENS-INSTITUTE-OF-TECHNOLOGY-CENTRAL,US-STEVENS-INSTITUTE-OF-TECHNOLOGY,president,central,Office of the President,,,,1870,,
US-TEXAS-CHRISTIAN-UNIVERSITY-PROVOST,US-TEXAS-CHRISTIAN-UNIVERSITY,provost,central,Office of the Provost,,,,1873,,
US-UNIVERSITY-OF-CALIFORNIA-SAN-DIEGO-PROVOST,US-UNIVERSITY-OF-CALIFORNIA-SAN-DIEGO,provost,central,Office of the Executive Vice Chancellor for Academic Affairs,,,,,,
US-GEORGE-MASON-UNIVERSITY-D-ANTONIN-SCALIA-LAW-SCHOOL,US-GEORGE-MASON-UNIVERSITY,dean,law,Antonin Scalia Law School,,,,,,
US-TEMPLE-UNIVERSITY-D-TEMPLE-UNIVERSITY-BEASLEY-SCHOOL-OF-LAW,US-TEMPLE-UNIVERSITY,dean,law,Temple University Beasley School of Law,,,,,,
US-UNIVERSITY-OF-HAWAII-MANOA-D-UNIVERSITY-OF-HAWAII-AT-MANOA-WILLIAM-S-RICHARDS,US-UNIVERSITY-OF-HAWAII-MANOA,dean,law,University of Hawaii at Manoa William S. Richardson School of Law,,,,,,
US-RUSH-UNIVERSITY-D-COLLEGE-OF-NURSING,US-RUSH-UNIVERSITY,dean,nursing,College of Nursing,,,,1972,,
US-UNIVERSITY-OF-ROCHESTER-D-SCHOOL-OF-NURSING,US-UNIVERSITY-OF-ROCHESTER,dean,nursing,School of Nursing,,,,,,
US-UNIVERSITY-OF-TEXAS-AUSTIN-D-SCHOOL-OF-NURSING,US-UNIVERSITY-OF-TEXAS-AUSTIN,dean,nursing,School of Nursing,,,,,,
US-NORTH-CAROLINA-A-AND-T-STATE-UNIVERSITY-D-WILLIE-A-DEESE-COLLEGE-OF-BUSINESS-AND-ECONOMICS,US-NORTH-CAROLINA-A-AND-T-STATE-UNIVERSITY,dean,business,Willie A. Deese College of Business and Economics,,,,1891,,
US-INDIANA-UNIVERSITY-INDIANAPOLIS-CENTRAL,US-INDIANA-UNIVERSITY-INDIANAPOLIS,president,central,Office of the Chancellor,,,,,,
US-TEMPLE-UNIVERSITY-CENTRAL,US-TEMPLE-UNIVERSITY,president,central,Office of the President,,,,,,
US-UNIVERSITY-OF-KANSAS-CENTRAL,US-UNIVERSITY-OF-KANSAS,president,central,Office of the Chancellor,,,,,,
US-UNIVERSITY-OF-TENNESSEE-KNOXVILLE-CENTRAL,US-UNIVERSITY-OF-TENNESSEE-KNOXVILLE,president,central,Office of the Chancellor,,,,,,
US-UNIVERSITY-OF-UTAH-CENTRAL,US-UNIVERSITY-OF-UTAH,president,central,Office of the President,,,,,,
US-DAEMEN-UNIVERSITY-CENTRAL,US-DAEMEN-UNIVERSITY,president,central,Office of the President,,,,,,
US-ELON-UNIVERSITY-CENTRAL,US-ELON-UNIVERSITY,president,central,Office of the President,,,,,,
US-BAYLOR-UNIVERSITY-PROVOST,US-BAYLOR-UNIVERSITY,provost,central,Office of the Provost,,,,,,
US-FLORIDA-STATE-UNIVERSITY-PROVOST,US-FLORIDA-STATE-UNIVERSITY,provost,central,Office of the Provost,,,,,,
US-WASHINGTON-UNIVERSITY-ST-LOUIS-D-WASHINGTON-UNIVERSITY-SCHOOL-OF-LAW,US-WASHINGTON-UNIVERSITY-ST-LOUIS,dean,law,Washington University School of Law,,,,,,
US-BROWN-UNIVERSITY-D-WARREN-ALPERT-MEDICAL-SCHOOL-OF-BROWN-UNIVERSITY,US-BROWN-UNIVERSITY,dean,medicine,The Warren Alpert Medical School of Brown University,,,,,,
US-SAMFORD-UNIVERSITY-D-MOFFETT-AND-SANDERS-SCHOOL-OF-NURSING,US-SAMFORD-UNIVERSITY,dean,nursing,Moffett & Sanders School of Nursing,,,,,,
US-UNIVERSITY-OF-SOUTH-FLORIDA-D-COLLEGE-OF-NURSING,US-UNIVERSITY-OF-SOUTH-FLORIDA,dean,nursing,College of Nursing,,,,,,
US-UNIVERSITY-OF-TEXAS-SAN-ANTONIO-D-COLLEGE-OF-SCIENCES,US-UNIVERSITY-OF-TEXAS-SAN-ANTONIO,dean,arts_sciences,College of Sciences,,,,,,
US-INDIANA-UNIVERSITY-BLOOMINGTON-D-JACOBS-SCHOOL-OF-MUSIC,US-INDIANA-UNIVERSITY-BLOOMINGTON,dean,creative_arts,Jacobs School of Music,,,,,,
US-UNIVERSITY-OF-FLORIDA-CENTRAL,US-UNIVERSITY-OF-FLORIDA,president,central,Office of the President,,,,,,
US-UNIVERSITY-OF-MINNESOTA-TWIN-CITIES-CENTRAL,US-UNIVERSITY-OF-MINNESOTA-TWIN-CITIES,president,central,Office of the President,,,,,,
US-UNIVERSITY-OF-RHODE-ISLAND-CENTRAL,US-UNIVERSITY-OF-RHODE-ISLAND,president,central,Office of the President,,,,,,
US-UNIVERSITY-OF-TEXAS-ARLINGTON-CENTRAL,US-UNIVERSITY-OF-TEXAS-ARLINGTON,president,central,Office of the President,,,,,,
US-UNIVERSITY-OF-VIRGINIA-CENTRAL,US-UNIVERSITY-OF-VIRGINIA,president,central,Office of the President,,,,,,
US-OAKLAND-CITY-UNIVERSITY-CENTRAL,US-OAKLAND-CITY-UNIVERSITY,president,central,Office of the President,,,,,,
US-NORTHWESTERN-UNIVERSITY-PROVOST,US-NORTHWESTERN-UNIVERSITY,provost,central,Office of the Provost,,,,,,
US-DUKE-UNIVERSITY-D-FUQUA-SCHOOL-OF-BUSINESS,US-DUKE-UNIVERSITY,dean,business,Fuqua School of Business,,,,,,
US-UNIVERSITY-OF-ALABAMA-BIRMINGHAM-D-COLLAT-SCHOOL-OF-BUSINESS,US-UNIVERSITY-OF-ALABAMA-BIRMINGHAM,dean,business,Collat School of Business,,,,,,
US-UNIVERSITY-OF-SOUTH-CAROLINA-D-UNIVERSITY-OF-SOUTH-CAROLINA-SCHOOL-OF-MEDICINE,US-UNIVERSITY-OF-SOUTH-CAROLINA,dean,medicine,University of South Carolina School of Medicine Columbia,,,,,,
US-GEORGIA-INSTITUTE-OF-TECHNOLOGY-D-COLLEGE-OF-ENGINEERING,US-GEORGIA-INSTITUTE-OF-TECHNOLOGY,dean,engineering,College of Engineering,,,,,,
US-BARRY-UNIVERSITY-D-SCHOOL-OF-NURSING,US-BARRY-UNIVERSITY,dean,nursing,School of Nursing,,,,,,
US-OAKLAND-UNIVERSITY-D-SCHOOL-OF-NURSING,US-OAKLAND-UNIVERSITY,dean,nursing,School of Nursing,,,,1957,,
US-UNIVERSITY-OF-SOUTH-ALABAMA-D-COLLEGE-OF-NURSING,US-UNIVERSITY-OF-SOUTH-ALABAMA,dean,nursing,College of Nursing,,,,1963,,
US-BARRY-UNIVERSITY-D-ADRIAN-DOMINICAN-SCHOOL-OF-EDUCATION-LEADERSHIP,US-BARRY-UNIVERSITY,dean,education,"Adrian Dominican School of Education, Leadership, and Human Development",,,,,,
US-UNIVERSITY-OF-PENNSYLVANIA-D-SCHOOL-OF-ARTS-AND-SCIENCES,US-UNIVERSITY-OF-PENNSYLVANIA,dean,arts_sciences,School of Arts and Sciences,,,,,,
US-UNIVERSITY-OF-CALIFORNIA-BERKELEY-D-RAUSSER-COLLEGE-OF-NATURAL-RESOURCES,US-UNIVERSITY-OF-CALIFORNIA-BERKELEY,dean,agriculture,Rausser College of Natural Resources,,,,,,
US-UNIVERSITY-OF-TENNESSEE-KNOXVILLE-D-COLLEGE-OF-VETERINARY-MEDICINE,US-UNIVERSITY-OF-TENNESSEE-KNOXVILLE,dean,veterinary,College of Veterinary Medicine,,,,,,
US-VIRGINIA-TECH-D-VIRGINIA-MARYLAND-COLLEGE-OF-VETERINARY-MEDICINE,US-VIRGINIA-TECH,dean,veterinary,Virginia-Maryland College of Veterinary Medicine,,,,,,
US-BINGHAMTON-UNIVERSITY-CENTRAL,US-BINGHAMTON-UNIVERSITY,president,central,Office of the President,,,,,,
US-KANSAS-STATE-UNIVERSITY-CENTRAL,US-KANSAS-STATE-UNIVERSITY,president,central,Office of the President,,,,,,
US-NEW-YORK-UNIVERSITY-CENTRAL,US-NEW-YORK-UNIVERSITY,president,central,Office of the President,,,,,,
US-NORTHEASTERN-UNIVERSITY-CENTRAL,US-NORTHEASTERN-UNIVERSITY,president,central,Office of the President,,,,,,
US-OHIO-UNIVERSITY-CENTRAL,US-OHIO-UNIVERSITY,president,central,Office of the President,,,,,,
US-UNIVERSITY-OF-MARYLAND-COLLEGE-PARK-CENTRAL,US-UNIVERSITY-OF-MARYLAND-COLLEGE-PARK,president,central,Office of the President,,,,,,
US-UNIVERSITY-OF-NEW-MEXICO-CENTRAL,US-UNIVERSITY-OF-NEW-MEXICO,president,central,Office of the President,,,,,,
US-UNIVERSITY-OF-ROCHESTER-CENTRAL,US-UNIVERSITY-OF-ROCHESTER,president,central,Office of the President,,,,,,
US-VIRGINIA-TECH-CENTRAL,US-VIRGINIA-TECH,president,central,Office of the President,,,,,,
US-NORTHWESTERN-UNIVERSITY-D-KELLOGG-SCHOOL-OF-MANAGEMENT,US-NORTHWESTERN-UNIVERSITY,dean,business,Kellogg School of Management,,,,,,
US-TEXAS-TECH-UNIVERSITY-D-JERRY-S-RAWLS-COLLEGE-OF-BUSINESS,US-TEXAS-TECH-UNIVERSITY,dean,business,Jerry S. Rawls College of Business,,,,,,
US-NEW-YORK-UNIVERSITY-D-NEW-YORK-UNIVERSITY-SCHOOL-OF-LAW,US-NEW-YORK-UNIVERSITY,dean,law,New York University School of Law,,,,,,
US-OHIO-UNIVERSITY-D-OHIO-UNIVERSITY-HERITAGE-COLLEGE-OF-OSTEOPATHIC,US-OHIO-UNIVERSITY,dean,medicine,Ohio University Heritage College of Osteopathic Medicine,,,,,,
US-TUFTS-UNIVERSITY-D-TUFTS-UNIVERSITY-SCHOOL-OF-MEDICINE,US-TUFTS-UNIVERSITY,dean,medicine,Tufts University School of Medicine,,,,,,
US-UNIVERSITY-BUFFALO-D-JACOBS-SCHOOL-OF-MEDICINE-AND-BIOMEDICAL-SCIENCE,US-UNIVERSITY-BUFFALO,dean,medicine,"Jacobs School of Medicine and Biomedical Sciences, University at Buffalo",,,,,,
US-NORTH-DAKOTA-STATE-UNIVERSITY-D-COLLEGE-OF-ENGINEERING,US-NORTH-DAKOTA-STATE-UNIVERSITY,dean,engineering,College of Engineering,,,,,,
US-RICE-UNIVERSITY-D-WIESS-SCHOOL-OF-NATURAL-SCIENCES,US-RICE-UNIVERSITY,dean,arts_sciences,Wiess School of Natural Sciences,,,,,,
US-UNIVERSITY-OF-WISCONSIN-MADISON-D-SCHOOL-OF-PHARMACY,US-UNIVERSITY-OF-WISCONSIN-MADISON,dean,pharmacy,School of Pharmacy,,,,,,
US-OREGON-STATE-UNIVERSITY-D-GARY-R-CARLSON-MD-COLLEGE-OF-VETERINARY-MEDICINE,US-OREGON-STATE-UNIVERSITY,dean,veterinary,"Gary R. Carlson, MD, College of Veterinary Medicine",,,,,,
US-FLORIDA-STATE-UNIVERSITY-CENTRAL,US-FLORIDA-STATE-UNIVERSITY,president,central,Office of the President,,,,,,
US-GEORGETOWN-UNIVERSITY-CENTRAL,US-GEORGETOWN-UNIVERSITY,president,central,Office of the President,,,,,,
US-MISSISSIPPI-STATE-UNIVERSITY-CENTRAL,US-MISSISSIPPI-STATE-UNIVERSITY,president,central,Office of the President,,,,,,
US-NORTH-CAROLINA-STATE-UNIVERSITY-CENTRAL,US-NORTH-CAROLINA-STATE-UNIVERSITY,president,central,Office of the Chancellor,,,,,,
US-RENSSELAER-POLYTECHNIC-INSTITUTE-CENTRAL,US-RENSSELAER-POLYTECHNIC-INSTITUTE,president,central,Office of the President,,,,,,
US-SANTA-CLARA-UNIVERSITY-CENTRAL,US-SANTA-CLARA-UNIVERSITY,president,central,Office of the President,,,,,,
US-TUFTS-UNIVERSITY-CENTRAL,US-TUFTS-UNIVERSITY,president,central,Office of the President,,,,,,
US-UNIVERSITY-OF-NEBRASKA-LINCOLN-CENTRAL,US-UNIVERSITY-OF-NEBRASKA-LINCOLN,president,central,Office of the Chancellor,,,,,,
US-UNIVERSITY-OF-VERMONT-CENTRAL,US-UNIVERSITY-OF-VERMONT,president,central,Office of the President,,,,,,
US-HOFSTRA-UNIVERSITY-CENTRAL,US-HOFSTRA-UNIVERSITY,president,central,Office of the President,,,,,,
US-YESHIVA-UNIVERSITY-CENTRAL,US-YESHIVA-UNIVERSITY,president,central,Office of the President,,,,,,
US-SEATTLE-UNIVERSITY-CENTRAL,US-SEATTLE-UNIVERSITY,president,central,Office of the President,,,,,,
US-EMORY-UNIVERSITY-PROVOST,US-EMORY-UNIVERSITY,provost,central,Office of the Provost,,,,,,
US-UNIVERSITY-OF-OREGON-D-LUNDQUIST-COLLEGE-OF-BUSINESS,US-UNIVERSITY-OF-OREGON,dean,business,Lundquist College of Business,,,,,,
US-PACE-UNIVERSITY-D-ELISABETH-HAUB-SCHOOL-OF-LAW-AT-PACE-UNIVERSITY,US-PACE-UNIVERSITY,dean,law,Elisabeth Haub School of Law at Pace University,,,,,,
US-OREGON-HEALTH-AND-SCIENCE-UNIVERSITY-D-SCHOOL-OF-NURSING,US-OREGON-HEALTH-AND-SCIENCE-UNIVERSITY,dean,nursing,School of Nursing,,,,1974,,
US-UNIVERSITY-OF-TEXAS-ARLINGTON-D-COLLEGE-OF-NURSING-AND-HEALTH-INNOVATION,US-UNIVERSITY-OF-TEXAS-ARLINGTON,dean,nursing,College of Nursing and Health Innovation,,,,,,
US-UNIVERSITY-OF-TEXAS-EL-PASO-D-SCHOOL-OF-NURSING,US-UNIVERSITY-OF-TEXAS-EL-PASO,dean,nursing,School of Nursing,,,,,,
US-UNIVERSITY-OF-FLORIDA-D-COLLEGE-OF-JOURNALISM-AND-COMMUNICATIONS,US-UNIVERSITY-OF-FLORIDA,dean,creative_arts,College of Journalism and Communications,,,,,,
US-VIRGINIA-COMMONWEALTH-UNIVERSITY-D-SCHOOL-OF-THE-ARTS,US-VIRGINIA-COMMONWEALTH-UNIVERSITY,dean,creative_arts,School of the Arts (VCUarts),,,,,,
US-BROWN-UNIVERSITY-CENTRAL,US-BROWN-UNIVERSITY,president,central,Office of the President,,,,,,
US-CUNY-BARUCH-COLLEGE-CENTRAL,US-CUNY-BARUCH-COLLEGE,president,central,Office of the President,,,,,,
US-CHAPMAN-UNIVERSITY-CENTRAL,US-CHAPMAN-UNIVERSITY,president,central,Office of the President,,,,1861,,
US-CORNELL-UNIVERSITY-CENTRAL,US-CORNELL-UNIVERSITY,president,central,Office of the President,,,,,,
US-EMORY-UNIVERSITY-CENTRAL,US-EMORY-UNIVERSITY,president,central,Office of the President,,,,,,
US-KENT-STATE-UNIVERSITY-CENTRAL,US-KENT-STATE-UNIVERSITY,president,central,Office of the President,,,,,,
US-MONTANA-STATE-UNIVERSITY-CENTRAL,US-MONTANA-STATE-UNIVERSITY,president,central,Office of the President,,,,,,
US-OKLAHOMA-STATE-UNIVERSITY-CENTRAL,US-OKLAHOMA-STATE-UNIVERSITY,president,central,Office of the President,,,,,,
US-UNIVERSITY-ALBANY-SUNY-CENTRAL,US-UNIVERSITY-ALBANY-SUNY,president,central,Office of the President,,,,,,
US-UNIVERSITY-OF-ALABAMA-BIRMINGHAM-CENTRAL,US-UNIVERSITY-OF-ALABAMA-BIRMINGHAM,president,central,Office of the President,,,,,,
US-UNIVERSITY-OF-CALIFORNIA-SANTA-BARBARA-CENTRAL,US-UNIVERSITY-OF-CALIFORNIA-SANTA-BARBARA,president,central,Office of the Chancellor,,,,,,
US-UNIVERSITY-OF-CALIFORNIA-SANTA-CRUZ-CENTRAL,US-UNIVERSITY-OF-CALIFORNIA-SANTA-CRUZ,president,central,Office of the Chancellor,,,,,,
US-UNIVERSITY-OF-CINCINNATI-CENTRAL,US-UNIVERSITY-OF-CINCINNATI,president,central,Office of the President,,,,,,
US-UNIVERSITY-OF-HOUSTON-CENTRAL,US-UNIVERSITY-OF-HOUSTON,president,central,Office of the President,,,,,,
US-UNIVERSITY-OF-IDAHO-CENTRAL,US-UNIVERSITY-OF-IDAHO,president,central,Office of the President,,,,,,
US-UNIVERSITY-OF-MARYLAND-BALTIMORE-COUNTY-CENTRAL,US-UNIVERSITY-OF-MARYLAND-BALTIMORE-COUNTY,president,central,Office of the President,,,,,,
US-UNIVERSITY-OF-SOUTH-CAROLINA-CENTRAL,US-UNIVERSITY-OF-SOUTH-CAROLINA,president,central,Office of the President,,,,,,
US-UNIVERSITY-OF-WISCONSIN-MADISON-CENTRAL,US-UNIVERSITY-OF-WISCONSIN-MADISON,president,central,Office of the Chancellor,,,,,,
US-WEST-VIRGINIA-UNIVERSITY-CENTRAL,US-WEST-VIRGINIA-UNIVERSITY,president,central,Office of the President,,,,,,
US-UNIVERSITY-OF-NEBRASKA-OMAHA-CENTRAL,US-UNIVERSITY-OF-NEBRASKA-OMAHA,president,central,Office of the Chancellor,,,,1908,,
US-CAPITOL-TECHNOLOGY-UNIVERSITY-CENTRAL,US-CAPITOL-TECHNOLOGY-UNIVERSITY,president,central,Office of the President,,,,,,
US-CARSON-NEWMAN-UNIVERSITY-CENTRAL,US-CARSON-NEWMAN-UNIVERSITY,president,central,Office of the President,,,,,,
US-KEISER-UNIVERSITY-FT-LAUDERDALE-CENTRAL,US-KEISER-UNIVERSITY-FT-LAUDERDALE,president,central,Office of the President,,,,,,
US-NATIONAL-LOUIS-UNIVERSITY-CENTRAL,US-NATIONAL-LOUIS-UNIVERSITY,president,central,Office of the President,,,,1886,,
US-BOSTON-COLLEGE-D-CARROLL-SCHOOL-OF-MANAGEMENT,US-BOSTON-COLLEGE,dean,business,Carroll School of Management,,,,,,
US-UNIVERSITY-OF-TENNESSEE-KNOXVILLE-D-HASLAM-COLLEGE-OF-BUSINESS,US-UNIVERSITY-OF-TENNESSEE-KNOXVILLE,dean,business,Haslam College of Business,,,,,,
US-TEXAS-A-AND-M-UNIVERSITY-D-TEXAS-A-AND-M-UNIVERSITY-NARESH-K-VASHISHT-COLLE,US-TEXAS-A-AND-M-UNIVERSITY,dean,medicine,Texas A&M University Naresh K. Vashisht College of Medicine,,,,,,
US-UNIVERSITY-OF-MARYLAND-COLLEGE-PARK-D-A-JAMES-CLARK-SCHOOL-OF-ENGINEERING,US-UNIVERSITY-OF-MARYLAND-COLLEGE-PARK,dean,engineering,A. James Clark School of Engineering,,,,,,
US-UNIVERSITY-OF-NORTH-CAROLINA-D-COLLEGE-OF-ARTS-AND-SCIENCES,US-UNIVERSITY-OF-NORTH-CAROLINA,dean,arts_sciences,College of Arts and Sciences,,,,,,
US-FERRIS-STATE-UNIVERSITY-D-COLLEGE-OF-PHARMACY,US-FERRIS-STATE-UNIVERSITY,dean,pharmacy,College of Pharmacy,,,,,,
US-BOISE-STATE-UNIVERSITY-CENTRAL,US-BOISE-STATE-UNIVERSITY,president,central,Office of the President,,,,1932,,
US-CALIFORNIA-INSTITUTE-OF-TECHNOLOGY-CENTRAL,US-CALIFORNIA-INSTITUTE-OF-TECHNOLOGY,president,central,Office of the President,,,,,,
US-COLLEGE-OF-CHARLESTON-CENTRAL,US-COLLEGE-OF-CHARLESTON,president,central,Office of the President,,,,,,
US-GEORGE-MASON-UNIVERSITY-CENTRAL,US-GEORGE-MASON-UNIVERSITY,president,central,Office of the President,,,,,,
US-MISSOURI-UNIVERSITY-OF-SCIENCE-AND-TECHNOLOGY-CENTRAL,US-MISSOURI-UNIVERSITY-OF-SCIENCE-AND-TECHNOLOGY,president,central,Office of the Chancellor,,,,,,
US-NEW-JERSEY-INSTITUTE-OF-TECHNOLOGY-CENTRAL,US-NEW-JERSEY-INSTITUTE-OF-TECHNOLOGY,president,central,Office of the President,,,,,,
US-PEPPERDINE-UNIVERSITY-CENTRAL,US-PEPPERDINE-UNIVERSITY,president,central,Office of the President,,,,,,
US-UNIVERSITY-OF-CENTRAL-FLORIDA-CENTRAL,US-UNIVERSITY-OF-CENTRAL-FLORIDA,president,central,Office of the President,,,,,,
US-UNIVERSITY-OF-CHICAGO-CENTRAL,US-UNIVERSITY-OF-CHICAGO,president,central,Office of the President,,,,,,
US-UNIVERSITY-OF-MISSOURI-CENTRAL,US-UNIVERSITY-OF-MISSOURI,president,central,Office of the Chancellor,,,,,,
US-UNIVERSITY-OF-NEVADA-RENO-CENTRAL,US-UNIVERSITY-OF-NEVADA-RENO,president,central,Office of the President,,,,,,
US-UNIVERSITY-OF-OKLAHOMA-CENTRAL,US-UNIVERSITY-OF-OKLAHOMA,president,central,Office of the President,,,,,,
US-UNIVERSITY-OF-SOUTH-FLORIDA-CENTRAL,US-UNIVERSITY-OF-SOUTH-FLORIDA,president,central,Office of the President,,,,,,
US-UNIVERSITY-OF-TEXAS-SAN-ANTONIO-CENTRAL,US-UNIVERSITY-OF-TEXAS-SAN-ANTONIO,president,central,Office of the President,,,,,,
US-VIRGINIA-COMMONWEALTH-UNIVERSITY-CENTRAL,US-VIRGINIA-COMMONWEALTH-UNIVERSITY,president,central,Office of the President,,,,,,
US-WAYNE-STATE-UNIVERSITY-CENTRAL,US-WAYNE-STATE-UNIVERSITY,president,central,Office of the President,,,,,,
US-YALE-UNIVERSITY-CENTRAL,US-YALE-UNIVERSITY,president,central,Office of the President,,,,,,
US-HAMPTON-UNIVERSITY-CENTRAL,US-HAMPTON-UNIVERSITY,president,central,Office of the President,,,,,,
US-BASTYR-UNIVERSITY-CENTRAL,US-BASTYR-UNIVERSITY,president,central,Office of the President,,,,,,
US-DESALES-UNIVERSITY-CENTRAL,US-DESALES-UNIVERSITY,president,central,Office of the President,,,,,,
US-GRAND-CANYON-UNIVERSITY-CENTRAL,US-GRAND-CANYON-UNIVERSITY,president,central,Office of the President,,,,,,
US-OUR-LADY-OF-THE-LAKE-UNIVERSITY-CENTRAL,US-OUR-LADY-OF-THE-LAKE-UNIVERSITY,president,central,Office of the President,,,,,,
US-UNIVERSITY-OF-MARY-CENTRAL,US-UNIVERSITY-OF-MARY,president,central,Office of the President,,,,,,
US-VALDOSTA-STATE-UNIVERSITY-CENTRAL,US-VALDOSTA-STATE-UNIVERSITY,president,central,Office of the President,,,,,,
US-BROWN-UNIVERSITY-PROVOST,US-BROWN-UNIVERSITY,provost,central,Office of the Provost,,,,,,
US-RUTGERS-UNIVERSITY-PROVOST,US-RUTGERS-UNIVERSITY,provost,central,"Office of the Provost, Rutgers University–New Brunswick",,,,,,
US-OHIO-STATE-UNIVERSITY-PROVOST,US-OHIO-STATE-UNIVERSITY,provost,central,Office of Academic Affairs (Office of the Executive Vice President and Provost),,,,,,
US-NORTH-CAROLINA-STATE-UNIVERSITY-D-COLLEGE-OF-ENGINEERING,US-NORTH-CAROLINA-STATE-UNIVERSITY,dean,engineering,College of Engineering,,,,,,
US-UNIVERSITY-BUFFALO-D-SCHOOL-OF-ENGINEERING-AND-APPLIED-SCIENCES,US-UNIVERSITY-BUFFALO,dean,engineering,School of Engineering and Applied Sciences,,,,,,
US-UNIVERSITY-OF-ALABAMA-BIRMINGHAM-D-SCHOOL-OF-ENGINEERING,US-UNIVERSITY-OF-ALABAMA-BIRMINGHAM,dean,engineering,School of Engineering,,,,,,
US-WASHINGTON-UNIVERSITY-ST-LOUIS-D-ARTS-AND-SCIENCES,US-WASHINGTON-UNIVERSITY-ST-LOUIS,dean,arts_sciences,Arts & Sciences (Faculty of Arts & Sciences),,,,,,
US-SOUTHERN-METHODIST-UNIVERSITY-D-MEADOWS-SCHOOL-OF-THE-ARTS,US-SOUTHERN-METHODIST-UNIVERSITY,dean,creative_arts,Meadows School of the Arts,,,,,,
US-TUFTS-UNIVERSITY-D-CUMMINGS-SCHOOL-OF-VETERINARY-MEDICINE-AT-TUFTS,US-TUFTS-UNIVERSITY,dean,veterinary,Cummings School of Veterinary Medicine at Tufts University,,,,,,
US-UNIVERSITY-OF-CALIFORNIA-LOS-ANGELES-D-ANDERSON-SCHOOL-OF-MANAGEMENT,US-UNIVERSITY-OF-CALIFORNIA-LOS-ANGELES,dean,business,Anderson School of Management,,,,,,
US-CLEMSON-UNIVERSITY-CENTRAL,US-CLEMSON-UNIVERSITY,president,central,Office of the President,,,,,,
US-FLORIDA-INTERNATIONAL-UNIVERSITY-CENTRAL,US-FLORIDA-INTERNATIONAL-UNIVERSITY,president,central,Office of the President,,,,,,
US-MICHIGAN-STATE-UNIVERSITY-CENTRAL,US-MICHIGAN-STATE-UNIVERSITY,president,central,Office of the President,,,,,,
US-TEXAS-CHRISTIAN-UNIVERSITY-CENTRAL,US-TEXAS-CHRISTIAN-UNIVERSITY,president,central,Office of the Chancellor,,,,1873,,
US-UNIVERSITY-OF-ALABAMA-HUNTSVILLE-CENTRAL,US-UNIVERSITY-OF-ALABAMA-HUNTSVILLE,president,central,Office of the President,,,,1950,,
US-UNIVERSITY-OF-CALIFORNIA-RIVERSIDE-CENTRAL,US-UNIVERSITY-OF-CALIFORNIA-RIVERSIDE,president,central,Office of the Chancellor,,,,,,
US-UNIVERSITY-OF-CONNECTICUT-CENTRAL,US-UNIVERSITY-OF-CONNECTICUT,president,central,Office of the President,,,,,,
US-UNIVERSITY-OF-MASSACHUSETTS-AMHERST-CENTRAL,US-UNIVERSITY-OF-MASSACHUSETTS-AMHERST,president,central,Office of the Chancellor,,,,,,
US-UNIVERSITY-OF-NEVADA-LAS-VEGAS-CENTRAL,US-UNIVERSITY-OF-NEVADA-LAS-VEGAS,president,central,Office of the President,,,,,,
US-UNIVERSITY-OF-TEXAS-AUSTIN-CENTRAL,US-UNIVERSITY-OF-TEXAS-AUSTIN,president,central,Office of the President,,,,,,
US-UNIVERSITY-OF-WASHINGTON-CENTRAL,US-UNIVERSITY-OF-WASHINGTON,president,central,Office of the President,,,,,,
US-UTAH-STATE-UNIVERSITY-CENTRAL,US-UTAH-STATE-UNIVERSITY,president,central,Office of the President,,,,,,
US-CALIFORNIA-STATE-UNIVERSITY-LOS-ANGELES-CENTRAL,US-CALIFORNIA-STATE-UNIVERSITY-LOS-ANGELES,president,central,Office of the President,,,,1947,,
US-MERCER-UNIVERSITY-CENTRAL,US-MERCER-UNIVERSITY,president,central,Office of the President,,,,1833,,
US-UNIVERSITY-OF-ARKANSAS-FOR-MEDICAL-SCIENCES-CENTRAL,US-UNIVERSITY-OF-ARKANSAS-FOR-MEDICAL-SCIENCES,president,central,Office of the Chancellor,,,,1879,,
US-CONCORDIA-UNIVERSITY-WISCONSIN-CENTRAL,US-CONCORDIA-UNIVERSITY-WISCONSIN,president,central,Office of the President,,,,,,
US-CONCORDIA-UNIVERSITY-IRVINE-CENTRAL,US-CONCORDIA-UNIVERSITY-IRVINE,president,central,Office of the President,,,,1972,,
US-DYOUVILLE-UNIVERSITY-CENTRAL,US-DYOUVILLE-UNIVERSITY,president,central,Office of the President,,,,,,
US-FAIRFIELD-UNIVERSITY-CENTRAL,US-FAIRFIELD-UNIVERSITY,president,central,Office of the President,,,,,,
US-OKLAHOMA-CITY-UNIVERSITY-CENTRAL,US-OKLAHOMA-CITY-UNIVERSITY,president,central,Office of the President,,,,,,
US-WILMINGTON-UNIVERSITY-CENTRAL,US-WILMINGTON-UNIVERSITY,president,central,Office of the President,,,,,,
US-GEORGETOWN-UNIVERSITY-PROVOST,US-GEORGETOWN-UNIVERSITY,provost,central,Office of the Provost,,,,,,
US-GEORGE-WASHINGTON-UNIVERSITY-D-GEORGE-WASHINGTON-UNIVERSITY-LAW-SCHOOL,US-GEORGE-WASHINGTON-UNIVERSITY,dean,law,George Washington University Law School,,,,,,
US-JOHNS-HOPKINS-UNIVERSITY-D-WHITING-SCHOOL-OF-ENGINEERING,US-JOHNS-HOPKINS-UNIVERSITY,dean,engineering,Whiting School of Engineering,,,,,,
US-AUBURN-UNIVERSITY-D-COLLEGE-OF-NURSING,US-AUBURN-UNIVERSITY,dean,nursing,College of Nursing,,,,,,
US-HARDING-UNIVERSITY-D-CARR-COLLEGE-OF-NURSING,US-HARDING-UNIVERSITY,dean,nursing,Carr College of Nursing,,,,,,
US-UNIVERSITY-OF-NORTH-CAROLINA-WILMINGTON-D-WATSON-COLLEGE-OF-EDUCATION,US-UNIVERSITY-OF-NORTH-CAROLINA-WILMINGTON,dean,education,Watson College of Education,,,,1947,,
US-RICE-UNIVERSITY-D-SCHOOL-OF-SOCIAL-SCIENCES,US-RICE-UNIVERSITY,dean,arts_sciences,School of Social Sciences,,,,,,
US-UNIVERSITY-OF-MICHIGAN-D-SCHOOL-OF-MUSIC-THEATRE-AND-DANCE,US-UNIVERSITY-OF-MICHIGAN,dean,creative_arts,School of Music Theatre and Dance,,,,,,
US-YALE-UNIVERSITY-D-DAVID-GEFFEN-SCHOOL-OF-DRAMA,US-YALE-UNIVERSITY,dean,creative_arts,David Geffen School of Drama,,,,,,
US-NORTH-CAROLINA-STATE-UNIVERSITY-D-COLLEGE-OF-VETERINARY-MEDICINE,US-NORTH-CAROLINA-STATE-UNIVERSITY,dean,veterinary,College of Veterinary Medicine,,,,,,
US-UNIVERSITY-OF-WISCONSIN-MADISON-D-SCHOOL-OF-VETERINARY-MEDICINE,US-UNIVERSITY-OF-WISCONSIN-MADISON,dean,veterinary,School of Veterinary Medicine,,,,,,
US-AMERICAN-UNIVERSITY-CENTRAL,US-AMERICAN-UNIVERSITY,president,central,Office of the President,,,,,,
US-AUBURN-UNIVERSITY-CENTRAL,US-AUBURN-UNIVERSITY,president,central,Office of the President,,,,,,
US-BRIGHAM-YOUNG-UNIVERSITY-CENTRAL,US-BRIGHAM-YOUNG-UNIVERSITY,president,central,Office of the President,,,,,,
US-CASE-WESTERN-RESERVE-UNIVERSITY-CENTRAL,US-CASE-WESTERN-RESERVE-UNIVERSITY,president,central,Office of the President,,,,,,
US-COLORADO-STATE-UNIVERSITY-CENTRAL,US-COLORADO-STATE-UNIVERSITY,president,central,Office of the President,,,,,,
US-COLUMBIA-UNIVERSITY-CENTRAL,US-COLUMBIA-UNIVERSITY,president,central,Office of the President,,,,,,
US-MASSACHUSETTS-INSTITUTE-OF-TECHNOLOGY-CENTRAL,US-MASSACHUSETTS-INSTITUTE-OF-TECHNOLOGY,president,central,Office of the President,,,,,,
US-STANFORD-UNIVERSITY-CENTRAL,US-STANFORD-UNIVERSITY,president,central,Office of the President,,,,,,
US-STONY-BROOK-UNIVERSITY-CENTRAL,US-STONY-BROOK-UNIVERSITY,president,central,Office of the President,,,,,,
US-TEXAS-A-AND-M-UNIVERSITY-CENTRAL,US-TEXAS-A-AND-M-UNIVERSITY,president,central,Office of the President,,,,,,
US-TEXAS-TECH-UNIVERSITY-CENTRAL,US-TEXAS-TECH-UNIVERSITY,president,central,Office of the President,,,,,,
US-UNIVERSITY-OF-ARKANSAS-CENTRAL,US-UNIVERSITY-OF-ARKANSAS,president,central,Office of the Chancellor,,,,,,
US-UNIVERSITY-OF-CALIFORNIA-BERKELEY-CENTRAL,US-UNIVERSITY-OF-CALIFORNIA-BERKELEY,president,central,Office of the Chancellor,,,,,,
US-UNIVERSITY-OF-CALIFORNIA-SAN-DIEGO-CENTRAL,US-UNIVERSITY-OF-CALIFORNIA-SAN-DIEGO,president,central,Office of the Chancellor,,,,,,
US-UNIVERSITY-OF-LOUISVILLE-CENTRAL,US-UNIVERSITY-OF-LOUISVILLE,president,central,Office of the President,,,,,,
US-UNIVERSITY-OF-MAINE-CENTRAL,US-UNIVERSITY-OF-MAINE,president,central,Office of the President,,,,,,
US-UNIVERSITY-OF-MEMPHIS-CENTRAL,US-UNIVERSITY-OF-MEMPHIS,president,central,Office of the President,,,,,,
US-UNIVERSITY-OF-MICHIGAN-CENTRAL,US-UNIVERSITY-OF-MICHIGAN,president,central,Office of the President,,,,,,
US-UNIVERSITY-OF-NEW-HAMPSHIRE-CENTRAL,US-UNIVERSITY-OF-NEW-HAMPSHIRE,president,central,Office of the President,,,,,,
US-UNIVERSITY-OF-NORTH-CAROLINA-CENTRAL,US-UNIVERSITY-OF-NORTH-CAROLINA,president,central,Office of the Chancellor,,,,,,
US-UNIVERSITY-OF-OREGON-CENTRAL,US-UNIVERSITY-OF-OREGON,president,central,Office of the President,,,,,,
US-UNIVERSITY-OF-SOUTHERN-CALIFORNIA-CENTRAL,US-UNIVERSITY-OF-SOUTHERN-CALIFORNIA,president,central,Office of the President,,,,,,
US-UNIVERSITY-OF-TEXAS-EL-PASO-CENTRAL,US-UNIVERSITY-OF-TEXAS-EL-PASO,president,central,Office of the President,,,,,,
US-UNIVERSITY-OF-THE-CUMBERLANDS-CENTRAL,US-UNIVERSITY-OF-THE-CUMBERLANDS,president,central,Office of the President,,,,,,
US-AMERICAN-UNIVERSITY-PROVOST,US-AMERICAN-UNIVERSITY,provost,central,Office of the Provost,,,,,,
US-CALIFORNIA-INSTITUTE-OF-TECHNOLOGY-PROVOST,US-CALIFORNIA-INSTITUTE-OF-TECHNOLOGY,provost,central,Office of the Provost,,,,,,
US-KANSAS-STATE-UNIVERSITY-PROVOST,US-KANSAS-STATE-UNIVERSITY,provost,central,Office of the Provost and Executive Vice President,,,,,,
US-UNIVERSITY-OF-ARIZONA-D-ELLER-COLLEGE-OF-MANAGEMENT,US-UNIVERSITY-OF-ARIZONA,dean,business,Eller College of Management,,,,,,
US-MICHIGAN-STATE-UNIVERSITY-D-COLLEGE-OF-NURSING,US-MICHIGAN-STATE-UNIVERSITY,dean,nursing,College of Nursing,,,,,,
US-MISSOURI-STATE-UNIVERSITY-D-WILLIAM-H-DARR-COLLEGE-OF-AGRICULTURE,US-MISSOURI-STATE-UNIVERSITY,dean,agriculture,William H. Darr College of Agriculture,,,,,,
US-BAYLOR-UNIVERSITY-CENTRAL,US-BAYLOR-UNIVERSITY,president,central,Office of the President,,,,,,
US-LOUISIANA-STATE-UNIVERSITY-CENTRAL,US-LOUISIANA-STATE-UNIVERSITY,president,central,Office of the Chancellor,,,,,,
US-SOUTHERN-METHODIST-UNIVERSITY-CENTRAL,US-SOUTHERN-METHODIST-UNIVERSITY,president,central,Office of the President,,,,,,
US-TULANE-UNIVERSITY-CENTRAL,US-TULANE-UNIVERSITY,president,central,Office of the President,,,,,,
US-UNIVERSITY-OF-ALABAMA-CENTRAL,US-UNIVERSITY-OF-ALABAMA,president,central,Office of the President,,,,,,
US-UNIVERSITY-OF-COLORADO-BOULDER-CENTRAL,US-UNIVERSITY-OF-COLORADO-BOULDER,president,central,Office of the Chancellor,,,,,,
US-UNIVERSITY-OF-COLORADO-DENVER-CENTRAL,US-UNIVERSITY-OF-COLORADO-DENVER,president,central,Office of the Chancellor,,,,,,
US-CLAREMONT-GRADUATE-UNIVERSITY-CENTRAL,US-CLAREMONT-GRADUATE-UNIVERSITY,president,central,Office of the President,,,,1925,,
US-CREIGHTON-UNIVERSITY-CENTRAL,US-CREIGHTON-UNIVERSITY,president,central,Office of the President,,,,1878,,
US-KENNESAW-STATE-UNIVERSITY-CENTRAL,US-KENNESAW-STATE-UNIVERSITY,president,central,Office of the President,,,,1963,,
US-RUTGERS-UNIVERSITY-CAMDEN-CENTRAL,US-RUTGERS-UNIVERSITY-CAMDEN,president,central,Office of the Chancellor,,,,1926,,
US-UNIVERSITY-OF-TEXAS-TYLER-CENTRAL,US-UNIVERSITY-OF-TEXAS-TYLER,president,central,Office of the President,,,,1971,,
US-BARRY-UNIVERSITY-CENTRAL,US-BARRY-UNIVERSITY,president,central,Office of the President,,,,,,
US-COLLEGE-OF-SAINT-SCHOLASTICA-CENTRAL,US-COLLEGE-OF-SAINT-SCHOLASTICA,president,central,Office of the President,,,,,,
US-UNIVERSITY-OF-TENNESSEE-CHATTANOOGA-CENTRAL,US-UNIVERSITY-OF-TENNESSEE-CHATTANOOGA,president,central,Office of the Chancellor,,,,1886,,
US-GEORGIA-INSTITUTE-OF-TECHNOLOGY-PROVOST,US-GEORGIA-INSTITUTE-OF-TECHNOLOGY,provost,central,Office of the Provost,,,,,,
US-UNIVERSITY-OF-SOUTHERN-CALIFORNIA-PROVOST,US-UNIVERSITY-OF-SOUTHERN-CALIFORNIA,provost,central,Office of the Provost,,,,,,
US-UNIVERSITY-OF-KENTUCKY-D-GATTON-COLLEGE-OF-BUSINESS-AND-ECONOMICS,US-UNIVERSITY-OF-KENTUCKY,dean,business,Gatton College of Business and Economics,,,,,,
US-OHIO-STATE-UNIVERSITY-D-OHIO-STATE-UNIVERSITY-COLLEGE-OF-MEDICINE,US-OHIO-STATE-UNIVERSITY,dean,medicine,The Ohio State University College of Medicine,,,,,,
US-UNIVERSITY-OF-NEVADA-RENO-D-UNIVERSITY-OF-NEVADA-RENO-SCHOOL-OF-MEDICINE,US-UNIVERSITY-OF-NEVADA-RENO,dean,medicine,"University of Nevada, Reno School of Medicine",,,,,,
US-MASSACHUSETTS-INSTITUTE-OF-TECHNOLOGY-D-SCHOOL-OF-ENGINEERING,US-MASSACHUSETTS-INSTITUTE-OF-TECHNOLOGY,dean,engineering,School of Engineering,,,,,,
US-UNIVERSITY-OF-HAWAII-MANOA-D-COLLEGE-OF-ENGINEERING,US-UNIVERSITY-OF-HAWAII-MANOA,dean,engineering,College of Engineering,,,,,,
US-UNIVERSITY-OF-WASHINGTON-D-COLLEGE-OF-ENGINEERING,US-UNIVERSITY-OF-WASHINGTON,dean,engineering,College of Engineering,,,,,,
US-UNIVERSITY-OF-WISCONSIN-MADISON-D-COLLEGE-OF-ENGINEERING,US-UNIVERSITY-OF-WISCONSIN-MADISON,dean,engineering,College of Engineering,,,,,,
US-UNIVERSITY-OF-ALABAMA-BIRMINGHAM-D-SCHOOL-OF-PUBLIC-HEALTH,US-UNIVERSITY-OF-ALABAMA-BIRMINGHAM,dean,public_health,School of Public Health,,,,,,
US-OREGON-STATE-UNIVERSITY-D-COLLEGE-OF-EDUCATION,US-OREGON-STATE-UNIVERSITY,dean,education,College of Education,,,,,,
US-MASSACHUSETTS-INSTITUTE-OF-TECHNOLOGY-D-SCHOOL-OF-ARCHITECTURE-AND-PLANNING,US-MASSACHUSETTS-INSTITUTE-OF-TECHNOLOGY,dean,arts_sciences,School of Architecture and Planning,,,,,,
US-UNIVERSITY-OF-ILLINOIS-CHICAGO-D-RETZKY-COLLEGE-OF-PHARMACY,US-UNIVERSITY-OF-ILLINOIS-CHICAGO,dean,pharmacy,Retzky College of Pharmacy,,,,,,
US-UNIVERSITY-OF-RHODE-ISLAND-D-COLLEGE-OF-PHARMACY,US-UNIVERSITY-OF-RHODE-ISLAND,dean,pharmacy,College of Pharmacy,,,,,,
US-RUTGERS-UNIVERSITY-NEWARK-CENTRAL,US-RUTGERS-UNIVERSITY-NEWARK,president,central,Office of the Chancellor,,,,1908,,
US-NEW-SCHOOL-CENTRAL,US-NEW-SCHOOL,president,central,Office of the President,,,,1919,,
US-BELMONT-UNIVERSITY-CENTRAL,US-BELMONT-UNIVERSITY,president,central,Office of the President,,,,,,
US-BETHEL-UNIVERSITY-CENTRAL,US-BETHEL-UNIVERSITY,president,central,Office of the President,,,,,,
US-BIOLA-UNIVERSITY-CENTRAL,US-BIOLA-UNIVERSITY,president,central,Office of the President,,,,,,
US-SHENANDOAH-UNIVERSITY-CENTRAL,US-SHENANDOAH-UNIVERSITY,president,central,Office of the President,,,,1875,,
US-FLORIDA-INTERNATIONAL-UNIVERSITY-PROVOST,US-FLORIDA-INTERNATIONAL-UNIVERSITY,provost,central,Office of the Provost,,,,,,
US-TEMPLE-UNIVERSITY-PROVOST,US-TEMPLE-UNIVERSITY,provost,central,Office of the Provost,,,,,,
US-UNIVERSITY-OF-ARKANSAS-PROVOST,US-UNIVERSITY-OF-ARKANSAS,provost,central,Office of the Provost,,,,,,
US-UNIVERSITY-OF-KENTUCKY-PROVOST,US-UNIVERSITY-OF-KENTUCKY,provost,central,Office of the Provost,,,,,,
US-UNIVERSITY-OF-GEORGIA-D-TERRY-COLLEGE-OF-BUSINESS,US-UNIVERSITY-OF-GEORGIA,dean,business,Terry College of Business,,,,,,
US-VIRGINIA-TECH-D-PAMPLIN-COLLEGE-OF-BUSINESS,US-VIRGINIA-TECH,dean,business,Pamplin College of Business,,,,,,
US-UNIVERSITY-OF-KENTUCKY-D-UNIVERSITY-OF-KENTUCKY-J-DAVID-ROSENBERG-COLLEGE,US-UNIVERSITY-OF-KENTUCKY,dean,law,University of Kentucky J. David Rosenberg College of Law,,,,,,
US-UNIVERSITY-OF-CALIFORNIA-SAN-DIEGO-D-JACOBS-SCHOOL-OF-ENGINEERING,US-UNIVERSITY-OF-CALIFORNIA-SAN-DIEGO,dean,engineering,Jacobs School of Engineering,,,,,,
US-UNIVERSITY-OF-HOUSTON-D-CULLEN-COLLEGE-OF-ENGINEERING,US-UNIVERSITY-OF-HOUSTON,dean,engineering,Cullen College of Engineering,,,,,,
US-FLORIDA-INTERNATIONAL-UNIVERSITY-D-NICOLE-WERTHEIM-COLLEGE-OF-NURSING-AND-HEALTH-SC,US-FLORIDA-INTERNATIONAL-UNIVERSITY,dean,nursing,Nicole Wertheim College of Nursing & Health Sciences,,,,,,
US-ILLINOIS-STATE-UNIVERSITY-D-MENNONITE-COLLEGE-OF-NURSING,US-ILLINOIS-STATE-UNIVERSITY,dean,nursing,Mennonite College of Nursing,,,,1857,,
US-STONY-BROOK-UNIVERSITY-D-SCHOOL-OF-NURSING,US-STONY-BROOK-UNIVERSITY,dean,nursing,School of Nursing,,,,,,
US-UNIVERSITY-OF-CINCINNATI-D-COLLEGE-OF-DESIGN-ARCHITECTURE-ART-AND-PLANNING,US-UNIVERSITY-OF-CINCINNATI,dean,creative_arts,College of Design Architecture Art and Planning (DAAP),,,,,,
US-UNIVERSITY-OF-MIAMI-D-FROST-SCHOOL-OF-MUSIC,US-UNIVERSITY-OF-MIAMI,dean,creative_arts,Frost School of Music,,,,,,
US-UNIVERSITY-OF-CALIFORNIA-SAN-DIEGO-D-DIVISION-OF-GRADUATE-EDUCATION-AND-POSTDOCTORAL,US-UNIVERSITY-OF-CALIFORNIA-SAN-DIEGO,dean,graduate,Division of Graduate Education and Postdoctoral Affairs,,,,,,
US-UNIVERSITY-OF-ILLINOIS-CHICAGO-CENTRAL,US-UNIVERSITY-OF-ILLINOIS-CHICAGO,president,central,Office of the Chancellor,,,,,,
US-WAKE-FOREST-UNIVERSITY-CENTRAL,US-WAKE-FOREST-UNIVERSITY,president,central,Office of the President,,,,1834,,
US-GEORGE-FOX-UNIVERSITY-CENTRAL,US-GEORGE-FOX-UNIVERSITY,president,central,Office of the President,,,,,,
US-NORTHERN-KENTUCKY-UNIVERSITY-CENTRAL,US-NORTHERN-KENTUCKY-UNIVERSITY,president,central,Office of the President,,,,,,
US-SAMFORD-UNIVERSITY-CENTRAL,US-SAMFORD-UNIVERSITY,president,central,Office of the President,,,,,,
US-STOCKTON-UNIVERSITY-CENTRAL,US-STOCKTON-UNIVERSITY,president,central,Office of the President,,,,1969,,
US-UNIVERSITY-OF-FINDLAY-CENTRAL,US-UNIVERSITY-OF-FINDLAY,president,central,Office of the President,,,,1882,,
US-TEXAS-A-AND-M-UNIVERSITY-PROVOST,US-TEXAS-A-AND-M-UNIVERSITY,provost,central,Office of the Provost,,,,,,
US-UNIVERSITY-OF-CALIFORNIA-BERKELEY-D-HAAS-SCHOOL-OF-BUSINESS,US-UNIVERSITY-OF-CALIFORNIA-BERKELEY,dean,business,Haas School of Business,,,,,,
US-UNIVERSITY-OF-ROCHESTER-D-SIMON-BUSINESS-SCHOOL,US-UNIVERSITY-OF-ROCHESTER,dean,business,Simon Business School,,,,,,
US-UNIVERSITY-OF-IDAHO-D-UNIVERSITY-OF-IDAHO-COLLEGE-OF-LAW,US-UNIVERSITY-OF-IDAHO,dean,law,University of Idaho College of Law,,,,,,
US-DUKE-UNIVERSITY-D-PRATT-SCHOOL-OF-ENGINEERING,US-DUKE-UNIVERSITY,dean,engineering,Pratt School of Engineering,,,,,,
US-MONTANA-STATE-UNIVERSITY-D-NORM-ASBJORNSON-COLLEGE-OF-ENGINEERING,US-MONTANA-STATE-UNIVERSITY,dean,engineering,Norm Asbjornson College of Engineering,,,,,,
US-UNIVERSITY-OF-ALABAMA-D-COLLEGE-OF-ENGINEERING,US-UNIVERSITY-OF-ALABAMA,dean,engineering,College of Engineering,,,,,,
US-UNIVERSITY-OF-ARKANSAS-D-COLLEGE-OF-ENGINEERING,US-UNIVERSITY-OF-ARKANSAS,dean,engineering,College of Engineering,,,,,,
US-UNIVERSITY-OF-CALIFORNIA-DAVIS-D-COLLEGE-OF-ENGINEERING,US-UNIVERSITY-OF-CALIFORNIA-DAVIS,dean,engineering,College of Engineering,,,,,,
US-UNIVERSITY-OF-CALIFORNIA-SANTA-BARBARA-D-COLLEGE-OF-ENGINEERING,US-UNIVERSITY-OF-CALIFORNIA-SANTA-BARBARA,dean,engineering,College of Engineering,,,,,,
US-JOHNS-HOPKINS-UNIVERSITY-D-SCHOOL-OF-NURSING,US-JOHNS-HOPKINS-UNIVERSITY,dean,nursing,School of Nursing,,,,,,
US-OHIO-STATE-UNIVERSITY-D-COLLEGE-OF-NURSING,US-OHIO-STATE-UNIVERSITY,dean,nursing,College of Nursing,,,,,,
US-UNIVERSITY-OF-ILLINOIS-URBANA-CHAMPAIGN-CENTRAL,US-UNIVERSITY-OF-ILLINOIS-URBANA-CHAMPAIGN,president,central,Office of the Chancellor,,,,,,
US-ALBERT-EINSTEIN-COLLEGE-OF-MEDICINE-CENTRAL,US-ALBERT-EINSTEIN-COLLEGE-OF-MEDICINE,president,central,Office of the Dean,,,,1955,,
US-BALL-STATE-UNIVERSITY-CENTRAL,US-BALL-STATE-UNIVERSITY,president,central,Office of the President,,,,1918,,
US-CALIFORNIA-STATE-UNIVERSITY-SACRAMENTO-CENTRAL,US-CALIFORNIA-STATE-UNIVERSITY-SACRAMENTO,president,central,Office of the President,,,,1947,,
US-CLARK-UNIVERSITY-CENTRAL,US-CLARK-UNIVERSITY,president,central,Office of the President,,,,1887,,
US-FORDHAM-UNIVERSITY-CENTRAL,US-FORDHAM-UNIVERSITY,president,central,Office of the President,,,,1841,,
US-MORGAN-STATE-UNIVERSITY-CENTRAL,US-MORGAN-STATE-UNIVERSITY,president,central,Office of the President,,,,1867,,
US-ROWAN-UNIVERSITY-CENTRAL,US-ROWAN-UNIVERSITY,president,central,Office of the President,,,,1923,,
US-RUSH-UNIVERSITY-CENTRAL,US-RUSH-UNIVERSITY,president,central,Office of the President,,,,1972,,
US-SOUTHERN-CONNECTICUT-STATE-UNIVERSITY-CENTRAL,US-SOUTHERN-CONNECTICUT-STATE-UNIVERSITY,president,central,Office of the President,,,,1893,,
US-SUNY-COLLEGE-OF-ENVIRONMENTAL-SCIENCE-AND-FORESTRY-CENTRAL,US-SUNY-COLLEGE-OF-ENVIRONMENTAL-SCIENCE-AND-FORESTRY,president,central,Office of the President,,,,1911,,
US-CLARKE-UNIVERSITY-CENTRAL,US-CLARKE-UNIVERSITY,president,central,Office of the President,,,,1843,,
US-EASTERN-KENTUCKY-UNIVERSITY-CENTRAL,US-EASTERN-KENTUCKY-UNIVERSITY,president,central,Office of the President,,,,,,
US-PONTIFICAL-CATHOLIC-UNIVERSITY-OF-PUERTO-RICO-PONCE-CENTRAL,US-PONTIFICAL-CATHOLIC-UNIVERSITY-OF-PUERTO-RICO-PONCE,president,central,Office of the President,,,,,,
US-SAINT-MARYS-UNIVERSITY-OF-MINNESOTA-CENTRAL,US-SAINT-MARYS-UNIVERSITY-OF-MINNESOTA,president,central,Office of the President,,,,,,
US-ST-CATHERINE-UNIVERSITY-CENTRAL,US-ST-CATHERINE-UNIVERSITY,president,central,Office of the President,,,,,,
US-WILKES-UNIVERSITY-CENTRAL,US-WILKES-UNIVERSITY,president,central,Office of the President,,,,,,
US-GEORGE-WASHINGTON-UNIVERSITY-PROVOST,US-GEORGE-WASHINGTON-UNIVERSITY,provost,central,Office of the Provost,,,,,,
US-PENNSYLVANIA-STATE-UNIVERSITY-PROVOST,US-PENNSYLVANIA-STATE-UNIVERSITY,provost,central,Office of the Executive Vice President and Provost,,,,,,
US-UNIVERSITY-OF-CALIFORNIA-DAVIS-PROVOST,US-UNIVERSITY-OF-CALIFORNIA-DAVIS,provost,central,Office of the Provost and Executive Vice Chancellor,,,,,,
US-UNIVERSITY-OF-CALIFORNIA-SANTA-BARBARA-PROVOST,US-UNIVERSITY-OF-CALIFORNIA-SANTA-BARBARA,provost,central,Office of the Executive Vice Chancellor and Provost,,,,,,
US-UNIVERSITY-OF-IDAHO-PROVOST,US-UNIVERSITY-OF-IDAHO,provost,central,Office of the Provost and Executive Vice President,,,,,,
US-UNIVERSITY-OF-TENNESSEE-KNOXVILLE-PROVOST,US-UNIVERSITY-OF-TENNESSEE-KNOXVILLE,provost,central,Office of the Provost,,,,,,
US-COLLEGE-OF-CHARLESTON-D-SCHOOL-OF-BUSINESS,US-COLLEGE-OF-CHARLESTON,dean,business,School of Business,,,,,,
US-KANSAS-STATE-UNIVERSITY-D-COLLEGE-OF-BUSINESS-ADMINISTRATION,US-KANSAS-STATE-UNIVERSITY,dean,business,College of Business Administration,,,,,,
US-DARTMOUTH-COLLEGE-D-THAYER-SCHOOL-OF-ENGINEERING,US-DARTMOUTH-COLLEGE,dean,engineering,Thayer School of Engineering,,,,,,
US-FLORIDA-INTERNATIONAL-UNIVERSITY-D-COLLEGE-OF-ENGINEERING-AND-COMPUTING,US-FLORIDA-INTERNATIONAL-UNIVERSITY,dean,engineering,College of Engineering and Computing,,,,,,
US-GEORGE-MASON-UNIVERSITY-D-VOLGENAU-SCHOOL-OF-ENGINEERING,US-GEORGE-MASON-UNIVERSITY,dean,engineering,Volgenau School of Engineering,,,,,,
US-STANFORD-UNIVERSITY-D-SCHOOL-OF-ENGINEERING,US-STANFORD-UNIVERSITY,dean,engineering,School of Engineering,,,,,,
US-TEXAS-A-AND-M-UNIVERSITY-D-COLLEGE-OF-ENGINEERING,US-TEXAS-A-AND-M-UNIVERSITY,dean,engineering,College of Engineering,,,,,,
US-UNIVERSITY-OF-NOTRE-DAME-D-COLLEGE-OF-ENGINEERING,US-UNIVERSITY-OF-NOTRE-DAME,dean,engineering,College of Engineering,,,,,,
US-UNIVERSITY-OF-SOUTHERN-CALIFORNIA-D-VITERBI-SCHOOL-OF-ENGINEERING,US-UNIVERSITY-OF-SOUTHERN-CALIFORNIA,dean,engineering,Viterbi School of Engineering,,,,,,
US-UNIVERSITY-OF-VIRGINIA-D-SCHOOL-OF-ENGINEERING-AND-APPLIED-SCIENCE,US-UNIVERSITY-OF-VIRGINIA,dean,engineering,School of Engineering and Applied Science,,,,,,
US-UNIVERSITY-OF-MEMPHIS-D-LOEWENBERG-COLLEGE-OF-NURSING,US-UNIVERSITY-OF-MEMPHIS,dean,nursing,Loewenberg College of Nursing,,,,,,
US-FLORIDA-AGRICULTURAL-AND-MECHANICAL-UNIVERSITY-CENTRAL,US-FLORIDA-AGRICULTURAL-AND-MECHANICAL-UNIVERSITY,president,central,Office of the President,,,,1887,,
US-ICAHN-SCHOOL-OF-MEDICINE-MOUNT-SINAI-CENTRAL,US-ICAHN-SCHOOL-OF-MEDICINE-MOUNT-SINAI,president,central,Icahn School of Medicine at Mount Sinai,,,,1963,,
US-IDAHO-STATE-UNIVERSITY-CENTRAL,US-IDAHO-STATE-UNIVERSITY,president,central,Office of the President,,,,1901,,
US-LONG-ISLAND-UNIVERSITY-CENTRAL,US-LONG-ISLAND-UNIVERSITY,president,central,Office of the President,,,,1926,,
US-SOUTH-DAKOTA-STATE-UNIVERSITY-CENTRAL,US-SOUTH-DAKOTA-STATE-UNIVERSITY,president,central,Office of the President,,,,1881,,
US-WESTERN-MICHIGAN-UNIVERSITY-CENTRAL,US-WESTERN-MICHIGAN-UNIVERSITY,president,central,Office of the President,,,,1903,,
US-ADELPHI-UNIVERSITY-CENTRAL,US-ADELPHI-UNIVERSITY,president,central,Office of the President,,,,1896,,
US-ALBIZU-UNIVERSITY-MIAMI-CENTRAL,US-ALBIZU-UNIVERSITY-MIAMI,president,central,Office of the President,,,,1980,,
US-BRENAU-UNIVERSITY-CENTRAL,US-BRENAU-UNIVERSITY,president,central,Office of the President,,,,,,
US-DRAKE-UNIVERSITY-CENTRAL,US-DRAKE-UNIVERSITY,president,central,Office of the President,,,,,,
US-LESLEY-UNIVERSITY-CENTRAL,US-LESLEY-UNIVERSITY,president,central,Office of the President,,,,,,
US-MARY-BALDWIN-UNIVERSITY-CENTRAL,US-MARY-BALDWIN-UNIVERSITY,president,central,Office of the President,,,,,,
US-MASTERS-UNIVERSITY-AND-SEMINARY-CENTRAL,US-MASTERS-UNIVERSITY-AND-SEMINARY,president,central,Office of the President,,,,1927,,
US-UNIVERSITY-OF-LA-VERNE-CENTRAL,US-UNIVERSITY-OF-LA-VERNE,president,central,Office of the President,,,,,,
US-UNIVERSITY-OF-PIKEVILLE-CENTRAL,US-UNIVERSITY-OF-PIKEVILLE,president,central,Office of the President,,,,,,
US-NORTH-DAKOTA-STATE-UNIVERSITY-PROVOST,US-NORTH-DAKOTA-STATE-UNIVERSITY,provost,central,Office of the Provost,,,,,,
US-OREGON-STATE-UNIVERSITY-PROVOST,US-OREGON-STATE-UNIVERSITY,provost,central,Office of the Provost,,,,,,
US-TEXAS-TECH-UNIVERSITY-PROVOST,US-TEXAS-TECH-UNIVERSITY,provost,central,Office of the Provost,,,,,,
US-UNIVERSITY-OF-TEXAS-AUSTIN-PROVOST,US-UNIVERSITY-OF-TEXAS-AUSTIN,provost,central,Office of the Executive Vice President and Provost,,,,,,
US-VANDERBILT-UNIVERSITY-PROVOST,US-VANDERBILT-UNIVERSITY,provost,central,Office of the Provost,,,,,,
US-WEST-VIRGINIA-UNIVERSITY-PROVOST,US-WEST-VIRGINIA-UNIVERSITY,provost,central,Office of the Provost,,,,,,
US-LOUISIANA-STATE-UNIVERSITY-D-E-J-OURSO-COLLEGE-OF-BUSINESS,US-LOUISIANA-STATE-UNIVERSITY,dean,business,E.J. Ourso College of Business,,,,,,
US-UNIVERSITY-OF-DELAWARE-D-ALFRED-LERNER-COLLEGE-OF-BUSINESS-AND-ECONOMICS,US-UNIVERSITY-OF-DELAWARE,dean,business,Alfred Lerner College of Business and Economics,,,,,,
US-CORNELL-UNIVERSITY-D-COLLEGE-OF-ENGINEERING,US-CORNELL-UNIVERSITY,dean,engineering,College of Engineering,,,,,,
US-TEXAS-TECH-UNIVERSITY-D-WHITACRE-COLLEGE-OF-ENGINEERING,US-TEXAS-TECH-UNIVERSITY,dean,engineering,Whitacre College of Engineering,,,,,,
US-UNIVERSITY-OF-CALIFORNIA-IRVINE-D-HENRY-SAMUELI-SCHOOL-OF-ENGINEERING,US-UNIVERSITY-OF-CALIFORNIA-IRVINE,dean,engineering,Henry Samueli School of Engineering,,,,,,
US-UNIVERSITY-OF-CALIFORNIA-LOS-ANGELES-D-JONATHAN-AND-KARIN-FIELDING-SCHOOL-OF-PUBLIC-HEA,US-UNIVERSITY-OF-CALIFORNIA-LOS-ANGELES,dean,public_health,Jonathan and Karin Fielding School of Public Health,,,,,,
US-UNIVERSITY-OF-CALIFORNIA-SAN-DIEGO-D-SCHOOL-OF-ARTS-AND-HUMANITIES,US-UNIVERSITY-OF-CALIFORNIA-SAN-DIEGO,dean,arts_sciences,School of Arts and Humanities,,,,,,
US-UNIVERSITY-OF-MIAMI-D-SCHOOL-OF-COMMUNICATION,US-UNIVERSITY-OF-MIAMI,dean,creative_arts,School of Communication,,,,,,
US-AUBURN-UNIVERSITY-D-COLLEGE-OF-FORESTRY-WILDLIFE-AND-ENVIRONMENT,US-AUBURN-UNIVERSITY,dean,agriculture,"College of Forestry, Wildlife and Environment",,,,,,
US-SOUTHERN-UNIVERSITY-AND-A-AND-M-COLLEGE-D-COLLEGE-OF-AGRICULTURAL-HUMAN-AND-ENVIRONMENTAL,US-SOUTHERN-UNIVERSITY-AND-A-AND-M-COLLEGE,dean,agriculture,"College of Agricultural, Human, and Environmental Sciences",,,,1880,,
US-UNIVERSITY-OF-CALIFORNIA-BERKELEY-D-GRADUATE-DIVISION,US-UNIVERSITY-OF-CALIFORNIA-BERKELEY,dean,graduate,Graduate Division,,,,,,
US-UNIVERSITY-OF-NEVADA-LAS-VEGAS-D-GRADUATE-COLLEGE,US-UNIVERSITY-OF-NEVADA-LAS-VEGAS,dean,graduate,Graduate College,,,,,,
US-NORTHERN-ILLINOIS-UNIVERSITY-CENTRAL,US-NORTHERN-ILLINOIS-UNIVERSITY,president,central,Office of the President,,,,1895,,
US-SAINT-JOSEPHS-UNIVERSITY-CENTRAL,US-SAINT-JOSEPHS-UNIVERSITY,president,central,Office of the President,,,,1851,,
US-GARDNER-WEBB-UNIVERSITY-CENTRAL,US-GARDNER-WEBB-UNIVERSITY,president,central,Office of the President,,,,,,
US-LIPSCOMB-UNIVERSITY-CENTRAL,US-LIPSCOMB-UNIVERSITY,president,central,Office of the President,,,,,,
US-TEXAS-WOMANS-UNIVERSITY-CENTRAL,US-TEXAS-WOMANS-UNIVERSITY,president,central,Office of the Chancellor,,,,,,
US-UNIVERSITY-OF-THE-INCARNATE-WORD-CENTRAL,US-UNIVERSITY-OF-THE-INCARNATE-WORD,president,central,Office of the President,,,,,,
US-UNIVERSITY-OF-WESTERN-STATES-CENTRAL,US-UNIVERSITY-OF-WESTERN-STATES,president,central,Office of the President,,,,,,
US-PEPPERDINE-UNIVERSITY-PROVOST,US-PEPPERDINE-UNIVERSITY,provost,central,Office of the Provost,,,,,,
US-SOUTHERN-METHODIST-UNIVERSITY-PROVOST,US-SOUTHERN-METHODIST-UNIVERSITY,provost,central,Office of the Executive Vice President and Provost,,,,,,
US-UNIVERSITY-OF-MIAMI-PROVOST,US-UNIVERSITY-OF-MIAMI,provost,central,Office of the Executive Vice President for Academic Affairs and Provost,,,,,,
US-TEXAS-CHRISTIAN-UNIVERSITY-D-M-J-NEELEY-SCHOOL-OF-BUSINESS,US-TEXAS-CHRISTIAN-UNIVERSITY,dean,business,M.J. Neeley School of Business,,,,1873,,
US-NORTHWESTERN-UNIVERSITY-D-MCCORMICK-SCHOOL-OF-ENGINEERING,US-NORTHWESTERN-UNIVERSITY,dean,engineering,McCormick School of Engineering,,,,,,
US-OKLAHOMA-STATE-UNIVERSITY-D-COLLEGE-OF-ENGINEERING-ARCHITECTURE-AND-TECHNOLO,US-OKLAHOMA-STATE-UNIVERSITY,dean,engineering,"College of Engineering, Architecture and Technology",,,,,,
US-PRINCETON-UNIVERSITY-D-SCHOOL-OF-ENGINEERING-AND-APPLIED-SCIENCE,US-PRINCETON-UNIVERSITY,dean,engineering,School of Engineering and Applied Science,,,,,,
US-UNIVERSITY-OF-CINCINNATI-D-COLLEGE-OF-ENGINEERING-AND-APPLIED-SCIENCE,US-UNIVERSITY-OF-CINCINNATI,dean,engineering,College of Engineering and Applied Science,,,,,,
US-UNIVERSITY-OF-MICHIGAN-D-COLLEGE-OF-ENGINEERING,US-UNIVERSITY-OF-MICHIGAN,dean,engineering,College of Engineering,,,,,,
US-VANDERBILT-UNIVERSITY-D-SCHOOL-OF-ENGINEERING,US-VANDERBILT-UNIVERSITY,dean,engineering,School of Engineering,,,,,,
US-COLUMBIA-UNIVERSITY-D-SCHOOL-OF-NURSING,US-COLUMBIA-UNIVERSITY,dean,nursing,School of Nursing,,,,,,
US-MERCER-UNIVERSITY-D-GEORGIA-BAPTIST-COLLEGE-OF-NURSING,US-MERCER-UNIVERSITY,dean,nursing,Georgia Baptist College of Nursing,,,,1833,,
US-SOUTHERN-UNIVERSITY-AND-A-AND-M-COLLEGE-D-SCHOOL-OF-NURSING,US-SOUTHERN-UNIVERSITY-AND-A-AND-M-COLLEGE,dean,nursing,School of Nursing,,,,1880,,
US-COLUMBIA-UNIVERSITY-D-MAILMAN-SCHOOL-OF-PUBLIC-HEALTH,US-COLUMBIA-UNIVERSITY,dean,public_health,Mailman School of Public Health,,,,,,
US-UNIVERSITY-OF-COLORADO-BOULDER-D-SCHOOL-OF-EDUCATION,US-UNIVERSITY-OF-COLORADO-BOULDER,dean,education,School of Education,,,,,,
US-RICE-UNIVERSITY-D-SHEPHERD-SCHOOL-OF-MUSIC,US-RICE-UNIVERSITY,dean,creative_arts,Shepherd School of Music,,,,,,
US-UNIVERSITY-OF-SOUTHERN-CALIFORNIA-D-THORNTON-SCHOOL-OF-MUSIC,US-UNIVERSITY-OF-SOUTHERN-CALIFORNIA,dean,creative_arts,Thornton School of Music,,,,,,
US-PENNSYLVANIA-STATE-UNIVERSITY-D-COLLEGE-OF-AGRICULTURAL-SCIENCES,US-PENNSYLVANIA-STATE-UNIVERSITY,dean,agriculture,College of Agricultural Sciences,,,,,,
US-CAMPBELL-UNIVERSITY-D-COLLEGE-OF-PHARMACY-AND-HEALTH-SCIENCES,US-CAMPBELL-UNIVERSITY,dean,pharmacy,College of Pharmacy & Health Sciences,,,,1887,,
US-UNIVERSITY-OF-NEW-MEXICO-D-COLLEGE-OF-PHARMACY,US-UNIVERSITY-OF-NEW-MEXICO,dean,pharmacy,College of Pharmacy,,,,,,
US-UNIVERSITY-OF-PITTSBURGH-D-SCHOOL-OF-PHARMACY,US-UNIVERSITY-OF-PITTSBURGH,dean,pharmacy,School of Pharmacy,,,,,,
US-DELAWARE-STATE-UNIVERSITY-CENTRAL,US-DELAWARE-STATE-UNIVERSITY,president,central,Office of the President,,,,1891,,
US-EAST-TEXAS-A-AND-M-UNIVERSITY-CENTRAL,US-EAST-TEXAS-A-AND-M-UNIVERSITY,president,central,Office of the President,,,,1889,,
US-FLORIDA-INSTITUTE-OF-TECHNOLOGY-CENTRAL,US-FLORIDA-INSTITUTE-OF-TECHNOLOGY,president,central,Office of the President,,,,1958,,
US-GEORGIA-SOUTHERN-UNIVERSITY-CENTRAL,US-GEORGIA-SOUTHERN-UNIVERSITY,president,central,Office of the President,,,,1906,,
US-LOUISIANA-TECH-UNIVERSITY-CENTRAL,US-LOUISIANA-TECH-UNIVERSITY,president,central,Office of the President,,,,1894,,
US-TENNESSEE-TECHNOLOGICAL-UNIVERSITY-CENTRAL,US-TENNESSEE-TECHNOLOGICAL-UNIVERSITY,president,central,Office of the President,,,,1915,,
US-UNIVERSITY-OF-TEXAS-MEDICAL-BRANCH-GALVESTON-CENTRAL,US-UNIVERSITY-OF-TEXAS-MEDICAL-BRANCH-GALVESTON,president,central,Office of the President,,,,1891,,
US-UNIVERSITY-OF-NEW-ORLEANS-CENTRAL,US-UNIVERSITY-OF-NEW-ORLEANS,president,central,Office of the President,,,,1958,,
US-BAKER-UNIVERSITY-CENTRAL,US-BAKER-UNIVERSITY,president,central,Office of the President,,,,,,
US-DOMINICAN-UNIVERSITY-NEW-YORK-CENTRAL,US-DOMINICAN-UNIVERSITY-NEW-YORK,president,central,Office of the President,,,,,,
US-EDGEWOOD-COLLEGE-CENTRAL,US-EDGEWOOD-COLLEGE,president,central,Office of the President,,,,,,
US-HARDING-UNIVERSITY-CENTRAL,US-HARDING-UNIVERSITY,president,central,Office of the President,,,,,,
US-HUSSON-UNIVERSITY-CENTRAL,US-HUSSON-UNIVERSITY,president,central,Office of the President,,,,,,
US-INDIANA-WESLEYAN-UNIVERSITY-NATIONAL-AND-GLOBAL-CENTRAL,US-INDIANA-WESLEYAN-UNIVERSITY-NATIONAL-AND-GLOBAL,president,central,Office of the President,,,,,,
US-MOUNT-SAINT-JOSEPH-UNIVERSITY-CENTRAL,US-MOUNT-SAINT-JOSEPH-UNIVERSITY,president,central,Office of the President,,,,,,
US-QUINNIPIAC-UNIVERSITY-CENTRAL,US-QUINNIPIAC-UNIVERSITY,president,central,Office of the President,,,,,,
US-SAINT-AMBROSE-UNIVERSITY-CENTRAL,US-SAINT-AMBROSE-UNIVERSITY,president,central,Office of the President,,,,,,
US-SAINT-LEO-UNIVERSITY-CENTRAL,US-SAINT-LEO-UNIVERSITY,president,central,Office of the President,,,,,,
US-UNION-UNIVERSITY-CENTRAL,US-UNION-UNIVERSITY,president,central,Office of the President,,,,,,
US-BOSTON-UNIVERSITY-PROVOST,US-BOSTON-UNIVERSITY,provost,central,Office of the Provost,,,,,,
US-COLLEGE-OF-CHARLESTON-PROVOST,US-COLLEGE-OF-CHARLESTON,provost,central,Office of the Provost and Executive Vice President for Academic Affairs,,,,,,
US-INDIANA-UNIVERSITY-INDIANAPOLIS-PROVOST,US-INDIANA-UNIVERSITY-INDIANAPOLIS,provost,central,Office of the Provost (formerly Office of Academic Affairs / Office of the Dean of the Faculties),,,,,,
US-RICE-UNIVERSITY-D-JONES-GRADUATE-SCHOOL-OF-BUSINESS,US-RICE-UNIVERSITY,dean,business,Jones Graduate School of Business,,,,,,
US-TEXAS-A-AND-M-UNIVERSITY-D-MAYS-BUSINESS-SCHOOL,US-TEXAS-A-AND-M-UNIVERSITY,dean,business,Mays Business School,,,,,,
US-UNIVERSITY-OF-MASSACHUSETTS-AMHERST-D-ISENBERG-SCHOOL-OF-MANAGEMENT,US-UNIVERSITY-OF-MASSACHUSETTS-AMHERST,dean,business,Isenberg School of Management,,,,,,
US-VANDERBILT-UNIVERSITY-D-OWEN-GRADUATE-SCHOOL-OF-MANAGEMENT,US-VANDERBILT-UNIVERSITY,dean,business,Owen Graduate School of Management,,,,,,
US-UNIVERSITY-OF-PITTSBURGH-D-UNIVERSITY-OF-PITTSBURGH-SCHOOL-OF-MEDICINE,US-UNIVERSITY-OF-PITTSBURGH,dean,medicine,University of Pittsburgh School of Medicine,,,,,,
US-UNIVERSITY-OF-CALIFORNIA-LOS-ANGELES-D-HENRY-SAMUELI-SCHOOL-OF-ENGINEERING-AND-APPLIED,US-UNIVERSITY-OF-CALIFORNIA-LOS-ANGELES,dean,engineering,Henry Samueli School of Engineering and Applied Science,,,,,,
US-UNIVERSITY-OF-MIAMI-D-COLLEGE-OF-ENGINEERING,US-UNIVERSITY-OF-MIAMI,dean,engineering,College of Engineering,,,,,,
US-MISSISSIPPI-STATE-UNIVERSITY-D-COLLEGE-OF-VETERINARY-MEDICINE,US-MISSISSIPPI-STATE-UNIVERSITY,dean,veterinary,College of Veterinary Medicine,,,,,,
US-UNIVERSITY-OF-IDAHO-D-GRADUATE-SCHOOL,US-UNIVERSITY-OF-IDAHO,dean,graduate,Graduate School,,,,,,
US-AUGUSTA-UNIVERSITY-CENTRAL,US-AUGUSTA-UNIVERSITY,president,central,Office of the President,,,,1828,,
US-CLARK-ATLANTA-UNIVERSITY-CENTRAL,US-CLARK-ATLANTA-UNIVERSITY,president,central,Office of the President,,,,1988,,
US-DUQUESNE-UNIVERSITY-CENTRAL,US-DUQUESNE-UNIVERSITY,president,central,Office of the President,,,,1878,,
US-EASTERN-VIRGINIA-MEDICAL-SCHOOL-CENTRAL,US-EASTERN-VIRGINIA-MEDICAL-SCHOOL,president,central,Office of the President,,,,1973,,
US-OREGON-HEALTH-AND-SCIENCE-UNIVERSITY-CENTRAL,US-OREGON-HEALTH-AND-SCIENCE-UNIVERSITY,president,central,Office of the President,,,,1974,,
US-SAN-FRANCISCO-STATE-UNIVERSITY-CENTRAL,US-SAN-FRANCISCO-STATE-UNIVERSITY,president,central,Office of the President,,,,1899,,
US-UNIVERSITY-OF-WEST-FLORIDA-CENTRAL,US-UNIVERSITY-OF-WEST-FLORIDA,president,central,Office of the President,,,,1963,,
US-VILLANOVA-UNIVERSITY-CENTRAL,US-VILLANOVA-UNIVERSITY,president,central,Office of the President,,,,1842,,
US-AURORA-UNIVERSITY-CENTRAL,US-AURORA-UNIVERSITY,president,central,Office of the President,,,,,,
US-DALLAS-BAPTIST-UNIVERSITY-CENTRAL,US-DALLAS-BAPTIST-UNIVERSITY,president,central,Office of the President,,,,,,
US-GALLAUDET-UNIVERSITY-CENTRAL,US-GALLAUDET-UNIVERSITY,president,central,Office of the President,,,,,,
US-ROOSEVELT-UNIVERSITY-CENTRAL,US-ROOSEVELT-UNIVERSITY,president,central,Office of the President,,,,1945,,
US-RUSSELL-SAGE-COLLEGE-CENTRAL,US-RUSSELL-SAGE-COLLEGE,president,central,Office of the President,,,,1916,,
US-SACRED-HEART-UNIVERSITY-CENTRAL,US-SACRED-HEART-UNIVERSITY,president,central,Office of the President,,,,1963,,
US-UNIVERSITY-OF-CENTRAL-ARKANSAS-CENTRAL,US-UNIVERSITY-OF-CENTRAL-ARKANSAS,president,central,Office of the President,,,,,,
US-UNIVERSITY-OF-INDIANAPOLIS-CENTRAL,US-UNIVERSITY-OF-INDIANAPOLIS,president,central,Office of the President,,,,,,
US-VALPARAISO-UNIVERSITY-CENTRAL,US-VALPARAISO-UNIVERSITY,president,central,Office of the President,,,,,,
US-WESTERN-KENTUCKY-UNIVERSITY-CENTRAL,US-WESTERN-KENTUCKY-UNIVERSITY,president,central,Office of the President,,,,,,
US-CASE-WESTERN-RESERVE-UNIVERSITY-PROVOST,US-CASE-WESTERN-RESERVE-UNIVERSITY,provost,central,Office of the Provost,,,,,,
US-GEORGE-MASON-UNIVERSITY-PROVOST,US-GEORGE-MASON-UNIVERSITY,provost,central,Office of the Provost and Executive Vice President,,,,,,
US-COLORADO-STATE-UNIVERSITY-D-COLLEGE-OF-BUSINESS,US-COLORADO-STATE-UNIVERSITY,dean,business,College of Business,,,,,,
US-FLORIDA-STATE-UNIVERSITY-D-COLLEGE-OF-BUSINESS,US-FLORIDA-STATE-UNIVERSITY,dean,business,College of Business,,,,,,
US-TULANE-UNIVERSITY-D-A-B-FREEMAN-SCHOOL-OF-BUSINESS,US-TULANE-UNIVERSITY,dean,business,A.B. Freeman School of Business,,,,,,
US-INDIANA-UNIVERSITY-INDIANAPOLIS-D-INDIANA-UNIVERSITY-ROBERT-H-MCKINNEY-SCHOOL-OF-L,US-INDIANA-UNIVERSITY-INDIANAPOLIS,dean,law,Indiana University Robert H. McKinney School of Law,,,,,,
US-UNIVERSITY-OF-MISSOURI-D-UNIVERSITY-OF-MISSOURI-SCHOOL-OF-LAW,US-UNIVERSITY-OF-MISSOURI,dean,law,University of Missouri School of Law,,,,,,
US-AUBURN-UNIVERSITY-D-SAMUEL-GINN-COLLEGE-OF-ENGINEERING,US-AUBURN-UNIVERSITY,dean,engineering,Samuel Ginn College of Engineering,,,,,,
US-BROWN-UNIVERSITY-D-SCHOOL-OF-ENGINEERING,US-BROWN-UNIVERSITY,dean,engineering,School of Engineering,,,,,,
US-IOWA-STATE-UNIVERSITY-D-COLLEGE-OF-ENGINEERING,US-IOWA-STATE-UNIVERSITY,dean,engineering,College of Engineering,,,,,,
US-RICE-UNIVERSITY-D-GEORGE-R-BROWN-SCHOOL-OF-ENGINEERING,US-RICE-UNIVERSITY,dean,engineering,George R. Brown School of Engineering,,,,,,
US-UNIVERSITY-OF-COLORADO-DENVER-D-COLLEGE-OF-ENGINEERING-DESIGN-AND-COMPUTING,US-UNIVERSITY-OF-COLORADO-DENVER,dean,engineering,"College of Engineering, Design and Computing",,,,,,
US-UNIVERSITY-OF-FLORIDA-D-HERBERT-WERTHEIM-COLLEGE-OF-ENGINEERING,US-UNIVERSITY-OF-FLORIDA,dean,engineering,Herbert Wertheim College of Engineering,,,,,,
US-UNIVERSITY-OF-CINCINNATI-D-COLLEGE-OF-ARTS-AND-SCIENCES,US-UNIVERSITY-OF-CINCINNATI,dean,arts_sciences,College of Arts and Sciences,,,,,,
US-NORTHWESTERN-UNIVERSITY-D-SCHOOL-OF-COMMUNICATION,US-NORTHWESTERN-UNIVERSITY,dean,creative_arts,School of Communication,,,,,,
US-UNIVERSITY-OF-ALABAMA-D-CULVERHOUSE-COLLEGE-OF-BUSINESS,US-UNIVERSITY-OF-ALABAMA,dean,business,Culverhouse College of Business,,,,,,
US-EASTERN-MICHIGAN-UNIVERSITY-CENTRAL,US-EASTERN-MICHIGAN-UNIVERSITY,president,central,Office of the President,,,,1849,,
US-MONTCLAIR-STATE-UNIVERSITY-CENTRAL,US-MONTCLAIR-STATE-UNIVERSITY,president,central,Office of the President,,,,1908,,
US-TEXAS-A-AND-M-UNIVERSITY-KINGSVILLE-CENTRAL,US-TEXAS-A-AND-M-UNIVERSITY-KINGSVILLE,president,central,Office of the President,,,,1925,,
US-TEXAS-STATE-UNIVERSITY-CENTRAL,US-TEXAS-STATE-UNIVERSITY,president,central,Office of the President,,,,1899,,
US-UNIVERSITY-OF-NORTH-FLORIDA-CENTRAL,US-UNIVERSITY-OF-NORTH-FLORIDA,president,central,Office of the President,,,,1969,,
US-UNIVERSITY-OF-SOUTH-DAKOTA-CENTRAL,US-UNIVERSITY-OF-SOUTH-DAKOTA,president,central,Office of the President,,,,1862,,
US-MARIAN-UNIVERSITY-CENTRAL,US-MARIAN-UNIVERSITY,president,central,Office of the President,,,,,,
US-ROBERT-MORRIS-UNIVERSITY-CENTRAL,US-ROBERT-MORRIS-UNIVERSITY,president,central,Office of the President,,,,1921,,
US-SOUTH-COLLEGE-CENTRAL,US-SOUTH-COLLEGE,president,central,Office of the Chancellor,,,,1882,,
US-ST-JOHNS-UNIVERSITY-NEW-YORK-CENTRAL,US-ST-JOHNS-UNIVERSITY-NEW-YORK,president,central,Office of the President,,,,,,
US-SUFFOLK-UNIVERSITY-CENTRAL,US-SUFFOLK-UNIVERSITY,president,central,Office of the President,,,,1906,,
US-UNIVERSITY-OF-CHARLESTON-CENTRAL,US-UNIVERSITY-OF-CHARLESTON,president,central,Office of the President,,,,,,
US-UNIVERSITY-OF-HARTFORD-CENTRAL,US-UNIVERSITY-OF-HARTFORD,president,central,Office of the President,,,,1957,,
US-WILLIAM-CAREY-UNIVERSITY-CENTRAL,US-WILLIAM-CAREY-UNIVERSITY,president,central,Office of the President,,,,,,
US-COLUMBIA-UNIVERSITY-D-COLUMBIA-BUSINESS-SCHOOL,US-COLUMBIA-UNIVERSITY,dean,business,Columbia Business School,,,,,,
US-CORNELL-UNIVERSITY-D-JOHNSON-SCHOOL-OF-MANAGEMENT,US-CORNELL-UNIVERSITY,dean,business,Johnson School of Management,,,,,,
US-EMORY-UNIVERSITY-D-GOIZUETA-BUSINESS-SCHOOL,US-EMORY-UNIVERSITY,dean,business,Goizueta Business School,,,,,,
US-PENNSYLVANIA-STATE-UNIVERSITY-D-SMEAL-COLLEGE-OF-BUSINESS,US-PENNSYLVANIA-STATE-UNIVERSITY,dean,business,Smeal College of Business,,,,,,
US-UNIVERSITY-OF-CALIFORNIA-DAVIS-D-GRADUATE-SCHOOL-OF-MANAGEMENT,US-UNIVERSITY-OF-CALIFORNIA-DAVIS,dean,business,Graduate School of Management,,,,,,
US-UNIVERSITY-OF-NOTRE-DAME-D-MENDOZA-COLLEGE-OF-BUSINESS,US-UNIVERSITY-OF-NOTRE-DAME,dean,business,Mendoza College of Business,,,,,,
US-WAKE-FOREST-UNIVERSITY-D-SCHOOL-OF-BUSINESS,US-WAKE-FOREST-UNIVERSITY,dean,business,School of Business,,,,1834,,
US-ARIZONA-STATE-UNIVERSITY-D-IRA-A-FULTON-SCHOOLS-OF-ENGINEERING,US-ARIZONA-STATE-UNIVERSITY,dean,engineering,Ira A. Fulton Schools of Engineering,,,,,,
US-CARNEGIE-MELLON-UNIVERSITY-D-COLLEGE-OF-ENGINEERING,US-CARNEGIE-MELLON-UNIVERSITY,dean,engineering,College of Engineering,,,,,,
US-SYRACUSE-UNIVERSITY-D-COLLEGE-OF-ENGINEERING-AND-COMPUTER-SCIENCE,US-SYRACUSE-UNIVERSITY,dean,engineering,College of Engineering and Computer Science,,,,,,
US-UNIVERSITY-OF-ARKANSAS-FOR-MEDICAL-SCIENCES-D-COLLEGE-OF-NURSING,US-UNIVERSITY-OF-ARKANSAS-FOR-MEDICAL-SCIENCES,dean,nursing,College of Nursing,,,,1879,,
US-PURDUE-UNIVERSITY-D-COLLEGE-OF-EDUCATION,US-PURDUE-UNIVERSITY,dean,education,College of Education,,,,,,
US-UNIVERSITY-OF-TEXAS-DALLAS-D-SCHOOL-OF-BEHAVIORAL-AND-BRAIN-SCIENCES,US-UNIVERSITY-OF-TEXAS-DALLAS,dean,arts_sciences,School of Behavioral and Brain Sciences,,,,,,
US-UNIVERSITY-OF-MISSOURI-D-SCHOOL-OF-JOURNALISM,US-UNIVERSITY-OF-MISSOURI,dean,creative_arts,School of Journalism,,,,,,
US-UNIVERSITY-OF-CALIFORNIA-LOS-ANGELES-D-GRADUATE-DIVISION,US-UNIVERSITY-OF-CALIFORNIA-LOS-ANGELES,dean,graduate,Graduate Division,,,,,,
US-UNIVERSITY-OF-CALIFORNIA-DAVIS-D-GRADUATE-STUDIES,US-UNIVERSITY-OF-CALIFORNIA-DAVIS,dean,graduate,Graduate Studies,,,,,,
US-UNIVERSITY-OF-CALIFORNIA-SANTA-BARBARA-D-GRADUATE-DIVISION,US-UNIVERSITY-OF-CALIFORNIA-SANTA-BARBARA,dean,graduate,Graduate Division,,,,,,
US-BRIGHAM-YOUNG-UNIVERSITY-D-MARRIOTT-SCHOOL-OF-BUSINESS,US-BRIGHAM-YOUNG-UNIVERSITY,dean,business,Marriott School of Business,,,,,,
US-AZUSA-PACIFIC-UNIVERSITY-CENTRAL,US-AZUSA-PACIFIC-UNIVERSITY,president,central,Office of the President,,,,1899,,
US-CALIFORNIA-STATE-UNIVERSITY-FULLERTON-CENTRAL,US-CALIFORNIA-STATE-UNIVERSITY-FULLERTON,president,central,Office of the President,,,,1957,,
US-ILLINOIS-INSTITUTE-OF-TECHNOLOGY-CENTRAL,US-ILLINOIS-INSTITUTE-OF-TECHNOLOGY,president,central,Office of the President,,,,1890,,
US-MEDICAL-COLLEGE-OF-WISCONSIN-CENTRAL,US-MEDICAL-COLLEGE-OF-WISCONSIN,president,central,Office of the President,,,,1893,,
US-PORTLAND-STATE-UNIVERSITY-CENTRAL,US-PORTLAND-STATE-UNIVERSITY,president,central,Office of the President,,,,1946,,
US-TEXAS-A-AND-M-UNIVERSITY-CORPUS-CHRISTI-CENTRAL,US-TEXAS-A-AND-M-UNIVERSITY-CORPUS-CHRISTI,president,central,Office of the President,,,,1947,,
US-THOMAS-JEFFERSON-UNIVERSITY-CENTRAL,US-THOMAS-JEFFERSON-UNIVERSITY,president,central,Office of the President,,,,1824,,
US-UNIVERSITY-OF-NORTH-CAROLINA-WILMINGTON-CENTRAL,US-UNIVERSITY-OF-NORTH-CAROLINA-WILMINGTON,president,central,Office of the Chancellor,,,,1947,,
US-UNIVERSITY-OF-TULSA-CENTRAL,US-UNIVERSITY-OF-TULSA,president,central,Office of the President,,,,1894,,
US-ALVERNIA-UNIVERSITY-CENTRAL,US-ALVERNIA-UNIVERSITY,president,central,Office of the President,,,,,,
US-BELLARMINE-UNIVERSITY-CENTRAL,US-BELLARMINE-UNIVERSITY,president,central,Office of the President,,,,,,
US-CALIFORNIA-INSTITUTE-OF-INTEGRAL-STUDIES-CENTRAL,US-CALIFORNIA-INSTITUTE-OF-INTEGRAL-STUDIES,president,central,Office of the President,,,,1968,,
US-ERSKINE-COLLEGE-CENTRAL,US-ERSKINE-COLLEGE,president,central,Office of the President,,,,,,
US-UNIVERSITY-OF-DETROIT-MERCY-CENTRAL,US-UNIVERSITY-OF-DETROIT-MERCY,president,central,Office of the President,,,,1877,,
US-UNIVERSITY-OF-WISCONSIN-OSHKOSH-CENTRAL,US-UNIVERSITY-OF-WISCONSIN-OSHKOSH,president,central,Office of the Chancellor,,,,,,
US-WILLIAM-WOODS-UNIVERSITY-CENTRAL,US-WILLIAM-WOODS-UNIVERSITY,president,central,Office of the President,,,,,,
US-UNIVERSITY-OF-IOWA-PROVOST,US-UNIVERSITY-OF-IOWA,provost,central,Office of the Executive Vice President and Provost,,,,,,
US-CLEMSON-UNIVERSITY-D-WILBUR-O-AND-ANN-POWERS-COLLEGE-OF-BUSINESS,US-CLEMSON-UNIVERSITY,dean,business,Wilbur O. and Ann Powers College of Business,,,,,,
US-PACE-UNIVERSITY-D-LUBIN-SCHOOL-OF-BUSINESS,US-PACE-UNIVERSITY,dean,business,Lubin School of Business,,,,,,
US-PURDUE-UNIVERSITY-D-DANIELS-SCHOOL-OF-BUSINESS,US-PURDUE-UNIVERSITY,dean,business,Daniels School of Business,,,,,,
US-SANTA-CLARA-UNIVERSITY-D-LEAVEY-SCHOOL-OF-BUSINESS,US-SANTA-CLARA-UNIVERSITY,dean,business,Leavey School of Business,,,,,,
US-STANFORD-UNIVERSITY-D-GRADUATE-SCHOOL-OF-BUSINESS,US-STANFORD-UNIVERSITY,dean,business,Graduate School of Business,,,,,,
US-UNIVERSITY-OF-ALABAMA-HUNTSVILLE-D-COLLEGE-OF-BUSINESS,US-UNIVERSITY-OF-ALABAMA-HUNTSVILLE,dean,business,College of Business,,,,1950,,
US-UNIVERSITY-OF-MICHIGAN-D-ROSS-SCHOOL-OF-BUSINESS,US-UNIVERSITY-OF-MICHIGAN,dean,business,Ross School of Business,,,,,,
US-UNIVERSITY-OF-PENNSYLVANIA-D-WHARTON-SCHOOL,US-UNIVERSITY-OF-PENNSYLVANIA,dean,business,Wharton School,,,,,,
US-DARTMOUTH-COLLEGE-D-TUCK-SCHOOL-OF-BUSINESS,US-DARTMOUTH-COLLEGE,dean,business,Tuck School of Business,,,,,,
US-BOSTON-UNIVERSITY-D-COLLEGE-OF-ENGINEERING,US-BOSTON-UNIVERSITY,dean,engineering,College of Engineering,,,,,,
US-OREGON-STATE-UNIVERSITY-D-COLLEGE-OF-ENGINEERING,US-OREGON-STATE-UNIVERSITY,dean,engineering,College of Engineering,,,,,,
US-UNIVERSITY-OF-CALIFORNIA-BERKELEY-D-COLLEGE-OF-ENGINEERING,US-UNIVERSITY-OF-CALIFORNIA-BERKELEY,dean,engineering,College of Engineering,,,,,,
US-UNIVERSITY-OF-CALIFORNIA-RIVERSIDE-D-BOURNS-COLLEGE-OF-ENGINEERING,US-UNIVERSITY-OF-CALIFORNIA-RIVERSIDE,dean,engineering,Bourns College of Engineering,,,,,,
US-UNIVERSITY-OF-KENTUCKY-D-COLLEGE-OF-ENGINEERING,US-UNIVERSITY-OF-KENTUCKY,dean,engineering,College of Engineering,,,,,,
US-UNIVERSITY-OF-PENNSYLVANIA-D-SCHOOL-OF-ENGINEERING-AND-APPLIED-SCIENCE,US-UNIVERSITY-OF-PENNSYLVANIA,dean,engineering,School of Engineering and Applied Science,,,,,,
US-VIRGINIA-TECH-D-COLLEGE-OF-ENGINEERING,US-VIRGINIA-TECH,dean,engineering,College of Engineering,,,,,,
US-UNIVERSITY-OF-CINCINNATI-D-COLLEGE-OF-NURSING,US-UNIVERSITY-OF-CINCINNATI,dean,nursing,College of Nursing,,,,,,
US-EMORY-UNIVERSITY-D-ROLLINS-SCHOOL-OF-PUBLIC-HEALTH,US-EMORY-UNIVERSITY,dean,public_health,Rollins School of Public Health,,,,,,
US-JOHNS-HOPKINS-UNIVERSITY-D-BLOOMBERG-SCHOOL-OF-PUBLIC-HEALTH,US-JOHNS-HOPKINS-UNIVERSITY,dean,public_health,Bloomberg School of Public Health,,,,,,
US-ARIZONA-STATE-UNIVERSITY-D-COLLEGE-OF-LIBERAL-ARTS-AND-SCIENCES,US-ARIZONA-STATE-UNIVERSITY,dean,arts_sciences,The College of Liberal Arts and Sciences,,,,,,
US-NORTHWESTERN-UNIVERSITY-D-BIENEN-SCHOOL-OF-MUSIC,US-NORTHWESTERN-UNIVERSITY,dean,creative_arts,Bienen School of Music,,,,,,
US-SYRACUSE-UNIVERSITY-D-S-I-NEWHOUSE-SCHOOL-OF-PUBLIC-COMMUNICATIONS,US-SYRACUSE-UNIVERSITY,dean,creative_arts,S.I. Newhouse School of Public Communications,,,,,,
US-UNIVERSITY-OF-CALIFORNIA-LOS-ANGELES-D-SCHOOL-OF-THEATER-FILM-AND-TELEVISION,US-UNIVERSITY-OF-CALIFORNIA-LOS-ANGELES,dean,creative_arts,School of Theater Film and Television,,,,,,
US-UNIVERSITY-OF-FLORIDA-D-COLLEGE-OF-DESIGN-CONSTRUCTION-AND-PLANNING,US-UNIVERSITY-OF-FLORIDA,dean,creative_arts,College of Design Construction and Planning,,,,,,
US-TEMPLE-UNIVERSITY-D-SCHOOL-OF-PHARMACY,US-TEMPLE-UNIVERSITY,dean,pharmacy,School of Pharmacy,,,,,,
US-ARIZONA-STATE-UNIVERSITY-D-W-P-CAREY-SCHOOL-OF-BUSINESS,US-ARIZONA-STATE-UNIVERSITY,dean,business,W.P. Carey School of Business,,,,,,
US-UNIVERSITY-OF-FLORIDA-D-WARRINGTON-COLLEGE-OF-BUSINESS,US-UNIVERSITY-OF-FLORIDA,dean,business,Warrington College of Business,,,,,,
US-UNIVERSITY-OF-MISSOURI-D-TRULASKE-COLLEGE-OF-BUSINESS,US-UNIVERSITY-OF-MISSOURI,dean,business,Trulaske College of Business,,,,,,
US-ABILENE-CHRISTIAN-UNIVERSITY-CENTRAL,US-ABILENE-CHRISTIAN-UNIVERSITY,president,central,Office of the President,,,,1906,,
US-CALIFORNIA-STATE-POLYTECHNIC-UNIVERSITY-POMONA-CENTRAL,US-CALIFORNIA-STATE-POLYTECHNIC-UNIVERSITY-POMONA,president,central,Office of the President,,,,1938,,
US-CALIFORNIA-STATE-UNIVERSITY-FRESNO-CENTRAL,US-CALIFORNIA-STATE-UNIVERSITY-FRESNO,president,central,Office of the President,,,,1911,,
US-EMBRY-RIDDLE-AERONAUTICAL-UNIVERSITY-CENTRAL,US-EMBRY-RIDDLE-AERONAUTICAL-UNIVERSITY,president,central,Office of the President,,,,1926,,
US-LOMA-LINDA-UNIVERSITY-CENTRAL,US-LOMA-LINDA-UNIVERSITY,president,central,Office of the President,,,,1905,,
US-LOYOLA-MARYMOUNT-UNIVERSITY-CENTRAL,US-LOYOLA-MARYMOUNT-UNIVERSITY,president,central,Office of the President,,,,1911,,
US-MARSHALL-UNIVERSITY-CENTRAL,US-MARSHALL-UNIVERSITY,president,central,Office of the President,,,,1837,,
US-MIDDLE-TENNESSEE-STATE-UNIVERSITY-CENTRAL,US-MIDDLE-TENNESSEE-STATE-UNIVERSITY,president,central,Office of the President,,,,1911,,
US-OKLAHOMA-STATE-UNIVERSITY-CENTER-FOR-HEALTH-SCIENCES-CENTRAL,US-OKLAHOMA-STATE-UNIVERSITY-CENTER-FOR-HEALTH-SCIENCES,president,central,Office of the President,,,,1972,,
US-SOUTHERN-UNIVERSITY-AND-A-AND-M-COLLEGE-CENTRAL,US-SOUTHERN-UNIVERSITY-AND-A-AND-M-COLLEGE,president,central,Office of the Chancellor,,,,1880,,
US-TARLETON-STATE-UNIVERSITY-CENTRAL,US-TARLETON-STATE-UNIVERSITY,president,central,Office of the President,,,,1899,,
US-TENNESSEE-STATE-UNIVERSITY-CENTRAL,US-TENNESSEE-STATE-UNIVERSITY,president,central,Office of the President,,,,1912,,
US-ROCKEFELLER-UNIVERSITY-CENTRAL,US-ROCKEFELLER-UNIVERSITY,president,central,Office of the President,,,,1901,,
US-UMASS-CHAN-MEDICAL-SCHOOL-CENTRAL,US-UMASS-CHAN-MEDICAL-SCHOOL,president,central,Office of the Chancellor,,,,1962,,
US-UNIVERSITY-OF-ALASKA-FAIRBANKS-CENTRAL,US-UNIVERSITY-OF-ALASKA-FAIRBANKS,president,central,Office of the Chancellor,,,,1917,,
US-UNIVERSITY-OF-MISSOURI-ST-LOUIS-CENTRAL,US-UNIVERSITY-OF-MISSOURI-ST-LOUIS,president,central,Office of the Chancellor,,,,1963,,
US-UNIVERSITY-OF-NORTHERN-COLORADO-CENTRAL,US-UNIVERSITY-OF-NORTHERN-COLORADO,president,central,Office of the President,,,,,,
US-UNIVERSITY-OF-SAN-FRANCISCO-CENTRAL,US-UNIVERSITY-OF-SAN-FRANCISCO,president,central,Office of the President,,,,,,
US-CARDINAL-STRITCH-UNIVERSITY-CENTRAL,US-CARDINAL-STRITCH-UNIVERSITY,president,central,Office of the President,,,,,,
US-GANNON-UNIVERSITY-CENTRAL,US-GANNON-UNIVERSITY,president,central,Office of the President,,,,,,
US-HARDIN-SIMMONS-UNIVERSITY-CENTRAL,US-HARDIN-SIMMONS-UNIVERSITY,president,central,Office of the President,,,,,,
US-LINCOLN-MEMORIAL-UNIVERSITY-CENTRAL,US-LINCOLN-MEMORIAL-UNIVERSITY,president,central,Office of the President,,,,,,
US-PALM-BEACH-ATLANTIC-UNIVERSITY-CENTRAL,US-PALM-BEACH-ATLANTIC-UNIVERSITY,president,central,Office of the President,,,,,,
US-SAYBROOK-UNIVERSITY-CENTRAL,US-SAYBROOK-UNIVERSITY,president,central,Office of the President,,,,,,
US-TEXAS-WESLEYAN-UNIVERSITY-CENTRAL,US-TEXAS-WESLEYAN-UNIVERSITY,president,central,Office of the President,,,,,,
US-TREVECCA-NAZARENE-UNIVERSITY-CENTRAL,US-TREVECCA-NAZARENE-UNIVERSITY,president,central,Office of the President,,,,,,
US-UNIVERSITY-OF-ARIZONA-GLOBAL-CAMPUS-CENTRAL,US-UNIVERSITY-OF-ARIZONA-GLOBAL-CAMPUS,president,central,Office of the President,,,,,,
US-UNIVERSITY-OF-LOUISIANA-MONROE-CENTRAL,US-UNIVERSITY-OF-LOUISIANA-MONROE,president,central,Office of the President,,,,,,
US-UNIVERSITY-OF-MARY-HARDIN-BAYLOR-CENTRAL,US-UNIVERSITY-OF-MARY-HARDIN-BAYLOR,president,central,Office of the President,,,,,,
US-UNIVERSITY-OF-ST-THOMAS-MINNESOTA-CENTRAL,US-UNIVERSITY-OF-ST-THOMAS-MINNESOTA,president,central,Office of the President,,,,,,
US-XAVIER-UNIVERSITY-CENTRAL,US-XAVIER-UNIVERSITY,president,central,Office of the President,,,,,,
US-ARIZONA-STATE-UNIVERSITY-PROVOST,US-ARIZONA-STATE-UNIVERSITY,provost,central,Office of the University Provost,,,,,,
US-COLORADO-STATE-UNIVERSITY-PROVOST,US-COLORADO-STATE-UNIVERSITY,provost,central,Office of the Provost and Executive Vice President for Academic Affairs,,,,,,
US-UNIVERSITY-OF-MINNESOTA-TWIN-CITIES-PROVOST,US-UNIVERSITY-OF-MINNESOTA-TWIN-CITIES,provost,central,Office of the Executive Vice President and Provost,,,,,,
US-UNIVERSITY-OF-RHODE-ISLAND-PROVOST,US-UNIVERSITY-OF-RHODE-ISLAND,provost,central,Office of the Provost,,,,,,
US-WASHINGTON-STATE-UNIVERSITY-PROVOST,US-WASHINGTON-STATE-UNIVERSITY,provost,central,Office of the Provost and Executive Vice President,,,,,,
US-BOSTON-UNIVERSITY-D-QUESTROM-SCHOOL-OF-BUSINESS,US-BOSTON-UNIVERSITY,dean,business,Questrom School of Business,,,,,,
US-OHIO-STATE-UNIVERSITY-D-FISHER-COLLEGE-OF-BUSINESS,US-OHIO-STATE-UNIVERSITY,dean,business,Fisher College of Business,,,,,,
US-OREGON-STATE-UNIVERSITY-D-COLLEGE-OF-BUSINESS,US-OREGON-STATE-UNIVERSITY,dean,business,College of Business,,,,,,
US-UNIVERSITY-OF-MINNESOTA-TWIN-CITIES-D-CARLSON-SCHOOL-OF-MANAGEMENT,US-UNIVERSITY-OF-MINNESOTA-TWIN-CITIES,dean,business,Carlson School of Management,,,,,,
US-UNIVERSITY-OF-TEXAS-EL-PASO-D-WOODY-HUNT-COLLEGE-OF-BUSINESS,US-UNIVERSITY-OF-TEXAS-EL-PASO,dean,business,Woody Hunt College of Business,,,,,,
US-CORNELL-UNIVERSITY-D-WEILL-CORNELL-MEDICINE,US-CORNELL-UNIVERSITY,dean,medicine,Weill Cornell Medicine (Weill Cornell Medical College),,,,,,
US-UNIVERSITY-OF-SOUTHERN-CALIFORNIA-D-KECK-SCHOOL-OF-MEDICINE-OF-USC,US-UNIVERSITY-OF-SOUTHERN-CALIFORNIA,dean,medicine,Keck School of Medicine of USC,,,,,,
US-UNIVERSITY-OF-VERMONT-D-ROBERT-LARNER-M-D-COLLEGE-OF-MEDICINE-AT-THE-UNI,US-UNIVERSITY-OF-VERMONT,dean,medicine,"Robert Larner, M.D. College of Medicine at the University of Vermont",,,,,,
US-COLUMBIA-UNIVERSITY-D-FU-FOUNDATION-SCHOOL-OF-ENGINEERING-AND-APPLIED,US-COLUMBIA-UNIVERSITY,dean,engineering,Fu Foundation School of Engineering and Applied Science,,,,,,
US-RUTGERS-UNIVERSITY-D-SCHOOL-OF-ENGINEERING,US-RUTGERS-UNIVERSITY,dean,engineering,School of Engineering,,,,,,
US-UNIVERSITY-OF-LOUISVILLE-D-J-B-SPEED-SCHOOL-OF-ENGINEERING,US-UNIVERSITY-OF-LOUISVILLE,dean,engineering,J.B. Speed School of Engineering,,,,,,
US-UNIVERSITY-OF-RHODE-ISLAND-D-COLLEGE-OF-ENGINEERING,US-UNIVERSITY-OF-RHODE-ISLAND,dean,engineering,College of Engineering,,,,,,
US-WASHINGTON-UNIVERSITY-ST-LOUIS-D-MCKELVEY-SCHOOL-OF-ENGINEERING,US-WASHINGTON-UNIVERSITY-ST-LOUIS,dean,engineering,McKelvey School of Engineering,,,,,,
US-UNIVERSITY-OF-CALIFORNIA-BERKELEY-D-SCHOOL-OF-PUBLIC-HEALTH,US-UNIVERSITY-OF-CALIFORNIA-BERKELEY,dean,public_health,School of Public Health,,,,,,
US-FAIRFIELD-UNIVERSITY-D-SCHOOL-OF-EDUCATION-AND-HUMAN-DEVELOPMENT,US-FAIRFIELD-UNIVERSITY,dean,education,School of Education and Human Development,,,,,,
US-CHAPMAN-UNIVERSITY-D-WILKINSON-COLLEGE-OF-ARTS-HUMANITIES-AND-SOCIAL,US-CHAPMAN-UNIVERSITY,dean,arts_sciences,"Wilkinson College of Arts, Humanities, and Social Sciences",,,,1861,,
US-COLORADO-STATE-UNIVERSITY-D-COLLEGE-OF-LIBERAL-ARTS,US-COLORADO-STATE-UNIVERSITY,dean,arts_sciences,College of Liberal Arts,,,,,,
US-MASSACHUSETTS-INSTITUTE-OF-TECHNOLOGY-D-SCHOOL-OF-HUMANITIES-ARTS-AND-SOCIAL-SCIENCES,US-MASSACHUSETTS-INSTITUTE-OF-TECHNOLOGY,dean,arts_sciences,"School of Humanities, Arts, and Social Sciences",,,,,,
US-MASSACHUSETTS-INSTITUTE-OF-TECHNOLOGY-D-SCHOOL-OF-SCIENCE,US-MASSACHUSETTS-INSTITUTE-OF-TECHNOLOGY,dean,arts_sciences,School of Science,,,,,,
US-PENNSYLVANIA-STATE-UNIVERSITY-D-COLLEGE-OF-THE-LIBERAL-ARTS,US-PENNSYLVANIA-STATE-UNIVERSITY,dean,arts_sciences,College of the Liberal Arts,,,,,,
US-UNIVERSITY-OF-SOUTHERN-CALIFORNIA-D-SCHOOL-OF-CINEMATIC-ARTS,US-UNIVERSITY-OF-SOUTHERN-CALIFORNIA,dean,creative_arts,School of Cinematic Arts,,,,,,
US-SAMFORD-UNIVERSITY-D-MCWHORTER-SCHOOL-OF-PHARMACY,US-SAMFORD-UNIVERSITY,dean,pharmacy,McWhorter School of Pharmacy,,,,,,
US-BOISE-STATE-UNIVERSITY-D-GRADUATE-COLLEGE,US-BOISE-STATE-UNIVERSITY,dean,graduate,Graduate College,,,,1932,,
US-UNIVERSITY-OF-WISCONSIN-MADISON-D-WISCONSIN-SCHOOL-OF-BUSINESS,US-UNIVERSITY-OF-WISCONSIN-MADISON,dean,business,Wisconsin School of Business,,,,,,
US-UNIVERSITY-OF-MISSISSIPPI-D-SCHOOL-OF-BUSINESS-ADMINISTRATION,US-UNIVERSITY-OF-MISSISSIPPI,dean,business,School of Business Administration,,,,,,
US-CENTRAL-MICHIGAN-UNIVERSITY-CENTRAL,US-CENTRAL-MICHIGAN-UNIVERSITY,president,central,Office of the President,,,,1892,,
US-EAST-TENNESSEE-STATE-UNIVERSITY-CENTRAL,US-EAST-TENNESSEE-STATE-UNIVERSITY,president,central,Office of the President,,,,1911,,
US-INDIANA-UNIVERSITY-OF-PENNSYLVANIA-CENTRAL,US-INDIANA-UNIVERSITY-OF-PENNSYLVANIA,president,central,Office of the President,,,,1875,,
US-JACKSON-STATE-UNIVERSITY-CENTRAL,US-JACKSON-STATE-UNIVERSITY,president,central,Office of the President,,,,1877,,
US-ROCHESTER-INSTITUTE-OF-TECHNOLOGY-CENTRAL,US-ROCHESTER-INSTITUTE-OF-TECHNOLOGY,president,central,Office of the President,,,,1829,,
US-WEST-CHESTER-UNIVERSITY-OF-PENNSYLVANIA-CENTRAL,US-WEST-CHESTER-UNIVERSITY-OF-PENNSYLVANIA,president,central,Office of the President,,,,1871,,
US-BRADLEY-UNIVERSITY-CENTRAL,US-BRADLEY-UNIVERSITY,president,central,Office of the President,,,,,,
US-CHATHAM-UNIVERSITY-CENTRAL,US-CHATHAM-UNIVERSITY,president,central,Office of the President,,,,,,
US-IMMACULATA-UNIVERSITY-CENTRAL,US-IMMACULATA-UNIVERSITY,president,central,Office of the President,,,,,,
US-INDIANA-STATE-UNIVERSITY-CENTRAL,US-INDIANA-STATE-UNIVERSITY,president,central,Office of the President,,,,,,
US-LA-SALLE-UNIVERSITY-CENTRAL,US-LA-SALLE-UNIVERSITY,president,central,Office of the President,,,,,,
US-MARYVILLE-UNIVERSITY-OF-SAINT-LOUIS-CENTRAL,US-MARYVILLE-UNIVERSITY-OF-SAINT-LOUIS,president,central,Office of the President,,,,,,
US-SOUTHEASTERN-BAPTIST-THEOLOGICAL-SEMINARY-CENTRAL,US-SOUTHEASTERN-BAPTIST-THEOLOGICAL-SEMINARY,president,central,Office of the President,,,,,,
US-SPRINGFIELD-COLLEGE-CENTRAL,US-SPRINGFIELD-COLLEGE,president,central,Office of the President,,,,,,
US-WALSH-UNIVERSITY-CENTRAL,US-WALSH-UNIVERSITY,president,central,Office of the President,,,,,,
US-WINGATE-UNIVERSITY-CENTRAL,US-WINGATE-UNIVERSITY,president,central,Office of the President,,,,,,
US-HARVARD-UNIVERSITY-PROVOST,US-HARVARD-UNIVERSITY,provost,central,Office of the Provost,,,,,,
US-GEORGE-WASHINGTON-UNIVERSITY-D-SCHOOL-OF-BUSINESS,US-GEORGE-WASHINGTON-UNIVERSITY,dean,business,School of Business,,,,,,
US-MISSISSIPPI-STATE-UNIVERSITY-D-COLLEGE-OF-BUSINESS,US-MISSISSIPPI-STATE-UNIVERSITY,dean,business,College of Business,,,,,,
US-NORTH-CAROLINA-STATE-UNIVERSITY-D-POOLE-COLLEGE-OF-MANAGEMENT,US-NORTH-CAROLINA-STATE-UNIVERSITY,dean,business,Poole College of Management,,,,,,
US-YALE-UNIVERSITY-D-SCHOOL-OF-MANAGEMENT,US-YALE-UNIVERSITY,dean,business,School of Management,,,,,,
US-UNIVERSITY-OF-CHICAGO-D-UNIVERSITY-OF-CHICAGO-PRITZKER-SCHOOL-OF-MEDICIN,US-UNIVERSITY-OF-CHICAGO,dean,medicine,University of Chicago Pritzker School of Medicine (Division of the Biological Sciences),,,,,,
US-CASE-WESTERN-RESERVE-UNIVERSITY-D-CASE-SCHOOL-OF-ENGINEERING,US-CASE-WESTERN-RESERVE-UNIVERSITY,dean,engineering,Case School of Engineering,,,,,,
US-CLEMSON-UNIVERSITY-D-COLLEGE-OF-ENGINEERING-COMPUTING-AND-APPLIED-SCI,US-CLEMSON-UNIVERSITY,dean,engineering,"College of Engineering, Computing and Applied Sciences",,,,,,
US-FLORIDA-STATE-UNIVERSITY-D-FAMU-FSU-COLLEGE-OF-ENGINEERING,US-FLORIDA-STATE-UNIVERSITY,dean,engineering,FAMU-FSU College of Engineering,,,,,,
US-PENNSYLVANIA-STATE-UNIVERSITY-D-COLLEGE-OF-ENGINEERING,US-PENNSYLVANIA-STATE-UNIVERSITY,dean,engineering,College of Engineering,,,,,,
US-STONY-BROOK-UNIVERSITY-D-COLLEGE-OF-ENGINEERING-AND-APPLIED-SCIENCES,US-STONY-BROOK-UNIVERSITY,dean,engineering,College of Engineering and Applied Sciences,,,,,,
US-WEST-VIRGINIA-UNIVERSITY-D-SCHOOL-OF-NURSING,US-WEST-VIRGINIA-UNIVERSITY,dean,nursing,School of Nursing,,,,,,
US-BOSTON-UNIVERSITY-D-SCHOOL-OF-PUBLIC-HEALTH,US-BOSTON-UNIVERSITY,dean,public_health,School of Public Health,,,,,,
US-WASHINGTON-UNIVERSITY-ST-LOUIS-D-COLLEGE-OF-ARTS-AND-SCIENCES,US-WASHINGTON-UNIVERSITY-ST-LOUIS,dean,arts_sciences,College of Arts and Sciences,,,,,,
US-HARVARD-UNIVERSITY-D-GRADUATE-SCHOOL-OF-DESIGN,US-HARVARD-UNIVERSITY,dean,creative_arts,Graduate School of Design,,,,,,
US-LOUISIANA-STATE-UNIVERSITY-D-MANSHIP-SCHOOL-OF-MASS-COMMUNICATION,US-LOUISIANA-STATE-UNIVERSITY,dean,creative_arts,Manship School of Mass Communication,,,,,,
US-UNIVERSITY-OF-TEXAS-AUSTIN-D-SCHOOL-OF-ARCHITECTURE,US-UNIVERSITY-OF-TEXAS-AUSTIN,dean,creative_arts,School of Architecture,,,,,,
US-VIRGINIA-TECH-D-COLLEGE-OF-NATURAL-RESOURCES-AND-ENVIRONMENT,US-VIRGINIA-TECH,dean,agriculture,College of Natural Resources and Environment,,,,,,
US-UNIVERSITY-OF-COLORADO-BOULDER-D-GRADUATE-SCHOOL,US-UNIVERSITY-OF-COLORADO-BOULDER,dean,graduate,Graduate School,,,,,,
US-UNIVERSITY-OF-MARYLAND-COLLEGE-PARK-D-ROBERT-H-SMITH-SCHOOL-OF-BUSINESS,US-UNIVERSITY-OF-MARYLAND-COLLEGE-PARK,dean,business,Robert H. Smith School of Business,,,,,,
US-APPALACHIAN-STATE-UNIVERSITY-CENTRAL,US-APPALACHIAN-STATE-UNIVERSITY,president,central,Office of the President,,,,1899,,
US-CLEVELAND-STATE-UNIVERSITY-CENTRAL,US-CLEVELAND-STATE-UNIVERSITY,president,central,Office of the President,,,,1964,,
US-DEPAUL-UNIVERSITY-CENTRAL,US-DEPAUL-UNIVERSITY,president,central,Office of the President,,,,1898,,
US-LAMAR-UNIVERSITY-CENTRAL,US-LAMAR-UNIVERSITY,president,central,Office of the President,,,,,,
US-STATE-UNIVERSITY-OF-NEW-YORK-UPSTATE-MEDICAL-UNIVERSITY-CENTRAL,US-STATE-UNIVERSITY-OF-NEW-YORK-UPSTATE-MEDICAL-UNIVERSITY,president,central,Office of the President,,,,1834,,
US-CITY-COLLEGE-OF-NEW-YORK-CENTRAL,US-CITY-COLLEGE-OF-NEW-YORK,president,central,Office of the President,,,,1847,,
US-UNIVERSITY-OF-COLORADO-COLORADO-SPRINGS-CENTRAL,US-UNIVERSITY-OF-COLORADO-COLORADO-SPRINGS,president,central,Office of the Chancellor,,,,1965,,
US-UNIVERSITY-OF-MASSACHUSETTS-DARTMOUTH-CENTRAL,US-UNIVERSITY-OF-MASSACHUSETTS-DARTMOUTH,president,central,Office of the Chancellor,,,,1895,,
US-UNIVERSITY-OF-MICHIGAN-DEARBORN-CENTRAL,US-UNIVERSITY-OF-MICHIGAN-DEARBORN,president,central,Office of the Chancellor,,,,1959,,
US-UNIVERSITY-OF-PUERTO-RICO-RIO-PIEDRAS-CENTRAL,US-UNIVERSITY-OF-PUERTO-RICO-RIO-PIEDRAS,president,central,Office of the Chancellor (Rectoría),,,,1903,,
US-VIRGINIA-STATE-UNIVERSITY-CENTRAL,US-VIRGINIA-STATE-UNIVERSITY,president,central,Office of the President,,,,1882,,
US-WICHITA-STATE-UNIVERSITY-CENTRAL,US-WICHITA-STATE-UNIVERSITY,president,central,Office of the President,,,,1895,,
US-FLORIDA-GULF-COAST-UNIVERSITY-CENTRAL,US-FLORIDA-GULF-COAST-UNIVERSITY,president,central,Office of the President,,,,,,
US-GWYNEDD-MERCY-UNIVERSITY-CENTRAL,US-GWYNEDD-MERCY-UNIVERSITY,president,central,Office of the President,,,,,,
US-MARYMOUNT-UNIVERSITY-CENTRAL,US-MARYMOUNT-UNIVERSITY,president,central,Office of the President,,,,,,
US-MISSOURI-STATE-UNIVERSITY-CENTRAL,US-MISSOURI-STATE-UNIVERSITY,president,central,Office of the President,,,,,,
US-REGENT-UNIVERSITY-CENTRAL,US-REGENT-UNIVERSITY,president,central,Office of the Chancellor,,,,,,
US-REGIS-UNIVERSITY-CENTRAL,US-REGIS-UNIVERSITY,president,central,Office of the President,,,,,,
US-UNIVERSIDAD-ANA-G-MENDEZ-GURABO-CAMPUS-CENTRAL,US-UNIVERSIDAD-ANA-G-MENDEZ-GURABO-CAMPUS,president,central,Office of the Rector,,,,,,
US-UNIVERSITY-OF-HAWAII-HILO-CENTRAL,US-UNIVERSITY-OF-HAWAII-HILO,president,central,Office of the Chancellor,,,,1970,,
US-UNIVERSITY-OF-LYNCHBURG-CENTRAL,US-UNIVERSITY-OF-LYNCHBURG,president,central,Office of the President,,,,,,
US-BINGHAMTON-UNIVERSITY-PROVOST,US-BINGHAMTON-UNIVERSITY,provost,central,Office of the Provost,,,,,,
US-UNIVERSITY-OF-CENTRAL-FLORIDA-PROVOST,US-UNIVERSITY-OF-CENTRAL-FLORIDA,provost,central,Office of the Provost and Academic Affairs,,,,,,
US-UNIVERSITY-OF-FLORIDA-PROVOST,US-UNIVERSITY-OF-FLORIDA,provost,central,Office of the Provost and Academic Affairs,,,,,,
US-UNIVERSITY-OF-KANSAS-PROVOST,US-UNIVERSITY-OF-KANSAS,provost,central,Office of the Provost,,,,,,
US-UNIVERSITY-OF-ARIZONA-PROVOST,US-UNIVERSITY-OF-ARIZONA,provost,central,Office of the Provost,,,,,,
US-GEORGETOWN-UNIVERSITY-D-MCDONOUGH-SCHOOL-OF-BUSINESS,US-GEORGETOWN-UNIVERSITY,dean,business,McDonough School of Business,,,,,,
US-NEW-YORK-UNIVERSITY-D-STERN-SCHOOL-OF-BUSINESS,US-NEW-YORK-UNIVERSITY,dean,business,Stern School of Business,,,,,,
US-OHIO-UNIVERSITY-D-COLLEGE-OF-BUSINESS,US-OHIO-UNIVERSITY,dean,business,College of Business,,,,,,
US-UNIVERSITY-OF-ARKANSAS-D-SAM-M-WALTON-COLLEGE-OF-BUSINESS,US-UNIVERSITY-OF-ARKANSAS,dean,business,Sam M. Walton College of Business,,,,,,
US-UNIVERSITY-OF-CHICAGO-D-BOOTH-SCHOOL-OF-BUSINESS,US-UNIVERSITY-OF-CHICAGO,dean,business,Booth School of Business,,,,,,
US-UNIVERSITY-OF-COLORADO-BOULDER-D-LEEDS-SCHOOL-OF-BUSINESS,US-UNIVERSITY-OF-COLORADO-BOULDER,dean,business,Leeds School of Business,,,,,,
US-UNIVERSITY-OF-NORTH-CAROLINA-D-KENAN-FLAGLER-BUSINESS-SCHOOL,US-UNIVERSITY-OF-NORTH-CAROLINA,dean,business,Kenan-Flagler Business School,,,,,,
US-UNIVERSITY-OF-OKLAHOMA-D-PRICE-COLLEGE-OF-BUSINESS,US-UNIVERSITY-OF-OKLAHOMA,dean,business,Price College of Business,,,,,,
US-UNIVERSITY-OF-SOUTHERN-CALIFORNIA-D-MARSHALL-SCHOOL-OF-BUSINESS,US-UNIVERSITY-OF-SOUTHERN-CALIFORNIA,dean,business,Marshall School of Business,,,,,,
US-UNIVERSITY-OF-VIRGINIA-D-DARDEN-SCHOOL-OF-BUSINESS,US-UNIVERSITY-OF-VIRGINIA,dean,business,Darden School of Business,,,,,,
US-UNIVERSITY-OF-ILLINOIS-URBANA-CHAMPAIGN-D-UNIVERSITY-OF-ILLINOIS-COLLEGE-OF-LAW,US-UNIVERSITY-OF-ILLINOIS-URBANA-CHAMPAIGN,dean,law,University of Illinois College of Law,,,,,,
US-UNIVERSITY-OF-MEMPHIS-D-UNIVERSITY-OF-MEMPHIS-CECIL-C-HUMPHREYS-SCHOOL-O,US-UNIVERSITY-OF-MEMPHIS,dean,law,University of Memphis Cecil C. Humphreys School of Law,,,,,,
US-UNIVERSITY-OF-ARIZONA-D-COLLEGE-OF-ENGINEERING,US-UNIVERSITY-OF-ARIZONA,dean,engineering,College of Engineering,,,,,,
US-UNIVERSITY-OF-CENTRAL-FLORIDA-D-COLLEGE-OF-ENGINEERING-AND-COMPUTER-SCIENCE,US-UNIVERSITY-OF-CENTRAL-FLORIDA,dean,engineering,College of Engineering and Computer Science,,,,,,
US-UNIVERSITY-OF-MASSACHUSETTS-AMHERST-D-COLLEGE-OF-ENGINEERING,US-UNIVERSITY-OF-MASSACHUSETTS-AMHERST,dean,engineering,College of Engineering,,,,,,
US-UNIVERSITY-OF-SOUTH-FLORIDA-D-COLLEGE-OF-ENGINEERING,US-UNIVERSITY-OF-SOUTH-FLORIDA,dean,engineering,College of Engineering,,,,,,
US-MARQUETTE-UNIVERSITY-D-COLLEGE-OF-NURSING,US-MARQUETTE-UNIVERSITY,dean,nursing,College of Nursing,,,,1881,,
US-TOURO-UNIVERSITY-D-GRADUATE-SCHOOL-OF-EDUCATION,US-TOURO-UNIVERSITY,dean,education,Graduate School of Education,,,,1970,,
US-CASE-WESTERN-RESERVE-UNIVERSITY-D-COLLEGE-OF-ARTS-AND-SCIENCES,US-CASE-WESTERN-RESERVE-UNIVERSITY,dean,arts_sciences,College of Arts and Sciences,,,,,,
US-UNIVERSITY-OF-WISCONSIN-MADISON-D-COLLEGE-OF-LETTERS-AND-SCIENCE,US-UNIVERSITY-OF-WISCONSIN-MADISON,dean,arts_sciences,College of Letters & Science,,,,,,
US-UNIVERSITY-OF-ARIZONA-D-COLLEGE-OF-HUMANITIES,US-UNIVERSITY-OF-ARIZONA,dean,arts_sciences,College of Humanities,,,,,,
US-UNIVERSITY-OF-ARIZONA-D-COLLEGE-OF-SCIENCE,US-UNIVERSITY-OF-ARIZONA,dean,arts_sciences,College of Science,,,,,,
US-CARNEGIE-MELLON-UNIVERSITY-D-COLLEGE-OF-FINE-ARTS,US-CARNEGIE-MELLON-UNIVERSITY,dean,creative_arts,College of Fine Arts,,,,,,
US-UNIVERSITY-OF-COLORADO-BOULDER-D-COLLEGE-OF-MUSIC,US-UNIVERSITY-OF-COLORADO-BOULDER,dean,creative_arts,College of Music,,,,,,
US-UNIVERSITY-OF-TEXAS-AUSTIN-D-MOODY-COLLEGE-OF-COMMUNICATION,US-UNIVERSITY-OF-TEXAS-AUSTIN,dean,creative_arts,Moody College of Communication,,,,,,
US-VANDERBILT-UNIVERSITY-D-BLAIR-SCHOOL-OF-MUSIC,US-VANDERBILT-UNIVERSITY,dean,creative_arts,Blair School of Music,,,,,,
US-UNIVERSITY-OF-CONNECTICUT-D-COLLEGE-OF-AGRICULTURE-HEALTH-AND-NATURAL-RESOUR,US-UNIVERSITY-OF-CONNECTICUT,dean,agriculture,"College of Agriculture, Health and Natural Resources",,,,,,
US-INDIANA-UNIVERSITY-BLOOMINGTON-D-KELLEY-SCHOOL-OF-BUSINESS,US-INDIANA-UNIVERSITY-BLOOMINGTON,dean,business,Kelley School of Business,,,,,,
US-AUBURN-UNIVERSITY-D-HARBERT-COLLEGE-OF-BUSINESS,US-AUBURN-UNIVERSITY,dean,business,Harbert College of Business,,,,,,
US-MASSACHUSETTS-INSTITUTE-OF-TECHNOLOGY-D-SLOAN-SCHOOL-OF-MANAGEMENT,US-MASSACHUSETTS-INSTITUTE-OF-TECHNOLOGY,dean,business,Sloan School of Management,,,,,,
US-CALIFORNIA-STATE-UNIVERSITY-LONG-BEACH-CENTRAL,US-CALIFORNIA-STATE-UNIVERSITY-LONG-BEACH,president,central,Office of the President,,,,1949,,
US-LOUISIANA-STATE-UNIVERSITY-HEALTH-SCIENCES-CENTER-NEW-ORLEANS-CENTRAL,US-LOUISIANA-STATE-UNIVERSITY-HEALTH-SCIENCES-CENTER-NEW-ORLEANS,president,central,Office of the President,,,,1931,,
US-PRAIRIE-VIEW-A-AND-M-UNIVERSITY-CENTRAL,US-PRAIRIE-VIEW-A-AND-M-UNIVERSITY,president,central,Office of the President,,,,1876,,
US-TEACHERS-COLLEGE-COLUMBIA-UNIVERSITY-CENTRAL,US-TEACHERS-COLLEGE-COLUMBIA-UNIVERSITY,president,central,Office of the President,,,,1887,,
US-UNIVERSITY-OF-PUERTO-RICO-MAYAGUEZ-CENTRAL,US-UNIVERSITY-OF-PUERTO-RICO-MAYAGUEZ,president,central,Office of the Chancellor (Rectoria),,,,1911,,
US-WRIGHT-STATE-UNIVERSITY-CENTRAL,US-WRIGHT-STATE-UNIVERSITY,president,central,Office of the President,,,,1967,,
US-ALABAMA-STATE-UNIVERSITY-CENTRAL,US-ALABAMA-STATE-UNIVERSITY,president,central,Office of the President,,,,1867,,
US-ANDREWS-UNIVERSITY-CENTRAL,US-ANDREWS-UNIVERSITY,president,central,Office of the President,,,,,,
US-FERRIS-STATE-UNIVERSITY-CENTRAL,US-FERRIS-STATE-UNIVERSITY,president,central,Office of the President,,,,,,
US-MISSISSIPPI-COLLEGE-CENTRAL,US-MISSISSIPPI-COLLEGE,president,central,Office of the President,,,,,,
US-SOUTHERN-ILLINOIS-UNIVERSITY-EDWARDSVILLE-CENTRAL,US-SOUTHERN-ILLINOIS-UNIVERSITY-EDWARDSVILLE,president,central,Office of the President,,,,,,
US-ST-THOMAS-UNIVERSITY-CENTRAL,US-ST-THOMAS-UNIVERSITY,president,central,Office of the President,,,,1961,,
US-UNIVERSITY-OF-MICHIGAN-FLINT-CENTRAL,US-UNIVERSITY-OF-MICHIGAN-FLINT,president,central,Office of the Chancellor,,,,,,
US-UNIVERSITY-OF-WEST-GEORGIA-CENTRAL,US-UNIVERSITY-OF-WEST-GEORGIA,president,central,Office of the President,,,,,,
US-MIAMI-UNIVERSITY-PROVOST,US-MIAMI-UNIVERSITY,provost,central,Office of the Provost / Academic Affairs,,,,1809,,
US-MISSISSIPPI-STATE-UNIVERSITY-PROVOST,US-MISSISSIPPI-STATE-UNIVERSITY,provost,central,Office of the Provost and Executive Vice President,,,,,,
US-OKLAHOMA-STATE-UNIVERSITY-PROVOST,US-OKLAHOMA-STATE-UNIVERSITY,provost,central,Office of the Provost and Senior Vice President (Academic Affairs),,,,,,
US-UNIVERSITY-OF-CALIFORNIA-BERKELEY-PROVOST,US-UNIVERSITY-OF-CALIFORNIA-BERKELEY,provost,central,Office of the Executive Vice Chancellor and Provost,,,,,,
US-UNIVERSITY-OF-CALIFORNIA-RIVERSIDE-PROVOST,US-UNIVERSITY-OF-CALIFORNIA-RIVERSIDE,provost,central,Office of the Provost,,,,,,
US-UNIVERSITY-OF-MARYLAND-BALTIMORE-COUNTY-PROVOST,US-UNIVERSITY-OF-MARYLAND-BALTIMORE-COUNTY,provost,central,Office of the Provost and Senior Vice President for Academic Affairs,,,,,,
US-UNIVERSITY-OF-MASSACHUSETTS-AMHERST-PROVOST,US-UNIVERSITY-OF-MASSACHUSETTS-AMHERST,provost,central,Office of the Provost,,,,,,
US-UNIVERSITY-OF-VIRGINIA-PROVOST,US-UNIVERSITY-OF-VIRGINIA,provost,central,Office of the Executive Vice President and Provost,,,,,,
US-UNIVERSITY-OF-WASHINGTON-PROVOST,US-UNIVERSITY-OF-WASHINGTON,provost,central,Office of the Provost,,,,,,
US-BRANDEIS-UNIVERSITY-D-INTERNATIONAL-BUSINESS-SCHOOL,US-BRANDEIS-UNIVERSITY,dean,business,International Business School,,,,,,
US-IOWA-STATE-UNIVERSITY-D-IVY-COLLEGE-OF-BUSINESS,US-IOWA-STATE-UNIVERSITY,dean,business,Ivy College of Business,,,,,,
US-MICHIGAN-STATE-UNIVERSITY-D-BROAD-COLLEGE-OF-BUSINESS,US-MICHIGAN-STATE-UNIVERSITY,dean,business,Broad College of Business,,,,,,
US-NORTHEASTERN-UNIVERSITY-D-D-AMORE-MCKIM-SCHOOL-OF-BUSINESS,US-NORTHEASTERN-UNIVERSITY,dean,business,D'Amore-McKim School of Business,,,,,,
US-PEPPERDINE-UNIVERSITY-D-GRAZIADIO-BUSINESS-SCHOOL,US-PEPPERDINE-UNIVERSITY,dean,business,Graziadio Business School,,,,,,
US-UNIVERSITY-BUFFALO-D-SCHOOL-OF-MANAGEMENT,US-UNIVERSITY-BUFFALO,dean,business,School of Management,,,,,,
US-UNIVERSITY-OF-CINCINNATI-D-CARL-H-LINDNER-COLLEGE-OF-BUSINESS,US-UNIVERSITY-OF-CINCINNATI,dean,business,Carl H. Lindner College of Business,,,,,,
US-UNIVERSITY-OF-IOWA-D-TIPPIE-COLLEGE-OF-BUSINESS,US-UNIVERSITY-OF-IOWA,dean,business,Tippie College of Business,,,,,,
US-UNIVERSITY-OF-UTAH-D-DAVID-ECCLES-SCHOOL-OF-BUSINESS,US-UNIVERSITY-OF-UTAH,dean,business,David Eccles School of Business,,,,,,
US-UNIVERSITY-OF-WASHINGTON-D-FOSTER-SCHOOL-OF-BUSINESS,US-UNIVERSITY-OF-WASHINGTON,dean,business,Foster School of Business,,,,,,
US-WASHINGTON-UNIVERSITY-ST-LOUIS-D-OLIN-BUSINESS-SCHOOL,US-WASHINGTON-UNIVERSITY-ST-LOUIS,dean,business,Olin Business School,,,,,,
US-VIRGINIA-COMMONWEALTH-UNIVERSITY-D-VIRGINIA-COMMONWEALTH-UNIVERSITY-SCHOOL-OF-MEDIC,US-VIRGINIA-COMMONWEALTH-UNIVERSITY,dean,medicine,Virginia Commonwealth University School of Medicine (Medical College of Virginia),,,,,,
US-RENSSELAER-POLYTECHNIC-INSTITUTE-D-SCHOOL-OF-ENGINEERING,US-RENSSELAER-POLYTECHNIC-INSTITUTE,dean,engineering,School of Engineering,,,,,,
US-TUFTS-UNIVERSITY-D-SCHOOL-OF-ENGINEERING,US-TUFTS-UNIVERSITY,dean,engineering,School of Engineering,,,,,,
US-UNIVERSITY-OF-COLORADO-BOULDER-D-COLLEGE-OF-ENGINEERING-AND-APPLIED-SCIENCE,US-UNIVERSITY-OF-COLORADO-BOULDER,dean,engineering,College of Engineering and Applied Science,,,,,,
US-YALE-UNIVERSITY-D-SCHOOL-OF-ENGINEERING-AND-APPLIED-SCIENCE,US-YALE-UNIVERSITY,dean,engineering,School of Engineering and Applied Science,,,,,,
US-SOUTH-DAKOTA-STATE-UNIVERSITY-D-COLLEGE-OF-NURSING,US-SOUTH-DAKOTA-STATE-UNIVERSITY,dean,nursing,College of Nursing,,,,1881,,
US-UNIVERSITY-OF-ILLINOIS-CHICAGO-D-SCHOOL-OF-PUBLIC-HEALTH,US-UNIVERSITY-OF-ILLINOIS-CHICAGO,dean,public_health,School of Public Health,,,,,,
US-UNIVERSITY-OF-CALIFORNIA-SANTA-BARBARA-D-GEVIRTZ-GRADUATE-SCHOOL-OF-EDUCATION,US-UNIVERSITY-OF-CALIFORNIA-SANTA-BARBARA,dean,education,Gevirtz Graduate School of Education,,,,,,
US-AUBURN-UNIVERSITY-D-COLLEGE-OF-SCIENCES-AND-MATHEMATICS,US-AUBURN-UNIVERSITY,dean,arts_sciences,College of Sciences and Mathematics,,,,,,
US-GEORGIA-INSTITUTE-OF-TECHNOLOGY-D-COLLEGE-OF-SCIENCES,US-GEORGIA-INSTITUTE-OF-TECHNOLOGY,dean,arts_sciences,College of Sciences,,,,,,
US-UNIVERSITY-OF-TEXAS-AUSTIN-D-COLLEGE-OF-NATURAL-SCIENCES,US-UNIVERSITY-OF-TEXAS-AUSTIN,dean,arts_sciences,College of Natural Sciences,,,,,,
US-UNIVERSITY-OF-KANSAS-D-SCHOOL-OF-ARCHITECTURE-AND-DESIGN,US-UNIVERSITY-OF-KANSAS,dean,creative_arts,School of Architecture and Design,,,,,,
US-UNIVERSITY-OF-TENNESSEE-KNOXVILLE-D-COLLEGE-OF-ARCHITECTURE-AND-DESIGN,US-UNIVERSITY-OF-TENNESSEE-KNOXVILLE,dean,creative_arts,College of Architecture and Design,,,,,,
US-SOUTH-DAKOTA-STATE-UNIVERSITY-D-COLLEGE-OF-PHARMACY-AND-ALLIED-HEALTH-PROFESSION,US-SOUTH-DAKOTA-STATE-UNIVERSITY,dean,pharmacy,College of Pharmacy and Allied Health Professions,,,,1881,,
US-TEXAS-TECH-UNIVERSITY-HEALTH-SCIENCES-CENTER-D-JERRY-H-HODGE-SCHOOL-OF-PHARMACY,US-TEXAS-TECH-UNIVERSITY-HEALTH-SCIENCES-CENTER,dean,pharmacy,Jerry H. Hodge School of Pharmacy,,,,1969,,
US-WILKES-UNIVERSITY-D-NESBITT-SCHOOL-OF-PHARMACY,US-WILKES-UNIVERSITY,dean,pharmacy,Nesbitt School of Pharmacy,,,,,,
US-BOWLING-GREEN-STATE-UNIVERSITY-CENTRAL,US-BOWLING-GREEN-STATE-UNIVERSITY,president,central,Office of the President,,,,1910,,
US-CLARKSON-UNIVERSITY-CENTRAL,US-CLARKSON-UNIVERSITY,president,central,Office of the President,,,,1896,,
US-HUNTER-COLLEGE-CENTRAL,US-HUNTER-COLLEGE,president,central,Office of the President,,,,1870,,
US-ILLINOIS-STATE-UNIVERSITY-CENTRAL,US-ILLINOIS-STATE-UNIVERSITY,president,central,Office of the President,,,,1857,,
US-OAKLAND-UNIVERSITY-CENTRAL,US-OAKLAND-UNIVERSITY,president,central,Office of the President,,,,1957,,
US-SAM-HOUSTON-STATE-UNIVERSITY-CENTRAL,US-SAM-HOUSTON-STATE-UNIVERSITY,president,central,Office of the President,,,,1879,,
US-SAN-JOSE-STATE-UNIVERSITY-CENTRAL,US-SAN-JOSE-STATE-UNIVERSITY,president,central,Office of the President,,,,1857,,
US-SETON-HALL-UNIVERSITY-CENTRAL,US-SETON-HALL-UNIVERSITY,president,central,Office of the President,,,,1856,,
US-SOUTH-CAROLINA-STATE-UNIVERSITY-CENTRAL,US-SOUTH-CAROLINA-STATE-UNIVERSITY,president,central,Office of the President,,,,1896,,
US-TEXAS-SOUTHERN-UNIVERSITY-CENTRAL,US-TEXAS-SOUTHERN-UNIVERSITY,president,central,Office of the President,,,,1927,,
US-UNIVERSITY-OF-NEW-ENGLAND-CENTRAL,US-UNIVERSITY-OF-NEW-ENGLAND,president,central,Office of the President,,,,1831,,
US-UNIVERSITY-OF-NORTH-CAROLINA-GREENSBORO-CENTRAL,US-UNIVERSITY-OF-NORTH-CAROLINA-GREENSBORO,president,central,Office of the Chancellor,,,,1891,,
US-UNIVERSITY-OF-OKLAHOMA-HEALTH-SCIENCES-CENTER-CENTRAL,US-UNIVERSITY-OF-OKLAHOMA-HEALTH-SCIENCES-CENTER,president,central,Office of the Senior Vice President and Provost,,,,1910,,
US-UNIVERSITY-OF-SAN-DIEGO-CENTRAL,US-UNIVERSITY-OF-SAN-DIEGO,president,central,Office of the President,,,,1949,,
US-CAPELLA-UNIVERSITY-CENTRAL,US-CAPELLA-UNIVERSITY,president,central,Office of the President,,,,1993,,
US-LOYOLA-UNIVERSITY-NEW-ORLEANS-CENTRAL,US-LOYOLA-UNIVERSITY-NEW-ORLEANS,president,central,Office of the President,,,,,,
US-MISERICORDIA-UNIVERSITY-CENTRAL,US-MISERICORDIA-UNIVERSITY,president,central,Office of the President,,,,,,
US-PACIFIC-UNIVERSITY-CENTRAL,US-PACIFIC-UNIVERSITY,president,central,Office of the President,,,,,,
US-POINT-PARK-UNIVERSITY-CENTRAL,US-POINT-PARK-UNIVERSITY,president,central,Office of the President,,,,,,
US-RADFORD-UNIVERSITY-CENTRAL,US-RADFORD-UNIVERSITY,president,central,Office of the President,,,,,,
US-SIMMONS-UNIVERSITY-CENTRAL,US-SIMMONS-UNIVERSITY,president,central,Office of the President,,,,1899,,
US-TRINITY-INTERNATIONAL-UNIVERSITY-ILLINOIS-CENTRAL,US-TRINITY-INTERNATIONAL-UNIVERSITY-ILLINOIS,president,central,Office of the President,,,,,,
US-UNIVERSITY-OF-BRIDGEPORT-CENTRAL,US-UNIVERSITY-OF-BRIDGEPORT,president,central,Office of the President,,,,,,
US-UNIVERSITY-OF-HOUSTON-CLEAR-LAKE-CENTRAL,US-UNIVERSITY-OF-HOUSTON-CLEAR-LAKE,president,central,Office of the President,,,,1971,,
US-UNIVERSITY-OF-ST-FRANCIS-CENTRAL,US-UNIVERSITY-OF-ST-FRANCIS,president,central,Office of the President,,,,,,
US-UNIVERSITY-OF-THE-PACIFIC-CENTRAL,US-UNIVERSITY-OF-THE-PACIFIC,president,central,Office of the President,,,,,,
US-UNIVERSITY-OF-THE-SCIENCES-CENTRAL,US-UNIVERSITY-OF-THE-SCIENCES,president,central,Office of the President,,,,,,
US-WESTERN-CAROLINA-UNIVERSITY-CENTRAL,US-WESTERN-CAROLINA-UNIVERSITY,president,central,Office of the Chancellor,,,,,,
US-WINSTON-SALEM-STATE-UNIVERSITY-CENTRAL,US-WINSTON-SALEM-STATE-UNIVERSITY,president,central,Office of the Chancellor,,,,,,
US-UNIVERSITY-BUFFALO-PROVOST,US-UNIVERSITY-BUFFALO,provost,central,Office of the Provost,,,,,,
US-UNIVERSITY-OF-CONNECTICUT-PROVOST,US-UNIVERSITY-OF-CONNECTICUT,provost,central,Office of the Provost,,,,,,
US-UNIVERSITY-OF-OKLAHOMA-PROVOST,US-UNIVERSITY-OF-OKLAHOMA,provost,central,Office of the Senior Vice President and Provost (Norman Campus),,,,,,
US-CUNY-BARUCH-COLLEGE-D-ZICKLIN-SCHOOL-OF-BUSINESS,US-CUNY-BARUCH-COLLEGE,dean,business,Zicklin School of Business,,,,,,
US-OKLAHOMA-STATE-UNIVERSITY-D-SPEARS-SCHOOL-OF-BUSINESS,US-OKLAHOMA-STATE-UNIVERSITY,dean,business,Spears School of Business,,,,,,
US-UNIVERSITY-OF-KANSAS-D-SCHOOL-OF-BUSINESS,US-UNIVERSITY-OF-KANSAS,dean,business,School of Business,,,,,,
US-UNIVERSITY-OF-NEVADA-RENO-D-COLLEGE-OF-BUSINESS,US-UNIVERSITY-OF-NEVADA-RENO,dean,business,College of Business,,,,,,
US-UNIVERSITY-OF-TEXAS-AUSTIN-D-MCCOMBS-SCHOOL-OF-BUSINESS,US-UNIVERSITY-OF-TEXAS-AUSTIN,dean,business,McCombs School of Business,,,,,,
US-BAYLOR-UNIVERSITY-D-SCHOOL-OF-ENGINEERING-AND-COMPUTER-SCIENCE,US-BAYLOR-UNIVERSITY,dean,engineering,School of Engineering and Computer Science,,,,,,
US-PURDUE-UNIVERSITY-D-COLLEGE-OF-ENGINEERING,US-PURDUE-UNIVERSITY,dean,engineering,College of Engineering,,,,,,
US-UNIVERSITY-OF-MINNESOTA-TWIN-CITIES-D-COLLEGE-OF-SCIENCE-AND-ENGINEERING,US-UNIVERSITY-OF-MINNESOTA-TWIN-CITIES,dean,engineering,College of Science and Engineering,,,,,,
US-UNIVERSITY-OF-MISSISSIPPI-D-SCHOOL-OF-ENGINEERING,US-UNIVERSITY-OF-MISSISSIPPI,dean,engineering,School of Engineering,,,,,,
US-UNIVERSITY-OF-NEVADA-RENO-D-COLLEGE-OF-ENGINEERING,US-UNIVERSITY-OF-NEVADA-RENO,dean,engineering,College of Engineering,,,,,,
US-VIRGINIA-COMMONWEALTH-UNIVERSITY-D-COLLEGE-OF-ENGINEERING,US-VIRGINIA-COMMONWEALTH-UNIVERSITY,dean,engineering,College of Engineering,,,,,,
US-WASHINGTON-STATE-UNIVERSITY-D-VOILAND-COLLEGE-OF-ENGINEERING-AND-ARCHITECTURE,US-WASHINGTON-STATE-UNIVERSITY,dean,engineering,Voiland College of Engineering and Architecture,,,,,,
US-UNIVERSITY-OF-RHODE-ISLAND-D-COLLEGE-OF-NURSING,US-UNIVERSITY-OF-RHODE-ISLAND,dean,nursing,College of Nursing,,,,,,
US-UNIVERSITY-OF-FLORIDA-D-COLLEGE-OF-PUBLIC-HEALTH-AND-HEALTH-PROFESSIONS,US-UNIVERSITY-OF-FLORIDA,dean,public_health,College of Public Health and Health Professions,,,,,,
US-UNIVERSITY-OF-MICHIGAN-D-SCHOOL-OF-PUBLIC-HEALTH,US-UNIVERSITY-OF-MICHIGAN,dean,public_health,School of Public Health,,,,,,
US-UNIVERSITY-OF-SOUTH-FLORIDA-D-COLLEGE-OF-PUBLIC-HEALTH,US-UNIVERSITY-OF-SOUTH-FLORIDA,dean,public_health,College of Public Health,,,,,,
US-YALE-UNIVERSITY-D-SCHOOL-OF-PUBLIC-HEALTH,US-YALE-UNIVERSITY,dean,public_health,School of Public Health,,,,,,
US-APPALACHIAN-STATE-UNIVERSITY-D-REICH-COLLEGE-OF-EDUCATION,US-APPALACHIAN-STATE-UNIVERSITY,dean,education,Reich College of Education,,,,1899,,
US-GEORGE-WASHINGTON-UNIVERSITY-D-GRADUATE-SCHOOL-OF-EDUCATION-AND-HUMAN-DEVELOPME,US-GEORGE-WASHINGTON-UNIVERSITY,dean,education,Graduate School of Education and Human Development (GSEHD),,,,,,
US-UNIVERSITY-OF-PENNSYLVANIA-D-GRADUATE-SCHOOL-OF-EDUCATION,US-UNIVERSITY-OF-PENNSYLVANIA,dean,education,Graduate School of Education (Penn GSE),,,,,,
US-CORNELL-UNIVERSITY-D-COLLEGE-OF-ARTS-AND-SCIENCES,US-CORNELL-UNIVERSITY,dean,arts_sciences,College of Arts and Sciences,,,,,,
US-DUKE-UNIVERSITY-D-TRINITY-COLLEGE-OF-ARTS-AND-SCIENCES,US-DUKE-UNIVERSITY,dean,arts_sciences,Trinity College of Arts and Sciences,,,,,,
US-UNIVERSITY-OF-MINNESOTA-TWIN-CITIES-D-COLLEGE-OF-BIOLOGICAL-SCIENCES,US-UNIVERSITY-OF-MINNESOTA-TWIN-CITIES,dean,arts_sciences,College of Biological Sciences,,,,,,
US-WAKE-FOREST-UNIVERSITY-D-WAKE-FOREST-COLLEGE,US-WAKE-FOREST-UNIVERSITY,dean,arts_sciences,Wake Forest College (College and Graduate School of Arts & Sciences),,,,1834,,
US-DEPAUL-UNIVERSITY-D-SCHOOL-OF-MUSIC,US-DEPAUL-UNIVERSITY,dean,creative_arts,School of Music,,,,1898,,
US-UNIVERSITY-OF-NEVADA-LAS-VEGAS-D-COLLEGE-OF-FINE-ARTS,US-UNIVERSITY-OF-NEVADA-LAS-VEGAS,dean,creative_arts,College of Fine Arts,,,,,,
US-UNIVERSITY-OF-SOUTHERN-CALIFORNIA-D-ROSKI-SCHOOL-OF-ART-AND-DESIGN,US-UNIVERSITY-OF-SOUTHERN-CALIFORNIA,dean,creative_arts,Roski School of Art and Design,,,,,,
US-YALE-UNIVERSITY-D-SCHOOL-OF-MUSIC,US-YALE-UNIVERSITY,dean,creative_arts,School of Music,,,,,,
US-SHENANDOAH-UNIVERSITY-D-BERNARD-J-DUNN-SCHOOL-OF-PHARMACY,US-SHENANDOAH-UNIVERSITY,dean,pharmacy,Bernard J. Dunn School of Pharmacy,,,,1875,,
US-UNIVERSITY-OF-SOUTHERN-CALIFORNIA-D-ALFRED-E-MANN-SCHOOL-OF-PHARMACY-AND-PHARMACEUTI,US-UNIVERSITY-OF-SOUTHERN-CALIFORNIA,dean,pharmacy,Alfred E. Mann School of Pharmacy and Pharmaceutical Sciences,,,,,,
US-ARIZONA-STATE-UNIVERSITY-D-GRADUATE-COLLEGE,US-ARIZONA-STATE-UNIVERSITY,dean,graduate,Graduate College,,,,,,
US-UNIVERSITY-OF-ARIZONA-D-GRADUATE-COLLEGE,US-UNIVERSITY-OF-ARIZONA,dean,graduate,Graduate College,,,,,,
US-LOYOLA-UNIVERSITY-MARYLAND-D-SELLINGER-SCHOOL-OF-BUSINESS-AND-MANAGEMENT,US-LOYOLA-UNIVERSITY-MARYLAND,dean,business,Sellinger School of Business and Management,,,,,,
US-HARVARD-UNIVERSITY-D-HARVARD-BUSINESS-SCHOOL,US-HARVARD-UNIVERSITY,dean,business,Harvard Business School,,,,,,
US-KEAN-UNIVERSITY-CENTRAL,US-KEAN-UNIVERSITY,president,central,Office of the President,,,,,,
US-MARQUETTE-UNIVERSITY-CENTRAL,US-MARQUETTE-UNIVERSITY,president,central,Office of the President,,,,1881,,
US-TEXAS-TECH-UNIVERSITY-HEALTH-SCIENCES-CENTER-CENTRAL,US-TEXAS-TECH-UNIVERSITY-HEALTH-SCIENCES-CENTER,president,central,Office of the President,,,,1969,,
US-UNIVERSITY-OF-AKRON-CENTRAL,US-UNIVERSITY-OF-AKRON,president,central,Office of the President,,,,1870,,
US-BELHAVEN-UNIVERSITY-CENTRAL,US-BELHAVEN-UNIVERSITY,president,central,Office of the President,,,,,,
US-CITY-UNIVERSITY-OF-SEATTLE-CENTRAL,US-CITY-UNIVERSITY-OF-SEATTLE,president,central,Office of the President,,,,1973,,
US-COLORADO-TECHNICAL-UNIVERSITY-COLORADO-SPRINGS-CENTRAL,US-COLORADO-TECHNICAL-UNIVERSITY-COLORADO-SPRINGS,president,central,Office of the President,,,,1965,,
US-GONZAGA-UNIVERSITY-CENTRAL,US-GONZAGA-UNIVERSITY,president,central,Office of the President,,,,,,
US-NORTHCENTRAL-UNIVERSITY-CENTRAL,US-NORTHCENTRAL-UNIVERSITY,president,central,Office of the President,,,,1996,,
US-SEATTLE-PACIFIC-UNIVERSITY-CENTRAL,US-SEATTLE-PACIFIC-UNIVERSITY,president,central,Office of the President,,,,,,
US-ST-JOHN-FISHER-UNIVERSITY-CENTRAL,US-ST-JOHN-FISHER-UNIVERSITY,president,central,Office of the President,,,,,,
US-WESTERN-NEW-ENGLAND-UNIVERSITY-CENTRAL,US-WESTERN-NEW-ENGLAND-UNIVERSITY,president,central,Office of the President,,,,,,
US-WIDENER-UNIVERSITY-CENTRAL,US-WIDENER-UNIVERSITY,president,central,Office of the President,,,,,,
US-UNIVERSITY-OF-MISSISSIPPI-PROVOST,US-UNIVERSITY-OF-MISSISSIPPI,provost,central,Office of the Provost,,,,,,
US-UNIVERSITY-OF-NEW-MEXICO-PROVOST,US-UNIVERSITY-OF-NEW-MEXICO,provost,central,Office of the Provost,,,,,,
US-CARNEGIE-MELLON-UNIVERSITY-D-TEPPER-SCHOOL-OF-BUSINESS,US-CARNEGIE-MELLON-UNIVERSITY,dean,business,Tepper School of Business,,,,,,
US-TEMPLE-UNIVERSITY-D-FOX-SCHOOL-OF-BUSINESS,US-TEMPLE-UNIVERSITY,dean,business,Fox School of Business,,,,,,
US-UNIVERSITY-OF-TEXAS-DALLAS-D-NAVEEN-JINDAL-SCHOOL-OF-MANAGEMENT,US-UNIVERSITY-OF-TEXAS-DALLAS,dean,business,Naveen Jindal School of Management,,,,,,
US-UNIVERSITY-OF-OKLAHOMA-D-UNIVERSITY-OF-OKLAHOMA-COLLEGE-OF-LAW,US-UNIVERSITY-OF-OKLAHOMA,dean,law,University of Oklahoma College of Law,,,,,,
US-INDIANA-UNIVERSITY-INDIANAPOLIS-D-PURDUE-SCHOOL-OF-ENGINEERING-AND-TECHNOLOGY,US-INDIANA-UNIVERSITY-INDIANAPOLIS,dean,engineering,Purdue School of Engineering and Technology,,,,,,
US-MISSISSIPPI-STATE-UNIVERSITY-D-BAGLEY-COLLEGE-OF-ENGINEERING,US-MISSISSIPPI-STATE-UNIVERSITY,dean,engineering,Bagley College of Engineering,,,,,,
US-UNIVERSITY-OF-PITTSBURGH-D-SWANSON-SCHOOL-OF-ENGINEERING,US-UNIVERSITY-OF-PITTSBURGH,dean,engineering,Swanson School of Engineering,,,,,,
US-ARKANSAS-STATE-UNIVERSITY-D-COLLEGE-OF-NURSING-AND-HEALTH-PROFESSIONS,US-ARKANSAS-STATE-UNIVERSITY,dean,nursing,College of Nursing and Health Professions,,,,1909,,
US-UNIVERSITY-OF-MINNESOTA-TWIN-CITIES-D-SCHOOL-OF-PUBLIC-HEALTH,US-UNIVERSITY-OF-MINNESOTA-TWIN-CITIES,dean,public_health,School of Public Health,,,,,,
US-BOSTON-COLLEGE-D-LYNCH-SCHOOL-OF-EDUCATION-AND-HUMAN-DEVELOPMENT,US-BOSTON-COLLEGE,dean,education,Lynch School of Education and Human Development,,,,,,
US-BRIGHAM-YOUNG-UNIVERSITY-D-DAVID-O-MCKAY-SCHOOL-OF-EDUCATION,US-BRIGHAM-YOUNG-UNIVERSITY,dean,education,David O. McKay School of Education,,,,,,
US-LEHIGH-UNIVERSITY-D-COLLEGE-OF-EDUCATION,US-LEHIGH-UNIVERSITY,dean,education,College of Education,,,,,,
US-MERCER-UNIVERSITY-D-TIFT-COLLEGE-OF-EDUCATION,US-MERCER-UNIVERSITY,dean,education,Tift College of Education,,,,1833,,
US-MICHIGAN-STATE-UNIVERSITY-D-COLLEGE-OF-NATURAL-SCIENCE,US-MICHIGAN-STATE-UNIVERSITY,dean,arts_sciences,College of Natural Science,,,,,,
US-UNIVERSITY-OF-CONNECTICUT-D-COLLEGE-OF-LIBERAL-ARTS-AND-SCIENCES,US-UNIVERSITY-OF-CONNECTICUT,dean,arts_sciences,College of Liberal Arts and Sciences,,,,,,
US-UNIVERSITY-OF-MINNESOTA-TWIN-CITIES-D-COLLEGE-OF-LIBERAL-ARTS,US-UNIVERSITY-OF-MINNESOTA-TWIN-CITIES,dean,arts_sciences,College of Liberal Arts,,,,,,
US-UNIVERSITY-OF-TENNESSEE-KNOXVILLE-D-COLLEGE-OF-ARTS-AND-SCIENCES,US-UNIVERSITY-OF-TENNESSEE-KNOXVILLE,dean,arts_sciences,College of Arts and Sciences,,,,,,
US-CHAPMAN-UNIVERSITY-D-DODGE-COLLEGE-OF-FILM-AND-MEDIA-ARTS,US-CHAPMAN-UNIVERSITY,dean,creative_arts,Dodge College of Film and Media Arts,,,,1861,,
US-UNIVERSITY-OF-ALABAMA-D-COLLEGE-OF-COMMUNICATION-AND-INFORMATION-SCIENCE,US-UNIVERSITY-OF-ALABAMA,dean,creative_arts,College of Communication and Information Sciences,,,,,,
US-UNIVERSITY-OF-SOUTHERN-CALIFORNIA-D-ANNENBERG-SCHOOL-FOR-COMMUNICATION-AND-JOURNALIS,US-UNIVERSITY-OF-SOUTHERN-CALIFORNIA,dean,creative_arts,Annenberg School for Communication and Journalism,,,,,,
US-YALE-UNIVERSITY-D-SCHOOL-OF-ART,US-YALE-UNIVERSITY,dean,creative_arts,School of Art,,,,,,
US-UNIVERSITY-OF-WASHINGTON-D-GRADUATE-SCHOOL,US-UNIVERSITY-OF-WASHINGTON,dean,graduate,Graduate School,,,,,,
US-BAYLOR-UNIVERSITY-D-HANKAMER-SCHOOL-OF-BUSINESS,US-BAYLOR-UNIVERSITY,dean,business,Hankamer School of Business,,,,,,
US-STEVENS-INSTITUTE-OF-TECHNOLOGY-D-SCHOOL-OF-BUSINESS,US-STEVENS-INSTITUTE-OF-TECHNOLOGY,dean,business,School of Business (formerly Howe School of Technology Management),,,,1870,,
US-ALLIANT-INTERNATIONAL-UNIVERSITY-SAN-DIEGO-CENTRAL,US-ALLIANT-INTERNATIONAL-UNIVERSITY-SAN-DIEGO,president,central,Office of the President,,,,,,
US-UNIVERSITY-OF-ST-THOMAS-HOUSTON-CENTRAL,US-UNIVERSITY-OF-ST-THOMAS-HOUSTON,president,central,Office of the President,,,,,,
US-UNIVERSITY-OF-ILLINOIS-CHICAGO-PROVOST,US-UNIVERSITY-OF-ILLINOIS-CHICAGO,provost,central,Office of the Provost and Vice Chancellor for Academic Affairs,,,,,,
US-UNIVERSITY-OF-MARYLAND-COLLEGE-PARK-PROVOST,US-UNIVERSITY-OF-MARYLAND-COLLEGE-PARK,provost,central,Office of the Provost,,,,,,
US-UNIVERSITY-OF-NEBRASKA-LINCOLN-PROVOST,US-UNIVERSITY-OF-NEBRASKA-LINCOLN,provost,central,Office of the Executive Vice Chancellor,,,,,,
US-COLLEGE-OF-WILLIAM-AND-MARY-D-RAYMOND-A-MASON-SCHOOL-OF-BUSINESS,US-COLLEGE-OF-WILLIAM-AND-MARY,dean,business,Raymond A. Mason School of Business,,,,,,
US-FLORIDA-INTERNATIONAL-UNIVERSITY-D-COLLEGE-OF-BUSINESS,US-FLORIDA-INTERNATIONAL-UNIVERSITY,dean,business,College of Business,,,,,,
US-UNIVERSITY-OF-CENTRAL-FLORIDA-D-COLLEGE-OF-BUSINESS,US-UNIVERSITY-OF-CENTRAL-FLORIDA,dean,business,College of Business,,,,,,
US-CASE-WESTERN-RESERVE-UNIVERSITY-D-CASE-WESTERN-RESERVE-UNIVERSITY-SCHOOL-OF-LAW,US-CASE-WESTERN-RESERVE-UNIVERSITY,dean,law,Case Western Reserve University School of Law,,,,,,
US-CHAPMAN-UNIVERSITY-D-CHAPMAN-UNIVERSITY-DALE-E-FOWLER-SCHOOL-OF-LAW,US-CHAPMAN-UNIVERSITY,dean,law,Chapman University Dale E. Fowler School of Law,,,,1861,,
US-UNIVERSITY-OF-NEVADA-LAS-VEGAS-D-WILLIAM-S-BOYD-SCHOOL-OF-LAW,US-UNIVERSITY-OF-NEVADA-LAS-VEGAS,dean,law,William S. Boyd School of Law,,,,,,
US-TULANE-UNIVERSITY-D-TULANE-UNIVERSITY-SCHOOL-OF-MEDICINE,US-TULANE-UNIVERSITY,dean,medicine,Tulane University School of Medicine,,,,,,
US-BOISE-STATE-UNIVERSITY-D-COLLEGE-OF-ENGINEERING,US-BOISE-STATE-UNIVERSITY,dean,engineering,College of Engineering,,,,1932,,
US-KANSAS-STATE-UNIVERSITY-D-CARL-R-ICE-COLLEGE-OF-ENGINEERING,US-KANSAS-STATE-UNIVERSITY,dean,engineering,Carl R. Ice College of Engineering,,,,,,
US-NORTHEASTERN-UNIVERSITY-D-COLLEGE-OF-ENGINEERING,US-NORTHEASTERN-UNIVERSITY,dean,engineering,College of Engineering,,,,,,
US-UNIVERSITY-OF-CALIFORNIA-SANTA-CRUZ-D-BASKIN-SCHOOL-OF-ENGINEERING,US-UNIVERSITY-OF-CALIFORNIA-SANTA-CRUZ,dean,engineering,Baskin School of Engineering,,,,,,
US-UNIVERSITY-OF-NEVADA-LAS-VEGAS-D-HOWARD-R-HUGHES-COLLEGE-OF-ENGINEERING,US-UNIVERSITY-OF-NEVADA-LAS-VEGAS,dean,engineering,Howard R. Hughes College of Engineering,,,,,,
US-THOMAS-JEFFERSON-UNIVERSITY-D-JEFFERSON-COLLEGE-OF-NURSING,US-THOMAS-JEFFERSON-UNIVERSITY,dean,nursing,Jefferson College of Nursing,,,,1824,,
US-GEORGE-WASHINGTON-UNIVERSITY-D-MILKEN-INSTITUTE-SCHOOL-OF-PUBLIC-HEALTH,US-GEORGE-WASHINGTON-UNIVERSITY,dean,public_health,Milken Institute School of Public Health,,,,,,
US-TEXAS-A-AND-M-UNIVERSITY-D-SCHOOL-OF-PUBLIC-HEALTH,US-TEXAS-A-AND-M-UNIVERSITY,dean,public_health,School of Public Health,,,,,,
US-UNIVERSITY-OF-TEXAS-ARLINGTON-D-COLLEGE-OF-EDUCATION,US-UNIVERSITY-OF-TEXAS-ARLINGTON,dean,education,College of Education,,,,,,
US-UNIVERSITY-OF-ILLINOIS-CHICAGO-D-COLLEGE-OF-EDUCATION,US-UNIVERSITY-OF-ILLINOIS-CHICAGO,dean,education,College of Education,,,,,,
US-UNIVERSITY-OF-MARYLAND-COLLEGE-PARK-D-COLLEGE-OF-ARTS-AND-HUMANITIES,US-UNIVERSITY-OF-MARYLAND-COLLEGE-PARK,dean,arts_sciences,College of Arts and Humanities,,,,,,
US-UNIVERSITY-OF-TEXAS-DALLAS-D-HARRY-W-BASS-JR-SCHOOL-OF-ARTS-HUMANITIES-AND-TE,US-UNIVERSITY-OF-TEXAS-DALLAS,dean,arts_sciences,"Harry W. Bass Jr. School of Arts, Humanities, and Technology",,,,,,
US-ARIZONA-STATE-UNIVERSITY-D-POLYTECHNIC-SCHOOL,US-ARIZONA-STATE-UNIVERSITY,dean,arts_sciences,The Polytechnic School,,,,,,
US-CORNELL-UNIVERSITY-D-COLLEGE-OF-ARCHITECTURE-ART-AND-PLANNING,US-CORNELL-UNIVERSITY,dean,creative_arts,College of Architecture Art and Planning,,,,,,
US-UNIVERSITY-OF-KANSAS-D-WILLIAM-ALLEN-WHITE-SCHOOL-OF-JOURNALISM-AND-MAS,US-UNIVERSITY-OF-KANSAS,dean,creative_arts,William Allen White School of Journalism and Mass Communications,,,,,,
US-UNIVERSITY-OF-OREGON-D-SCHOOL-OF-JOURNALISM-AND-COMMUNICATION,US-UNIVERSITY-OF-OREGON,dean,creative_arts,School of Journalism and Communication,,,,,,
US-UNIVERSITY-OF-UTAH-D-COLLEGE-OF-FINE-ARTS,US-UNIVERSITY-OF-UTAH,dean,creative_arts,College of Fine Arts,,,,,,
US-OKLAHOMA-STATE-UNIVERSITY-D-FERGUSON-COLLEGE-OF-AGRICULTURE,US-OKLAHOMA-STATE-UNIVERSITY,dean,agriculture,Ferguson College of Agriculture,,,,,,
US-HAMPTON-UNIVERSITY-D-SCHOOL-OF-PHARMACY,US-HAMPTON-UNIVERSITY,dean,pharmacy,School of Pharmacy,,,,,,
US-SOUTHERN-METHODIST-UNIVERSITY-D-COX-SCHOOL-OF-BUSINESS,US-SOUTHERN-METHODIST-UNIVERSITY,dean,business,Cox School of Business,,,,,,
US-UNIVERSITY-OF-CALIFORNIA-IRVINE-D-PAUL-MERAGE-SCHOOL-OF-BUSINESS,US-UNIVERSITY-OF-CALIFORNIA-IRVINE,dean,business,Paul Merage School of Business,,,,,,
US-UNIVERSITY-OF-MANAGEMENT-AND-TECHNOLOGY-CENTRAL,US-UNIVERSITY-OF-MANAGEMENT-AND-TECHNOLOGY,president,central,Office of the President,,,,1998,,
US-UNIVERSITY-OF-PHOENIX-ARIZONA-CENTRAL,US-UNIVERSITY-OF-PHOENIX-ARIZONA,president,central,Office of the President,,,,,,
US-UNIVERSITY-OF-CALIFORNIA-SANTA-CRUZ-PROVOST,US-UNIVERSITY-OF-CALIFORNIA-SANTA-CRUZ,provost,central,Office of the Campus Provost and Executive Vice Chancellor,,,,,,
US-UNIVERSITY-OF-GEORGIA-PROVOST,US-UNIVERSITY-OF-GEORGIA,provost,central,Office of the Senior Vice President for Academic Affairs and Provost,,,,,,
US-UNIVERSITY-OF-UTAH-PROVOST,US-UNIVERSITY-OF-UTAH,provost,central,Office of Academic Affairs,,,,,,
US-AMERICAN-UNIVERSITY-D-KOGOD-SCHOOL-OF-BUSINESS,US-AMERICAN-UNIVERSITY,dean,business,Kogod School of Business,,,,,,
US-RUTGERS-UNIVERSITY-D-RUTGERS-BUSINESS-SCHOOL-NEWARK-AND-NEW-BRUNSWICK,US-RUTGERS-UNIVERSITY,dean,business,Rutgers Business School - Newark and New Brunswick,,,,,,
US-UNIVERSITY-OF-ILLINOIS-CHICAGO-D-COLLEGE-OF-BUSINESS-ADMINISTRATION,US-UNIVERSITY-OF-ILLINOIS-CHICAGO,dean,business,College of Business Administration,,,,,,
US-UNIVERSITY-OF-NEBRASKA-LINCOLN-D-COLLEGE-OF-BUSINESS,US-UNIVERSITY-OF-NEBRASKA-LINCOLN,dean,business,College of Business,,,,,,
US-UNIVERSITY-OF-LOUISVILLE-D-UNIVERSITY-OF-LOUISVILLE-SCHOOL-OF-MEDICINE,US-UNIVERSITY-OF-LOUISVILLE,dean,medicine,University of Louisville School of Medicine,,,,,,
US-HARVARD-UNIVERSITY-D-JOHN-A-PAULSON-SCHOOL-OF-ENGINEERING-AND-APPLIED,US-HARVARD-UNIVERSITY,dean,engineering,John A. Paulson School of Engineering and Applied Sciences,,,,,,
US-UNIVERSITY-OF-ROCHESTER-D-HAJIM-SCHOOL-OF-ENGINEERING-AND-APPLIED-SCIENCES,US-UNIVERSITY-OF-ROCHESTER,dean,engineering,Hajim School of Engineering and Applied Sciences,,,,,,
US-UNIVERSITY-OF-TEXAS-DALLAS-D-ERIK-JONSSON-SCHOOL-OF-ENGINEERING-AND-COMPUTER,US-UNIVERSITY-OF-TEXAS-DALLAS,dean,engineering,Erik Jonsson School of Engineering and Computer Science,,,,,,
US-SOUTHERN-ILLINOIS-UNIVERSITY-EDWARDSVILLE-D-SCHOOL-OF-NURSING,US-SOUTHERN-ILLINOIS-UNIVERSITY-EDWARDSVILLE,dean,nursing,School of Nursing,,,,,,
US-UNIVERSITY-OF-SAN-FRANCISCO-D-SCHOOL-OF-NURSING-AND-HEALTH-PROFESSIONS,US-UNIVERSITY-OF-SAN-FRANCISCO,dean,nursing,School of Nursing and Health Professions,,,,,,
US-UNIVERSITY-OF-WASHINGTON-D-SCHOOL-OF-NURSING,US-UNIVERSITY-OF-WASHINGTON,dean,nursing,School of Nursing,,,,,,
US-WILLIAM-CAREY-UNIVERSITY-D-SCHOOL-OF-NURSING,US-WILLIAM-CAREY-UNIVERSITY,dean,nursing,School of Nursing,,,,,,
US-HARVARD-UNIVERSITY-D-T-H-CHAN-SCHOOL-OF-PUBLIC-HEALTH,US-HARVARD-UNIVERSITY,dean,public_health,T.H. Chan School of Public Health,,,,,,
US-UNIVERSITY-OF-SOUTH-CAROLINA-D-ARNOLD-SCHOOL-OF-PUBLIC-HEALTH,US-UNIVERSITY-OF-SOUTH-CAROLINA,dean,public_health,Arnold School of Public Health,,,,,,
US-UNIVERSITY-OF-NEVADA-LAS-VEGAS-D-COLLEGE-OF-EDUCATION,US-UNIVERSITY-OF-NEVADA-LAS-VEGAS,dean,education,College of Education,,,,,,
US-UNIVERSITY-OF-SAN-DIEGO-D-SCHOOL-OF-LEADERSHIP-AND-EDUCATION-SCIENCES,US-UNIVERSITY-OF-SAN-DIEGO,dean,education,School of Leadership and Education Sciences (SOLES),,,,1949,,
US-WASHINGTON-STATE-UNIVERSITY-D-COLLEGE-OF-EDUCATION-SPORT-AND-HUMAN-SCIENCES,US-WASHINGTON-STATE-UNIVERSITY,dean,education,"College of Education, Sport, and Human Sciences",,,,,,
US-WESTERN-CAROLINA-UNIVERSITY-D-COLLEGE-OF-EDUCATION-AND-ALLIED-PROFESSIONS,US-WESTERN-CAROLINA-UNIVERSITY,dean,education,College of Education and Allied Professions,,,,,,
US-PENNSYLVANIA-STATE-UNIVERSITY-D-EBERLY-COLLEGE-OF-SCIENCE,US-PENNSYLVANIA-STATE-UNIVERSITY,dean,arts_sciences,Eberly College of Science,,,,,,
US-PEPPERDINE-UNIVERSITY-D-SEAVER-COLLEGE-OF-LETTERS-ARTS-AND-SCIENCES,US-PEPPERDINE-UNIVERSITY,dean,arts_sciences,"Seaver College of Letters, Arts, and Sciences",,,,,,
US-UNIVERSITY-BUFFALO-D-COLLEGE-OF-ARTS-AND-SCIENCES,US-UNIVERSITY-BUFFALO,dean,arts_sciences,College of Arts and Sciences,,,,,,
US-UNIVERSITY-OF-NEVADA-LAS-VEGAS-D-COLLEGE-OF-LIBERAL-ARTS,US-UNIVERSITY-OF-NEVADA-LAS-VEGAS,dean,arts_sciences,College of Liberal Arts,,,,,,
US-NORTHWESTERN-UNIVERSITY-D-MEDILL-SCHOOL-OF-JOURNALISM-MEDIA-IMC,US-NORTHWESTERN-UNIVERSITY,dean,creative_arts,Medill School of Journalism Media IMC,,,,,,
US-UNIVERSITY-OF-KENTUCKY-D-COLLEGE-OF-FINE-ARTS,US-UNIVERSITY-OF-KENTUCKY,dean,creative_arts,College of Fine Arts,,,,,,
US-UNIVERSITY-OF-MICHIGAN-D-TAUBMAN-COLLEGE-OF-ARCHITECTURE-AND-URBAN-PLANNI,US-UNIVERSITY-OF-MICHIGAN,dean,creative_arts,Taubman College of Architecture and Urban Planning,,,,,,
US-SOUTH-DAKOTA-STATE-UNIVERSITY-D-COLLEGE-OF-AGRICULTURE-FOOD-AND-ENVIRONMENTAL-SC,US-SOUTH-DAKOTA-STATE-UNIVERSITY,dean,agriculture,"College of Agriculture, Food and Environmental Sciences",,,,1881,,
US-UNIVERSITY-OF-UTAH-D-GRADUATE-SCHOOL,US-UNIVERSITY-OF-UTAH,dean,graduate,Graduate School,,,,,,
US-FIELDING-GRADUATE-UNIVERSITY-CENTRAL,US-FIELDING-GRADUATE-UNIVERSITY,president,central,Office of the President,,,,,,
US-SOUTHEASTERN-UNIVERSITY-CENTRAL,US-SOUTHEASTERN-UNIVERSITY,president,central,Office of the President,,,,,,
US-WALDEN-UNIVERSITY-CENTRAL,US-WALDEN-UNIVERSITY,president,central,Office of the President,,,,,,
US-AUBURN-UNIVERSITY-PROVOST,US-AUBURN-UNIVERSITY,provost,central,Office of the Provost,,,,,,
US-KENT-STATE-UNIVERSITY-PROVOST,US-KENT-STATE-UNIVERSITY,provost,central,Office of the Provost,,,,,,
US-MONTANA-STATE-UNIVERSITY-PROVOST,US-MONTANA-STATE-UNIVERSITY,provost,central,Office of the Provost,,,,,,
US-SYRACUSE-UNIVERSITY-PROVOST,US-SYRACUSE-UNIVERSITY,provost,central,Office of the Provost (Office of Academic Affairs),,,,,,
US-GEORGIA-INSTITUTE-OF-TECHNOLOGY-D-SCHELLER-COLLEGE-OF-BUSINESS,US-GEORGIA-INSTITUTE-OF-TECHNOLOGY,dean,business,Scheller College of Business,,,,,,
US-INDIANA-UNIVERSITY-BLOOMINGTON-D-LUDDY-SCHOOL-OF-INFORMATICS-COMPUTING-AND-ENGINE,US-INDIANA-UNIVERSITY-BLOOMINGTON,dean,engineering,"Luddy School of Informatics, Computing, and Engineering",,,,,,
US-UNIVERSITY-OF-TENNESSEE-KNOXVILLE-D-TICKLE-COLLEGE-OF-ENGINEERING,US-UNIVERSITY-OF-TENNESSEE-KNOXVILLE,dean,engineering,Tickle College of Engineering,,,,,,
US-UNIVERSITY-OF-MISSOURI-D-SINCLAIR-SCHOOL-OF-NURSING,US-UNIVERSITY-OF-MISSOURI,dean,nursing,Sinclair School of Nursing,,,,,,
US-UNIVERSITY-OF-THE-INCARNATE-WORD-D-ILA-FAYE-MILLER-SCHOOL-OF-NURSING-AND-HEALTH-PRO,US-UNIVERSITY-OF-THE-INCARNATE-WORD,dean,nursing,Ila Faye Miller School of Nursing and Health Professions,,,,,,
US-UNIVERSITY-OF-IOWA-D-COLLEGE-OF-PUBLIC-HEALTH,US-UNIVERSITY-OF-IOWA,dean,public_health,College of Public Health,,,,,,
US-UNIVERSITY-OF-WASHINGTON-D-SCHOOL-OF-PUBLIC-HEALTH,US-UNIVERSITY-OF-WASHINGTON,dean,public_health,School of Public Health,,,,,,
US-HARDING-UNIVERSITY-D-CANNON-CLARY-COLLEGE-OF-EDUCATION,US-HARDING-UNIVERSITY,dean,education,Cannon-Clary College of Education,,,,,,
US-UNIVERSITY-OF-MARYLAND-COLLEGE-PARK-D-COLLEGE-OF-EDUCATION,US-UNIVERSITY-OF-MARYLAND-COLLEGE-PARK,dean,education,College of Education,,,,,,
US-AMERICAN-UNIVERSITY-D-COLLEGE-OF-ARTS-AND-SCIENCES,US-AMERICAN-UNIVERSITY,dean,arts_sciences,College of Arts and Sciences,,,,,,
US-GEORGIA-INSTITUTE-OF-TECHNOLOGY-D-IVAN-ALLEN-COLLEGE-OF-LIBERAL-ARTS,US-GEORGIA-INSTITUTE-OF-TECHNOLOGY,dean,arts_sciences,Ivan Allen College of Liberal Arts,,,,,,
US-OREGON-STATE-UNIVERSITY-D-COLLEGE-OF-SCIENCE,US-OREGON-STATE-UNIVERSITY,dean,arts_sciences,College of Science,,,,,,
US-UNIVERSITY-OF-CALIFORNIA-SAN-DIEGO-D-SCHOOL-OF-PHYSICAL-SCIENCES,US-UNIVERSITY-OF-CALIFORNIA-SAN-DIEGO,dean,arts_sciences,School of Physical Sciences,,,,,,
US-UNIVERSITY-OF-RHODE-ISLAND-D-COLLEGE-OF-ARTS-AND-SCIENCES,US-UNIVERSITY-OF-RHODE-ISLAND,dean,arts_sciences,College of Arts and Sciences,,,,,,
US-UNIVERSITY-OF-TEXAS-AUSTIN-D-COLLEGE-OF-LIBERAL-ARTS,US-UNIVERSITY-OF-TEXAS-AUSTIN,dean,arts_sciences,College of Liberal Arts,,,,,,
US-COLUMBIA-UNIVERSITY-D-SCHOOL-OF-THE-ARTS,US-COLUMBIA-UNIVERSITY,dean,arts_sciences,School of the Arts,,,,,,
US-PENNSYLVANIA-STATE-UNIVERSITY-D-BELLISARIO-COLLEGE-OF-COMMUNICATIONS,US-PENNSYLVANIA-STATE-UNIVERSITY,dean,creative_arts,Bellisario College of Communications,,,,,,
US-UNIVERSITY-OF-TEXAS-AUSTIN-D-COLLEGE-OF-FINE-ARTS,US-UNIVERSITY-OF-TEXAS-AUSTIN,dean,creative_arts,College of Fine Arts,,,,,,
US-COLORADO-STATE-UNIVERSITY-D-GRADUATE-SCHOOL,US-COLORADO-STATE-UNIVERSITY,dean,graduate,Graduate School,,,,,,
US-OREGON-STATE-UNIVERSITY-D-GRADUATE-SCHOOL,US-OREGON-STATE-UNIVERSITY,dean,graduate,Graduate School,,,,,,
US-NORTH-CAROLINA-A-AND-T-STATE-UNIVERSITY-PROVOST,US-NORTH-CAROLINA-A-AND-T-STATE-UNIVERSITY,provost,central,Office of the Provost (Division of Academic Affairs),,,,1891,,
US-UNIVERSITY-OF-CALIFORNIA-IRVINE-PROVOST,US-UNIVERSITY-OF-CALIFORNIA-IRVINE,provost,central,Office of the Provost and Executive Vice Chancellor,,,,,,
US-UNIVERSITY-OF-WISCONSIN-MADISON-PROVOST,US-UNIVERSITY-OF-WISCONSIN-MADISON,provost,central,Office of the Provost,,,,,,
US-UNIVERSITY-OF-TEXAS-ARLINGTON-D-COLLEGE-OF-BUSINESS,US-UNIVERSITY-OF-TEXAS-ARLINGTON,dean,business,College of Business,,,,,,
US-UNIVERSITY-OF-COLORADO-DENVER-D-BUSINESS-SCHOOL,US-UNIVERSITY-OF-COLORADO-DENVER,dean,business,Business School,,,,,,
US-MICHIGAN-STATE-UNIVERSITY-D-MICHIGAN-STATE-UNIVERSITY-COLLEGE-OF-LAW,US-MICHIGAN-STATE-UNIVERSITY,dean,law,Michigan State University College of Law,,,,,,
US-UNIVERSITY-OF-NEW-HAMPSHIRE-D-UNIVERSITY-OF-NEW-HAMPSHIRE-FRANKLIN-PIERCE-SCHO,US-UNIVERSITY-OF-NEW-HAMPSHIRE,dean,law,University of New Hampshire Franklin Pierce School of Law,,,,,,
US-FLORIDA-STATE-UNIVERSITY-D-FLORIDA-STATE-UNIVERSITY-COLLEGE-OF-MEDICINE,US-FLORIDA-STATE-UNIVERSITY,dean,medicine,Florida State University College of Medicine,,,,,,
US-GEORGETOWN-UNIVERSITY-D-GEORGETOWN-UNIVERSITY-SCHOOL-OF-MEDICINE,US-GEORGETOWN-UNIVERSITY,dean,medicine,Georgetown University School of Medicine,,,,,,
US-CALIFORNIA-INSTITUTE-OF-TECHNOLOGY-D-DIVISION-OF-ENGINEERING-AND-APPLIED-SCIENCE,US-CALIFORNIA-INSTITUTE-OF-TECHNOLOGY,dean,engineering,Division of Engineering and Applied Science,,,,,,
US-BELMONT-UNIVERSITY-D-GORDON-E-INMAN-COLLEGE-OF-NURSING,US-BELMONT-UNIVERSITY,dean,nursing,Gordon E. Inman College of Nursing,,,,,,
US-TEXAS-TECH-UNIVERSITY-HEALTH-SCIENCES-CENTER-D-SCHOOL-OF-NURSING,US-TEXAS-TECH-UNIVERSITY-HEALTH-SCIENCES-CENTER,dean,nursing,School of Nursing,,,,1969,,
US-VALPARAISO-UNIVERSITY-D-COLLEGE-OF-NURSING-AND-HEALTH-PROFESSIONS,US-VALPARAISO-UNIVERSITY,dean,nursing,College of Nursing and Health Professions,,,,,,
US-SAN-FRANCISCO-STATE-UNIVERSITY-D-GRADUATE-COLLEGE-OF-EDUCATION,US-SAN-FRANCISCO-STATE-UNIVERSITY,dean,education,Graduate College of Education,,,,1899,,
US-TEXAS-CHRISTIAN-UNIVERSITY-D-COLLEGE-OF-EDUCATION,US-TEXAS-CHRISTIAN-UNIVERSITY,dean,education,College of Education,,,,1873,,
US-UNIVERSITY-OF-HOUSTON-D-COLLEGE-OF-EDUCATION,US-UNIVERSITY-OF-HOUSTON,dean,education,College of Education,,,,,,
US-UNIVERSITY-OF-MICHIGAN-D-MARSAL-FAMILY-SCHOOL-OF-EDUCATION,US-UNIVERSITY-OF-MICHIGAN,dean,education,Marsal Family School of Education,,,,,,
US-UNIVERSITY-OF-PITTSBURGH-D-SCHOOL-OF-EDUCATION,US-UNIVERSITY-OF-PITTSBURGH,dean,education,School of Education,,,,,,
US-UNIVERSITY-OF-WASHINGTON-D-COLLEGE-OF-EDUCATION,US-UNIVERSITY-OF-WASHINGTON,dean,education,College of Education,,,,,,
US-CARNEGIE-MELLON-UNIVERSITY-D-MARIANNA-BROWN-DIETRICH-COLLEGE-OF-HUMANITIES-AN,US-CARNEGIE-MELLON-UNIVERSITY,dean,arts_sciences,Marianna Brown Dietrich College of Humanities and Social Sciences,,,,,,
US-MICHIGAN-STATE-UNIVERSITY-D-COLLEGE-OF-SOCIAL-SCIENCE,US-MICHIGAN-STATE-UNIVERSITY,dean,arts_sciences,College of Social Science,,,,,,
US-RICE-UNIVERSITY-D-SCHOOL-OF-HUMANITIES,US-RICE-UNIVERSITY,dean,arts_sciences,School of Humanities (School of Humanities and Arts),,,,,,
US-SYRACUSE-UNIVERSITY-D-COLLEGE-OF-ARTS-AND-SCIENCES,US-SYRACUSE-UNIVERSITY,dean,arts_sciences,College of Arts and Sciences,,,,,,
US-UNIVERSITY-OF-ALABAMA-D-J-FRANK-BAREFIELD-JR-COLLEGE-OF-ARTS-AND-SCIENCE,US-UNIVERSITY-OF-ALABAMA,dean,arts_sciences,J. Frank Barefield Jr. College of Arts & Sciences,,,,,,
US-BAYLOR-UNIVERSITY-D-SCHOOL-OF-MUSIC,US-BAYLOR-UNIVERSITY,dean,creative_arts,School of Music,,,,,,
US-DEPAUL-UNIVERSITY-D-THEATRE-SCHOOL,US-DEPAUL-UNIVERSITY,dean,creative_arts,The Theatre School,,,,1898,,
US-SYRACUSE-UNIVERSITY-D-COLLEGE-OF-VISUAL-AND-PERFORMING-ARTS,US-SYRACUSE-UNIVERSITY,dean,creative_arts,College of Visual and Performing Arts,,,,,,
US-TEXAS-CHRISTIAN-UNIVERSITY-D-COLLEGE-OF-FINE-ARTS,US-TEXAS-CHRISTIAN-UNIVERSITY,dean,creative_arts,College of Fine Arts,,,,1873,,
US-UNIVERSITY-OF-MICHIGAN-D-PENNY-W-STAMPS-SCHOOL-OF-ART-AND-DESIGN,US-UNIVERSITY-OF-MICHIGAN,dean,creative_arts,Penny W. Stamps School of Art and Design,,,,,,
US-OREGON-STATE-UNIVERSITY-D-COLLEGE-OF-PHARMACY,US-OREGON-STATE-UNIVERSITY,dean,pharmacy,College of Pharmacy,,,,,,
US-UNIVERSITY-OF-CALIFORNIA-IRVINE-D-GRADUATE-DIVISION,US-UNIVERSITY-OF-CALIFORNIA-IRVINE,dean,graduate,Graduate Division,,,,,,
US-UNIVERSITY-OF-CALIFORNIA-SANTA-CRUZ-D-DIVISION-OF-GRADUATE-STUDIES,US-UNIVERSITY-OF-CALIFORNIA-SANTA-CRUZ,dean,graduate,Division of Graduate Studies,,,,,,
US-MONTANA-STATE-UNIVERSITY-D-COLLEGE-OF-BUSINESS,US-MONTANA-STATE-UNIVERSITY,dean,business,College of Business,,,,,,
US-UNIVERSITY-OF-HAWAII-MANOA-CENTRAL,US-UNIVERSITY-OF-HAWAII-MANOA,president,central,Office of the Chancellor,,,,,,
US-BRIAR-CLIFF-UNIVERSITY-CENTRAL,US-BRIAR-CLIFF-UNIVERSITY,president,central,Office of the President,,,,,,
US-COLORADO-SCHOOL-OF-MINES-PROVOST,US-COLORADO-SCHOOL-OF-MINES,provost,central,Office of the Provost,,,,,,
US-MISSOURI-UNIVERSITY-OF-SCIENCE-AND-TECHNOLOGY-PROVOST,US-MISSOURI-UNIVERSITY-OF-SCIENCE-AND-TECHNOLOGY,provost,central,Office of the Provost,,,,,,
US-TULANE-UNIVERSITY-PROVOST,US-TULANE-UNIVERSITY,provost,central,Office of Academic Affairs and Provost,,,,,,
US-UNIVERSITY-OF-COLORADO-BOULDER-PROVOST,US-UNIVERSITY-OF-COLORADO-BOULDER,provost,central,Office of the Provost / Academic Affairs,,,,,,
US-UNIVERSITY-OF-MEMPHIS-PROVOST,US-UNIVERSITY-OF-MEMPHIS,provost,central,Office of the Provost and Academic Affairs,,,,,,
US-UNIVERSITY-OF-NEVADA-RENO-PROVOST,US-UNIVERSITY-OF-NEVADA-RENO,provost,central,Office of the Provost and Executive Vice President,,,,,,
US-UTAH-STATE-UNIVERSITY-PROVOST,US-UTAH-STATE-UNIVERSITY,provost,central,Office of the Provost & Executive Vice President,,,,,,
US-BINGHAMTON-UNIVERSITY-D-SCHOOL-OF-MANAGEMENT,US-BINGHAMTON-UNIVERSITY,dean,business,School of Management,,,,,,
US-UNIVERSITY-OF-HOUSTON-D-C-T-BAUER-COLLEGE-OF-BUSINESS,US-UNIVERSITY-OF-HOUSTON,dean,business,C.T. Bauer College of Business,,,,,,
US-UNIVERSITY-OF-ILLINOIS-URBANA-CHAMPAIGN-D-GIES-COLLEGE-OF-BUSINESS,US-UNIVERSITY-OF-ILLINOIS-URBANA-CHAMPAIGN,dean,business,Gies College of Business,,,,,,
US-FLORIDA-INTERNATIONAL-UNIVERSITY-D-FLORIDA-INTERNATIONAL-UNIVERSITY-COLLEGE-OF-LAW,US-FLORIDA-INTERNATIONAL-UNIVERSITY,dean,law,Florida International University College of Law,,,,,,
US-UNIVERSITY-OF-ILLINOIS-URBANA-CHAMPAIGN-D-GRAINGER-COLLEGE-OF-ENGINEERING,US-UNIVERSITY-OF-ILLINOIS-URBANA-CHAMPAIGN,dean,engineering,Grainger College of Engineering,,,,,,
US-UNIVERSITY-OF-OKLAHOMA-D-GALLOGLY-COLLEGE-OF-ENGINEERING,US-UNIVERSITY-OF-OKLAHOMA,dean,engineering,Gallogly College of Engineering,,,,,,
US-UNIVERSITY-OF-SOUTH-CAROLINA-D-COLLEGE-OF-ENGINEERING-AND-COMPUTING,US-UNIVERSITY-OF-SOUTH-CAROLINA,dean,engineering,College of Engineering and Computing,,,,,,
US-UNIVERSITY-OF-TEXAS-EL-PASO-D-COLLEGE-OF-ENGINEERING,US-UNIVERSITY-OF-TEXAS-EL-PASO,dean,engineering,College of Engineering,,,,,,
US-WEST-VIRGINIA-UNIVERSITY-D-STATLER-COLLEGE-OF-ENGINEERING-AND-MINERAL-RESOU,US-WEST-VIRGINIA-UNIVERSITY,dean,engineering,Statler College of Engineering and Mineral Resources,,,,,,
US-FLORIDA-STATE-UNIVERSITY-D-COLLEGE-OF-NURSING,US-FLORIDA-STATE-UNIVERSITY,dean,nursing,College of Nursing,,,,,,
US-GRAND-VALLEY-STATE-UNIVERSITY-D-KIRKHOF-COLLEGE-OF-NURSING,US-GRAND-VALLEY-STATE-UNIVERSITY,dean,nursing,Kirkhof College of Nursing,,,,,,
US-GWYNEDD-MERCY-UNIVERSITY-D-FRANCES-M-MAGUIRE-SCHOOL-OF-NURSING-AND-HEALTH-P,US-GWYNEDD-MERCY-UNIVERSITY,dean,nursing,Frances M. Maguire School of Nursing and Health Professions,,,,,,
US-UNIVERSITY-OF-TEXAS-MEDICAL-BRANCH-GALVESTON-D-SCHOOL-OF-NURSING,US-UNIVERSITY-OF-TEXAS-MEDICAL-BRANCH-GALVESTON,dean,nursing,School of Nursing,,,,1891,,
US-UNIVERSITY-OF-ARIZONA-D-MEL-AND-ENID-ZUCKERMAN-COLLEGE-OF-PUBLIC-HEALTH,US-UNIVERSITY-OF-ARIZONA,dean,public_health,Mel and Enid Zuckerman College of Public Health,,,,,,
US-UNIVERSITY-OF-ARKANSAS-FOR-MEDICAL-SCIENCES-D-FAY-W-BOOZMAN-COLLEGE-OF-PUBLIC-HEALTH,US-UNIVERSITY-OF-ARKANSAS-FOR-MEDICAL-SCIENCES,dean,public_health,Fay W. Boozman College of Public Health,,,,1879,,
US-UNIVERSITY-OF-PITTSBURGH-D-SCHOOL-OF-PUBLIC-HEALTH,US-UNIVERSITY-OF-PITTSBURGH,dean,public_health,School of Public Health,,,,,,
US-COLLEGE-OF-CHARLESTON-D-SCHOOL-OF-EDUCATION,US-COLLEGE-OF-CHARLESTON,dean,education,School of Education,,,,,,
US-FLORIDA-STATE-UNIVERSITY-D-ANNE-SPENCER-DAVES-COLLEGE-OF-EDUCATION-HEALTH-A,US-FLORIDA-STATE-UNIVERSITY,dean,education,"Anne Spencer Daves College of Education, Health, and Human Sciences",,,,,,
US-UNIVERSITY-OF-ROCHESTER-D-MARGARET-WARNER-SCHOOL-OF-EDUCATION-AND-HUMAN-DE,US-UNIVERSITY-OF-ROCHESTER,dean,education,Margaret Warner School of Education & Human Development,,,,,,
US-YESHIVA-UNIVERSITY-D-AZRIELI-GRADUATE-SCHOOL-OF-JEWISH-EDUCATION-AND,US-YESHIVA-UNIVERSITY,dean,education,Azrieli Graduate School of Jewish Education and Administration,,,,,,
US-EMORY-UNIVERSITY-D-EMORY-COLLEGE-OF-ARTS-AND-SCIENCES,US-EMORY-UNIVERSITY,dean,arts_sciences,Emory College of Arts and Sciences,,,,,,
US-TUFTS-UNIVERSITY-D-SCHOOL-OF-ARTS-AND-SCIENCES,US-TUFTS-UNIVERSITY,dean,arts_sciences,School of Arts and Sciences,,,,,,
US-UNIVERSITY-OF-CALIFORNIA-SAN-DIEGO-D-SCHOOL-OF-BIOLOGICAL-SCIENCES,US-UNIVERSITY-OF-CALIFORNIA-SAN-DIEGO,dean,arts_sciences,School of Biological Sciences,,,,,,
US-UNIVERSITY-OF-VIRGINIA-D-COLLEGE-AND-GRADUATE-SCHOOL-OF-ARTS-AND-SCIENCES,US-UNIVERSITY-OF-VIRGINIA,dean,arts_sciences,College and Graduate School of Arts & Sciences,,,,,,
US-BOSTON-UNIVERSITY-D-COLLEGE-OF-FINE-ARTS,US-BOSTON-UNIVERSITY,dean,creative_arts,College of Fine Arts,,,,,,
US-GEORGE-MASON-UNIVERSITY-D-COLLEGE-OF-VISUAL-AND-PERFORMING-ARTS,US-GEORGE-MASON-UNIVERSITY,dean,creative_arts,College of Visual and Performing Arts,,,,,,
US-UNIVERSITY-OF-GEORGIA-D-GRADY-COLLEGE-OF-JOURNALISM-AND-MASS-COMMUNICATI,US-UNIVERSITY-OF-GEORGIA,dean,creative_arts,Grady College of Journalism and Mass Communication,,,,,,
US-UNIVERSITY-OF-MARYLAND-COLLEGE-PARK-D-PHILIP-MERRILL-COLLEGE-OF-JOURNALISM,US-UNIVERSITY-OF-MARYLAND-COLLEGE-PARK,dean,creative_arts,Philip Merrill College of Journalism,,,,,,
US-UNIVERSITY-OF-OKLAHOMA-D-GAYLORD-COLLEGE-OF-JOURNALISM-AND-MASS-COMMUNICA,US-UNIVERSITY-OF-OKLAHOMA,dean,creative_arts,Gaylord College of Journalism and Mass Communication,,,,,,
US-UNIVERSITY-OF-OREGON-D-SCHOOL-OF-MUSIC-AND-DANCE,US-UNIVERSITY-OF-OREGON,dean,creative_arts,School of Music and Dance,,,,,,
US-UNIVERSITY-OF-DELAWARE-D-COLLEGE-OF-AGRICULTURE-AND-NATURAL-RESOURCES,US-UNIVERSITY-OF-DELAWARE,dean,agriculture,College of Agriculture and Natural Resources,,,,,,
US-NORTHEASTERN-UNIVERSITY-D-SCHOOL-OF-PHARMACY-AND-PHARMACEUTICAL-SCIENCES,US-NORTHEASTERN-UNIVERSITY,dean,pharmacy,School of Pharmacy and Pharmaceutical Sciences,,,,,,
US-KENT-STATE-UNIVERSITY-D-COLLEGE-OF-BUSINESS-ADMINISTRATION,US-KENT-STATE-UNIVERSITY,dean,business,College of Business Administration,,,,,,
US-NEW-YORK-UNIVERSITY-PROVOST,US-NEW-YORK-UNIVERSITY,provost,central,Office of the Provost,,,,,,
US-OHIO-UNIVERSITY-PROVOST,US-OHIO-UNIVERSITY,provost,central,Office of the Executive Vice President and Provost,,,,,,
US-UNIVERSITY-OF-ALABAMA-BIRMINGHAM-PROVOST,US-UNIVERSITY-OF-ALABAMA-BIRMINGHAM,provost,central,Office of the Provost,,,,,,
US-UNIVERSITY-OF-LOUISVILLE-PROVOST,US-UNIVERSITY-OF-LOUISVILLE,provost,central,Office of the Executive Vice President and University Provost,,,,,,
US-CHAPMAN-UNIVERSITY-D-ARGYROS-SCHOOL-OF-BUSINESS-AND-ECONOMICS,US-CHAPMAN-UNIVERSITY,dean,business,Argyros School of Business and Economics,,,,1861,,
US-UTAH-STATE-UNIVERSITY-D-JON-M-HUNTSMAN-SCHOOL-OF-BUSINESS,US-UTAH-STATE-UNIVERSITY,dean,business,Jon M. Huntsman School of Business,,,,,,
US-PENNSYLVANIA-STATE-UNIVERSITY-D-PENN-STATE-DICKINSON-LAW,US-PENNSYLVANIA-STATE-UNIVERSITY,dean,law,Penn State Dickinson Law (unified school; located in Carlisle with a University Park location; formerly Penn State Law at University Park),,,,,,
US-UNIVERSITY-OF-OKLAHOMA-D-UNIVERSITY-OF-OKLAHOMA-COLLEGE-OF-MEDICINE,US-UNIVERSITY-OF-OKLAHOMA,dean,medicine,University of Oklahoma College of Medicine,,,,,,
US-OHIO-UNIVERSITY-D-RUSS-COLLEGE-OF-ENGINEERING-AND-TECHNOLOGY,US-OHIO-UNIVERSITY,dean,engineering,Russ College of Engineering and Technology,,,,,,
US-UNIVERSITY-OF-KANSAS-D-SCHOOL-OF-ENGINEERING,US-UNIVERSITY-OF-KANSAS,dean,engineering,School of Engineering,,,,,,
US-UNIVERSITY-OF-NEBRASKA-LINCOLN-D-COLLEGE-OF-ENGINEERING,US-UNIVERSITY-OF-NEBRASKA-LINCOLN,dean,engineering,College of Engineering,,,,,,
US-UTAH-STATE-UNIVERSITY-D-COLLEGE-OF-ENGINEERING,US-UTAH-STATE-UNIVERSITY,dean,engineering,College of Engineering,,,,,,
US-DUQUESNE-UNIVERSITY-D-SCHOOL-OF-NURSING,US-DUQUESNE-UNIVERSITY,dean,nursing,School of Nursing,,,,1878,,
US-UNIVERSITY-OF-OKLAHOMA-HEALTH-SCIENCES-CENTER-D-HUDSON-COLLEGE-OF-PUBLIC-HEALTH,US-UNIVERSITY-OF-OKLAHOMA-HEALTH-SCIENCES-CENTER,dean,public_health,Hudson College of Public Health,,,,1910,,
US-UNIVERSITY-OF-LOUISVILLE-D-SCHOOL-OF-PUBLIC-HEALTH-AND-INFORMATION-SCIENCES,US-UNIVERSITY-OF-LOUISVILLE,dean,public_health,School of Public Health and Information Sciences,,,,,,
US-ARIZONA-STATE-UNIVERSITY-D-MARY-LOU-FULTON-COLLEGE-FOR-TEACHING-AND-LEARNIN,US-ARIZONA-STATE-UNIVERSITY,dean,education,Mary Lou Fulton College for Teaching and Learning Innovation,,,,,,
US-CHAPMAN-UNIVERSITY-D-DONNA-FORD-ATTALLAH-COLLEGE-OF-EDUCATIONAL-STUDI,US-CHAPMAN-UNIVERSITY,dean,education,Donna Ford Attallah College of Educational Studies,,,,1861,,
US-UNIVERSITY-OF-CALIFORNIA-DAVIS-D-SCHOOL-OF-EDUCATION,US-UNIVERSITY-OF-CALIFORNIA-DAVIS,dean,education,School of Education,,,,,,
US-UNIVERSITY-OF-ST-FRANCIS-D-COLLEGE-OF-EDUCATION,US-UNIVERSITY-OF-ST-FRANCIS,dean,education,College of Education,,,,,,
US-UNIVERSITY-OF-THE-INCARNATE-WORD-D-DREEBEN-SCHOOL-OF-EDUCATION,US-UNIVERSITY-OF-THE-INCARNATE-WORD,dean,education,Dreeben School of Education,,,,,,
US-JOHNS-HOPKINS-UNIVERSITY-D-ZANVYL-KRIEGER-SCHOOL-OF-ARTS-AND-SCIENCES,US-JOHNS-HOPKINS-UNIVERSITY,dean,arts_sciences,Zanvyl Krieger School of Arts and Sciences,,,,,,
US-NORTHWESTERN-UNIVERSITY-D-JUDD-A-AND-MARJORIE-WEINBERG-COLLEGE-OF-ARTS-AND,US-NORTHWESTERN-UNIVERSITY,dean,arts_sciences,Judd A. and Marjorie Weinberg College of Arts and Sciences,,,,,,
US-STONY-BROOK-UNIVERSITY-D-COLLEGE-OF-ARTS-AND-SCIENCES,US-STONY-BROOK-UNIVERSITY,dean,arts_sciences,College of Arts and Sciences,,,,,,
US-UNIVERSITY-OF-ARIZONA-D-COLLEGE-OF-SOCIAL-AND-BEHAVIORAL-SCIENCES,US-UNIVERSITY-OF-ARIZONA,dean,arts_sciences,College of Social & Behavioral Sciences,,,,,,
US-UNIVERSITY-OF-MARYLAND-COLLEGE-PARK-D-COLLEGE-OF-BEHAVIORAL-AND-SOCIAL-SCIENCES,US-UNIVERSITY-OF-MARYLAND-COLLEGE-PARK,dean,arts_sciences,College of Behavioral and Social Sciences,,,,,,
US-TEXAS-CHRISTIAN-UNIVERSITY-D-BOB-SCHIEFFER-COLLEGE-OF-COMMUNICATION,US-TEXAS-CHRISTIAN-UNIVERSITY,dean,creative_arts,Bob Schieffer College of Communication,,,,1873,,
US-UNIVERSITY-OF-SOUTHERN-CALIFORNIA-D-SCHOOL-OF-DRAMATIC-ARTS,US-UNIVERSITY-OF-SOUTHERN-CALIFORNIA,dean,creative_arts,School of Dramatic Arts,,,,,,
US-UNIVERSITY-OF-UTAH-D-COLLEGE-OF-ARCHITECTURE-AND-PLANNING,US-UNIVERSITY-OF-UTAH,dean,creative_arts,College of Architecture and Planning,,,,,,
US-LOMA-LINDA-UNIVERSITY-D-SCHOOL-OF-PHARMACY,US-LOMA-LINDA-UNIVERSITY,dean,pharmacy,School of Pharmacy,,,,1905,,
US-UNIVERSITY-OF-CALIFORNIA-SAN-DIEGO-D-SKAGGS-SCHOOL-OF-PHARMACY-AND-PHARMACEUTICAL-SCI,US-UNIVERSITY-OF-CALIFORNIA-SAN-DIEGO,dean,pharmacy,Skaggs School of Pharmacy and Pharmaceutical Sciences,,,,,,
US-WASHINGTON-STATE-UNIVERSITY-D-GRADUATE-SCHOOL,US-WASHINGTON-STATE-UNIVERSITY,dean,graduate,Graduate School,,,,,,
US-MIAMI-UNIVERSITY-D-FARMER-SCHOOL-OF-BUSINESS,US-MIAMI-UNIVERSITY,dean,business,Farmer School of Business,,,,1809,,
US-BRANDEIS-UNIVERSITY-PROVOST,US-BRANDEIS-UNIVERSITY,provost,central,Office of the Provost,,,,,,
US-UNIVERSITY-OF-ALABAMA-PROVOST,US-UNIVERSITY-OF-ALABAMA,provost,central,Office for Academic Affairs,,,,,,
US-UNIVERSITY-OF-COLORADO-DENVER-PROVOST,US-UNIVERSITY-OF-COLORADO-DENVER,provost,central,Office of the Provost,,,,,,
US-UNIVERSITY-OF-NEW-HAMPSHIRE-PROVOST,US-UNIVERSITY-OF-NEW-HAMPSHIRE,provost,central,Office of the Provost,,,,,,
US-WAYNE-STATE-UNIVERSITY-PROVOST,US-WAYNE-STATE-UNIVERSITY,provost,central,Office of the Provost (Division of Academic Affairs),,,,,,
US-UNIVERSITY-OF-CALIFORNIA-SAN-DIEGO-D-RADY-SCHOOL-OF-MANAGEMENT,US-UNIVERSITY-OF-CALIFORNIA-SAN-DIEGO,dean,business,Rady School of Management,,,,,,
US-UNIVERSITY-OF-CONNECTICUT-D-SCHOOL-OF-BUSINESS,US-UNIVERSITY-OF-CONNECTICUT,dean,business,School of Business,,,,,,
US-GEORGE-WASHINGTON-UNIVERSITY-D-GEORGE-WASHINGTON-UNIVERSITY-SCHOOL-OF-MEDICINE,US-GEORGE-WASHINGTON-UNIVERSITY,dean,medicine,George Washington University School of Medicine and Health Sciences,,,,,,
US-UNIVERSITY-OF-MISSOURI-D-COLLEGE-OF-ENGINEERING,US-UNIVERSITY-OF-MISSOURI,dean,engineering,College of Engineering,,,,,,
US-AZUSA-PACIFIC-UNIVERSITY-D-SCHOOL-OF-NURSING,US-AZUSA-PACIFIC-UNIVERSITY,dean,nursing,School of Nursing (College of Nursing and Health Sciences),,,,1899,,
US-CREIGHTON-UNIVERSITY-D-COLLEGE-OF-NURSING,US-CREIGHTON-UNIVERSITY,dean,nursing,College of Nursing,,,,1878,,
US-UNIVERSITY-OF-SAN-DIEGO-D-HAHN-SCHOOL-OF-NURSING-AND-HEALTH-SCIENCE,US-UNIVERSITY-OF-SAN-DIEGO,dean,nursing,Hahn School of Nursing and Health Science,,,,1949,,
US-OHIO-STATE-UNIVERSITY-D-COLLEGE-OF-PUBLIC-HEALTH,US-OHIO-STATE-UNIVERSITY,dean,public_health,College of Public Health,,,,,,
US-TULANE-UNIVERSITY-D-CELIA-SCOTT-WEATHERHEAD-SCHOOL-OF-PUBLIC-HEALTH,US-TULANE-UNIVERSITY,dean,public_health,Celia Scott Weatherhead School of Public Health and Tropical Medicine,,,,,,
US-NEW-YORK-UNIVERSITY-D-STEINHARDT-SCHOOL-OF-CULTURE-EDUCATION-AND-HUMAN,US-NEW-YORK-UNIVERSITY,dean,education,"Steinhardt School of Culture, Education, and Human Development",,,,,,
US-UNIVERSITY-OF-ARIZONA-D-COLLEGE-OF-EDUCATION,US-UNIVERSITY-OF-ARIZONA,dean,education,College of Education,,,,,,
US-UNIVERSITY-OF-NORTH-FLORIDA-D-SILVERFIELD-COLLEGE-OF-EDUCATION-AND-HUMAN-SERVI,US-UNIVERSITY-OF-NORTH-FLORIDA,dean,education,Silverfield College of Education and Human Services,,,,1969,,
US-VALDOSTA-STATE-UNIVERSITY-D-JAMES-L-AND-DOROTHY-H-DEWAR-COLLEGE-OF-EDUCATION,US-VALDOSTA-STATE-UNIVERSITY,dean,education,James L. and Dorothy H. Dewar College of Education and Human Services,,,,,,
US-CUNY-BARUCH-COLLEGE-D-MILDRED-AND-GEORGE-WEISSMAN-SCHOOL-OF-ARTS-AND-S,US-CUNY-BARUCH-COLLEGE,dean,arts_sciences,Mildred and George Weissman School of Arts and Sciences,,,,,,
US-INDIANA-UNIVERSITY-INDIANAPOLIS-D-IU-SCHOOL-OF-LIBERAL-ARTS,US-INDIANA-UNIVERSITY-INDIANAPOLIS,dean,arts_sciences,IU School of Liberal Arts,,,,,,
US-KANSAS-STATE-UNIVERSITY-D-COLLEGE-OF-ARTS-AND-SCIENCES,US-KANSAS-STATE-UNIVERSITY,dean,arts_sciences,College of Arts and Sciences,,,,,,
US-NEW-JERSEY-INSTITUTE-OF-TECHNOLOGY-D-JORDAN-HU-COLLEGE-OF-SCIENCE-AND-LIBERAL-ARTS,US-NEW-JERSEY-INSTITUTE-OF-TECHNOLOGY,dean,arts_sciences,Jordan Hu College of Science and Liberal Arts,,,,,,
US-UNIVERSITY-OF-CHICAGO-D-DIVISION-OF-THE-PHYSICAL-SCIENCES,US-UNIVERSITY-OF-CHICAGO,dean,arts_sciences,Division of the Physical Sciences,,,,,,
US-UNIVERSITY-OF-KENTUCKY-D-COLLEGE-OF-ARTS-AND-SCIENCES,US-UNIVERSITY-OF-KENTUCKY,dean,arts_sciences,College of Arts and Sciences,,,,,,
US-UNIVERSITY-OF-TEXAS-ARLINGTON-D-COLLEGE-OF-LIBERAL-ARTS,US-UNIVERSITY-OF-TEXAS-ARLINGTON,dean,arts_sciences,College of Liberal Arts,,,,,,
US-VIRGINIA-TECH-D-COLLEGE-OF-LIBERAL-ARTS-AND-HUMAN-SCIENCES,US-VIRGINIA-TECH,dean,arts_sciences,College of Liberal Arts and Human Sciences,,,,,,
US-VIRGINIA-TECH-D-COLLEGE-OF-SCIENCE,US-VIRGINIA-TECH,dean,arts_sciences,College of Science,,,,,,
US-FLORIDA-STATE-UNIVERSITY-D-COLLEGE-OF-MOTION-PICTURE-ARTS,US-FLORIDA-STATE-UNIVERSITY,dean,creative_arts,College of Motion Picture Arts,,,,,,
US-LOYOLA-MARYMOUNT-UNIVERSITY-D-SCHOOL-OF-FILM-AND-TELEVISION,US-LOYOLA-MARYMOUNT-UNIVERSITY,dean,creative_arts,School of Film and Television,,,,1911,,
US-DRAKE-UNIVERSITY-D-COLLEGE-OF-PHARMACY-AND-HEALTH-SCIENCES,US-DRAKE-UNIVERSITY,dean,pharmacy,College of Pharmacy and Health Sciences,,,,,,
US-UNIVERSITY-OF-CONNECTICUT-D-SCHOOL-OF-PHARMACY-AND-PHARMACEUTICAL-SCIENCES,US-UNIVERSITY-OF-CONNECTICUT,dean,pharmacy,School of Pharmacy and Pharmaceutical Sciences,,,,,,
US-WINGATE-UNIVERSITY-D-SCHOOL-OF-PHARMACY,US-WINGATE-UNIVERSITY,dean,pharmacy,School of Pharmacy,,,,,,
US-LOUISIANA-STATE-UNIVERSITY-PROVOST,US-LOUISIANA-STATE-UNIVERSITY,provost,central,Office of Academic Affairs,,,,,,
US-UNIVERSITY-OF-SOUTH-CAROLINA-PROVOST,US-UNIVERSITY-OF-SOUTH-CAROLINA,provost,central,Office of the Provost,,,,,,
US-VIRGINIA-COMMONWEALTH-UNIVERSITY-PROVOST,US-VIRGINIA-COMMONWEALTH-UNIVERSITY,provost,central,Office of the Provost,,,,,,
US-UNIVERSITY-ALBANY-SUNY-D-MASSRY-SCHOOL-OF-BUSINESS,US-UNIVERSITY-ALBANY-SUNY,dean,business,Massry School of Business,,,,,,
US-UNIVERSITY-OF-TEXAS-SAN-ANTONIO-D-CARLOS-ALVAREZ-COLLEGE-OF-BUSINESS,US-UNIVERSITY-OF-TEXAS-SAN-ANTONIO,dean,business,Carlos Alvarez College of Business,,,,,,
US-UNIVERSITY-OF-ILLINOIS-CHICAGO-D-UNIVERSITY-OF-ILLINOIS-COLLEGE-OF-MEDICINE,US-UNIVERSITY-OF-ILLINOIS-CHICAGO,dean,medicine,University of Illinois College of Medicine,,,,,,
US-ADELPHI-UNIVERSITY-D-COLLEGE-OF-NURSING-AND-PUBLIC-HEALTH,US-ADELPHI-UNIVERSITY,dean,nursing,College of Nursing and Public Health,,,,1896,,
US-AUGUSTA-UNIVERSITY-D-COLLEGE-OF-NURSING,US-AUGUSTA-UNIVERSITY,dean,nursing,College of Nursing,,,,1828,,
US-UNIVERSITY-OF-NEVADA-LAS-VEGAS-D-SCHOOL-OF-NURSING,US-UNIVERSITY-OF-NEVADA-LAS-VEGAS,dean,nursing,School of Nursing,,,,,,
US-UNIVERSITY-OF-ST-FRANCIS-D-LEACH-COLLEGE-OF-NURSING,US-UNIVERSITY-OF-ST-FRANCIS,dean,nursing,Leach College of Nursing,,,,,,
US-UNIVERSITY-OF-WISCONSIN-OSHKOSH-D-COLLEGE-OF-NURSING-HEALTH-PROFESSIONS-AND-STEM,US-UNIVERSITY-OF-WISCONSIN-OSHKOSH,dean,nursing,"College of Nursing, Health Professions and STEM",,,,,,
US-LOUISIANA-STATE-UNIVERSITY-HEALTH-SCIENCES-CENTER-NEW-ORLEANS-D-SCHOOL-OF-PUBLIC-HEALTH,US-LOUISIANA-STATE-UNIVERSITY-HEALTH-SCIENCES-CENTER-NEW-ORLEANS,dean,public_health,School of Public Health,,,,1931,,
US-UNIVERSITY-OF-KENTUCKY-D-COLLEGE-OF-PUBLIC-HEALTH,US-UNIVERSITY-OF-KENTUCKY,dean,public_health,College of Public Health,,,,,,
US-UNIVERSITY-OF-NEVADA-LAS-VEGAS-D-SCHOOL-OF-PUBLIC-HEALTH,US-UNIVERSITY-OF-NEVADA-LAS-VEGAS,dean,public_health,School of Public Health,,,,,,
US-CALIFORNIA-STATE-UNIVERSITY-FULLERTON-D-COLLEGE-OF-EDUCATION,US-CALIFORNIA-STATE-UNIVERSITY-FULLERTON,dean,education,College of Education,,,,1957,,
US-MARQUETTE-UNIVERSITY-D-COLLEGE-OF-EDUCATION,US-MARQUETTE-UNIVERSITY,dean,education,College of Education,,,,1881,,
US-UNIVERSITY-OF-TEXAS-EL-PASO-D-COLLEGE-OF-EDUCATION,US-UNIVERSITY-OF-TEXAS-EL-PASO,dean,education,College of Education,,,,,,
US-UNIVERSITY-OF-SAN-FRANCISCO-D-SCHOOL-OF-EDUCATION,US-UNIVERSITY-OF-SAN-FRANCISCO,dean,education,School of Education,,,,,,
US-COLUMBIA-UNIVERSITY-D-FACULTY-OF-ARTS-AND-SCIENCES,US-COLUMBIA-UNIVERSITY,dean,arts_sciences,Faculty of Arts and Sciences,,,,,,
US-LEHIGH-UNIVERSITY-D-COLLEGE-OF-ARTS-AND-SCIENCES,US-LEHIGH-UNIVERSITY,dean,arts_sciences,College of Arts and Sciences,,,,,,
US-PACE-UNIVERSITY-D-DYSON-COLLEGE-OF-ARTS-AND-SCIENCES,US-PACE-UNIVERSITY,dean,arts_sciences,Dyson College of Arts and Sciences,,,,,,
US-UNIVERSITY-OF-ILLINOIS-URBANA-CHAMPAIGN-D-COLLEGE-OF-LIBERAL-ARTS-AND-SCIENCES,US-UNIVERSITY-OF-ILLINOIS-URBANA-CHAMPAIGN,dean,arts_sciences,College of Liberal Arts & Sciences,,,,,,
US-UNIVERSITY-OF-LOUISVILLE-D-COLLEGE-OF-ARTS-AND-SCIENCES,US-UNIVERSITY-OF-LOUISVILLE,dean,arts_sciences,College of Arts & Sciences,,,,,,
US-UNIVERSITY-OF-NEVADA-RENO-D-COLLEGE-OF-SCIENCE,US-UNIVERSITY-OF-NEVADA-RENO,dean,arts_sciences,College of Science,,,,,,
US-UNIVERSITY-OF-TEXAS-SAN-ANTONIO-D-COLLEGE-OF-LIBERAL-AND-FINE-ARTS,US-UNIVERSITY-OF-TEXAS-SAN-ANTONIO,dean,arts_sciences,College of Liberal and Fine Arts,,,,,,
US-TEXAS-TECH-UNIVERSITY-D-COLLEGE-OF-MEDIA-AND-COMMUNICATION,US-TEXAS-TECH-UNIVERSITY,dean,creative_arts,College of Media and Communication,,,,,,
US-UNIVERSITY-OF-CALIFORNIA-LOS-ANGELES-D-SCHOOL-OF-THE-ARTS-AND-ARCHITECTURE,US-UNIVERSITY-OF-CALIFORNIA-LOS-ANGELES,dean,creative_arts,School of the Arts and Architecture,,,,,,
US-COLORADO-STATE-UNIVERSITY-D-WARNER-COLLEGE-OF-NATURAL-RESOURCES,US-COLORADO-STATE-UNIVERSITY,dean,agriculture,Warner College of Natural Resources,,,,,,
US-UNIVERSITY-OF-PUERTO-RICO-MAYAGUEZ-D-COLLEGE-OF-AGRICULTURAL-SCIENCES,US-UNIVERSITY-OF-PUERTO-RICO-MAYAGUEZ,dean,agriculture,College of Agricultural Sciences (Colegio de Ciencias Agricolas),,,,1911,,
US-TEXAS-A-AND-M-UNIVERSITY-D-IRMA-LERMA-RANGEL-COLLEGE-OF-PHARMACY,US-TEXAS-A-AND-M-UNIVERSITY,dean,pharmacy,Irma Lerma Rangel College of Pharmacy,,,,,,
US-IDAHO-STATE-UNIVERSITY-D-GRADUATE-SCHOOL,US-IDAHO-STATE-UNIVERSITY,dean,graduate,Graduate School,,,,1901,,
US-NEW-JERSEY-INSTITUTE-OF-TECHNOLOGY-PROVOST,US-NEW-JERSEY-INSTITUTE-OF-TECHNOLOGY,provost,central,Office of the Provost,,,,,,
US-UNIVERSITY-OF-HOUSTON-PROVOST,US-UNIVERSITY-OF-HOUSTON,provost,central,Office of the Provost,,,,,,
US-UNIVERSITY-OF-NORTH-DAKOTA-PROVOST,US-UNIVERSITY-OF-NORTH-DAKOTA,provost,central,Office of the Provost & Vice President for Academic Affairs,,,,,,
US-NORTH-DAKOTA-STATE-UNIVERSITY-D-COLLEGE-OF-BUSINESS,US-NORTH-DAKOTA-STATE-UNIVERSITY,dean,business,College of Business,,,,,,
US-SYRACUSE-UNIVERSITY-D-WHITMAN-SCHOOL-OF-MANAGEMENT,US-SYRACUSE-UNIVERSITY,dean,business,Whitman School of Management,,,,,,
US-UNIVERSITY-OF-HAWAII-MANOA-D-SHIDLER-COLLEGE-OF-BUSINESS,US-UNIVERSITY-OF-HAWAII-MANOA,dean,business,Shidler College of Business,,,,,,
US-LEHIGH-UNIVERSITY-D-COLLEGE-OF-BUSINESS,US-LEHIGH-UNIVERSITY,dean,business,College of Business,,,,,,
US-UNIVERSITY-OF-VERMONT-D-COLLEGE-OF-ENGINEERING-AND-MATHEMATICAL-SCIENCES,US-UNIVERSITY-OF-VERMONT,dean,engineering,College of Engineering and Mathematical Sciences,,,,,,
US-BINGHAMTON-UNIVERSITY-D-DECKER-COLLEGE-OF-NURSING-AND-HEALTH-SCIENCES,US-BINGHAMTON-UNIVERSITY,dean,nursing,Decker College of Nursing and Health Sciences,,,,,,
US-LOMA-LINDA-UNIVERSITY-D-SCHOOL-OF-NURSING,US-LOMA-LINDA-UNIVERSITY,dean,nursing,School of Nursing,,,,1905,,
US-MONTANA-STATE-UNIVERSITY-D-MARK-AND-ROBYN-JONES-COLLEGE-OF-NURSING,US-MONTANA-STATE-UNIVERSITY,dean,nursing,Mark and Robyn Jones College of Nursing,,,,,,
US-NEW-YORK-UNIVERSITY-D-RORY-MEYERS-COLLEGE-OF-NURSING,US-NEW-YORK-UNIVERSITY,dean,nursing,Rory Meyers College of Nursing,,,,,,
US-UNIVERSITY-OF-HAWAII-MANOA-D-NANCY-ATMOSPERA-WALCH-SCHOOL-OF-NURSING,US-UNIVERSITY-OF-HAWAII-MANOA,dean,nursing,Nancy Atmospera-Walch School of Nursing,,,,,,
US-UNIVERSITY-OF-GEORGIA-D-COLLEGE-OF-PUBLIC-HEALTH,US-UNIVERSITY-OF-GEORGIA,dean,public_health,College of Public Health,,,,,,
US-DUQUESNE-UNIVERSITY-D-SCHOOL-OF-EDUCATION,US-DUQUESNE-UNIVERSITY,dean,education,School of Education,,,,1878,,
US-FORDHAM-UNIVERSITY-D-GRADUATE-SCHOOL-OF-EDUCATION,US-FORDHAM-UNIVERSITY,dean,education,Graduate School of Education,,,,1841,,
US-HUNTER-COLLEGE-D-SCHOOL-OF-EDUCATION,US-HUNTER-COLLEGE,dean,education,School of Education,,,,1870,,
US-INDIANA-UNIVERSITY-OF-PENNSYLVANIA-D-COLLEGE-OF-EDUCATION-AND-HUMAN-SERVICES,US-INDIANA-UNIVERSITY-OF-PENNSYLVANIA,dean,education,College of Education and Human Services,,,,1875,,
US-LOYOLA-MARYMOUNT-UNIVERSITY-D-SCHOOL-OF-EDUCATION,US-LOYOLA-MARYMOUNT-UNIVERSITY,dean,education,School of Education,,,,1911,,
US-UNIVERSITY-OF-TEXAS-SAN-ANTONIO-D-COLLEGE-OF-EDUCATION-AND-HUMAN-DEVELOPMENT,US-UNIVERSITY-OF-TEXAS-SAN-ANTONIO,dean,education,College of Education and Human Development,,,,,,
US-UNIVERSITY-OF-MASSACHUSETTS-AMHERST-D-COLLEGE-OF-EDUCATION,US-UNIVERSITY-OF-MASSACHUSETTS-AMHERST,dean,education,College of Education,,,,,,
US-UNIVERSITY-OF-OREGON-D-COLLEGE-OF-EDUCATION,US-UNIVERSITY-OF-OREGON,dean,education,College of Education,,,,,,
US-UNIVERSITY-OF-THE-PACIFIC-D-BENERD-COLLEGE,US-UNIVERSITY-OF-THE-PACIFIC,dean,education,Benerd College,,,,,,
US-AUBURN-UNIVERSITY-D-COLLEGE-OF-LIBERAL-ARTS,US-AUBURN-UNIVERSITY,dean,arts_sciences,College of Liberal Arts,,,,,,
US-FLORIDA-STATE-UNIVERSITY-D-COLLEGE-OF-ARTS-AND-SCIENCES,US-FLORIDA-STATE-UNIVERSITY,dean,arts_sciences,College of Arts and Sciences,,,,,,
US-GEORGE-MASON-UNIVERSITY-D-COLLEGE-OF-HUMANITIES-AND-SOCIAL-SCIENCES,US-GEORGE-MASON-UNIVERSITY,dean,arts_sciences,College of Humanities and Social Sciences,,,,,,
US-OKLAHOMA-STATE-UNIVERSITY-D-COLLEGE-OF-ARTS-AND-SCIENCES,US-OKLAHOMA-STATE-UNIVERSITY,dean,arts_sciences,College of Arts and Sciences,,,,,,
US-SANTA-CLARA-UNIVERSITY-D-COLLEGE-OF-ARTS-AND-SCIENCES,US-SANTA-CLARA-UNIVERSITY,dean,arts_sciences,College of Arts and Sciences,,,,,,
US-UNIVERSITY-OF-CALIFORNIA-SANTA-BARBARA-D-COLLEGE-OF-LETTERS-AND-SCIENCE,US-UNIVERSITY-OF-CALIFORNIA-SANTA-BARBARA,dean,arts_sciences,College of Letters and Science,,,,,,
US-UNIVERSITY-OF-DELAWARE-D-COLLEGE-OF-ARTS-AND-SCIENCES,US-UNIVERSITY-OF-DELAWARE,dean,arts_sciences,College of Arts and Sciences,,,,,,
US-UNIVERSITY-OF-MARYLAND-BALTIMORE-COUNTY-D-COLLEGE-OF-NATURAL-AND-MATHEMATICAL-SCIENCES,US-UNIVERSITY-OF-MARYLAND-BALTIMORE-COUNTY,dean,arts_sciences,College of Natural and Mathematical Sciences,,,,,,
US-UNIVERSITY-OF-MIAMI-D-COLLEGE-OF-ARTS-AND-SCIENCES,US-UNIVERSITY-OF-MIAMI,dean,arts_sciences,College of Arts and Sciences,,,,,,
US-UNIVERSITY-OF-SOUTH-CAROLINA-D-MCCAUSLAND-COLLEGE-OF-ARTS-AND-SCIENCES,US-UNIVERSITY-OF-SOUTH-CAROLINA,dean,arts_sciences,McCausland College of Arts and Sciences,,,,,,
US-UNIVERSITY-OF-TEXAS-DALLAS-D-SCHOOL-OF-ECONOMIC-POLITICAL-AND-POLICY-SCIENCES,US-UNIVERSITY-OF-TEXAS-DALLAS,dean,arts_sciences,"School of Economic, Political and Policy Sciences",,,,,,
US-UNIVERSITY-OF-VERMONT-D-COLLEGE-OF-ARTS-AND-SCIENCES,US-UNIVERSITY-OF-VERMONT,dean,arts_sciences,College of Arts and Sciences,,,,,,
US-WEST-VIRGINIA-UNIVERSITY-D-EBERLY-COLLEGE-OF-ARTS-AND-SCIENCES,US-WEST-VIRGINIA-UNIVERSITY,dean,arts_sciences,Eberly College of Arts and Sciences,,,,,,
US-BRIGHAM-YOUNG-UNIVERSITY-D-COLLEGE-OF-HUMANITIES,US-BRIGHAM-YOUNG-UNIVERSITY,dean,arts_sciences,College of Humanities,,,,,,
US-CLEVELAND-STATE-UNIVERSITY-D-COLLEGE-OF-LIBERAL-ARTS-AND-SOCIAL-SCIENCES,US-CLEVELAND-STATE-UNIVERSITY,dean,arts_sciences,College of Liberal Arts and Social Sciences,,,,1964,,
US-ARIZONA-STATE-UNIVERSITY-D-WALTER-CRONKITE-SCHOOL-OF-JOURNALISM-AND-MASS-CO,US-ARIZONA-STATE-UNIVERSITY,dean,creative_arts,Walter Cronkite School of Journalism and Mass Communication,,,,,,
US-FLORIDA-STATE-UNIVERSITY-D-COLLEGE-OF-MUSIC,US-FLORIDA-STATE-UNIVERSITY,dean,creative_arts,College of Music,,,,,,
US-OHIO-UNIVERSITY-D-SCRIPPS-COLLEGE-OF-COMMUNICATION,US-OHIO-UNIVERSITY,dean,creative_arts,Scripps College of Communication,,,,,,
US-UNIVERSITY-OF-OREGON-D-COLLEGE-OF-DESIGN,US-UNIVERSITY-OF-OREGON,dean,creative_arts,College of Design,,,,,,
US-MISSISSIPPI-STATE-UNIVERSITY-D-COLLEGE-OF-FOREST-RESOURCES,US-MISSISSIPPI-STATE-UNIVERSITY,dean,agriculture,College of Forest Resources,,,,,,
US-EAST-TENNESSEE-STATE-UNIVERSITY-D-BILL-GATTON-COLLEGE-OF-PHARMACY,US-EAST-TENNESSEE-STATE-UNIVERSITY,dean,pharmacy,Bill Gatton College of Pharmacy,,,,1911,,
US-PALM-BEACH-ATLANTIC-UNIVERSITY-D-LLOYD-L-GREGORY-SCHOOL-OF-PHARMACY,US-PALM-BEACH-ATLANTIC-UNIVERSITY,dean,pharmacy,Lloyd L. Gregory School of Pharmacy,,,,,,
US-SOUTHERN-ILLINOIS-UNIVERSITY-EDWARDSVILLE-D-SCHOOL-OF-PHARMACY,US-SOUTHERN-ILLINOIS-UNIVERSITY-EDWARDSVILLE,dean,pharmacy,School of Pharmacy,,,,,,
US-ST-JOHN-FISHER-UNIVERSITY-D-WEGMANS-SCHOOL-OF-PHARMACY,US-ST-JOHN-FISHER-UNIVERSITY,dean,pharmacy,Wegmans School of Pharmacy,,,,,,
US-UNIVERSITY-OF-NEVADA-RENO-D-GRADUATE-SCHOOL,US-UNIVERSITY-OF-NEVADA-RENO,dean,graduate,Graduate School,,,,,,
US-INDIANA-UNIVERSITY-BLOOMINGTON-PROVOST,US-INDIANA-UNIVERSITY-BLOOMINGTON,provost,central,Office of the Provost & Executive Vice Chancellor,,,,,,
US-STEVENS-INSTITUTE-OF-TECHNOLOGY-PROVOST,US-STEVENS-INSTITUTE-OF-TECHNOLOGY,provost,central,Office of the Provost,,,,1870,,
US-UNIVERSITY-OF-VERMONT-PROVOST,US-UNIVERSITY-OF-VERMONT,provost,central,Office of the Provost,,,,,,
US-FLORIDA-INTERNATIONAL-UNIVERSITY-D-FIU-HERBERT-WERTHEIM-COLLEGE-OF-MEDICINE,US-FLORIDA-INTERNATIONAL-UNIVERSITY,dean,medicine,FIU Herbert Wertheim College of Medicine,,,,,,
US-UNIVERSITY-OF-CENTRAL-FLORIDA-D-UNIVERSITY-OF-CENTRAL-FLORIDA-COLLEGE-OF-MEDICIN,US-UNIVERSITY-OF-CENTRAL-FLORIDA,dean,medicine,University of Central Florida College of Medicine,,,,,,
US-ST-JOHN-FISHER-UNIVERSITY-D-WEGMANS-SCHOOL-OF-NURSING,US-ST-JOHN-FISHER-UNIVERSITY,dean,nursing,Wegmans School of Nursing,,,,,,
US-TEXAS-CHRISTIAN-UNIVERSITY-D-HARRIS-COLLEGE-OF-NURSING-AND-HEALTH-SCIENCES,US-TEXAS-CHRISTIAN-UNIVERSITY,dean,nursing,Harris College of Nursing & Health Sciences,,,,1873,,
US-EAST-TENNESSEE-STATE-UNIVERSITY-D-COLLEGE-OF-PUBLIC-HEALTH,US-EAST-TENNESSEE-STATE-UNIVERSITY,dean,public_health,College of Public Health,,,,1911,,
US-GEORGIA-SOUTHERN-UNIVERSITY-D-JIANN-PING-HSU-COLLEGE-OF-PUBLIC-HEALTH,US-GEORGIA-SOUTHERN-UNIVERSITY,dean,public_health,Jiann-Ping Hsu College of Public Health,,,,1906,,
US-CALIFORNIA-STATE-UNIVERSITY-SACRAMENTO-D-COLLEGE-OF-EDUCATION,US-CALIFORNIA-STATE-UNIVERSITY-SACRAMENTO,dean,education,College of Education,,,,1947,,
US-INDIANA-STATE-UNIVERSITY-D-BAYH-COLLEGE-OF-EDUCATION,US-INDIANA-STATE-UNIVERSITY,dean,education,Bayh College of Education,,,,,,
US-OHIO-STATE-UNIVERSITY-D-COLLEGE-OF-EDUCATION-AND-HUMAN-ECOLOGY,US-OHIO-STATE-UNIVERSITY,dean,education,College of Education and Human Ecology,,,,,,
US-UNIVERSITY-OF-ILLINOIS-URBANA-CHAMPAIGN-D-COLLEGE-OF-EDUCATION,US-UNIVERSITY-OF-ILLINOIS-URBANA-CHAMPAIGN,dean,education,College of Education,,,,,,
US-UNIVERSITY-OF-MIAMI-D-SCHOOL-OF-EDUCATION-AND-HUMAN-DEVELOPMENT,US-UNIVERSITY-OF-MIAMI,dean,education,School of Education and Human Development,,,,,,
US-GEORGE-MASON-UNIVERSITY-D-COLLEGE-OF-SCIENCE,US-GEORGE-MASON-UNIVERSITY,dean,arts_sciences,College of Science,,,,,,
US-RUTGERS-UNIVERSITY-D-SCHOOL-OF-ARTS-AND-SCIENCES,US-RUTGERS-UNIVERSITY,dean,arts_sciences,School of Arts and Sciences,,,,,,
US-TULANE-UNIVERSITY-D-SCHOOL-OF-SCIENCE-AND-ENGINEERING,US-TULANE-UNIVERSITY,dean,arts_sciences,School of Science and Engineering,,,,,,
US-UNIVERSITY-OF-CALIFORNIA-RIVERSIDE-D-COLLEGE-OF-HUMANITIES-ARTS-AND-SOCIAL-SCIENCES,US-UNIVERSITY-OF-CALIFORNIA-RIVERSIDE,dean,arts_sciences,"College of Humanities, Arts, and Social Sciences",,,,,,
US-UNIVERSITY-OF-CALIFORNIA-SANTA-CRUZ-D-DIVISION-OF-SOCIAL-SCIENCES,US-UNIVERSITY-OF-CALIFORNIA-SANTA-CRUZ,dean,arts_sciences,Division of Social Sciences,,,,,,
US-UNIVERSITY-OF-CENTRAL-FLORIDA-D-COLLEGE-OF-ARTS-AND-HUMANITIES,US-UNIVERSITY-OF-CENTRAL-FLORIDA,dean,arts_sciences,College of Arts and Humanities,,,,,,
US-UNIVERSITY-OF-MARYLAND-COLLEGE-PARK-D-COLLEGE-OF-COMPUTER-MATHEMATICAL-AND-NATURAL-SCI,US-UNIVERSITY-OF-MARYLAND-COLLEGE-PARK,dean,arts_sciences,"College of Computer, Mathematical, and Natural Sciences",,,,,,
US-UNIVERSITY-OF-MISSOURI-D-COLLEGE-OF-ARTS-AND-SCIENCE,US-UNIVERSITY-OF-MISSOURI,dean,arts_sciences,College of Arts and Science,,,,,,
US-UNIVERSITY-OF-SOUTHERN-CALIFORNIA-D-DANA-AND-DAVID-DORNSIFE-COLLEGE-OF-LETTERS-ARTS,US-UNIVERSITY-OF-SOUTHERN-CALIFORNIA,dean,arts_sciences,"Dana and David Dornsife College of Letters, Arts and Sciences",,,,,,
US-ARIZONA-STATE-UNIVERSITY-D-HERBERGER-INSTITUTE-FOR-DESIGN-AND-THE-ARTS,US-ARIZONA-STATE-UNIVERSITY,dean,creative_arts,Herberger Institute for Design and the Arts,,,,,,
US-BOSTON-UNIVERSITY-D-COLLEGE-OF-COMMUNICATION,US-BOSTON-UNIVERSITY,dean,creative_arts,College of Communication,,,,,,
US-MARQUETTE-UNIVERSITY-D-DIEDERICH-COLLEGE-OF-COMMUNICATION,US-MARQUETTE-UNIVERSITY,dean,creative_arts,Diederich College of Communication,,,,1881,,
US-UNIVERSITY-OF-FLORIDA-D-COLLEGE-OF-THE-ARTS,US-UNIVERSITY-OF-FLORIDA,dean,creative_arts,College of the Arts,,,,,,
US-UNIVERSITY-OF-MINNESOTA-TWIN-CITIES-D-COLLEGE-OF-DESIGN,US-UNIVERSITY-OF-MINNESOTA-TWIN-CITIES,dean,creative_arts,College of Design,,,,,,
US-UNIVERSITY-OF-TENNESSEE-KNOXVILLE-D-COLLEGE-OF-COMMUNICATION-AND-INFORMATION,US-UNIVERSITY-OF-TENNESSEE-KNOXVILLE,dean,creative_arts,College of Communication and Information,,,,,,
US-WASHINGTON-UNIVERSITY-ST-LOUIS-D-SAM-FOX-SCHOOL-OF-DESIGN-AND-VISUAL-ARTS,US-WASHINGTON-UNIVERSITY-ST-LOUIS,dean,creative_arts,Sam Fox School of Design and Visual Arts,,,,,,
US-TEXAS-A-AND-M-UNIVERSITY-KINGSVILLE-D-DICK-AND-MARY-LEWIS-KLEBERG-COLLEGE-OF-AGRICULTU,US-TEXAS-A-AND-M-UNIVERSITY-KINGSVILLE,dean,agriculture,Dick and Mary Lewis Kleberg College of Agriculture and Natural Resources,,,,1925,,
US-HARDING-UNIVERSITY-D-COLLEGE-OF-PHARMACY,US-HARDING-UNIVERSITY,dean,pharmacy,College of Pharmacy,,,,,,
US-UNIVERSITY-OF-HAWAII-HILO-D-DANIEL-K-INOUYE-COLLEGE-OF-PHARMACY,US-UNIVERSITY-OF-HAWAII-HILO,dean,pharmacy,Daniel K. Inouye College of Pharmacy,,,,1970,,
US-UNIVERSITY-OF-THE-INCARNATE-WORD-D-FEIK-SCHOOL-OF-PHARMACY,US-UNIVERSITY-OF-THE-INCARNATE-WORD,dean,pharmacy,Feik School of Pharmacy,,,,,,
US-MONTANA-STATE-UNIVERSITY-D-GRADUATE-SCHOOL,US-MONTANA-STATE-UNIVERSITY,dean,graduate,Graduate School,,,,,,
US-UNIVERSITY-OF-NEW-MEXICO-D-GRADUATE-STUDIES,US-UNIVERSITY-OF-NEW-MEXICO,dean,graduate,Graduate Studies,,,,,,
US-UTAH-STATE-UNIVERSITY-D-GRADUATE-SCHOOL,US-UTAH-STATE-UNIVERSITY,dean,graduate,Graduate School,,,,,,
US-UNIVERSITY-OF-MASSACHUSETTS-GLOBAL-CENTRAL,US-UNIVERSITY-OF-MASSACHUSETTS-GLOBAL,president,central,Office of the Chancellor,,,,,,
US-LOYOLA-UNIVERSITY-MARYLAND-PROVOST,US-LOYOLA-UNIVERSITY-MARYLAND,provost,central,Office of Academic Affairs,,,,,,
US-UNIVERSITY-OF-NEVADA-LAS-VEGAS-PROVOST,US-UNIVERSITY-OF-NEVADA-LAS-VEGAS,provost,central,Office of the Executive Vice President and Provost,,,,,,
US-UNIVERSITY-OF-TEXAS-ARLINGTON-PROVOST,US-UNIVERSITY-OF-TEXAS-ARLINGTON,provost,central,Office of the Provost and Senior Vice President for Academic Affairs,,,,,,
US-UNIVERSITY-OF-MEMPHIS-D-FOGELMAN-COLLEGE-OF-BUSINESS-AND-ECONOMICS,US-UNIVERSITY-OF-MEMPHIS,dean,business,Fogelman College of Business and Economics,,,,,,
US-UNIVERSITY-OF-CALIFORNIA-SAN-DIEGO-D-UC-SAN-DIEGO-SCHOOL-OF-MEDICINE,US-UNIVERSITY-OF-CALIFORNIA-SAN-DIEGO,dean,medicine,UC San Diego School of Medicine,,,,,,
US-NEW-JERSEY-INSTITUTE-OF-TECHNOLOGY-D-NEWARK-COLLEGE-OF-ENGINEERING,US-NEW-JERSEY-INSTITUTE-OF-TECHNOLOGY,dean,engineering,Newark College of Engineering,,,,,,
US-UNIVERSITY-OF-DELAWARE-D-COLLEGE-OF-ENGINEERING,US-UNIVERSITY-OF-DELAWARE,dean,engineering,College of Engineering,,,,,,
US-UNIVERSITY-OF-ILLINOIS-CHICAGO-D-COLLEGE-OF-ENGINEERING,US-UNIVERSITY-OF-ILLINOIS-CHICAGO,dean,engineering,College of Engineering,,,,,,
US-UNIVERSITY-OF-MAINE-D-COLLEGE-OF-ENGINEERING,US-UNIVERSITY-OF-MAINE,dean,engineering,College of Engineering,,,,,,
US-MARIAN-UNIVERSITY-D-ALAN-AND-SUE-LEIGHTON-SCHOOL-OF-NURSING,US-MARIAN-UNIVERSITY,dean,nursing,Alan and Sue Leighton School of Nursing,,,,,,
US-UNIVERSITY-OF-CENTRAL-FLORIDA-D-COLLEGE-OF-NURSING,US-UNIVERSITY-OF-CENTRAL-FLORIDA,dean,nursing,College of Nursing,,,,,,
US-UNIVERSITY-OF-LOUISVILLE-D-SCHOOL-OF-NURSING,US-UNIVERSITY-OF-LOUISVILLE,dean,nursing,School of Nursing,,,,,,
US-UNIVERSITY-OF-MISSOURI-ST-LOUIS-D-COLLEGE-OF-NURSING,US-UNIVERSITY-OF-MISSOURI-ST-LOUIS,dean,nursing,College of Nursing,,,,1963,,
US-UNIVERSITY-OF-MARYLAND-COLLEGE-PARK-D-SCHOOL-OF-PUBLIC-HEALTH,US-UNIVERSITY-OF-MARYLAND-COLLEGE-PARK,dean,public_health,School of Public Health,,,,,,
US-BAYLOR-UNIVERSITY-D-MOODY-SCHOOL-OF-EDUCATION,US-BAYLOR-UNIVERSITY,dean,education,Moody School of Education,,,,,,
US-GONZAGA-UNIVERSITY-D-SCHOOL-OF-EDUCATION,US-GONZAGA-UNIVERSITY,dean,education,School of Education,,,,,,
US-SOUTHERN-METHODIST-UNIVERSITY-D-ANNETTE-CALDWELL-SIMMONS-SCHOOL-OF-EDUCATION-AND,US-SOUTHERN-METHODIST-UNIVERSITY,dean,education,Annette Caldwell Simmons School of Education and Human Development,,,,,,
US-CALIFORNIA-INSTITUTE-OF-TECHNOLOGY-D-DIVISION-OF-THE-HUMANITIES-AND-SOCIAL-SCIENCES,US-CALIFORNIA-INSTITUTE-OF-TECHNOLOGY,dean,arts_sciences,Division of the Humanities and Social Sciences,,,,,,
US-FLORIDA-INTERNATIONAL-UNIVERSITY-D-COLLEGE-OF-ARTS-SCIENCES-AND-EDUCATION,US-FLORIDA-INTERNATIONAL-UNIVERSITY,dean,arts_sciences,"College of Arts, Sciences & Education",,,,,,
US-INDIANA-UNIVERSITY-INDIANAPOLIS-D-SCHOOL-OF-SCIENCE,US-INDIANA-UNIVERSITY-INDIANAPOLIS,dean,arts_sciences,School of Science,,,,,,
US-MONTANA-STATE-UNIVERSITY-D-COLLEGE-OF-LETTERS-AND-SCIENCE,US-MONTANA-STATE-UNIVERSITY,dean,arts_sciences,College of Letters and Science,,,,,,
US-TEMPLE-UNIVERSITY-D-COLLEGE-OF-LIBERAL-ARTS,US-TEMPLE-UNIVERSITY,dean,arts_sciences,College of Liberal Arts,,,,,,
US-TEMPLE-UNIVERSITY-D-COLLEGE-OF-SCIENCE-AND-TECHNOLOGY,US-TEMPLE-UNIVERSITY,dean,arts_sciences,College of Science and Technology,,,,,,
US-UNIVERSITY-ALBANY-SUNY-D-COLLEGE-OF-ARTS-AND-SCIENCES,US-UNIVERSITY-ALBANY-SUNY,dean,arts_sciences,College of Arts and Sciences,,,,,,
US-UNIVERSITY-OF-SOUTH-FLORIDA-D-COLLEGE-OF-ARTS-AND-SCIENCES,US-UNIVERSITY-OF-SOUTH-FLORIDA,dean,arts_sciences,College of Arts and Sciences,,,,,,
US-UNIVERSITY-OF-UTAH-D-COLLEGE-OF-SCIENCE,US-UNIVERSITY-OF-UTAH,dean,arts_sciences,College of Science,,,,,,
US-BRIGHAM-YOUNG-UNIVERSITY-D-COLLEGE-OF-LIFE-SCIENCES,US-BRIGHAM-YOUNG-UNIVERSITY,dean,arts_sciences,College of Life Sciences,,,,,,
US-CHAPMAN-UNIVERSITY-D-COLLEGE-OF-PERFORMING-ARTS,US-CHAPMAN-UNIVERSITY,dean,creative_arts,College of Performing Arts,,,,1861,,
US-PENNSYLVANIA-STATE-UNIVERSITY-D-COLLEGE-OF-ARTS-AND-ARCHITECTURE,US-PENNSYLVANIA-STATE-UNIVERSITY,dean,creative_arts,College of Arts and Architecture,,,,,,
US-UNIVERSITY-OF-ILLINOIS-URBANA-CHAMPAIGN-D-COLLEGE-OF-FINE-AND-APPLIED-ARTS,US-UNIVERSITY-OF-ILLINOIS-URBANA-CHAMPAIGN,dean,creative_arts,College of Fine and Applied Arts,,,,,,
US-UNIVERSITY-OF-OKLAHOMA-D-WEITZENHOFFER-FAMILY-COLLEGE-OF-FINE-ARTS,US-UNIVERSITY-OF-OKLAHOMA,dean,creative_arts,Weitzenhoffer Family College of Fine Arts,,,,,,
US-UNIVERSITY-OF-TENNESSEE-KNOXVILLE-D-HERBERT-COLLEGE-OF-AGRICULTURE,US-UNIVERSITY-OF-TENNESSEE-KNOXVILLE,dean,agriculture,Herbert College of Agriculture,,,,,,
US-LIPSCOMB-UNIVERSITY-D-COLLEGE-OF-PHARMACY,US-LIPSCOMB-UNIVERSITY,dean,pharmacy,College of Pharmacy,,,,,,
US-UNION-UNIVERSITY-D-COLLEGE-OF-PHARMACY,US-UNION-UNIVERSITY,dean,pharmacy,College of Pharmacy,,,,,,
US-UNIVERSITY-OF-NEW-ENGLAND-D-SCHOOL-OF-PHARMACY,US-UNIVERSITY-OF-NEW-ENGLAND,dean,pharmacy,School of Pharmacy,,,,1831,,
US-UNIVERSITY-OF-ALABAMA-HUNTSVILLE-PROVOST,US-UNIVERSITY-OF-ALABAMA-HUNTSVILLE,provost,central,Office of Academic Affairs (Provost and Executive Vice President for Academic Affairs),,,,1950,,
US-UNIVERSITY-OF-MAINE-PROVOST,US-UNIVERSITY-OF-MAINE,provost,central,Office of the Executive Vice President for Academic Affairs and Provost,,,,,,
US-UNIVERSITY-OF-OREGON-PROVOST,US-UNIVERSITY-OF-OREGON,provost,central,Office of the Provost,,,,,,
US-JOHNS-HOPKINS-UNIVERSITY-D-CAREY-BUSINESS-SCHOOL,US-JOHNS-HOPKINS-UNIVERSITY,dean,business,Carey Business School,,,,,,
US-UNIVERSITY-OF-CALIFORNIA-IRVINE-D-UNIVERSITY-OF-CALIFORNIA-IRVINE-SCHOOL-OF-LAW,US-UNIVERSITY-OF-CALIFORNIA-IRVINE,dean,law,"University of California, Irvine School of Law",,,,,,
US-UNIVERSITY-OF-CALIFORNIA-RIVERSIDE-D-UC-RIVERSIDE-SCHOOL-OF-MEDICINE,US-UNIVERSITY-OF-CALIFORNIA-RIVERSIDE,dean,medicine,UC Riverside School of Medicine,,,,,,
US-UNIVERSITY-OF-MISSOURI-D-UNIVERSITY-OF-MISSOURI-SCHOOL-OF-MEDICINE,US-UNIVERSITY-OF-MISSOURI,dean,medicine,University of Missouri School of Medicine,,,,,,
US-VIRGINIA-TECH-D-VIRGINIA-TECH-CARILION-SCHOOL-OF-MEDICINE,US-VIRGINIA-TECH,dean,medicine,Virginia Tech Carilion School of Medicine,,,,,,
US-GEORGE-WASHINGTON-UNIVERSITY-D-SCHOOL-OF-ENGINEERING-AND-APPLIED-SCIENCE,US-GEORGE-WASHINGTON-UNIVERSITY,dean,engineering,School of Engineering and Applied Science,,,,,,
US-UNIVERSITY-OF-CONNECTICUT-D-SCHOOL-OF-ENGINEERING,US-UNIVERSITY-OF-CONNECTICUT,dean,engineering,School of Engineering,,,,,,
US-UNIVERSITY-OF-IDAHO-D-COLLEGE-OF-ENGINEERING,US-UNIVERSITY-OF-IDAHO,dean,engineering,College of Engineering,,,,,,
US-UNIVERSITY-OF-UTAH-D-COLLEGE-OF-ENGINEERING,US-UNIVERSITY-OF-UTAH,dean,engineering,College of Engineering,,,,,,
US-PENNSYLVANIA-STATE-UNIVERSITY-D-ROSS-AND-CAROL-NESE-COLLEGE-OF-NURSING,US-PENNSYLVANIA-STATE-UNIVERSITY,dean,nursing,Ross and Carol Nese College of Nursing,,,,,,
US-SEATTLE-UNIVERSITY-D-COLLEGE-OF-NURSING-AND-HEALTH-SCIENCES,US-SEATTLE-UNIVERSITY,dean,nursing,College of Nursing and Health Sciences,,,,,,
US-TEXAS-A-AND-M-UNIVERSITY-D-COLLEGE-OF-NURSING,US-TEXAS-A-AND-M-UNIVERSITY,dean,nursing,College of Nursing,,,,,,
US-UNIVERSITY-OF-COLORADO-COLORADO-SPRINGS-D-HELEN-AND-ARTHUR-E-JOHNSON-BETH-EL-COLLEGE-OF-NU,US-UNIVERSITY-OF-COLORADO-COLORADO-SPRINGS,dean,nursing,Helen and Arthur E. Johnson Beth-El College of Nursing and Health Sciences,,,,1965,,
US-UNIVERSITY-OF-HOUSTON-D-ANDY-AND-BARBARA-GESSNER-COLLEGE-OF-NURSING,US-UNIVERSITY-OF-HOUSTON,dean,nursing,Andy & Barbara Gessner College of Nursing,,,,,,
US-UNIVERSITY-OF-MEMPHIS-D-SCHOOL-OF-PUBLIC-HEALTH,US-UNIVERSITY-OF-MEMPHIS,dean,public_health,School of Public Health,,,,,,
US-BOSTON-UNIVERSITY-D-WHEELOCK-COLLEGE-OF-EDUCATION-AND-HUMAN-DEVELOPM,US-BOSTON-UNIVERSITY,dean,education,Wheelock College of Education & Human Development,,,,,,
US-CALIFORNIA-STATE-POLYTECHNIC-UNIVERSITY-POMONA-D-COLLEGE-OF-EDUCATION-AND-INTEGRATIVE-STUDIES,US-CALIFORNIA-STATE-POLYTECHNIC-UNIVERSITY-POMONA,dean,education,College of Education and Integrative Studies,,,,1938,,
US-CALIFORNIA-STATE-UNIVERSITY-LONG-BEACH-D-COLLEGE-OF-EDUCATION,US-CALIFORNIA-STATE-UNIVERSITY-LONG-BEACH,dean,education,College of Education,,,,1949,,
US-CLAREMONT-GRADUATE-UNIVERSITY-D-SCHOOL-OF-EDUCATIONAL-STUDIES,US-CLAREMONT-GRADUATE-UNIVERSITY,dean,education,School of Educational Studies,,,,1925,,
US-GEORGE-FOX-UNIVERSITY-D-COLLEGE-OF-EDUCATION,US-GEORGE-FOX-UNIVERSITY,dean,education,College of Education,,,,,,
US-KENNESAW-STATE-UNIVERSITY-D-CLARICE-C-AND-LELAND-H-BAGWELL-COLLEGE-OF-EDUCAT,US-KENNESAW-STATE-UNIVERSITY,dean,education,Clarice C. and Leland H. Bagwell College of Education,,,,1963,,
US-PRAIRIE-VIEW-A-AND-M-UNIVERSITY-D-WHITLOWE-R-GREEN-COLLEGE-OF-EDUCATION,US-PRAIRIE-VIEW-A-AND-M-UNIVERSITY,dean,education,Whitlowe R. Green College of Education,,,,1876,,
US-BINGHAMTON-UNIVERSITY-D-HARPUR-COLLEGE-OF-ARTS-AND-SCIENCES,US-BINGHAMTON-UNIVERSITY,dean,arts_sciences,Harpur College of Arts and Sciences,,,,,,
US-BOSTON-COLLEGE-D-MORRISSEY-COLLEGE-OF-ARTS-AND-SCIENCES,US-BOSTON-COLLEGE,dean,arts_sciences,Morrissey College of Arts and Sciences,,,,,,
US-NORTH-CAROLINA-STATE-UNIVERSITY-D-COLLEGE-OF-HUMANITIES-AND-SOCIAL-SCIENCES,US-NORTH-CAROLINA-STATE-UNIVERSITY,dean,arts_sciences,College of Humanities and Social Sciences,,,,,,
US-OREGON-STATE-UNIVERSITY-D-COLLEGE-OF-LIBERAL-ARTS,US-OREGON-STATE-UNIVERSITY,dean,arts_sciences,College of Liberal Arts,,,,,,
US-TEXAS-CHRISTIAN-UNIVERSITY-D-ADDRAN-COLLEGE-OF-LIBERAL-ARTS,US-TEXAS-CHRISTIAN-UNIVERSITY,dean,arts_sciences,AddRan College of Liberal Arts,,,,1873,,
US-TULANE-UNIVERSITY-D-SCHOOL-OF-LIBERAL-ARTS,US-TULANE-UNIVERSITY,dean,arts_sciences,School of Liberal Arts,,,,,,
US-UNIVERSITY-OF-ARKANSAS-D-J-WILLIAM-FULBRIGHT-COLLEGE-OF-ARTS-AND-SCIENCES,US-UNIVERSITY-OF-ARKANSAS,dean,arts_sciences,J. William Fulbright College of Arts and Sciences,,,,,,
US-UNIVERSITY-OF-MICHIGAN-D-COLLEGE-OF-LITERATURE-SCIENCE-AND-THE-ARTS,US-UNIVERSITY-OF-MICHIGAN,dean,arts_sciences,"College of Literature, Science, and the Arts",,,,,,
US-UNIVERSITY-OF-NOTRE-DAME-D-COLLEGE-OF-SCIENCE,US-UNIVERSITY-OF-NOTRE-DAME,dean,arts_sciences,College of Science,,,,,,
US-UNIVERSITY-OF-WASHINGTON-D-COLLEGE-OF-ARTS-AND-SCIENCES,US-UNIVERSITY-OF-WASHINGTON,dean,arts_sciences,College of Arts and Sciences,,,,,,
US-VANDERBILT-UNIVERSITY-D-COLLEGE-OF-ARTS-AND-SCIENCE,US-VANDERBILT-UNIVERSITY,dean,arts_sciences,College of Arts and Science,,,,,,
US-CALIFORNIA-STATE-POLYTECHNIC-UNIVERSITY-POMONA-D-DON-B-HUNTLEY-COLLEGE-OF-AGRICULTURE,US-CALIFORNIA-STATE-POLYTECHNIC-UNIVERSITY-POMONA,dean,agriculture,Don B. Huntley College of Agriculture,,,,1938,,
US-TENNESSEE-STATE-UNIVERSITY-D-COLLEGE-OF-AGRICULTURE,US-TENNESSEE-STATE-UNIVERSITY,dean,agriculture,College of Agriculture,,,,1912,,
US-UNIVERSITY-OF-ARKANSAS-D-DALE-BUMPERS-COLLEGE-OF-AGRICULTURAL-FOOD-AND-LI,US-UNIVERSITY-OF-ARKANSAS,dean,agriculture,"Dale Bumpers College of Agricultural, Food and Life Sciences",,,,,,
US-UNIVERSITY-OF-VERMONT-D-COLLEGE-OF-AGRICULTURE-AND-LIFE-SCIENCES,US-UNIVERSITY-OF-VERMONT,dean,agriculture,College of Agriculture and Life Sciences,,,,,,
US-BELMONT-UNIVERSITY-D-COLLEGE-OF-PHARMACY,US-BELMONT-UNIVERSITY,dean,pharmacy,College of Pharmacy,,,,,,
US-THOMAS-JEFFERSON-UNIVERSITY-D-JEFFERSON-COLLEGE-OF-PHARMACY,US-THOMAS-JEFFERSON-UNIVERSITY,dean,pharmacy,Jefferson College of Pharmacy,,,,1824,,
US-TOURO-UNIVERSITY-D-TOURO-COLLEGE-OF-PHARMACY,US-TOURO-UNIVERSITY,dean,pharmacy,Touro College of Pharmacy,,,,1970,,
US-WESTERN-NEW-ENGLAND-UNIVERSITY-D-COLLEGE-OF-PHARMACY-AND-HEALTH-SCIENCES,US-WESTERN-NEW-ENGLAND-UNIVERSITY,dean,pharmacy,College of Pharmacy and Health Sciences,,,,,,
US-UNIVERSITY-OF-CALIFORNIA-RIVERSIDE-D-GRADUATE-DIVISION,US-UNIVERSITY-OF-CALIFORNIA-RIVERSIDE,dean,graduate,Graduate Division,,,,,,
US-CALIFORNIA-STATE-UNIVERSITY-SACRAMENTO-D-GRADUATE-SCHOOL,US-CALIFORNIA-STATE-UNIVERSITY-SACRAMENTO,dean,graduate,Graduate School,,,,1947,,
US-WAYNE-STATE-UNIVERSITY-D-MIKE-ILITCH-SCHOOL-OF-BUSINESS,US-WAYNE-STATE-UNIVERSITY,dean,business,Mike Ilitch School of Business,,,,,,
US-NATIONAL-AMERICAN-UNIVERSITY-RAPID-CITY-CENTRAL,US-NATIONAL-AMERICAN-UNIVERSITY-RAPID-CITY,president,central,Office of the President,,,,1941,,
US-UNIVERSITY-ALBANY-SUNY-PROVOST,US-UNIVERSITY-ALBANY-SUNY,provost,central,Office of the Provost,,,,,,
US-UNIVERSITY-OF-HAWAII-MANOA-PROVOST,US-UNIVERSITY-OF-HAWAII-MANOA,provost,central,Office of the Provost,,,,,,
US-UNIVERSITY-OF-NEW-MEXICO-D-ANDERSON-SCHOOL-OF-MANAGEMENT,US-UNIVERSITY-OF-NEW-MEXICO,dean,business,Anderson School of Management,,,,,,
US-UNIVERSITY-OF-NORTH-DAKOTA-D-UNIVERSITY-OF-NORTH-DAKOTA-SCHOOL-OF-MEDICINE-AN,US-UNIVERSITY-OF-NORTH-DAKOTA,dean,medicine,University of North Dakota School of Medicine and Health Sciences,,,,,,
US-LOUISIANA-STATE-UNIVERSITY-D-COLLEGE-OF-ENGINEERING,US-LOUISIANA-STATE-UNIVERSITY,dean,engineering,College of Engineering,,,,,,
US-UNIVERSITY-OF-NORTH-DAKOTA-D-COLLEGE-OF-ENGINEERING-AND-MINES,US-UNIVERSITY-OF-NORTH-DAKOTA,dean,engineering,College of Engineering and Mines,,,,,,
US-UNIVERSITY-OF-TEXAS-SAN-ANTONIO-D-COLLEGE-OF-ENGINEERING-AND-INTEGRATED-DESIGN,US-UNIVERSITY-OF-TEXAS-SAN-ANTONIO,dean,engineering,College of Engineering and Integrated Design,,,,,,
US-DYOUVILLE-UNIVERSITY-D-PATRICIA-H-GARMAN-SCHOOL-OF-NURSING,US-DYOUVILLE-UNIVERSITY,dean,nursing,Patricia H. Garman School of Nursing,,,,,,
US-UNIVERSITY-OF-CALIFORNIA-DAVIS-D-BETTY-IRENE-MOORE-SCHOOL-OF-NURSING,US-UNIVERSITY-OF-CALIFORNIA-DAVIS,dean,nursing,Betty Irene Moore School of Nursing,,,,,,
US-UNIVERSITY-OF-MASSACHUSETTS-GLOBAL-D-MARYBELLE-AND-S-PAUL-MUSCO-SCHOOL-OF-NURSING-AND,US-UNIVERSITY-OF-MASSACHUSETTS-GLOBAL,dean,nursing,Marybelle and S. Paul Musco School of Nursing and Health Professions,,,,,,
US-UNIVERSITY-OF-ST-THOMAS-HOUSTON-D-CAROL-AND-ODIS-PEAVY-SCHOOL-OF-NURSING,US-UNIVERSITY-OF-ST-THOMAS-HOUSTON,dean,nursing,Carol and Odis Peavy School of Nursing,,,,,,
US-KENT-STATE-UNIVERSITY-D-COLLEGE-OF-PUBLIC-HEALTH,US-KENT-STATE-UNIVERSITY,dean,public_health,College of Public Health,,,,,,
US-UNIVERSITY-OF-MASSACHUSETTS-AMHERST-D-SCHOOL-OF-PUBLIC-HEALTH-AND-HEALTH-SCIENCES,US-UNIVERSITY-OF-MASSACHUSETTS-AMHERST,dean,public_health,School of Public Health and Health Sciences,,,,,,
US-ADELPHI-UNIVERSITY-D-RUTH-S-AMMON-COLLEGE-OF-EDUCATION-AND-HEALTH-SCI,US-ADELPHI-UNIVERSITY,dean,education,Ruth S. Ammon College of Education and Health Sciences,,,,1896,,
US-UNIVERSITY-ALBANY-SUNY-D-SCHOOL-OF-EDUCATION,US-UNIVERSITY-ALBANY-SUNY,dean,education,School of Education,,,,,,
US-OHIO-STATE-UNIVERSITY-D-COLLEGE-OF-ARTS-AND-SCIENCES,US-OHIO-STATE-UNIVERSITY,dean,arts_sciences,College of Arts and Sciences,,,,,,
US-PRINCETON-UNIVERSITY-D-SCHOOL-OF-PUBLIC-AND-INTERNATIONAL-AFFAIRS,US-PRINCETON-UNIVERSITY,dean,arts_sciences,School of Public and International Affairs,,,,,,
US-GRAND-VALLEY-STATE-UNIVERSITY-D-PEW-FACULTY-TEACHING-AND-LEARNING-CENTER,US-GRAND-VALLEY-STATE-UNIVERSITY,dean,arts_sciences,Pew Faculty Teaching and Learning Center,,,,,,
US-MISSOURI-STATE-UNIVERSITY-D-COLLEGE-OF-ARTS-AND-SCIENCES,US-MISSOURI-STATE-UNIVERSITY,dean,arts_sciences,College of Arts and Sciences,,,,,,
US-FLORIDA-STATE-UNIVERSITY-D-COLLEGE-OF-COMMUNICATION-AND-INFORMATION,US-FLORIDA-STATE-UNIVERSITY,dean,creative_arts,College of Communication and Information,,,,,,
US-MICHIGAN-STATE-UNIVERSITY-D-COLLEGE-OF-COMMUNICATION-ARTS-AND-SCIENCES,US-MICHIGAN-STATE-UNIVERSITY,dean,creative_arts,College of Communication Arts and Sciences,,,,,,
US-TEMPLE-UNIVERSITY-D-TYLER-SCHOOL-OF-ART-AND-ARCHITECTURE,US-TEMPLE-UNIVERSITY,dean,creative_arts,Tyler School of Art and Architecture,,,,,,
US-UNIVERSITY-OF-WASHINGTON-D-COLLEGE-OF-BUILT-ENVIRONMENTS,US-UNIVERSITY-OF-WASHINGTON,dean,creative_arts,College of Built Environments,,,,,,
US-CLEMSON-UNIVERSITY-D-COLLEGE-OF-AGRICULTURE-FORESTRY-AND-LIFE-SCIENCE,US-CLEMSON-UNIVERSITY,dean,agriculture,"College of Agriculture, Forestry and Life Sciences",,,,,,
US-COLORADO-STATE-UNIVERSITY-D-COLLEGE-OF-AGRICULTURAL-SCIENCES,US-COLORADO-STATE-UNIVERSITY,dean,agriculture,College of Agricultural Sciences,,,,,,
US-UNIVERSITY-OF-HOUSTON-D-COLLEGE-OF-PHARMACY,US-UNIVERSITY-OF-HOUSTON,dean,pharmacy,College of Pharmacy,,,,,,
US-UNIVERSITY-OF-COLORADO-DENVER-D-GRADUATE-SCHOOL,US-UNIVERSITY-OF-COLORADO-DENVER,dean,graduate,Graduate School,,,,,,
US-BOISE-STATE-UNIVERSITY-PROVOST,US-BOISE-STATE-UNIVERSITY,provost,central,Office of the Provost,,,,1932,,
US-UNIVERSITY-OF-TEXAS-SAN-ANTONIO-PROVOST,US-UNIVERSITY-OF-TEXAS-SAN-ANTONIO,provost,central,Office of the Provost and Executive Vice President for Academic Affairs,,,,,,
US-VIRGINIA-COMMONWEALTH-UNIVERSITY-D-SCHOOL-OF-BUSINESS,US-VIRGINIA-COMMONWEALTH-UNIVERSITY,dean,business,School of Business,,,,,,
US-UNIVERSITY-OF-ALABAMA-HUNTSVILLE-D-COLLEGE-OF-ENGINEERING,US-UNIVERSITY-OF-ALABAMA-HUNTSVILLE,dean,engineering,College of Engineering,,,,1950,,
US-UNIVERSITY-OF-IOWA-D-COLLEGE-OF-ENGINEERING,US-UNIVERSITY-OF-IOWA,dean,engineering,College of Engineering,,,,,,
US-CAPELLA-UNIVERSITY-D-SCHOOL-OF-NURSING-AND-HEALTH-SCIENCES,US-CAPELLA-UNIVERSITY,dean,nursing,School of Nursing and Health Sciences,,,,1993,,
US-GEORGE-WASHINGTON-UNIVERSITY-D-SCHOOL-OF-NURSING,US-GEORGE-WASHINGTON-UNIVERSITY,dean,nursing,School of Nursing,,,,,,
US-WASHINGTON-STATE-UNIVERSITY-D-COLLEGE-OF-NURSING,US-WASHINGTON-STATE-UNIVERSITY,dean,nursing,College of Nursing,,,,,,
US-GEORGIA-SOUTHERN-UNIVERSITY-D-COLLEGE-OF-EDUCATION,US-GEORGIA-SOUTHERN-UNIVERSITY,dean,education,College of Education,,,,1906,,
US-RUSSELL-SAGE-COLLEGE-D-ESTEVES-SCHOOL-OF-EDUCATION,US-RUSSELL-SAGE-COLLEGE,dean,education,Esteves School of Education,,,,1916,,
US-UNIVERSITY-OF-MASSACHUSETTS-GLOBAL-D-SCHOOL-OF-EDUCATION,US-UNIVERSITY-OF-MASSACHUSETTS-GLOBAL,dean,education,School of Education,,,,,,
US-UTAH-STATE-UNIVERSITY-D-EMMA-ECCLES-JONES-COLLEGE-OF-EDUCATION-HEALTH-AN,US-UTAH-STATE-UNIVERSITY,dean,education,"Emma Eccles Jones College of Education, Health, and Human Sciences",,,,,,
US-COLORADO-STATE-UNIVERSITY-D-COLLEGE-OF-NATURAL-SCIENCES,US-COLORADO-STATE-UNIVERSITY,dean,arts_sciences,College of Natural Sciences,,,,,,
US-DARTMOUTH-COLLEGE-D-FACULTY-OF-ARTS-AND-SCIENCES,US-DARTMOUTH-COLLEGE,dean,arts_sciences,Faculty of Arts and Sciences,,,,,,
US-NORTHEASTERN-UNIVERSITY-D-COLLEGE-OF-SCIENCE,US-NORTHEASTERN-UNIVERSITY,dean,arts_sciences,College of Science,,,,,,
US-PURDUE-UNIVERSITY-D-COLLEGE-OF-LIBERAL-ARTS,US-PURDUE-UNIVERSITY,dean,arts_sciences,College of Liberal Arts,,,,,,
US-STEVENS-INSTITUTE-OF-TECHNOLOGY-D-SCHOOL-OF-HUMANITIES-ARTS-AND-SOCIAL-SCIENCES,US-STEVENS-INSTITUTE-OF-TECHNOLOGY,dean,arts_sciences,"School of Humanities, Arts and Social Sciences (formerly College of Arts and Letters)",,,,1870,,
US-TEXAS-TECH-UNIVERSITY-D-COLLEGE-OF-ARTS-AND-SCIENCES,US-TEXAS-TECH-UNIVERSITY,dean,arts_sciences,College of Arts & Sciences,,,,,,
US-UNIVERSITY-OF-ALABAMA-BIRMINGHAM-D-COLLEGE-OF-ARTS-AND-SCIENCES,US-UNIVERSITY-OF-ALABAMA-BIRMINGHAM,dean,arts_sciences,College of Arts and Sciences,,,,,,
US-UNIVERSITY-OF-HOUSTON-D-COLLEGE-OF-LIBERAL-ARTS-AND-SOCIAL-SCIENCES,US-UNIVERSITY-OF-HOUSTON,dean,arts_sciences,College of Liberal Arts and Social Sciences,,,,,,
US-UNIVERSITY-OF-ILLINOIS-CHICAGO-D-COLLEGE-OF-LIBERAL-ARTS-AND-SCIENCES,US-UNIVERSITY-OF-ILLINOIS-CHICAGO,dean,arts_sciences,College of Liberal Arts and Sciences,,,,,,
US-NORTHEASTERN-UNIVERSITY-D-COLLEGE-OF-ARTS-MEDIA-AND-DESIGN,US-NORTHEASTERN-UNIVERSITY,dean,arts_sciences,"College of Arts, Media and Design",,,,,,
US-MIDDLE-TENNESSEE-STATE-UNIVERSITY-D-COLLEGE-OF-LIBERAL-ARTS,US-MIDDLE-TENNESSEE-STATE-UNIVERSITY,dean,arts_sciences,College of Liberal Arts,,,,1911,,
US-UNIVERSITY-OF-ARIZONA-D-COLLEGE-OF-FINE-ARTS,US-UNIVERSITY-OF-ARIZONA,dean,creative_arts,College of Fine Arts,,,,,,
US-UNIVERSITY-OF-NEBRASKA-LINCOLN-D-COLLEGE-OF-JOURNALISM-AND-MASS-COMMUNICATIONS,US-UNIVERSITY-OF-NEBRASKA-LINCOLN,dean,creative_arts,College of Journalism and Mass Communications,,,,,,
US-UNIVERSITY-OF-RHODE-ISLAND-D-COLLEGE-OF-THE-ENVIRONMENT-AND-LIFE-SCIENCES,US-UNIVERSITY-OF-RHODE-ISLAND,dean,agriculture,College of the Environment and Life Sciences,,,,,,
US-CONCORDIA-UNIVERSITY-WISCONSIN-D-SCHOOL-OF-PHARMACY,US-CONCORDIA-UNIVERSITY-WISCONSIN,dean,pharmacy,School of Pharmacy,,,,,,
US-DYOUVILLE-UNIVERSITY-D-SCHOOL-OF-PHARMACY,US-DYOUVILLE-UNIVERSITY,dean,pharmacy,School of Pharmacy,,,,,,
US-MARSHALL-UNIVERSITY-D-SCHOOL-OF-PHARMACY,US-MARSHALL-UNIVERSITY,dean,pharmacy,School of Pharmacy,,,,1837,,
US-UNIVERSITY-OF-LOUISIANA-MONROE-D-COLLEGE-OF-PHARMACY,US-UNIVERSITY-OF-LOUISIANA-MONROE,dean,pharmacy,College of Pharmacy,,,,,,
US-LINCOLN-MEMORIAL-UNIVERSITY-D-RICHARD-A-GILLESPIE-COLLEGE-OF-VETERINARY-MEDICI,US-LINCOLN-MEMORIAL-UNIVERSITY,dean,veterinary,Richard A. Gillespie College of Veterinary Medicine,,,,,,
US-UNIVERSITY-OF-HAWAII-MANOA-D-GRADUATE-SCHOOL,US-UNIVERSITY-OF-HAWAII-MANOA,dean,graduate,Graduate School,,,,,,
US-UNIVERSITY-OF-TEXAS-EL-PASO-PROVOST,US-UNIVERSITY-OF-TEXAS-EL-PASO,provost,central,Office of the Provost and Vice President for Academic Affairs,,,,,,
US-TUFTS-UNIVERSITY-D-FLETCHER-SCHOOL,US-TUFTS-UNIVERSITY,dean,business,Fletcher School,,,,,,
US-UNIVERSITY-OF-CALIFORNIA-RIVERSIDE-D-A-GARY-ANDERSON-GRADUATE-SCHOOL-OF-MANAGEMENT,US-UNIVERSITY-OF-CALIFORNIA-RIVERSIDE,dean,business,A. Gary Anderson Graduate School of Management,,,,,,
US-UNIVERSITY-OF-MIAMI-D-MIAMI-HERBERT-BUSINESS-SCHOOL,US-UNIVERSITY-OF-MIAMI,dean,business,Miami Herbert Business School,,,,,,
US-UNIVERSITY-OF-VERMONT-D-GROSSMAN-SCHOOL-OF-BUSINESS,US-UNIVERSITY-OF-VERMONT,dean,business,Grossman School of Business,,,,,,
US-OKLAHOMA-STATE-UNIVERSITY-D-OKLAHOMA-STATE-UNIVERSITY-COLLEGE-OF-OSTEOPATHIC,US-OKLAHOMA-STATE-UNIVERSITY,dean,medicine,Oklahoma State University College of Osteopathic Medicine,,,,,,
US-COLORADO-SCHOOL-OF-MINES-D-COLLEGE-OF-ENGINEERING-AND-COMPUTATIONAL-SCIENCE,US-COLORADO-SCHOOL-OF-MINES,dean,engineering,College of Engineering and Computational Sciences,,,,,,
US-WAYNE-STATE-UNIVERSITY-D-COLLEGE-OF-ENGINEERING,US-WAYNE-STATE-UNIVERSITY,dean,engineering,College of Engineering,,,,,,
US-HUNTER-COLLEGE-D-HUNTER-BELLEVUE-SCHOOL-OF-NURSING,US-HUNTER-COLLEGE,dean,nursing,Hunter-Bellevue School of Nursing,,,,1870,,
US-QUINNIPIAC-UNIVERSITY-D-SCHOOL-OF-NURSING,US-QUINNIPIAC-UNIVERSITY,dean,nursing,School of Nursing,,,,,,
US-RUTGERS-UNIVERSITY-CAMDEN-D-SCHOOL-OF-NURSING-CAMDEN,US-RUTGERS-UNIVERSITY-CAMDEN,dean,nursing,School of Nursing-Camden,,,,1926,,
US-UNIVERSITY-OF-NORTH-DAKOTA-D-COLLEGE-OF-NURSING-AND-PROFESSIONAL-DISCIPLINES,US-UNIVERSITY-OF-NORTH-DAKOTA,dean,nursing,College of Nursing & Professional Disciplines,,,,,,
US-WALSH-UNIVERSITY-D-GARY-AND-LINDA-BYERS-SCHOOL-OF-NURSING,US-WALSH-UNIVERSITY,dean,nursing,Gary and Linda Byers School of Nursing,,,,,,
US-AZUSA-PACIFIC-UNIVERSITY-D-COLLEGE-OF-EDUCATION-AND-BEHAVIORAL-SCIENCES,US-AZUSA-PACIFIC-UNIVERSITY,dean,education,College of Education and Behavioral Sciences (School of Education),,,,1899,,
US-EASTERN-MICHIGAN-UNIVERSITY-D-COLLEGE-OF-EDUCATION,US-EASTERN-MICHIGAN-UNIVERSITY,dean,education,College of Education,,,,1849,,
US-GARDNER-WEBB-UNIVERSITY-D-COLLEGE-OF-EDUCATION,US-GARDNER-WEBB-UNIVERSITY,dean,education,College of Education,,,,,,
US-LESLEY-UNIVERSITY-D-GRADUATE-SCHOOL-OF-EDUCATION,US-LESLEY-UNIVERSITY,dean,education,Graduate School of Education,,,,,,
US-UNIVERSITY-OF-COLORADO-COLORADO-SPRINGS-D-COLLEGE-OF-EDUCATION,US-UNIVERSITY-OF-COLORADO-COLORADO-SPRINGS,dean,education,College of Education,,,,1965,,
US-UNIVERSITY-OF-SOUTH-CAROLINA-D-COLLEGE-OF-EDUCATION,US-UNIVERSITY-OF-SOUTH-CAROLINA,dean,education,College of Education,,,,,,
US-BRIGHAM-YOUNG-UNIVERSITY-D-COLLEGE-OF-FAMILY-HOME-AND-SOCIAL-SCIENCES,US-BRIGHAM-YOUNG-UNIVERSITY,dean,arts_sciences,"College of Family, Home, and Social Sciences",,,,,,
US-LOUISIANA-STATE-UNIVERSITY-D-COLLEGE-OF-HUMANITIES-AND-SOCIAL-SCIENCES,US-LOUISIANA-STATE-UNIVERSITY,dean,arts_sciences,College of Humanities & Social Sciences,,,,,,
US-NEW-YORK-UNIVERSITY-D-FACULTY-OF-ARTS-AND-SCIENCE,US-NEW-YORK-UNIVERSITY,dean,arts_sciences,Faculty of Arts and Science,,,,,,
US-NORTHEASTERN-UNIVERSITY-D-COLLEGE-OF-SOCIAL-SCIENCES-AND-HUMANITIES,US-NORTHEASTERN-UNIVERSITY,dean,arts_sciences,College of Social Sciences and Humanities,,,,,,
US-UNIVERSITY-OF-CALIFORNIA-SANTA-CRUZ-D-DIVISION-OF-HUMANITIES,US-UNIVERSITY-OF-CALIFORNIA-SANTA-CRUZ,dean,arts_sciences,Division of Humanities,,,,,,
US-UNIVERSITY-OF-CALIFORNIA-SANTA-CRUZ-D-DIVISION-OF-PHYSICAL-AND-BIOLOGICAL-SCIENCES,US-UNIVERSITY-OF-CALIFORNIA-SANTA-CRUZ,dean,arts_sciences,Division of Physical & Biological Sciences,,,,,,
US-UNIVERSITY-OF-CENTRAL-FLORIDA-D-COLLEGE-OF-SCIENCES,US-UNIVERSITY-OF-CENTRAL-FLORIDA,dean,arts_sciences,College of Sciences,,,,,,
US-UNIVERSITY-OF-GEORGIA-D-FRANKLIN-COLLEGE-OF-ARTS-AND-SCIENCES,US-UNIVERSITY-OF-GEORGIA,dean,arts_sciences,Franklin College of Arts and Sciences,,,,,,
US-UNIVERSITY-OF-NEW-MEXICO-D-COLLEGE-OF-ARTS-AND-SCIENCES,US-UNIVERSITY-OF-NEW-MEXICO,dean,arts_sciences,College of Arts and Sciences,,,,,,
US-UNIVERSITY-OF-TEXAS-EL-PASO-D-COLLEGE-OF-LIBERAL-ARTS,US-UNIVERSITY-OF-TEXAS-EL-PASO,dean,arts_sciences,College of Liberal Arts,,,,,,
US-CLEMSON-UNIVERSITY-D-COLLEGE-OF-ARCHITECTURE-ARTS-AND-HUMANITIES,US-CLEMSON-UNIVERSITY,dean,arts_sciences,"College of Architecture, Arts and Humanities",,,,,,
US-UNIVERSITY-OF-CINCINNATI-D-COLLEGE-CONSERVATORY-OF-MUSIC,US-UNIVERSITY-OF-CINCINNATI,dean,creative_arts,College-Conservatory of Music,,,,,,
US-VIRGINIA-STATE-UNIVERSITY-D-COLLEGE-OF-AGRICULTURE,US-VIRGINIA-STATE-UNIVERSITY,dean,agriculture,College of Agriculture,,,,1882,,
US-UNIVERSITY-OF-SOUTH-FLORIDA-D-TANEJA-COLLEGE-OF-PHARMACY,US-UNIVERSITY-OF-SOUTH-FLORIDA,dean,pharmacy,Taneja College of Pharmacy,,,,,,
US-UNIVERSITY-OF-OREGON-D-DIVISION-OF-GRADUATE-STUDIES,US-UNIVERSITY-OF-OREGON,dean,graduate,Division of Graduate Studies,,,,,,
US-CASE-WESTERN-RESERVE-UNIVERSITY-D-WEATHERHEAD-SCHOOL-OF-MANAGEMENT,US-CASE-WESTERN-RESERVE-UNIVERSITY,dean,business,Weatherhead School of Management,,,,,,
US-UNIVERSITY-OF-SOUTH-FLORIDA-D-MUMA-COLLEGE-OF-BUSINESS,US-UNIVERSITY-OF-SOUTH-FLORIDA,dean,business,Muma College of Business,,,,,,
US-HAMPTON-UNIVERSITY-D-SCHOOL-OF-NURSING,US-HAMPTON-UNIVERSITY,dean,nursing,School of Nursing,,,,,,
US-LA-SALLE-UNIVERSITY-D-SCHOOL-OF-NURSING-AND-HEALTH-SCIENCES,US-LA-SALLE-UNIVERSITY,dean,nursing,School of Nursing and Health Sciences,,,,,,
US-SHENANDOAH-UNIVERSITY-D-ELEANOR-WADE-CUSTER-SCHOOL-OF-NURSING,US-SHENANDOAH-UNIVERSITY,dean,nursing,Eleanor Wade Custer School of Nursing,,,,1875,,
US-WILMINGTON-UNIVERSITY-D-COLLEGE-OF-NURSING-AND-HEALTH-SCIENCES,US-WILMINGTON-UNIVERSITY,dean,nursing,College of Nursing and Health Sciences,,,,,,
US-FLORIDA-INTERNATIONAL-UNIVERSITY-D-ROBERT-STEMPEL-COLLEGE-OF-PUBLIC-HEALTH-AND-SOCI,US-FLORIDA-INTERNATIONAL-UNIVERSITY,dean,public_health,Robert Stempel College of Public Health & Social Work,,,,,,
US-INDIANA-UNIVERSITY-BLOOMINGTON-D-SCHOOL-OF-PUBLIC-HEALTH-BLOOMINGTON,US-INDIANA-UNIVERSITY-BLOOMINGTON,dean,public_health,School of Public Health-Bloomington,,,,,,
US-NEW-YORK-UNIVERSITY-D-SCHOOL-OF-GLOBAL-PUBLIC-HEALTH,US-NEW-YORK-UNIVERSITY,dean,public_health,School of Global Public Health,,,,,,
US-CENTRAL-MICHIGAN-UNIVERSITY-D-COLLEGE-OF-EDUCATION-AND-HUMAN-SERVICES,US-CENTRAL-MICHIGAN-UNIVERSITY,dean,education,College of Education and Human Services,,,,1892,,
US-ILLINOIS-STATE-UNIVERSITY-D-COLLEGE-OF-EDUCATION,US-ILLINOIS-STATE-UNIVERSITY,dean,education,College of Education,,,,1857,,
US-SANTA-CLARA-UNIVERSITY-D-SCHOOL-OF-EDUCATION-AND-COUNSELING-PSYCHOLOGY,US-SANTA-CLARA-UNIVERSITY,dean,education,School of Education and Counseling Psychology,,,,,,
US-UNIVERSITY-OF-CALIFORNIA-IRVINE-D-SCHOOL-OF-EDUCATION,US-UNIVERSITY-OF-CALIFORNIA-IRVINE,dean,education,School of Education,,,,,,
US-UNIVERSITY-OF-COLORADO-DENVER-D-SCHOOL-OF-EDUCATION-AND-HUMAN-DEVELOPMENT,US-UNIVERSITY-OF-COLORADO-DENVER,dean,education,School of Education and Human Development,,,,,,
US-WESTERN-MICHIGAN-UNIVERSITY-D-COLLEGE-OF-EDUCATION-AND-HUMAN-DEVELOPMENT,US-WESTERN-MICHIGAN-UNIVERSITY,dean,education,College of Education and Human Development,,,,1903,,
US-IOWA-STATE-UNIVERSITY-D-COLLEGE-OF-LIBERAL-ARTS-AND-SCIENCES,US-IOWA-STATE-UNIVERSITY,dean,arts_sciences,College of Liberal Arts and Sciences,,,,,,
US-LOUISIANA-STATE-UNIVERSITY-D-COLLEGE-OF-SCIENCE,US-LOUISIANA-STATE-UNIVERSITY,dean,arts_sciences,College of Science,,,,,,
US-MIAMI-UNIVERSITY-D-COLLEGE-OF-ARTS-AND-SCIENCE,US-MIAMI-UNIVERSITY,dean,arts_sciences,College of Arts and Science,,,,1809,,
US-RENSSELAER-POLYTECHNIC-INSTITUTE-D-SCHOOL-OF-HUMANITIES-ARTS-AND-SOCIAL-SCIENCES,US-RENSSELAER-POLYTECHNIC-INSTITUTE,dean,arts_sciences,"School of Humanities, Arts, and Social Sciences",,,,,,
US-TEXAS-CHRISTIAN-UNIVERSITY-D-COLLEGE-OF-SCIENCE-AND-ENGINEERING,US-TEXAS-CHRISTIAN-UNIVERSITY,dean,arts_sciences,College of Science & Engineering,,,,1873,,
US-UNIVERSITY-OF-COLORADO-BOULDER-D-COLLEGE-OF-ARTS-AND-SCIENCES,US-UNIVERSITY-OF-COLORADO-BOULDER,dean,arts_sciences,College of Arts and Sciences,,,,,,
US-UNIVERSITY-OF-HAWAII-MANOA-D-COLLEGE-OF-SOCIAL-SCIENCES,US-UNIVERSITY-OF-HAWAII-MANOA,dean,arts_sciences,College of Social Sciences,,,,,,
US-UNIVERSITY-OF-OREGON-D-COLLEGE-OF-ARTS-AND-SCIENCES,US-UNIVERSITY-OF-OREGON,dean,arts_sciences,College of Arts and Sciences,,,,,,
US-WASHINGTON-STATE-UNIVERSITY-D-COLLEGE-OF-ARTS-AND-SCIENCES,US-WASHINGTON-STATE-UNIVERSITY,dean,arts_sciences,College of Arts and Sciences,,,,,,
US-WAYNE-STATE-UNIVERSITY-D-COLLEGE-OF-LIBERAL-ARTS-AND-SCIENCES,US-WAYNE-STATE-UNIVERSITY,dean,arts_sciences,College of Liberal Arts and Sciences,,,,,,
US-UNIVERSITY-OF-HAWAII-MANOA-D-COLLEGE-OF-ARTS-LANGUAGES-AND-LETTERS,US-UNIVERSITY-OF-HAWAII-MANOA,dean,arts_sciences,"College of Arts, Languages & Letters (successor to the former College of Arts and Sciences)",,,,,,
US-UNIVERSITY-OF-HAWAII-HILO-D-COLLEGE-OF-AGRICULTURE-FORESTRY-AND-NATURAL-RESO,US-UNIVERSITY-OF-HAWAII-HILO,dean,agriculture,"College of Agriculture, Forestry and Natural Resource Management",,,,1970,,
US-WEST-VIRGINIA-UNIVERSITY-D-DAVIS-COLLEGE-OF-AGRICULTURE-AND-NATURAL-RESOURC,US-WEST-VIRGINIA-UNIVERSITY,dean,agriculture,Davis College of Agriculture and Natural Resources,,,,,,
US-REGIS-UNIVERSITY-D-SCHOOL-OF-PHARMACY,US-REGIS-UNIVERSITY,dean,pharmacy,School of Pharmacy,,,,,,
US-STONY-BROOK-UNIVERSITY-D-COLLEGE-OF-BUSINESS,US-STONY-BROOK-UNIVERSITY,dean,business,College of Business,,,,,,
US-TEXAS-A-AND-M-UNIVERSITY-D-TEXAS-A-AND-M-UNIVERSITY-SCHOOL-OF-LAW,US-TEXAS-A-AND-M-UNIVERSITY,dean,law,Texas A&M University School of Law,,,,,,
US-COLORADO-STATE-UNIVERSITY-D-WALTER-SCOTT-JR-COLLEGE-OF-ENGINEERING,US-COLORADO-STATE-UNIVERSITY,dean,engineering,"Walter Scott, Jr. College of Engineering",,,,,,
US-NEW-YORK-UNIVERSITY-D-TANDON-SCHOOL-OF-ENGINEERING,US-NEW-YORK-UNIVERSITY,dean,engineering,Tandon School of Engineering,,,,,,
US-UNIVERSITY-OF-MEMPHIS-D-HERFF-COLLEGE-OF-ENGINEERING,US-UNIVERSITY-OF-MEMPHIS,dean,engineering,Herff College of Engineering,,,,,,
US-UNIVERSITY-OF-TEXAS-ARLINGTON-D-COLLEGE-OF-ENGINEERING,US-UNIVERSITY-OF-TEXAS-ARLINGTON,dean,engineering,College of Engineering,,,,,,
US-BELLARMINE-UNIVERSITY-D-DONNA-AND-ALLAN-LANSING-SCHOOL-OF-NURSING-AND-CL,US-BELLARMINE-UNIVERSITY,dean,nursing,Donna and Allan Lansing School of Nursing and Clinical Sciences,,,,,,
US-KENT-STATE-UNIVERSITY-D-COLLEGE-OF-NURSING,US-KENT-STATE-UNIVERSITY,dean,nursing,College of Nursing,,,,,,
US-UNIVERSITY-OF-ALABAMA-D-CAPSTONE-COLLEGE-OF-NURSING,US-UNIVERSITY-OF-ALABAMA,dean,nursing,Capstone College of Nursing,,,,,,
US-WALDEN-UNIVERSITY-D-COLLEGE-OF-NURSING,US-WALDEN-UNIVERSITY,dean,nursing,College of Nursing,,,,,,
US-BROWN-UNIVERSITY-D-SCHOOL-OF-PUBLIC-HEALTH,US-BROWN-UNIVERSITY,dean,public_health,School of Public Health,,,,,,
US-INDIANA-UNIVERSITY-INDIANAPOLIS-D-RICHARD-M-FAIRBANKS-SCHOOL-OF-PUBLIC-HEALTH,US-INDIANA-UNIVERSITY-INDIANAPOLIS,dean,public_health,Richard M. Fairbanks School of Public Health,,,,,,
US-HOFSTRA-UNIVERSITY-D-SCHOOL-OF-EDUCATION,US-HOFSTRA-UNIVERSITY,dean,education,School of Education,,,,,,
US-OAKLAND-UNIVERSITY-D-SCHOOL-OF-EDUCATION-AND-HUMAN-SERVICES,US-OAKLAND-UNIVERSITY,dean,education,School of Education and Human Services,,,,1957,,
US-ROWAN-UNIVERSITY-D-COLLEGE-OF-EDUCATION,US-ROWAN-UNIVERSITY,dean,education,College of Education,,,,1923,,
US-UNIVERSITY-OF-NEVADA-RENO-D-COLLEGE-OF-EDUCATION-AND-HUMAN-DEVELOPMENT,US-UNIVERSITY-OF-NEVADA-RENO,dean,education,College of Education and Human Development,,,,,,
US-MISSISSIPPI-STATE-UNIVERSITY-D-COLLEGE-OF-ARTS-AND-SCIENCES,US-MISSISSIPPI-STATE-UNIVERSITY,dean,arts_sciences,College of Arts and Sciences,,,,,,
US-NORTH-CAROLINA-STATE-UNIVERSITY-D-COLLEGE-OF-SCIENCES,US-NORTH-CAROLINA-STATE-UNIVERSITY,dean,arts_sciences,College of Sciences,,,,,,
US-UNIVERSITY-OF-MARYLAND-BALTIMORE-COUNTY-D-COLLEGE-OF-ARTS-HUMANITIES-AND-SOCIAL-SCIENCES,US-UNIVERSITY-OF-MARYLAND-BALTIMORE-COUNTY,dean,arts_sciences,"College of Arts, Humanities, and Social Sciences",,,,,,
US-UNIVERSITY-OF-MEMPHIS-D-COLLEGE-OF-ARTS-AND-SCIENCES,US-UNIVERSITY-OF-MEMPHIS,dean,arts_sciences,College of Arts and Sciences,,,,,,
US-UNIVERSITY-OF-OKLAHOMA-D-DODGE-FAMILY-COLLEGE-OF-ARTS-AND-SCIENCES,US-UNIVERSITY-OF-OKLAHOMA,dean,arts_sciences,Dodge Family College of Arts and Sciences,,,,,,
US-UNIVERSITY-OF-TEXAS-EL-PASO-D-COLLEGE-OF-SCIENCE,US-UNIVERSITY-OF-TEXAS-EL-PASO,dean,arts_sciences,College of Science,,,,,,
US-UNIVERSITY-OF-UTAH-D-COLLEGE-OF-SOCIAL-AND-BEHAVIORAL-SCIENCE,US-UNIVERSITY-OF-UTAH,dean,arts_sciences,College of Social and Behavioral Science,,,,,,
US-UNIVERSITY-OF-NEBRASKA-LINCOLN-D-COLLEGE-OF-ARTS-AND-SCIENCES,US-UNIVERSITY-OF-NEBRASKA-LINCOLN,dean,arts_sciences,College of Arts and Sciences,,,,,,
US-UNIVERSITY-OF-TULSA-D-KENDALL-COLLEGE-OF-ARTS-AND-SCIENCES,US-UNIVERSITY-OF-TULSA,dean,arts_sciences,Kendall College of Arts and Sciences,,,,1894,,
US-HUNTER-COLLEGE-D-SCHOOL-OF-ARTS-AND-SCIENCES,US-HUNTER-COLLEGE,dean,arts_sciences,School of Arts and Sciences,,,,1870,,
US-OAKLAND-UNIVERSITY-D-COLLEGE-OF-ARTS-AND-SCIENCES,US-OAKLAND-UNIVERSITY,dean,arts_sciences,College of Arts and Sciences,,,,1957,,
US-FLORIDA-STATE-UNIVERSITY-D-COLLEGE-OF-FINE-ARTS,US-FLORIDA-STATE-UNIVERSITY,dean,creative_arts,College of Fine Arts,,,,,,
US-TEMPLE-UNIVERSITY-D-KLEIN-COLLEGE-OF-MEDIA-AND-COMMUNICATION,US-TEMPLE-UNIVERSITY,dean,creative_arts,Klein College of Media and Communication,,,,,,
US-ARKANSAS-STATE-UNIVERSITY-D-COLLEGE-OF-AGRICULTURE,US-ARKANSAS-STATE-UNIVERSITY,dean,agriculture,College of Agriculture,,,,1909,,
US-CHAPMAN-UNIVERSITY-D-SCHOOL-OF-PHARMACY,US-CHAPMAN-UNIVERSITY,dean,pharmacy,School of Pharmacy,,,,1861,,
US-UNIVERSITY-OF-TEXAS-TYLER-D-BEN-AND-MAYTEE-FISCH-COLLEGE-OF-PHARMACY,US-UNIVERSITY-OF-TEXAS-TYLER,dean,pharmacy,Ben and Maytee Fisch College of Pharmacy,,,,1971,,
US-UNIVERSITY-OF-NEVADA-LAS-VEGAS-D-LEE-BUSINESS-SCHOOL,US-UNIVERSITY-OF-NEVADA-LAS-VEGAS,dean,business,Lee Business School,,,,,,
US-WASHINGTON-STATE-UNIVERSITY-D-CARSON-COLLEGE-OF-BUSINESS,US-WASHINGTON-STATE-UNIVERSITY,dean,business,Carson College of Business,,,,,,
US-UNIVERSITY-OF-NEVADA-LAS-VEGAS-D-KIRK-KERKORIAN-SCHOOL-OF-MEDICINE-AT-UNLV,US-UNIVERSITY-OF-NEVADA-LAS-VEGAS,dean,medicine,Kirk Kerkorian School of Medicine at UNLV,,,,,,
US-UNIVERSITY-OF-TEXAS-AUSTIN-D-DELL-MEDICAL-SCHOOL,US-UNIVERSITY-OF-TEXAS-AUSTIN,dean,medicine,Dell Medical School,,,,,,
US-UNIVERSITY-OF-MARYLAND-BALTIMORE-COUNTY-D-COLLEGE-OF-ENGINEERING-AND-INFORMATION-TECHNOLOG,US-UNIVERSITY-OF-MARYLAND-BALTIMORE-COUNTY,dean,engineering,College of Engineering and Information Technology,,,,,,
US-LIBERTY-UNIVERSITY-D-SCHOOL-OF-NURSING,US-LIBERTY-UNIVERSITY,dean,nursing,School of Nursing,,,,,,
US-OKLAHOMA-CITY-UNIVERSITY-D-KRAMER-SCHOOL-OF-NURSING,US-OKLAHOMA-CITY-UNIVERSITY,dean,nursing,Kramer School of Nursing,,,,,,
US-SACRED-HEART-UNIVERSITY-D-DR-SUSAN-L-DAVIS-AND-RICHARD-J-HENLEY-COLLEGE-OF,US-SACRED-HEART-UNIVERSITY,dean,nursing,Dr. Susan L. Davis and Richard J. Henley College of Nursing,,,,1963,,
US-TEXAS-WOMANS-UNIVERSITY-D-COLLEGE-OF-NURSING,US-TEXAS-WOMANS-UNIVERSITY,dean,nursing,College of Nursing,,,,,,
US-TEMPLE-UNIVERSITY-D-BARNETT-COLLEGE-OF-PUBLIC-HEALTH,US-TEMPLE-UNIVERSITY,dean,public_health,Barnett College of Public Health,,,,,,
US-MONTCLAIR-STATE-UNIVERSITY-D-COLLEGE-FOR-EDUCATION-AND-ENGAGED-LEARNING,US-MONTCLAIR-STATE-UNIVERSITY,dean,education,College for Education and Engaged Learning,,,,1908,,
US-SAM-HOUSTON-STATE-UNIVERSITY-D-COLLEGE-OF-EDUCATION,US-SAM-HOUSTON-STATE-UNIVERSITY,dean,education,College of Education,,,,1879,,
US-TARLETON-STATE-UNIVERSITY-D-COLLEGE-OF-EDUCATION,US-TARLETON-STATE-UNIVERSITY,dean,education,College of Education,,,,1899,,
US-UNIVERSITY-OF-TEXAS-TYLER-D-COLLEGE-OF-EDUCATION-AND-PSYCHOLOGY,US-UNIVERSITY-OF-TEXAS-TYLER,dean,education,College of Education and Psychology,,,,1971,,
US-UNIVERSITY-OF-CALIFORNIA-RIVERSIDE-D-SCHOOL-OF-EDUCATION,US-UNIVERSITY-OF-CALIFORNIA-RIVERSIDE,dean,education,School of Education,,,,,,
US-UNIVERSITY-OF-NEW-MEXICO-D-COLLEGE-OF-EDUCATION-AND-HUMAN-SCIENCES,US-UNIVERSITY-OF-NEW-MEXICO,dean,education,College of Education and Human Sciences,,,,,,
US-UNIVERSITY-OF-UTAH-D-COLLEGE-OF-EDUCATION,US-UNIVERSITY-OF-UTAH,dean,education,College of Education,,,,,,
US-MISSOURI-UNIVERSITY-OF-SCIENCE-AND-TECHNOLOGY-D-COLLEGE-OF-ARTS-SCIENCES-AND-EDUCATION,US-MISSOURI-UNIVERSITY-OF-SCIENCE-AND-TECHNOLOGY,dean,arts_sciences,"College of Arts, Sciences, and Education",,,,,,
US-SOUTHERN-METHODIST-UNIVERSITY-D-DEDMAN-COLLEGE-OF-HUMANITIES-AND-SCIENCES,US-SOUTHERN-METHODIST-UNIVERSITY,dean,arts_sciences,Dedman College of Humanities and Sciences,,,,,,
US-UNIVERSITY-OF-ALABAMA-HUNTSVILLE-D-COLLEGE-OF-SCIENCE,US-UNIVERSITY-OF-ALABAMA-HUNTSVILLE,dean,arts_sciences,College of Science,,,,1950,,
US-UNIVERSITY-OF-CALIFORNIA-BERKELEY-D-COLLEGE-OF-LETTERS-AND-SCIENCE,US-UNIVERSITY-OF-CALIFORNIA-BERKELEY,dean,arts_sciences,College of Letters & Science,,,,,,
US-UNIVERSITY-OF-CALIFORNIA-LOS-ANGELES-D-COLLEGE-OF-LETTERS-AND-SCIENCE,US-UNIVERSITY-OF-CALIFORNIA-LOS-ANGELES,dean,arts_sciences,College of Letters and Science,,,,,,
US-UNIVERSITY-OF-CALIFORNIA-SAN-DIEGO-D-SCHOOL-OF-SOCIAL-SCIENCES,US-UNIVERSITY-OF-CALIFORNIA-SAN-DIEGO,dean,arts_sciences,School of Social Sciences,,,,,,
US-UNIVERSITY-OF-COLORADO-DENVER-D-COLLEGE-OF-LIBERAL-ARTS-AND-SCIENCES,US-UNIVERSITY-OF-COLORADO-DENVER,dean,arts_sciences,College of Liberal Arts and Sciences,,,,,,
US-UNIVERSITY-OF-MAINE-D-COLLEGE-OF-LIBERAL-ARTS-AND-SCIENCES,US-UNIVERSITY-OF-MAINE,dean,arts_sciences,College of Liberal Arts and Sciences,,,,,,
US-UNIVERSITY-OF-ROCHESTER-D-SCHOOL-OF-ARTS-AND-SCIENCES,US-UNIVERSITY-OF-ROCHESTER,dean,arts_sciences,School of Arts & Sciences,,,,,,
US-YALE-UNIVERSITY-D-FACULTY-OF-ARTS-AND-SCIENCES,US-YALE-UNIVERSITY,dean,arts_sciences,Faculty of Arts and Sciences,,,,,,
US-BOWLING-GREEN-STATE-UNIVERSITY-D-COLLEGE-OF-ARTS-AND-SCIENCES,US-BOWLING-GREEN-STATE-UNIVERSITY,dean,arts_sciences,College of Arts and Sciences,,,,1910,,
US-ILLINOIS-STATE-UNIVERSITY-D-COLLEGE-OF-ARTS-AND-SCIENCES,US-ILLINOIS-STATE-UNIVERSITY,dean,arts_sciences,College of Arts and Sciences,,,,1857,,
US-LOYOLA-MARYMOUNT-UNIVERSITY-D-COLLEGE-OF-LIBERAL-ARTS,US-LOYOLA-MARYMOUNT-UNIVERSITY,dean,arts_sciences,College of Liberal Arts,,,,1911,,
US-UNIVERSITY-OF-FINDLAY-D-COLLEGE-OF-PHARMACY,US-UNIVERSITY-OF-FINDLAY,dean,pharmacy,College of Pharmacy,,,,1882,,
US-UNIVERSITY-OF-TEXAS-RIO-GRANDE-VALLEY-CENTRAL,US-UNIVERSITY-OF-TEXAS-RIO-GRANDE-VALLEY,president,central,Office of the President,,,,2013,,
US-RUTGERS-UNIVERSITY-D-RUTGERS-LAW-SCHOOL,US-RUTGERS-UNIVERSITY,dean,law,Rutgers Law School,,,,,,
US-TEXAS-CHRISTIAN-UNIVERSITY-D-ANNE-BURNETT-MARION-SCHOOL-OF-MEDICINE-AT-TEXAS,US-TEXAS-CHRISTIAN-UNIVERSITY,dean,medicine,Anne Burnett Marion School of Medicine at Texas Christian University (Burnett School of Medicine at TCU),,,,1873,,
US-WASHINGTON-STATE-UNIVERSITY-D-ELSON-S-FLOYD-COLLEGE-OF-MEDICINE,US-WASHINGTON-STATE-UNIVERSITY,dean,medicine,Elson S. Floyd College of Medicine,,,,,,
US-GRAND-CANYON-UNIVERSITY-D-COLLEGE-OF-NURSING-AND-HEALTH-CARE-PROFESSIONS,US-GRAND-CANYON-UNIVERSITY,dean,nursing,College of Nursing and Health Care Professions,,,,,,
US-HOFSTRA-UNIVERSITY-D-HOFSTRA-NORTHWELL-SCHOOL-OF-NURSING-AND-PHYSICIA,US-HOFSTRA-UNIVERSITY,dean,nursing,Hofstra Northwell School of Nursing and Physician Assistant Studies,,,,,,
US-NORTHEASTERN-UNIVERSITY-D-SCHOOL-OF-NURSING,US-NORTHEASTERN-UNIVERSITY,dean,nursing,School of Nursing,,,,,,
US-SETON-HALL-UNIVERSITY-D-COLLEGE-OF-NURSING,US-SETON-HALL-UNIVERSITY,dean,nursing,College of Nursing,,,,1856,,
US-UNION-UNIVERSITY-D-SCHOOL-OF-NURSING,US-UNION-UNIVERSITY,dean,nursing,School of Nursing,,,,,,
US-WILKES-UNIVERSITY-D-PASSAN-SCHOOL-OF-NURSING,US-WILKES-UNIVERSITY,dean,nursing,Passan School of Nursing,,,,,,
US-LOMA-LINDA-UNIVERSITY-D-SCHOOL-OF-PUBLIC-HEALTH,US-LOMA-LINDA-UNIVERSITY,dean,public_health,School of Public Health,,,,1905,,
US-AUGUSTA-UNIVERSITY-D-COLLEGE-OF-EDUCATION-AND-HUMAN-DEVELOPMENT,US-AUGUSTA-UNIVERSITY,dean,education,College of Education and Human Development,,,,1828,,
US-CLEMSON-UNIVERSITY-D-COLLEGE-OF-EDUCATION,US-CLEMSON-UNIVERSITY,dean,education,College of Education,,,,,,
US-LAMAR-UNIVERSITY-D-COLLEGE-OF-EDUCATION-AND-HUMAN-DEVELOPMENT,US-LAMAR-UNIVERSITY,dean,education,College of Education and Human Development,,,,,,
US-LOUISIANA-TECH-UNIVERSITY-D-COLLEGE-OF-EDUCATION-AND-HUMAN-SCIENCES,US-LOUISIANA-TECH-UNIVERSITY,dean,education,College of Education and Human Sciences,,,,1894,,
US-MIAMI-UNIVERSITY-D-COLLEGE-OF-EDUCATION-HEALTH-AND-SOCIETY,US-MIAMI-UNIVERSITY,dean,education,"College of Education, Health and Society",,,,1809,,
US-MONTANA-STATE-UNIVERSITY-D-COLLEGE-OF-EDUCATION-HEALTH-AND-HUMAN-DEVELOPMEN,US-MONTANA-STATE-UNIVERSITY,dean,education,"College of Education, Health and Human Development",,,,,,
US-UNIVERSITY-OF-TEXAS-RIO-GRANDE-VALLEY-D-COLLEGE-OF-EDUCATION-AND-P-16-INTEGRATION,US-UNIVERSITY-OF-TEXAS-RIO-GRANDE-VALLEY,dean,education,College of Education and P-16 Integration,,,,2013,,
US-UNIVERSITY-OF-CENTRAL-ARKANSAS-D-COLLEGE-OF-EDUCATION,US-UNIVERSITY-OF-CENTRAL-ARKANSAS,dean,education,College of Education,,,,,,
US-KENT-STATE-UNIVERSITY-D-COLLEGE-OF-ARTS-AND-SCIENCES,US-KENT-STATE-UNIVERSITY,dean,arts_sciences,College of Arts and Sciences,,,,,,
US-RENSSELAER-POLYTECHNIC-INSTITUTE-D-SCHOOL-OF-SCIENCE,US-RENSSELAER-POLYTECHNIC-INSTITUTE,dean,arts_sciences,School of Science,,,,,,
US-UNIVERSITY-OF-HOUSTON-D-COLLEGE-OF-NATURAL-SCIENCES-AND-MATHEMATICS,US-UNIVERSITY-OF-HOUSTON,dean,arts_sciences,College of Natural Sciences and Mathematics,,,,,,
US-UNIVERSITY-OF-MASSACHUSETTS-AMHERST-D-COLLEGE-OF-SOCIAL-AND-BEHAVIORAL-SCIENCES,US-UNIVERSITY-OF-MASSACHUSETTS-AMHERST,dean,arts_sciences,College of Social and Behavioral Sciences,,,,,,
US-UNIVERSITY-OF-TEXAS-DALLAS-D-SCHOOL-OF-NATURAL-SCIENCES-AND-MATHEMATICS,US-UNIVERSITY-OF-TEXAS-DALLAS,dean,arts_sciences,School of Natural Sciences and Mathematics,,,,,,
US-FORDHAM-UNIVERSITY-D-FORDHAM-COLLEGE-OF-ARTS-AND-SCIENCES,US-FORDHAM-UNIVERSITY,dean,arts_sciences,Fordham College of Arts and Sciences,,,,1841,,
US-TEXAS-A-AND-M-UNIVERSITY-D-COLLEGE-OF-LIBERAL-ARTS,US-TEXAS-A-AND-M-UNIVERSITY,dean,arts_sciences,College of Liberal Arts,,,,,,
US-UNIVERSITY-OF-COLORADO-BOULDER-D-COLLEGE-OF-MEDIA-COMMUNICATION-AND-INFORMATION,US-UNIVERSITY-OF-COLORADO-BOULDER,dean,creative_arts,College of Media Communication and Information,,,,,,
US-INDIANA-UNIVERSITY-BLOOMINGTON-D-MEDIA-SCHOOL,US-INDIANA-UNIVERSITY-BLOOMINGTON,dean,creative_arts,The Media School,,,,,,
US-NEW-SCHOOL-D-COLLEGE-OF-PERFORMING-ARTS,US-NEW-SCHOOL,dean,creative_arts,College of Performing Arts,,,,1919,,
US-UNIVERSITY-OF-SOUTHERN-CALIFORNIA-D-GLORYA-KAUFMAN-SCHOOL-OF-DANCE,US-UNIVERSITY-OF-SOUTHERN-CALIFORNIA,dean,creative_arts,Glorya Kaufman School of Dance,,,,,,
US-NORTH-CAROLINA-A-AND-T-STATE-UNIVERSITY-D-COLLEGE-OF-AGRICULTURE-AND-ENVIRONMENTAL-SCIENCE,US-NORTH-CAROLINA-A-AND-T-STATE-UNIVERSITY,dean,agriculture,College of Agriculture and Environmental Sciences,,,,1891,,
US-TENNESSEE-TECHNOLOGICAL-UNIVERSITY-D-COLLEGE-OF-AGRICULTURE-AND-HUMAN-ECOLOGY,US-TENNESSEE-TECHNOLOGICAL-UNIVERSITY,dean,agriculture,College of Agriculture and Human Ecology,,,,1915,,
US-BINGHAMTON-UNIVERSITY-D-SCHOOL-OF-PHARMACY-AND-PHARMACEUTICAL-SCIENCES,US-BINGHAMTON-UNIVERSITY,dean,pharmacy,School of Pharmacy and Pharmaceutical Sciences,,,,,,
US-MEDICAL-COLLEGE-OF-WISCONSIN-D-SCHOOL-OF-PHARMACY,US-MEDICAL-COLLEGE-OF-WISCONSIN,dean,pharmacy,School of Pharmacy,,,,1893,,
US-UNIVERSITY-OF-TEXAS-EL-PASO-D-SCHOOL-OF-PHARMACY,US-UNIVERSITY-OF-TEXAS-EL-PASO,dean,pharmacy,School of Pharmacy,,,,,,
US-UNIVERSITY-BUFFALO-D-GRADUATE-SCHOOL,US-UNIVERSITY-BUFFALO,dean,graduate,Graduate School,,,,,,
US-UNIVERSITY-OF-NEW-HAMPSHIRE-D-PETER-T-PAUL-COLLEGE-OF-BUSINESS-AND-ECONOMICS,US-UNIVERSITY-OF-NEW-HAMPSHIRE,dean,business,Peter T. Paul College of Business and Economics,,,,,,
US-UNIVERSITY-OF-RHODE-ISLAND-D-COLLEGE-OF-BUSINESS,US-UNIVERSITY-OF-RHODE-ISLAND,dean,business,College of Business,,,,,,
US-UNIVERSITY-OF-IDAHO-D-COLLEGE-OF-BUSINESS-AND-ECONOMICS,US-UNIVERSITY-OF-IDAHO,dean,business,College of Business and Economics,,,,,,
US-UNIVERSITY-OF-ILLINOIS-CHICAGO-D-UNIVERSITY-OF-ILLINOIS-CHICAGO-SCHOOL-OF-LAW,US-UNIVERSITY-OF-ILLINOIS-CHICAGO,dean,law,University of Illinois Chicago School of Law,,,,,,
US-UNIVERSITY-OF-ILLINOIS-URBANA-CHAMPAIGN-D-CARLE-ILLINOIS-COLLEGE-OF-MEDICINE,US-UNIVERSITY-OF-ILLINOIS-URBANA-CHAMPAIGN,dean,medicine,Carle Illinois College of Medicine,,,,,,
US-MISSOURI-UNIVERSITY-OF-SCIENCE-AND-TECHNOLOGY-D-COLLEGE-OF-ENGINEERING-AND-COMPUTING,US-MISSOURI-UNIVERSITY-OF-SCIENCE-AND-TECHNOLOGY,dean,engineering,College of Engineering and Computing,,,,,,
US-UNIVERSITY-OF-NEW-HAMPSHIRE-D-COLLEGE-OF-ENGINEERING-AND-PHYSICAL-SCIENCES,US-UNIVERSITY-OF-NEW-HAMPSHIRE,dean,engineering,College of Engineering and Physical Sciences,,,,,,
US-MONTCLAIR-STATE-UNIVERSITY-D-SCHOOL-OF-NURSING,US-MONTCLAIR-STATE-UNIVERSITY,dean,nursing,School of Nursing,,,,1908,,
US-UNIVERSITY-OF-MICHIGAN-FLINT-D-SCHOOL-OF-NURSING,US-UNIVERSITY-OF-MICHIGAN-FLINT,dean,nursing,School of Nursing,,,,,,
US-UNIVERSITY-OF-NEVADA-RENO-D-ORVIS-SCHOOL-OF-NURSING,US-UNIVERSITY-OF-NEVADA-RENO,dean,nursing,Orvis School of Nursing,,,,,,
US-AMERICAN-UNIVERSITY-D-SCHOOL-OF-EDUCATION,US-AMERICAN-UNIVERSITY,dean,education,School of Education,,,,,,
US-ARKANSAS-STATE-UNIVERSITY-D-COLLEGE-OF-EDUCATION-AND-BEHAVIORAL-SCIENCE,US-ARKANSAS-STATE-UNIVERSITY,dean,education,College of Education and Behavioral Science,,,,1909,,
US-BOWLING-GREEN-STATE-UNIVERSITY-D-COLLEGE-OF-EDUCATION-AND-HUMAN-DEVELOPMENT,US-BOWLING-GREEN-STATE-UNIVERSITY,dean,education,College of Education and Human Development,,,,1910,,
US-CITY-UNIVERSITY-OF-SEATTLE-D-ALBRIGHT-SCHOOL-OF-EDUCATION,US-CITY-UNIVERSITY-OF-SEATTLE,dean,education,Albright School of Education,,,,1973,,
US-KENT-STATE-UNIVERSITY-D-COLLEGE-OF-EDUCATION-HEALTH-AND-HUMAN-SERVICES,US-KENT-STATE-UNIVERSITY,dean,education,"College of Education, Health and Human Services",,,,,,
US-NORTHERN-ILLINOIS-UNIVERSITY-D-COLLEGE-OF-EDUCATION,US-NORTHERN-ILLINOIS-UNIVERSITY,dean,education,College of Education,,,,1895,,
US-TEXAS-A-AND-M-UNIVERSITY-D-COLLEGE-OF-EDUCATION-AND-HUMAN-DEVELOPMENT,US-TEXAS-A-AND-M-UNIVERSITY,dean,education,College of Education and Human Development,,,,,,
US-UNIVERSITY-OF-LA-VERNE-D-LAFETRA-COLLEGE-OF-EDUCATION,US-UNIVERSITY-OF-LA-VERNE,dean,education,LaFetra College of Education,,,,,,
US-UNIVERSITY-OF-MAINE-D-COLLEGE-OF-EDUCATION-AND-HUMAN-DEVELOPMENT,US-UNIVERSITY-OF-MAINE,dean,education,College of Education and Human Development,,,,,,
US-UNIVERSITY-OF-VERMONT-D-COLLEGE-OF-EDUCATION-AND-SOCIAL-SERVICES,US-UNIVERSITY-OF-VERMONT,dean,education,College of Education and Social Services,,,,,,
US-CARNEGIE-MELLON-UNIVERSITY-D-MELLON-COLLEGE-OF-SCIENCE,US-CARNEGIE-MELLON-UNIVERSITY,dean,arts_sciences,Mellon College of Science,,,,,,
US-CLEMSON-UNIVERSITY-D-COLLEGE-OF-BEHAVIORAL-SOCIAL-AND-HEALTH-SCIENCES,US-CLEMSON-UNIVERSITY,dean,arts_sciences,"College of Behavioral, Social and Health Sciences",,,,,,
US-NORTH-CAROLINA-A-AND-T-STATE-UNIVERSITY-D-COLLEGE-OF-SCIENCE-AND-TECHNOLOGY,US-NORTH-CAROLINA-A-AND-T-STATE-UNIVERSITY,dean,arts_sciences,College of Science and Technology,,,,1891,,
US-PURDUE-UNIVERSITY-D-COLLEGE-OF-SCIENCE,US-PURDUE-UNIVERSITY,dean,arts_sciences,College of Science,,,,,,
US-UNIVERSITY-OF-CHICAGO-D-DIVISION-OF-THE-ARTS-AND-HUMANITIES,US-UNIVERSITY-OF-CHICAGO,dean,arts_sciences,Division of the Arts & Humanities,,,,,,
US-UNIVERSITY-OF-IDAHO-D-COLLEGE-OF-LETTERS-ARTS-AND-SOCIAL-SCIENCES,US-UNIVERSITY-OF-IDAHO,dean,arts_sciences,"College of Letters, Arts and Social Sciences",,,,,,
US-UNIVERSITY-OF-NEVADA-LAS-VEGAS-D-COLLEGE-OF-SCIENCES,US-UNIVERSITY-OF-NEVADA-LAS-VEGAS,dean,arts_sciences,College of Sciences,,,,,,
US-UNIVERSITY-OF-NEVADA-RENO-D-COLLEGE-OF-LIBERAL-ARTS,US-UNIVERSITY-OF-NEVADA-RENO,dean,arts_sciences,College of Liberal Arts,,,,,,
US-UNIVERSITY-OF-NEW-HAMPSHIRE-D-COLLEGE-OF-LIBERAL-ARTS,US-UNIVERSITY-OF-NEW-HAMPSHIRE,dean,arts_sciences,College of Liberal Arts,,,,,,
US-YALE-UNIVERSITY-D-SCHOOL-OF-HUMANITIES,US-YALE-UNIVERSITY,dean,arts_sciences,School of Humanities,,,,,,
US-INDIANA-STATE-UNIVERSITY-D-COLLEGE-OF-ARTS-AND-SCIENCES,US-INDIANA-STATE-UNIVERSITY,dean,arts_sciences,College of Arts and Sciences,,,,,,
US-ROWAN-UNIVERSITY-D-COLLEGE-OF-LIBERAL-ARTS,US-ROWAN-UNIVERSITY,dean,arts_sciences,"College of Liberal Arts (now Ric Edelman College of Communication, Humanities & Social Sciences)",,,,1923,,
US-TUFTS-UNIVERSITY-D-SCHOOL-OF-THE-MUSEUM-OF-FINE-ARTS,US-TUFTS-UNIVERSITY,dean,creative_arts,School of the Museum of Fine Arts (SMFA),,,,,,
US-TARLETON-STATE-UNIVERSITY-D-COLLEGE-OF-AGRICULTURE-AND-NATURAL-RESOURCES,US-TARLETON-STATE-UNIVERSITY,dean,agriculture,College of Agriculture and Natural Resources,,,,1899,,
US-WILLIAM-CAREY-UNIVERSITY-D-SCHOOL-OF-PHARMACY,US-WILLIAM-CAREY-UNIVERSITY,dean,pharmacy,School of Pharmacy,,,,,,
US-WEST-VIRGINIA-UNIVERSITY-D-JOHN-CHAMBERS-COLLEGE-OF-BUSINESS-AND-ECONOMICS,US-WEST-VIRGINIA-UNIVERSITY,dean,business,John Chambers College of Business and Economics,,,,,,
US-UNIVERSITY-OF-LOUISVILLE-D-COLLEGE-OF-BUSINESS,US-UNIVERSITY-OF-LOUISVILLE,dean,business,College of Business,,,,,,
US-UNIVERSITY-OF-NORTH-DAKOTA-D-NISTLER-COLLEGE-OF-BUSINESS-AND-PUBLIC-ADMINISTR,US-UNIVERSITY-OF-NORTH-DAKOTA,dean,business,Nistler College of Business and Public Administration,,,,,,
US-AURORA-UNIVERSITY-D-SCHOOL-OF-NURSING,US-AURORA-UNIVERSITY,dean,nursing,School of Nursing,,,,,,
US-GEORGE-FOX-UNIVERSITY-D-COLLEGE-OF-NURSING,US-GEORGE-FOX-UNIVERSITY,dean,nursing,College of Nursing,,,,,,
US-UNIVERSITY-OF-CALIFORNIA-IRVINE-D-SUE-AND-BILL-GROSS-SCHOOL-OF-NURSING,US-UNIVERSITY-OF-CALIFORNIA-IRVINE,dean,nursing,Sue & Bill Gross School of Nursing,,,,,,
US-UNIVERSITY-OF-OKLAHOMA-HEALTH-SCIENCES-CENTER-D-FRAN-AND-EARL-ZIEGLER-COLLEGE-OF-NURSING,US-UNIVERSITY-OF-OKLAHOMA-HEALTH-SCIENCES-CENTER,dean,nursing,Fran and Earl Ziegler College of Nursing,,,,1910,,
US-GEORGE-MASON-UNIVERSITY-D-COLLEGE-OF-PUBLIC-HEALTH,US-GEORGE-MASON-UNIVERSITY,dean,public_health,College of Public Health,,,,,,
US-UNIVERSITY-OF-NEVADA-RENO-D-SCHOOL-OF-PUBLIC-HEALTH,US-UNIVERSITY-OF-NEVADA-RENO,dean,public_health,School of Public Health,,,,,,
US-WEST-VIRGINIA-UNIVERSITY-D-SCHOOL-OF-PUBLIC-HEALTH,US-WEST-VIRGINIA-UNIVERSITY,dean,public_health,School of Public Health,,,,,,
US-BALL-STATE-UNIVERSITY-D-TEACHERS-COLLEGE,US-BALL-STATE-UNIVERSITY,dean,education,Teachers College,,,,1918,,
US-CALIFORNIA-STATE-UNIVERSITY-LOS-ANGELES-D-CHARTER-COLLEGE-OF-EDUCATION,US-CALIFORNIA-STATE-UNIVERSITY-LOS-ANGELES,dean,education,Charter College of Education,,,,1947,,
US-PORTLAND-STATE-UNIVERSITY-D-COLLEGE-OF-EDUCATION,US-PORTLAND-STATE-UNIVERSITY,dean,education,College of Education (Graduate School of Education),,,,1946,,
US-SOUTHERN-ILLINOIS-UNIVERSITY-EDWARDSVILLE-D-SCHOOL-OF-EDUCATION-HEALTH-AND-HUMAN-BEHAVIOR,US-SOUTHERN-ILLINOIS-UNIVERSITY-EDWARDSVILLE,dean,education,"School of Education, Health and Human Behavior",,,,,,
US-TEXAS-WOMANS-UNIVERSITY-D-COLLEGE-OF-PROFESSIONAL-EDUCATION,US-TEXAS-WOMANS-UNIVERSITY,dean,education,College of Professional Education,,,,,,
US-CLEMSON-UNIVERSITY-D-COLLEGE-OF-SCIENCE,US-CLEMSON-UNIVERSITY,dean,arts_sciences,College of Science,,,,,,
US-UNIVERSITY-OF-CALIFORNIA-DAVIS-D-COLLEGE-OF-LETTERS-AND-SCIENCE,US-UNIVERSITY-OF-CALIFORNIA-DAVIS,dean,arts_sciences,College of Letters and Science,,,,,,
US-UNIVERSITY-OF-MASSACHUSETTS-AMHERST-D-COLLEGE-OF-NATURAL-SCIENCES,US-UNIVERSITY-OF-MASSACHUSETTS-AMHERST,dean,arts_sciences,College of Natural Sciences,,,,,,
US-UNIVERSITY-OF-UTAH-D-COLLEGE-OF-HUMANITIES,US-UNIVERSITY-OF-UTAH,dean,arts_sciences,College of Humanities,,,,,,
US-GEORGETOWN-UNIVERSITY-D-COLLEGE-OF-ARTS-AND-SCIENCES,US-GEORGETOWN-UNIVERSITY,dean,arts_sciences,College of Arts and Sciences,,,,,,
US-NEW-YORK-UNIVERSITY-D-COLLEGE-OF-ARTS-AND-SCIENCE,US-NEW-YORK-UNIVERSITY,dean,arts_sciences,College of Arts & Science,,,,,,
US-PORTLAND-STATE-UNIVERSITY-D-COLLEGE-OF-THE-ARTS,US-PORTLAND-STATE-UNIVERSITY,dean,arts_sciences,College of the Arts,,,,1946,,
US-SAN-JOSE-STATE-UNIVERSITY-D-COLLEGE-OF-HUMANITIES-AND-THE-ARTS,US-SAN-JOSE-STATE-UNIVERSITY,dean,arts_sciences,College of Humanities and the Arts,,,,1857,,
US-LONG-ISLAND-UNIVERSITY-D-LEWYT-COLLEGE-OF-VETERINARY-MEDICINE,US-LONG-ISLAND-UNIVERSITY,dean,veterinary,Lewyt College of Veterinary Medicine (formerly LIU College of Veterinary Medicine),,,,1926,,
US-UNIVERSITY-OF-OKLAHOMA-D-GRADUATE-COLLEGE,US-UNIVERSITY-OF-OKLAHOMA,dean,graduate,Graduate College,,,,,,
US-COLORADO-SCHOOL-OF-MINES-D-GRADUATE-SCHOOL,US-COLORADO-SCHOOL-OF-MINES,dean,graduate,Graduate School,,,,,,
US-GEORGE-MASON-UNIVERSITY-D-COSTELLO-COLLEGE-OF-BUSINESS,US-GEORGE-MASON-UNIVERSITY,dean,business,Costello College of Business,,,,,,
US-PURDUE-UNIVERSITY-GLOBAL-CENTRAL,US-PURDUE-UNIVERSITY-GLOBAL,president,central,Office of the Chancellor,,,,,,
US-UNIVERSITY-OF-HOUSTON-D-TILMAN-J-FERTITTA-FAMILY-COLLEGE-OF-MEDICINE,US-UNIVERSITY-OF-HOUSTON,dean,medicine,Tilman J. Fertitta Family College of Medicine,,,,,,
US-KENT-STATE-UNIVERSITY-D-COLLEGE-OF-AERONAUTICS-AND-ENGINEERING,US-KENT-STATE-UNIVERSITY,dean,engineering,College of Aeronautics and Engineering,,,,,,
US-UNIVERSITY-OF-NEW-MEXICO-D-SCHOOL-OF-ENGINEERING,US-UNIVERSITY-OF-NEW-MEXICO,dean,engineering,School of Engineering,,,,,,
US-GONZAGA-UNIVERSITY-D-SCHOOL-OF-NURSING-AND-HUMAN-PHYSIOLOGY,US-GONZAGA-UNIVERSITY,dean,nursing,School of Nursing and Human Physiology,,,,,,
US-AURORA-UNIVERSITY-D-COLLEGE-OF-EDUCATION-AND-SOCIAL-WORK,US-AURORA-UNIVERSITY,dean,education,College of Education and Social Work,,,,,,
US-CLARK-ATLANTA-UNIVERSITY-D-SCHOOL-OF-EDUCATION,US-CLARK-ATLANTA-UNIVERSITY,dean,education,School of Education,,,,1988,,
US-CONCORDIA-UNIVERSITY-WISCONSIN-D-SCHOOL-OF-EDUCATION,US-CONCORDIA-UNIVERSITY-WISCONSIN,dean,education,School of Education,,,,,,
US-INDIANA-UNIVERSITY-INDIANAPOLIS-D-SCHOOL-OF-EDUCATION,US-INDIANA-UNIVERSITY-INDIANAPOLIS,dean,education,School of Education,,,,,,
US-NORTH-CAROLINA-A-AND-T-STATE-UNIVERSITY-D-COLLEGE-OF-EDUCATION,US-NORTH-CAROLINA-A-AND-T-STATE-UNIVERSITY,dean,education,College of Education,,,,1891,,
US-SAN-JOSE-STATE-UNIVERSITY-D-CONNIE-L-LURIE-COLLEGE-OF-EDUCATION,US-SAN-JOSE-STATE-UNIVERSITY,dean,education,Connie L. Lurie College of Education,,,,1857,,
US-SEATTLE-PACIFIC-UNIVERSITY-D-SCHOOL-OF-EDUCATION,US-SEATTLE-PACIFIC-UNIVERSITY,dean,education,School of Education,,,,,,
US-TEXAS-STATE-UNIVERSITY-D-COLLEGE-OF-EDUCATION,US-TEXAS-STATE-UNIVERSITY,dean,education,College of Education,,,,1899,,
US-UNIVERSITY-OF-HARTFORD-D-COLLEGE-OF-EDUCATION-NURSING-AND-HEALTH-PROFESSI,US-UNIVERSITY-OF-HARTFORD,dean,education,"College of Education, Nursing and Health Professions",,,,1957,,
US-UNIVERSITY-OF-ALABAMA-HUNTSVILLE-D-COLLEGE-OF-ARTS-HUMANITIES-AND-SOCIAL-SCIENCES,US-UNIVERSITY-OF-ALABAMA-HUNTSVILLE,dean,arts_sciences,"College of Arts, Humanities, & Social Sciences",,,,1950,,
US-EAST-TEXAS-A-AND-M-UNIVERSITY-D-COLLEGE-OF-AGRICULTURAL-SCIENCES-AND-NATURAL-RES,US-EAST-TEXAS-A-AND-M-UNIVERSITY,dean,agriculture,College of Agricultural Sciences and Natural Resources,,,,1889,,
US-PRAIRIE-VIEW-A-AND-M-UNIVERSITY-D-COLLEGE-OF-AGRICULTURE-AND-HUMAN-SCIENCES,US-PRAIRIE-VIEW-A-AND-M-UNIVERSITY,dean,agriculture,College of Agriculture and Human Sciences,,,,1876,,
US-TEXAS-TECH-UNIVERSITY-D-DAVIS-COLLEGE-OF-AGRICULTURAL-SCIENCES-AND-NATUR,US-TEXAS-TECH-UNIVERSITY,dean,agriculture,Davis College of Agricultural Sciences and Natural Resources,,,,,,
US-WASHINGTON-STATE-UNIVERSITY-D-COLLEGE-OF-AGRICULTURAL-HUMAN-AND-NATURAL-RESOUR,US-WASHINGTON-STATE-UNIVERSITY,dean,agriculture,"College of Agricultural, Human, and Natural Resource Sciences",,,,,,
US-IDAHO-STATE-UNIVERSITY-D-L-S-SKAGGS-COLLEGE-OF-PHARMACY,US-IDAHO-STATE-UNIVERSITY,dean,pharmacy,L.S. Skaggs College of Pharmacy,,,,1901,,
US-SAINT-JOSEPHS-UNIVERSITY-D-PHILADELPHIA-COLLEGE-OF-PHARMACY,US-SAINT-JOSEPHS-UNIVERSITY,dean,pharmacy,Philadelphia College of Pharmacy,,,,1851,,
US-SOUTH-COLLEGE-D-SCHOOL-OF-PHARMACY,US-SOUTH-COLLEGE,dean,pharmacy,School of Pharmacy,,,,1882,,
US-UNIVERSITY-OF-CALIFORNIA-IRVINE-D-SCHOOL-OF-PHARMACY-AND-PHARMACEUTICAL-SCIENCES,US-UNIVERSITY-OF-CALIFORNIA-IRVINE,dean,pharmacy,School of Pharmacy and Pharmaceutical Sciences,,,,,,
US-UNIVERSITY-OF-MICHIGAN-D-RACKHAM-GRADUATE-SCHOOL,US-UNIVERSITY-OF-MICHIGAN,dean,graduate,Rackham Graduate School,,,,,,
US-CUNY-BARUCH-COLLEGE-PROVOST,US-CUNY-BARUCH-COLLEGE,provost,central,Office of the Provost and Senior Vice President for Academic Affairs,,,,,,
US-ST-CATHERINE-UNIVERSITY-D-SCHOOL-OF-NURSING,US-ST-CATHERINE-UNIVERSITY,dean,nursing,School of Nursing,,,,,,
US-UNIVERSITY-OF-CALIFORNIA-IRVINE-D-JOE-C-WEN-SCHOOL-OF-POPULATION-AND-PUBLIC-HEALTH,US-UNIVERSITY-OF-CALIFORNIA-IRVINE,dean,public_health,Joe C. Wen School of Population & Public Health,,,,,,
US-AMERICAN-INTERNATIONAL-COLLEGE-D-SCHOOL-OF-EDUCATION,US-AMERICAN-INTERNATIONAL-COLLEGE,dean,education,School of Education,,,,,,
US-KEAN-UNIVERSITY-D-COLLEGE-OF-EDUCATION,US-KEAN-UNIVERSITY,dean,education,College of Education,,,,,,
US-MORGAN-STATE-UNIVERSITY-D-SCHOOL-OF-EDUCATION-AND-URBAN-STUDIES,US-MORGAN-STATE-UNIVERSITY,dean,education,School of Education and Urban Studies,,,,1867,,
US-TEXAS-A-AND-M-UNIVERSITY-KINGSVILLE-D-COLLEGE-OF-EDUCATION-AND-HUMAN-PERFORMANCE,US-TEXAS-A-AND-M-UNIVERSITY-KINGSVILLE,dean,education,College of Education and Human Performance,,,,1925,,
US-WEST-CHESTER-UNIVERSITY-OF-PENNSYLVANIA-D-COLLEGE-OF-EDUCATION-AND-SOCIAL-WORK,US-WEST-CHESTER-UNIVERSITY-OF-PENNSYLVANIA,dean,education,College of Education and Social Work,,,,1871,,
US-UNIVERSITY-OF-CALIFORNIA-IRVINE-D-SCHOOL-OF-PHYSICAL-SCIENCES,US-UNIVERSITY-OF-CALIFORNIA-IRVINE,dean,arts_sciences,School of Physical Sciences,,,,,,
US-FLORIDA-GULF-COAST-UNIVERSITY-D-COLLEGE-OF-ARTS-AND-SCIENCES,US-FLORIDA-GULF-COAST-UNIVERSITY,dean,arts_sciences,College of Arts and Sciences,,,,,,
US-LOUISIANA-STATE-UNIVERSITY-D-COLLEGE-OF-LIBERAL-ARTS,US-LOUISIANA-STATE-UNIVERSITY,dean,arts_sciences,College of Liberal Arts,,,,,,
US-UNIVERSITY-OF-CALIFORNIA-LOS-ANGELES-D-HERB-ALPERT-SCHOOL-OF-MUSIC,US-UNIVERSITY-OF-CALIFORNIA-LOS-ANGELES,dean,creative_arts,Herb Alpert School of Music,,,,,,
US-CREIGHTON-UNIVERSITY-D-SCHOOL-OF-PHARMACY-AND-HEALTH-PROFESSIONS,US-CREIGHTON-UNIVERSITY,dean,pharmacy,School of Pharmacy and Health Professions,,,,1878,,
US-TEXAS-SOUTHERN-UNIVERSITY-D-JOAN-M-LAFLEUR-COLLEGE-OF-PHARMACY-AND-HEALTH-SC,US-TEXAS-SOUTHERN-UNIVERSITY,dean,pharmacy,Joan M. Lafleur College of Pharmacy and Health Sciences,,,,1927,,
US-TEXAS-TECH-UNIVERSITY-D-SCHOOL-OF-VETERINARY-MEDICINE,US-TEXAS-TECH-UNIVERSITY,dean,veterinary,School of Veterinary Medicine,,,,,,
US-UNIVERSITY-OF-ARIZONA-D-COLLEGE-OF-VETERINARY-MEDICINE,US-UNIVERSITY-OF-ARIZONA,dean,veterinary,College of Veterinary Medicine,,,,,,
US-NORTH-CAROLINA-STATE-UNIVERSITY-D-GRADUATE-SCHOOL,US-NORTH-CAROLINA-STATE-UNIVERSITY,dean,graduate,Graduate School,,,,,,
US-UNIVERSITY-OF-MISSISSIPPI-D-GRADUATE-SCHOOL,US-UNIVERSITY-OF-MISSISSIPPI,dean,graduate,Graduate School,,,,,,
US-UNIVERSITY-OF-MISSOURI-D-GRADUATE-SCHOOL,US-UNIVERSITY-OF-MISSOURI,dean,graduate,Graduate School,,,,,,
US-UNIVERSITY-OF-TEXAS-ARLINGTON-D-GRADUATE-SCHOOL,US-UNIVERSITY-OF-TEXAS-ARLINGTON,dean,graduate,Graduate School,,,,,,
US-CHAPMAN-UNIVERSITY-D-GRADUATE-SCHOOL,US-CHAPMAN-UNIVERSITY,dean,graduate,Graduate School,,,,1861,,
US-UNIVERSITY-OF-MAINE-D-MAINE-BUSINESS-SCHOOL,US-UNIVERSITY-OF-MAINE,dean,business,Maine Business School,,,,,,
US-LINCOLN-MEMORIAL-UNIVERSITY-D-CAYLOR-SCHOOL-OF-NURSING,US-LINCOLN-MEMORIAL-UNIVERSITY,dean,nursing,Caylor School of Nursing,,,,,,
US-RADFORD-UNIVERSITY-D-COLLEGE-OF-NURSING,US-RADFORD-UNIVERSITY,dean,nursing,College of Nursing,,,,,,
US-VALDOSTA-STATE-UNIVERSITY-D-COLLEGE-OF-NURSING-AND-HEALTH-SCIENCES,US-VALDOSTA-STATE-UNIVERSITY,dean,nursing,College of Nursing and Health Sciences,,,,,,
US-ST-JOHN-FISHER-UNIVERSITY-D-RALPH-C-WILSON-JR-SCHOOL-OF-EDUCATION,US-ST-JOHN-FISHER-UNIVERSITY,dean,education,"Ralph C. Wilson, Jr. School of Education",,,,,,
US-EAST-TEXAS-A-AND-M-UNIVERSITY-D-COLLEGE-OF-EDUCATION-AND-HUMAN-SERVICES,US-EAST-TEXAS-A-AND-M-UNIVERSITY,dean,education,College of Education and Human Services,,,,1889,,
US-UNIVERSITY-OF-HOUSTON-CLEAR-LAKE-D-COLLEGE-OF-EDUCATION,US-UNIVERSITY-OF-HOUSTON-CLEAR-LAKE,dean,education,College of Education,,,,1971,,
US-UNIVERSITY-OF-NORTHERN-COLORADO-D-COLLEGE-OF-EDUCATION-AND-BEHAVIORAL-SCIENCES,US-UNIVERSITY-OF-NORTHERN-COLORADO,dean,education,College of Education and Behavioral Sciences,,,,,,
US-BRIGHAM-YOUNG-UNIVERSITY-D-COLLEGE-OF-COMPUTATIONAL-MATHEMATICAL-AND-PHYSIC,US-BRIGHAM-YOUNG-UNIVERSITY,dean,arts_sciences,"College of Computational, Mathematical, and Physical Sciences",,,,,,
US-CARNEGIE-MELLON-UNIVERSITY-D-SCHOOL-OF-DRAMA,US-CARNEGIE-MELLON-UNIVERSITY,dean,arts_sciences,School of Drama,,,,,,
US-MARQUETTE-UNIVERSITY-D-HELEN-WAY-KLINGLER-COLLEGE-OF-ARTS-AND-SCIENCES,US-MARQUETTE-UNIVERSITY,dean,arts_sciences,Helen Way Klingler College of Arts and Sciences,,,,1881,,
US-UNIVERSITY-OF-MASSACHUSETTS-AMHERST-D-COLLEGE-OF-HUMANITIES-AND-FINE-ARTS,US-UNIVERSITY-OF-MASSACHUSETTS-AMHERST,dean,arts_sciences,College of Humanities and Fine Arts,,,,,,
US-NORTHERN-ILLINOIS-UNIVERSITY-D-COLLEGE-OF-LIBERAL-ARTS-AND-SCIENCES,US-NORTHERN-ILLINOIS-UNIVERSITY,dean,arts_sciences,College of Liberal Arts and Sciences,,,,1895,,
US-INDIANA-UNIVERSITY-BLOOMINGTON-D-ESKENAZI-SCHOOL-OF-ART-ARCHITECTURE-AND-DESIGN,US-INDIANA-UNIVERSITY-BLOOMINGTON,dean,creative_arts,Eskenazi School of Art Architecture and Design,,,,,,
US-WAYNE-STATE-UNIVERSITY-D-GRADUATE-SCHOOL,US-WAYNE-STATE-UNIVERSITY,dean,graduate,Graduate School,,,,,,
US-PONTIFICAL-CATHOLIC-UNIVERSITY-OF-PUERTO-RICO-ARECIBO-CENTRAL,US-PONTIFICAL-CATHOLIC-UNIVERSITY-OF-PUERTO-RICO-ARECIBO,president,central,Office of the Rector,,,,,,
US-TAFT-UNIVERSITY-SYSTEM-CENTRAL,US-TAFT-UNIVERSITY-SYSTEM,president,central,Office of the President,,,,1976,,
US-LOYOLA-UNIVERSITY-NEW-ORLEANS-D-COLLEGE-OF-NURSING-AND-HEALTH,US-LOYOLA-UNIVERSITY-NEW-ORLEANS,dean,nursing,College of Nursing and Health,,,,,,
US-PALM-BEACH-ATLANTIC-UNIVERSITY-D-SCHOOL-OF-NURSING,US-PALM-BEACH-ATLANTIC-UNIVERSITY,dean,nursing,School of Nursing,,,,,,
US-TEXAS-A-AND-M-UNIVERSITY-CORPUS-CHRISTI-D-COLLEGE-OF-NURSING-AND-HEALTH-SCIENCES,US-TEXAS-A-AND-M-UNIVERSITY-CORPUS-CHRISTI,dean,nursing,College of Nursing and Health Sciences,,,,1947,,
US-UNIVERSITY-OF-TEXAS-TYLER-D-SCHOOL-OF-NURSING,US-UNIVERSITY-OF-TEXAS-TYLER,dean,nursing,School of Nursing,,,,1971,,
US-OHIO-UNIVERSITY-D-PATTON-COLLEGE-OF-EDUCATION,US-OHIO-UNIVERSITY,dean,education,Patton College of Education,,,,,,
US-OKLAHOMA-STATE-UNIVERSITY-D-COLLEGE-OF-EDUCATION-AND-HUMAN-SCIENCES,US-OKLAHOMA-STATE-UNIVERSITY,dean,education,College of Education and Human Sciences,,,,,,
US-POINT-PARK-UNIVERSITY-D-SCHOOL-OF-EDUCATION,US-POINT-PARK-UNIVERSITY,dean,education,School of Education,,,,,,
US-SEATTLE-UNIVERSITY-D-COLLEGE-OF-EDUCATION,US-SEATTLE-UNIVERSITY,dean,education,College of Education,,,,,,
US-KENT-STATE-UNIVERSITY-D-COLLEGE-OF-THE-ARTS,US-KENT-STATE-UNIVERSITY,dean,arts_sciences,College of the Arts,,,,,,
US-DELAWARE-STATE-UNIVERSITY-D-COLLEGE-OF-AGRICULTURE-SCIENCE-AND-TECHNOLOGY,US-DELAWARE-STATE-UNIVERSITY,dean,agriculture,"College of Agriculture, Science, and Technology",,,,1891,,
US-SOUTH-CAROLINA-STATE-UNIVERSITY-D-COLLEGE-OF-AGRICULTURE-FAMILY-AND-CONSUMER-SCIEN,US-SOUTH-CAROLINA-STATE-UNIVERSITY,dean,agriculture,"College of Agriculture, Family and Consumer Sciences",,,,1896,,
US-TEXAS-A-AND-M-UNIVERSITY-D-COLLEGE-OF-AGRICULTURE-AND-LIFE-SCIENCES,US-TEXAS-A-AND-M-UNIVERSITY,dean,agriculture,College of Agriculture and Life Sciences,,,,,,
US-ROWAN-UNIVERSITY-D-SHREIBER-SCHOOL-OF-VETERINARY-MEDICINE,US-ROWAN-UNIVERSITY,dean,veterinary,Shreiber School of Veterinary Medicine,,,,1923,,
US-VIRGINIA-TECH-D-GRADUATE-SCHOOL,US-VIRGINIA-TECH,dean,graduate,Graduate School,,,,,,
US-JAMES-MADISON-UNIVERSITY-D-GRADUATE-SCHOOL,US-JAMES-MADISON-UNIVERSITY,dean,graduate,Graduate School,,,,1908,,
US-LOUISIANA-STATE-UNIVERSITY-HEALTH-SCIENCES-CENTER-NEW-ORLEANS-D-GRADUATE-SCHOOL,US-LOUISIANA-STATE-UNIVERSITY-HEALTH-SCIENCES-CENTER-NEW-ORLEANS,dean,graduate,Graduate School,,,,1931,,
US-GEORGETOWN-UNIVERSITY-D-BERKLEY-SCHOOL-OF-NURSING,US-GEORGETOWN-UNIVERSITY,dean,nursing,Berkley School of Nursing,,,,,,
US-UNIVERSITY-OF-TEXAS-RIO-GRANDE-VALLEY-D-SCHOOL-OF-NURSING,US-UNIVERSITY-OF-TEXAS-RIO-GRANDE-VALLEY,dean,nursing,School of Nursing,,,,2013,,
US-XAVIER-UNIVERSITY-D-COLLEGE-OF-NURSING,US-XAVIER-UNIVERSITY,dean,nursing,College of Nursing,,,,,,
US-CONCORDIA-UNIVERSITY-IRVINE-D-SCHOOL-OF-EDUCATION,US-CONCORDIA-UNIVERSITY-IRVINE,dean,education,School of Education,,,,1972,,
US-NATIONAL-LOUIS-UNIVERSITY-D-NATIONAL-COLLEGE-OF-EDUCATION,US-NATIONAL-LOUIS-UNIVERSITY,dean,education,National College of Education,,,,1886,,
US-SAINT-JOSEPHS-UNIVERSITY-D-SCHOOL-OF-EDUCATION-AND-HUMAN-DEVELOPMENT,US-SAINT-JOSEPHS-UNIVERSITY,dean,education,School of Education and Human Development,,,,1851,,
US-SOUTH-CAROLINA-STATE-UNIVERSITY-D-COLLEGE-OF-EDUCATION-HUMANITIES-AND-SOCIAL-SCIEN,US-SOUTH-CAROLINA-STATE-UNIVERSITY,dean,education,"College of Education, Humanities and Social Sciences",,,,1896,,
US-UNIVERSITY-OF-IDAHO-D-COLLEGE-OF-EDUCATION-HEALTH-AND-HUMAN-SCIENCES,US-UNIVERSITY-OF-IDAHO,dean,education,"College of Education, Health and Human Sciences",,,,,,
US-UNIVERSITY-OF-WEST-GEORGIA-D-COLLEGE-OF-EDUCATION,US-UNIVERSITY-OF-WEST-GEORGIA,dean,education,College of Education,,,,,,
US-WINGATE-UNIVERSITY-D-THAYER-SCHOOL-OF-EDUCATION,US-WINGATE-UNIVERSITY,dean,education,Thayer School of Education,,,,,,
US-TEXAS-A-AND-M-UNIVERSITY-D-COLLEGE-OF-ARTS-AND-SCIENCES,US-TEXAS-A-AND-M-UNIVERSITY,dean,arts_sciences,College of Arts and Sciences,,,,,,
US-CENTRAL-MICHIGAN-UNIVERSITY-D-COLLEGE-OF-THE-ARTS-AND-MEDIA,US-CENTRAL-MICHIGAN-UNIVERSITY,dean,arts_sciences,College of the Arts and Media,,,,1892,,
US-UNIVERSITY-OF-CALIFORNIA-IRVINE-D-CLAIRE-TREVOR-SCHOOL-OF-THE-ARTS,US-UNIVERSITY-OF-CALIFORNIA-IRVINE,dean,creative_arts,Claire Trevor School of the Arts,,,,,,
US-PACIFIC-UNIVERSITY-D-SCHOOL-OF-PHARMACY,US-PACIFIC-UNIVERSITY,dean,pharmacy,School of Pharmacy,,,,,,
US-UTAH-STATE-UNIVERSITY-D-COLLEGE-OF-VETERINARY-MEDICINE,US-UTAH-STATE-UNIVERSITY,dean,veterinary,College of Veterinary Medicine,,,,,,
US-UNIVERSITY-OF-NORTH-CAROLINA-D-GRADUATE-SCHOOL,US-UNIVERSITY-OF-NORTH-CAROLINA,dean,graduate,The Graduate School,,,,,,
US-UNIVERSITY-OF-SOUTH-FLORIDA-D-GRADUATE-SCHOOL,US-UNIVERSITY-OF-SOUTH-FLORIDA,dean,graduate,Graduate School,,,,,,
US-KENNESAW-STATE-UNIVERSITY-D-GRADUATE-COLLEGE,US-KENNESAW-STATE-UNIVERSITY,dean,graduate,Graduate College,,,,1963,,
US-PORTLAND-STATE-UNIVERSITY-PROVOST,US-PORTLAND-STATE-UNIVERSITY,provost,central,Office of the Provost,,,,1946,,
US-VILLANOVA-UNIVERSITY-D-VILLANOVA-SCHOOL-OF-BUSINESS,US-VILLANOVA-UNIVERSITY,dean,business,Villanova School of Business,,,,1842,,
US-FORDHAM-UNIVERSITY-D-GABELLI-SCHOOL-OF-BUSINESS,US-FORDHAM-UNIVERSITY,dean,business,Gabelli School of Business,,,,1841,,
US-FLORIDA-GULF-COAST-UNIVERSITY-D-COLLEGE-OF-EDUCATION,US-FLORIDA-GULF-COAST-UNIVERSITY,dean,education,College of Education,,,,,,
US-TEACHERS-COLLEGE-COLUMBIA-UNIVERSITY-D-TEACHERS-COLLEGE,US-TEACHERS-COLLEGE-COLUMBIA-UNIVERSITY,dean,education,Teachers College,,,,1887,,
US-UNIVERSITY-OF-RHODE-ISLAND-D-ALAN-SHAWN-FEINSTEIN-COLLEGE-OF-EDUCATION-AND-PR,US-UNIVERSITY-OF-RHODE-ISLAND,dean,education,Alan Shawn Feinstein College of Education and Professional Studies,,,,,,
US-CLEMSON-UNIVERSITY-D-COLLEGE-OF-ARTS-AND-HUMANITIES,US-CLEMSON-UNIVERSITY,dean,arts_sciences,College of Arts and Humanities,,,,,,
US-COLLEGE-OF-CHARLESTON-D-SCHOOL-OF-LANGUAGES-CULTURES-AND-WORLD-AFFAIRS,US-COLLEGE-OF-CHARLESTON,dean,arts_sciences,"School of Languages, Cultures, and World Affairs",,,,,,
US-LOYOLA-UNIVERSITY-MARYLAND-D-LOYOLA-COLLEGE-OF-ARTS-AND-SCIENCES,US-LOYOLA-UNIVERSITY-MARYLAND,dean,arts_sciences,Loyola College of Arts and Sciences,,,,,,
US-NORTH-DAKOTA-STATE-UNIVERSITY-D-COLLEGE-OF-ARTS-AND-SCIENCES,US-NORTH-DAKOTA-STATE-UNIVERSITY,dean,arts_sciences,College of Arts and Sciences,,,,,,
US-UNIVERSITY-OF-ROCHESTER-D-COLLEGE-OF-ARTS-SCIENCES-AND-ENGINEERING,US-UNIVERSITY-OF-ROCHESTER,dean,arts_sciences,"College of Arts, Sciences and Engineering",,,,,,
US-UNIVERSITY-OF-TENNESSEE-KNOXVILLE-D-NATALIE-L-HASLAM-COLLEGE-OF-MUSIC,US-UNIVERSITY-OF-TENNESSEE-KNOXVILLE,dean,creative_arts,Natalie L. Haslam College of Music,,,,,,
US-ARKANSAS-STATE-UNIVERSITY-D-COLLEGE-OF-VETERINARY-MEDICINE,US-ARKANSAS-STATE-UNIVERSITY,dean,veterinary,College of Veterinary Medicine,,,,1909,,
US-CLEMSON-UNIVERSITY-D-HARVEY-S-PEELER-JR-COLLEGE-OF-VETERINARY-MEDICIN,US-CLEMSON-UNIVERSITY,dean,veterinary,Harvey S. Peeler Jr. College of Veterinary Medicine,,,,,,
US-INDIANA-UNIVERSITY-BLOOMINGTON-D-GRADUATE-SCHOOL,US-INDIANA-UNIVERSITY-BLOOMINGTON,dean,graduate,Graduate School,,,,,,
US-STONY-BROOK-UNIVERSITY-D-GRADUATE-SCHOOL,US-STONY-BROOK-UNIVERSITY,dean,graduate,Graduate School,,,,,,
US-UNIVERSITY-OF-ARKANSAS-D-GRADUATE-SCHOOL,US-UNIVERSITY-OF-ARKANSAS,dean,graduate,Graduate School,,,,,,
US-UNIVERSITY-OF-KENTUCKY-D-GRADUATE-SCHOOL,US-UNIVERSITY-OF-KENTUCKY,dean,graduate,Graduate School,,,,,,
US-CLEVELAND-STATE-UNIVERSITY-D-GRADUATE-COLLEGE,US-CLEVELAND-STATE-UNIVERSITY,dean,graduate,Graduate College,,,,1964,,
US-UNIVERSITY-OF-GEORGIA-D-UNIVERSITY-OF-GEORGIA-SCHOOL-OF-MEDICINE,US-UNIVERSITY-OF-GEORGIA,dean,medicine,University of Georgia School of Medicine,,,,,,
US-SAINT-JOSEPHS-UNIVERSITY-D-SCHOOL-OF-NURSING-AND-ALLIED-HEALTH,US-SAINT-JOSEPHS-UNIVERSITY,dean,nursing,School of Nursing and Allied Health,,,,1851,,
US-SIMMONS-UNIVERSITY-D-SCHOOL-OF-NURSING,US-SIMMONS-UNIVERSITY,dean,nursing,School of Nursing,,,,1899,,
US-BRADLEY-UNIVERSITY-D-COLLEGE-OF-EDUCATION-AND-HEALTH-SCIENCES,US-BRADLEY-UNIVERSITY,dean,education,College of Education and Health Sciences,,,,,,
US-SACRED-HEART-UNIVERSITY-D-ISABELLE-FARRINGTON-COLLEGE-OF-EDUCATION-AND-HUM,US-SACRED-HEART-UNIVERSITY,dean,education,Isabelle Farrington College of Education & Human Development,,,,1963,,
US-SOUTHERN-CONNECTICUT-STATE-UNIVERSITY-D-COLLEGE-OF-EDUCATION,US-SOUTHERN-CONNECTICUT-STATE-UNIVERSITY,dean,education,College of Education,,,,1893,,
US-COLLEGE-OF-CHARLESTON-D-SCHOOL-OF-HUMANITIES-AND-SOCIAL-SCIENCES,US-COLLEGE-OF-CHARLESTON,dean,arts_sciences,School of Humanities and Social Sciences,,,,,,
US-COLLEGE-OF-CHARLESTON-D-SCHOOL-OF-NATURAL-AND-ENVIRONMENTAL-SCIENCES,US-COLLEGE-OF-CHARLESTON,dean,arts_sciences,School of Natural and Environmental Sciences,,,,,,
US-NORTH-CAROLINA-A-AND-T-STATE-UNIVERSITY-D-COLLEGE-OF-ARTS-HUMANITIES-AND-SOCIAL-SCIENCES,US-NORTH-CAROLINA-A-AND-T-STATE-UNIVERSITY,dean,arts_sciences,"College of Arts, Humanities and Social Sciences",,,,1891,,
US-UNIVERSITY-OF-HAWAII-MANOA-D-COLLEGE-OF-NATURAL-SCIENCES,US-UNIVERSITY-OF-HAWAII-MANOA,dean,arts_sciences,College of Natural Sciences,,,,,,
US-PURDUE-UNIVERSITY-D-GRADUATE-SCHOOL,US-PURDUE-UNIVERSITY,dean,graduate,Graduate School,,,,,,
US-MISSISSIPPI-STATE-UNIVERSITY-D-GRADUATE-SCHOOL,US-MISSISSIPPI-STATE-UNIVERSITY,dean,graduate,Graduate School,,,,,,
US-OKLAHOMA-STATE-UNIVERSITY-D-GRADUATE-COLLEGE,US-OKLAHOMA-STATE-UNIVERSITY,dean,graduate,Graduate College,,,,,,
US-TEMPLE-UNIVERSITY-D-GRADUATE-SCHOOL,US-TEMPLE-UNIVERSITY,dean,graduate,Graduate School,,,,,,
US-UNIVERSITY-OF-CENTRAL-FLORIDA-D-COLLEGE-OF-GRADUATE-STUDIES,US-UNIVERSITY-OF-CENTRAL-FLORIDA,dean,graduate,College of Graduate Studies,,,,,,
US-UNIVERSITY-OF-ILLINOIS-CHICAGO-D-GRADUATE-COLLEGE,US-UNIVERSITY-OF-ILLINOIS-CHICAGO,dean,graduate,Graduate College,,,,,,
US-ARIZONA-STATE-UNIVERSITY-D-JOHN-SHUFELDT-SCHOOL-OF-MEDICINE-AND-MEDICAL-ENG,US-ARIZONA-STATE-UNIVERSITY,dean,medicine,John Shufeldt School of Medicine and Medical Engineering (ASU School of Medicine and Advanced Medical Engineering),,,,,,
US-CONCORDIA-UNIVERSITY-WISCONSIN-D-SCHOOL-OF-NURSING,US-CONCORDIA-UNIVERSITY-WISCONSIN,dean,nursing,School of Nursing,,,,,,
US-WASHINGTON-UNIVERSITY-ST-LOUIS-D-BURSKY-SCHOOL-OF-PUBLIC-HEALTH,US-WASHINGTON-UNIVERSITY-ST-LOUIS,dean,public_health,Bursky School of Public Health,,,,,,
US-BRENAU-UNIVERSITY-D-CAROLE-ANN-DANIEL-COLLEGE-OF-EDUCATION,US-BRENAU-UNIVERSITY,dean,education,Carole Ann Daniel College of Education,,,,,,
US-OAKLAND-CITY-UNIVERSITY-D-SCHOOL-OF-EDUCATION,US-OAKLAND-CITY-UNIVERSITY,dean,education,School of Education,,,,,,
US-TEXAS-A-AND-M-UNIVERSITY-CORPUS-CHRISTI-D-COLLEGE-OF-EDUCATION-AND-HUMAN-DEVELOPMENT,US-TEXAS-A-AND-M-UNIVERSITY-CORPUS-CHRISTI,dean,education,College of Education and Human Development,,,,1947,,
US-UNIVERSITY-OF-WEST-FLORIDA-D-SCHOOL-OF-EDUCATION,US-UNIVERSITY-OF-WEST-FLORIDA,dean,education,School of Education,,,,1963,,
US-UTAH-STATE-UNIVERSITY-D-COLLEGE-OF-ARTS-AND-SCIENCES,US-UTAH-STATE-UNIVERSITY,dean,arts_sciences,College of Arts and Sciences,,,,,,
US-DARTMOUTH-COLLEGE-D-SCHOOL-OF-ARTS-AND-SCIENCES,US-DARTMOUTH-COLLEGE,dean,arts_sciences,School of Arts and Sciences (formerly Faculty of Arts and Sciences),,,,,,
US-EASTERN-MICHIGAN-UNIVERSITY-D-COLLEGE-OF-ARTS-AND-SCIENCES,US-EASTERN-MICHIGAN-UNIVERSITY,dean,arts_sciences,College of Arts and Sciences,,,,1849,,
US-UTAH-STATE-UNIVERSITY-D-S-J-AND-JESSIE-E-QUINNEY-COLLEGE-OF-AGRICULTURE,US-UTAH-STATE-UNIVERSITY,dean,agriculture,S.J. & Jessie E. Quinney College of Agriculture and Natural Resources,,,,,,
US-AUBURN-UNIVERSITY-D-GRADUATE-SCHOOL,US-AUBURN-UNIVERSITY,dean,graduate,Graduate School,,,,,,
US-IOWA-STATE-UNIVERSITY-D-GRADUATE-COLLEGE,US-IOWA-STATE-UNIVERSITY,dean,graduate,Graduate College,,,,,,
US-KANSAS-STATE-UNIVERSITY-D-GRADUATE-SCHOOL,US-KANSAS-STATE-UNIVERSITY,dean,graduate,Graduate School,,,,,,
US-KENT-STATE-UNIVERSITY-D-GRADUATE-COLLEGE,US-KENT-STATE-UNIVERSITY,dean,graduate,Graduate College,,,,,,
US-UNIVERSITY-OF-ALABAMA-BIRMINGHAM-D-GRADUATE-SCHOOL,US-UNIVERSITY-OF-ALABAMA-BIRMINGHAM,dean,graduate,Graduate School,,,,,,
US-ARKANSAS-STATE-UNIVERSITY-D-GRADUATE-SCHOOL,US-ARKANSAS-STATE-UNIVERSITY,dean,graduate,Graduate School,,,,1909,,
US-LAMAR-UNIVERSITY-D-GRADUATE-COLLEGE,US-LAMAR-UNIVERSITY,dean,graduate,Graduate College,,,,,,
US-NORTHERN-ILLINOIS-UNIVERSITY-D-GRADUATE-SCHOOL,US-NORTHERN-ILLINOIS-UNIVERSITY,dean,graduate,Graduate School,,,,1895,,
US-UNIVERSITY-OF-KENTUCKY-D-STANLEY-AND-KAREN-PIGMAN-COLLEGE-OF-ENGINEERING,US-UNIVERSITY-OF-KENTUCKY,dean,engineering,Stanley and Karen Pigman College of Engineering,,,,,,
US-DALLAS-BAPTIST-UNIVERSITY-D-DOROTHY-M-BUSH-COLLEGE-OF-EDUCATION,US-DALLAS-BAPTIST-UNIVERSITY,dean,education,Dorothy M. Bush College of Education,,,,,,
US-SAN-FRANCISCO-STATE-UNIVERSITY-D-COLLEGE-OF-LIBERAL-AND-CREATIVE-ARTS,US-SAN-FRANCISCO-STATE-UNIVERSITY,dean,arts_sciences,College of Liberal and Creative Arts,,,,1899,,
US-COLLEGE-OF-CHARLESTON-D-GRADUATE-SCHOOL,US-COLLEGE-OF-CHARLESTON,dean,graduate,Graduate School,,,,,,
US-FLORIDA-STATE-UNIVERSITY-D-GRADUATE-SCHOOL,US-FLORIDA-STATE-UNIVERSITY,dean,graduate,Graduate School,,,,,,
US-MISSOURI-UNIVERSITY-OF-SCIENCE-AND-TECHNOLOGY-D-GRADUATE-SCHOOL,US-MISSOURI-UNIVERSITY-OF-SCIENCE-AND-TECHNOLOGY,dean,graduate,Graduate School,,,,,,
US-UNIVERSITY-OF-LOUISVILLE-D-GRADUATE-SCHOOL,US-UNIVERSITY-OF-LOUISVILLE,dean,graduate,Graduate School,,,,,,
US-UNIVERSITY-OF-MAINE-D-GRADUATE-SCHOOL,US-UNIVERSITY-OF-MAINE,dean,graduate,Graduate School,,,,,,
US-UNIVERSITY-OF-MASSACHUSETTS-AMHERST-D-GRADUATE-SCHOOL,US-UNIVERSITY-OF-MASSACHUSETTS-AMHERST,dean,graduate,Graduate School,,,,,,
US-UNIVERSITY-OF-NORTH-DAKOTA-D-SCHOOL-OF-GRADUATE-STUDIES,US-UNIVERSITY-OF-NORTH-DAKOTA,dean,graduate,School of Graduate Studies,,,,,,
US-UNIVERSITY-OF-VERMONT-D-GRADUATE-COLLEGE,US-UNIVERSITY-OF-VERMONT,dean,graduate,Graduate College,,,,,,
US-GEORGIA-SOUTHERN-UNIVERSITY-D-GRADUATE-COLLEGE,US-GEORGIA-SOUTHERN-UNIVERSITY,dean,graduate,Graduate College,,,,1906,,
US-JACKSON-STATE-UNIVERSITY-D-GRADUATE-SCHOOL,US-JACKSON-STATE-UNIVERSITY,dean,graduate,Graduate School,,,,1877,,
US-LOUISIANA-TECH-UNIVERSITY-D-GRADUATE-SCHOOL,US-LOUISIANA-TECH-UNIVERSITY,dean,graduate,Graduate School,,,,1894,,
