seat_id,source_index,unit_name_observed
US-DUKE-UNIVERSITY-D-DUKE-UNIVERSITY-SCHOOL-OF-LAW,r1-lawschool-deans.json,Duke University School of Law
US-UNIVERSITY-OF-PENNSYLVANIA-D-UNIVERSITY-OF-PENNSYLVANIA-CAREY-LAW-SCHOOL,r1-lawschool-deans.json,University of Pennsylvania Carey Law School
US-BAYLOR-UNIVERSITY-D-BAYLOR-LAW-SCHOOL,r1-lawschool-deans.json,Baylor Law School
US-COLUMBIA-UNIVERSITY-D-COLUMBIA-LAW-SCHOOL,r1-lawschool-deans.json,Columbia Law School
US-UNIVERSITY-OF-SOUTH-CAROLINA-D-COLLEGE-OF-PHARMACY,r1-pharmacy-deans.json,College of Pharmacy
US-UNIVERSITY-OF-MISSOURI-D-COLLEGE-OF-AGRICULTURE-FOOD-AND-NATURAL-RESOURCE,r1-agschool-deans.json,"College of Agriculture, Food and Natural Resources"
US-BOSTON-UNIVERSITY-D-BOSTON-UNIVERSITY-ARAM-V-CHOBANIAN-AND-EDWARD-AV,r1-medschool-deans.json,Boston University Aram V. Chobanian & Edward Avedisian School of Medicine
US-BOSTON-UNIVERSITY-D-COLLEGE-OF-ARTS-AND-SCIENCES,r1-arts-deans.json,College of Arts & Sciences
US-UNIVERSITY-OF-MICHIGAN-D-COLLEGE-OF-PHARMACY,r1-pharmacy-deans.json,College of Pharmacy
US-UNIVERSITY-OF-ILLINOIS-URBANA-CHAMPAIGN-D-COLLEGE-OF-AGRICULTURAL-CONSUMER-AND-ENVIRONMENT,r1-agschool-deans.json,"College of Agricultural, Consumer and Environmental Sciences (ACES)"
US-IOWA-STATE-UNIVERSITY-D-COLLEGE-OF-AGRICULTURE-AND-LIFE-SCIENCES,r1-agschool-deans.json,College of Agriculture and Life Sciences (CALS)
US-IOWA-STATE-UNIVERSITY-D-COLLEGE-OF-VETERINARY-MEDICINE,r1-vet-deans.json,College of Veterinary Medicine
US-UNIVERSITY-OF-WISCONSIN-MADISON-D-COLLEGE-OF-AGRICULTURAL-AND-LIFE-SCIENCES,r1-agschool-deans.json,College of Agricultural and Life Sciences
US-UNIVERSITY-OF-COLORADO-DENVER-D-UNIVERSITY-OF-COLORADO-SCHOOL-OF-MEDICINE,r1-medschool-deans.json,University of Colorado School of Medicine (Anschutz Medical Campus)
US-UNIVERSITY-OF-PENNSYLVANIA-D-SCHOOL-OF-VETERINARY-MEDICINE,r1-vet-deans.json,School of Veterinary Medicine
US-UNIVERSITY-OF-IOWA-D-COLLEGE-OF-PHARMACY,r1-pharmacy-deans.json,College of Pharmacy
US-UNIVERSITY-OF-KANSAS-D-SCHOOL-OF-PHARMACY,r1-pharmacy-deans.json,School of Pharmacy
US-OHIO-STATE-UNIVERSITY-D-COLLEGE-OF-VETERINARY-MEDICINE,r1-vet-deans.json,College of Veterinary Medicine
US-CORNELL-UNIVERSITY-D-CORNELL-LAW-SCHOOL,r1-lawschool-deans.json,Cornell Law School
US-UNIVERSITY-OF-MINNESOTA-TWIN-CITIES-D-UNIVERSITY-OF-MINNESOTA-LAW-SCHOOL,r1-lawschool-deans.json,University of Minnesota Law School
US-CORNELL-UNIVERSITY-D-NEW-YORK-STATE-COLLEGE-OF-AGRICULTURE-AND-LIFE-S,r1-agschool-deans.json,New York State College of Agriculture and Life Sciences (CALS)
US-UNIVERSITY-OF-TENNESSEE-KNOXVILLE-D-UNIVERSITY-OF-TENNESSEE-WINSTON-COLLEGE-OF-LAW,r1-lawschool-deans.json,University of Tennessee Winston College of Law
US-UNIVERSITY-BUFFALO-D-SCHOOL-OF-PHARMACY-AND-PHARMACEUTICAL-SCIENCES,r1-pharmacy-deans.json,School of Pharmacy and Pharmaceutical Sciences
US-LONG-ISLAND-UNIVERSITY-D-ARNOLD-AND-MARIE-SCHWARTZ-COLLEGE-OF-PHARMACY-AN,r1-pharmacy-deans.json,Arnold & Marie Schwartz College of Pharmacy and Health Sciences
US-UNIVERSITY-OF-COLORADO-BOULDER-D-UNIVERSITY-OF-COLORADO-LAW-SCHOOL,r1-lawschool-deans.json,University of Colorado Law School (Colorado Law)
US-UNIVERSITY-OF-KANSAS-D-COLLEGE-OF-LIBERAL-ARTS-AND-SCIENCES,r1-arts-deans.json,College of Liberal Arts and Sciences
US-OHIO-STATE-UNIVERSITY-D-COLLEGE-OF-FOOD-AGRICULTURAL-AND-ENVIRONMENTAL-S,r1-agschool-deans.json,"College of Food, Agricultural, and Environmental Sciences"
US-UNIVERSITY-OF-MINNESOTA-TWIN-CITIES-D-COLLEGE-OF-PHARMACY,r1-pharmacy-deans.json,College of Pharmacy
US-JOHNS-HOPKINS-UNIVERSITY-D-JOHNS-HOPKINS-UNIVERSITY-SCHOOL-OF-MEDICINE,r1-medschool-deans.json,Johns Hopkins University School of Medicine
US-UNIVERSITY-OF-TEXAS-AUSTIN-D-COLLEGE-OF-PHARMACY,r1-pharmacy-deans.json,College of Pharmacy
US-UNIVERSITY-OF-WASHINGTON-D-SCHOOL-OF-PHARMACY,r1-pharmacy-deans.json,School of Pharmacy
US-CORNELL-UNIVERSITY-D-COLLEGE-OF-VETERINARY-MEDICINE,r1-vet-deans.json,College of Veterinary Medicine
US-UNIVERSITY-OF-PITTSBURGH-D-UNIVERSITY-OF-PITTSBURGH-SCHOOL-OF-LAW,r1-lawschool-deans.json,University of Pittsburgh School of Law
US-UNIVERSITY-OF-MINNESOTA-TWIN-CITIES-D-COLLEGE-OF-FOOD-AGRICULTURAL-AND-NATURAL-RESOURC,r1-agschool-deans.json,"College of Food, Agricultural and Natural Resource Sciences"
US-OHIO-STATE-UNIVERSITY-D-COLLEGE-OF-PHARMACY,r1-pharmacy-deans.json,College of Pharmacy
US-WASHINGTON-STATE-UNIVERSITY-D-COLLEGE-OF-VETERINARY-MEDICINE,r1-vet-deans.json,College of Veterinary Medicine
US-AMERICAN-UNIVERSITY-D-AMERICAN-UNIVERSITY-WASHINGTON-COLLEGE-OF-LAW,r1-lawschool-deans.json,American University Washington College of Law
US-VIRGINIA-COMMONWEALTH-UNIVERSITY-D-SCHOOL-OF-PHARMACY,r1-pharmacy-deans.json,School of Pharmacy
US-UNIVERSITY-OF-KANSAS-D-UNIVERSITY-OF-KANSAS-SCHOOL-OF-MEDICINE,r1-medschool-deans.json,University of Kansas School of Medicine
US-UNIVERSITY-OF-OKLAHOMA-D-COLLEGE-OF-PHARMACY,r1-pharmacy-deans.json,College of Pharmacy
US-UNIVERSITY-OF-GEORGIA-D-UNIVERSITY-OF-GEORGIA-SCHOOL-OF-LAW,r1-lawschool-deans.json,University of Georgia School of Law
US-UNIVERSITY-OF-SOUTHERN-CALIFORNIA-D-USC-GOULD-SCHOOL-OF-LAW,r1-lawschool-deans.json,USC Gould School of Law
US-UNIVERSITY-OF-IOWA-D-COLLEGE-OF-LIBERAL-ARTS-AND-SCIENCES,r1-arts-deans.json,College of Liberal Arts and Sciences
US-YALE-UNIVERSITY-D-YALE-SCHOOL-OF-THE-ENVIRONMENT,r1-agschool-deans.json,Yale School of the Environment
US-UNIVERSITY-OF-SOUTH-CAROLINA-D-UNIVERSITY-OF-SOUTH-CAROLINA-JOSEPH-F-RICE-SCHOO,r1-lawschool-deans.json,University of South Carolina Joseph F. Rice School of Law
US-UNIVERSITY-OF-TEXAS-AUSTIN-D-UNIVERSITY-OF-TEXAS-SCHOOL-OF-LAW,r1-lawschool-deans.json,University of Texas School of Law
US-OHIO-UNIVERSITY-D-COLLEGE-OF-ARTS-AND-SCIENCES,r1-arts-deans.json,College of Arts and Sciences
US-UNIVERSITY-OF-HAWAII-MANOA-D-COLLEGE-OF-TROPICAL-AGRICULTURE-AND-HUMAN-RESILI,r1-agschool-deans.json,College of Tropical Agriculture and Human Resilience
US-UNIVERSITY-OF-CHICAGO-D-UNIVERSITY-OF-CHICAGO-LAW-SCHOOL,r1-lawschool-deans.json,University of Chicago Law School
US-WEST-VIRGINIA-UNIVERSITY-D-WEST-VIRGINIA-UNIVERSITY-COLLEGE-OF-LAW,r1-lawschool-deans.json,West Virginia University College of Law
US-MISSISSIPPI-STATE-UNIVERSITY-D-COLLEGE-OF-AGRICULTURE-AND-LIFE-SCIENCES,r1-agschool-deans.json,College of Agriculture and Life Sciences
US-MONTANA-STATE-UNIVERSITY-D-COLLEGE-OF-AGRICULTURE,r1-agschool-deans.json,College of Agriculture
US-VIRGINIA-TECH-D-COLLEGE-OF-AGRICULTURE-AND-LIFE-SCIENCES,r1-agschool-deans.json,College of Agriculture and Life Sciences
US-UNIVERSITY-OF-GEORGIA-D-COLLEGE-OF-PHARMACY,r1-pharmacy-deans.json,College of Pharmacy
US-WAKE-FOREST-UNIVERSITY-D-WAKE-FOREST-UNIVERSITY-SCHOOL-OF-LAW,r1-lawschool-deans.json,Wake Forest University School of Law
US-UNIVERSITY-OF-UTAH-D-SPENCER-FOX-ECCLES-SCHOOL-OF-MEDICINE,r1-medschool-deans.json,Spencer Fox Eccles School of Medicine (University of Utah School of Medicine)
US-UNIVERSITY-OF-VIRGINIA-D-UNIVERSITY-OF-VIRGINIA-SCHOOL-OF-MEDICINE,r1-medschool-deans.json,University of Virginia School of Medicine
US-COLLEGE-OF-WILLIAM-AND-MARY-D-COLLEGE-OF-ARTS-AND-SCIENCES,r1-arts-deans.json,College of Arts & Sciences (Faculty of Arts and Sciences)
US-UNIVERSITY-OF-MISSISSIPPI-D-COLLEGE-OF-LIBERAL-ARTS,r1-arts-deans.json,College of Liberal Arts
US-LOUISIANA-STATE-UNIVERSITY-D-LOUISIANA-STATE-UNIVERSITY-PAUL-M-HEBERT-LAW-CEN,r1-lawschool-deans.json,Louisiana State University Paul M. Hebert Law Center
US-HARVARD-UNIVERSITY-D-HARVARD-GRADUATE-SCHOOL-OF-EDUCATION,r1-education-deans.json,Harvard Graduate School of Education
US-SYRACUSE-UNIVERSITY-D-SCHOOL-OF-EDUCATION,r1-education-deans.json,School of Education
US-UNIVERSITY-OF-GEORGIA-D-WARNELL-SCHOOL-OF-FORESTRY-AND-NATURAL-RESOURCES,r1-agschool-deans.json,Warnell School of Forestry and Natural Resources
US-UNIVERSITY-OF-WISCONSIN-MADISON-D-UNIVERSITY-OF-WISCONSIN-SCHOOL-OF-MEDICINE-AND-P,r1-medschool-deans.json,University of Wisconsin School of Medicine and Public Health
US-PURDUE-UNIVERSITY-D-COLLEGE-OF-AGRICULTURE,r1-agschool-deans.json,College of Agriculture
US-AUBURN-UNIVERSITY-D-COLLEGE-OF-VETERINARY-MEDICINE,r1-vet-deans.json,College of Veterinary Medicine
US-COLORADO-STATE-UNIVERSITY-D-COLLEGE-OF-VETERINARY-MEDICINE-AND-BIOMEDICAL-SC,r1-vet-deans.json,College of Veterinary Medicine and Biomedical Sciences
US-INDIANA-UNIVERSITY-BLOOMINGTON-D-SCHOOL-OF-EDUCATION,r1-education-deans.json,School of Education
US-KANSAS-STATE-UNIVERSITY-D-COLLEGE-OF-AGRICULTURE,r1-agschool-deans.json,College of Agriculture
US-MICHIGAN-STATE-UNIVERSITY-D-COLLEGE-OF-AGRICULTURE-AND-NATURAL-RESOURCES,r1-agschool-deans.json,College of Agriculture and Natural Resources
US-OREGON-STATE-UNIVERSITY-D-COLLEGE-OF-AGRICULTURAL-SCIENCES,r1-agschool-deans.json,College of Agricultural Sciences
US-UNIVERSITY-OF-KENTUCKY-D-MARTIN-GATTON-COLLEGE-OF-AGRICULTURE-FOOD-AND-EN,r1-agschool-deans.json,"Martin-Gatton College of Agriculture, Food and Environment"
US-UNIVERSITY-OF-MISSISSIPPI-D-SCHOOL-OF-PHARMACY,r1-pharmacy-deans.json,School of Pharmacy
US-UNIVERSITY-OF-FLORIDA-D-UNIVERSITY-OF-FLORIDA-FREDRIC-G-LEVIN-COLLEGE-OF,r1-lawschool-deans.json,University of Florida Fredric G. Levin College of Law (UF Law)
US-UNIVERSITY-OF-MINNESOTA-TWIN-CITIES-D-SCHOOL-OF-NURSING,r1-nursing-deans.json,School of Nursing
US-JOHNS-HOPKINS-UNIVERSITY-D-SCHOOL-OF-EDUCATION,r1-education-deans.json,School of Education
US-UNIVERSITY-OF-OKLAHOMA-D-JEANNINE-RAINBOLT-COLLEGE-OF-EDUCATION,r1-education-deans.json,Jeannine Rainbolt College of Education
US-UNIVERSITY-OF-IDAHO-D-COLLEGE-OF-NATURAL-RESOURCES,r1-agschool-deans.json,College of Natural Resources
US-UNIVERSITY-OF-NEBRASKA-LINCOLN-D-COLLEGE-OF-AGRICULTURAL-SCIENCES-AND-NATURAL-RES,r1-agschool-deans.json,College of Agricultural Sciences and Natural Resources
US-ARKANSAS-STATE-UNIVERSITY-CENTRAL,r1-r2public-deans.json,Office of the Chancellor
US-STANFORD-UNIVERSITY-D-STANFORD-UNIVERSITY-SCHOOL-OF-MEDICINE,r1-medschool-deans.json,Stanford University School of Medicine
US-UNIVERSITY-OF-FLORIDA-D-COLLEGE-OF-LIBERAL-ARTS-AND-SCIENCES,r1-arts-deans.json,College of Liberal Arts and Sciences
US-OREGON-STATE-UNIVERSITY-D-COLLEGE-OF-FORESTRY,r1-agschool-deans.json,College of Forestry
US-PURDUE-UNIVERSITY-D-COLLEGE-OF-PHARMACY,r1-pharmacy-deans.json,College of Pharmacy
US-MICHIGAN-STATE-UNIVERSITY-D-COLLEGE-OF-VETERINARY-MEDICINE,r1-vet-deans.json,College of Veterinary Medicine
US-UNIVERSITY-OF-FLORIDA-D-COLLEGE-OF-EDUCATION,r1-education-deans.json,College of Education
US-UNIVERSITY-OF-CALIFORNIA-RIVERSIDE-D-COLLEGE-OF-NATURAL-AND-AGRICULTURAL-SCIENCES,r1-agschool-deans.json,College of Natural and Agricultural Sciences
US-UNIVERSITY-OF-CALIFORNIA-RIVERSIDE-D-COLLEGE-OF-NATURAL-AND-AGRICULTURAL-SCIENCES,r1-arts-deans.json,College of Natural & Agricultural Sciences
US-UNIVERSITY-OF-UTAH-D-S-J-QUINNEY-COLLEGE-OF-LAW,r1-lawschool-deans.json,S.J. Quinney College of Law
US-CALIFORNIA-STATE-UNIVERSITY-FRESNO-D-KREMEN-SCHOOL-OF-EDUCATION-AND-HUMAN-DEVELOPMENT,r1-education-deans.json,Kremen School of Education and Human Development
US-UNIVERSITY-OF-ARKANSAS-D-COLLEGE-OF-EDUCATION-AND-HEALTH-PROFESSIONS,r1-education-deans.json,College of Education and Health Professions
US-UNIVERSITY-OF-CALIFORNIA-BERKELEY-D-BERKELEY-SCHOOL-OF-EDUCATION,r1-education-deans.json,Berkeley School of Education
US-INDIANA-UNIVERSITY-BLOOMINGTON-D-SCHOOL-OF-NURSING,r1-nursing-deans.json,School of Nursing
US-UNIVERSITY-OF-IDAHO-D-COLLEGE-OF-AGRICULTURAL-AND-LIFE-SCIENCES,r1-agschool-deans.json,College of Agricultural and Life Sciences
US-UNIVERSITY-OF-NEW-HAMPSHIRE-D-COLLEGE-OF-LIFE-SCIENCES-AND-AGRICULTURE,r1-agschool-deans.json,College of Life Sciences and Agriculture
US-EMORY-UNIVERSITY-D-EMORY-UNIVERSITY-SCHOOL-OF-LAW,r1-lawschool-deans.json,Emory University School of Law
US-TEXAS-A-AND-M-UNIVERSITY-D-COLLEGE-OF-VETERINARY-MEDICINE-AND-BIOMEDICAL-SC,r1-vet-deans.json,College of Veterinary Medicine & Biomedical Sciences
US-STANFORD-UNIVERSITY-D-GRADUATE-SCHOOL-OF-EDUCATION,r1-education-deans.json,Graduate School of Education
US-NORTH-CAROLINA-STATE-UNIVERSITY-D-COLLEGE-OF-AGRICULTURE-AND-LIFE-SCIENCES,r1-agschool-deans.json,College of Agriculture and Life Sciences
US-UNIVERSITY-OF-SOUTHERN-CALIFORNIA-D-ROSSIER-SCHOOL-OF-EDUCATION,r1-education-deans.json,Rossier School of Education
US-TEMPLE-UNIVERSITY-D-COLLEGE-OF-EDUCATION-AND-HUMAN-DEVELOPMENT,r1-education-deans.json,College of Education and Human Development
US-UNIVERSITY-OF-CONNECTICUT-D-NEAG-SCHOOL-OF-EDUCATION,r1-education-deans.json,Neag School of Education
US-BAYLOR-UNIVERSITY-D-COLLEGE-OF-ARTS-AND-SCIENCES,r1-arts-deans.json,College of Arts and Sciences
US-UNIVERSITY-OF-NOTRE-DAME-D-COLLEGE-OF-ARTS-AND-LETTERS,r1-arts-deans.json,College of Arts and Letters
US-KANSAS-STATE-UNIVERSITY-D-COLLEGE-OF-VETERINARY-MEDICINE,r1-vet-deans.json,College of Veterinary Medicine
US-WAYNE-STATE-UNIVERSITY-D-COLLEGE-OF-EDUCATION,r1-education-deans.json,College of Education
US-UNIVERSITY-OF-FLORIDA-D-COLLEGE-OF-AGRICULTURAL-AND-LIFE-SCIENCES,r1-agschool-deans.json,College of Agricultural and Life Sciences
US-UNIVERSITY-OF-NORTH-CAROLINA-GREENSBORO-D-SCHOOL-OF-EDUCATION,r1-education-deans.json,School of Education
US-CASE-WESTERN-RESERVE-UNIVERSITY-D-FRANCES-PAYNE-BOLTON-SCHOOL-OF-NURSING,r1-nursing-deans.json,Frances Payne Bolton School of Nursing
US-YALE-UNIVERSITY-D-SCHOOL-OF-NURSING,r1-nursing-deans.json,School of Nursing
US-PENNSYLVANIA-STATE-UNIVERSITY-D-COLLEGE-OF-EDUCATION,r1-education-deans.json,College of Education
US-UNIVERSITY-OF-WISCONSIN-MADISON-D-SCHOOL-OF-NURSING,r1-nursing-deans.json,School of Nursing
US-AUBURN-UNIVERSITY-D-COLLEGE-OF-AGRICULTURE,r1-agschool-deans.json,College of Agriculture
US-WAYNE-STATE-UNIVERSITY-D-EUGENE-APPLEBAUM-COLLEGE-OF-PHARMACY-AND-HEALTH,r1-pharmacy-deans.json,Eugene Applebaum College of Pharmacy and Health Sciences
US-UNIVERSITY-OF-MARYLAND-COLLEGE-PARK-D-COLLEGE-OF-AGRICULTURE-AND-NATURAL-RESOURCES,r1-agschool-deans.json,College of Agriculture and Natural Resources
US-DUQUESNE-UNIVERSITY-D-SCHOOL-OF-PHARMACY,r1-pharmacy-deans.json,School of Pharmacy
US-UNIVERSITY-OF-FLORIDA-D-COLLEGE-OF-PHARMACY,r1-pharmacy-deans.json,College of Pharmacy
US-UNIVERSITY-OF-MIAMI-D-UNIVERSITY-OF-MIAMI-SCHOOL-OF-LAW,r1-lawschool-deans.json,University of Miami School of Law
US-NORTHWESTERN-UNIVERSITY-D-SCHOOL-OF-EDUCATION-AND-SOCIAL-POLICY,r1-education-deans.json,School of Education and Social Policy
US-UNIVERSITY-OF-ARKANSAS-LITTLE-ROCK-CENTRAL,r1-r2public-deans.json,Office of the Chancellor
US-WAYNE-STATE-UNIVERSITY-D-WAYNE-STATE-UNIVERSITY-LAW-SCHOOL,r1-lawschool-deans.json,Wayne State University Law School
US-DUKE-UNIVERSITY-D-DUKE-UNIVERSITY-SCHOOL-OF-MEDICINE,r1-medschool-deans.json,Duke University School of Medicine
US-BOSTON-COLLEGE-D-BOSTON-COLLEGE-LAW-SCHOOL,r1-lawschool-deans.json,Boston College Law School
US-TEMPLE-UNIVERSITY-D-LEWIS-KATZ-SCHOOL-OF-MEDICINE-AT-TEMPLE-UNIVERSI,r1-medschool-deans.json,Lewis Katz School of Medicine at Temple University
US-NORTH-CAROLINA-STATE-UNIVERSITY-D-COLLEGE-OF-NATURAL-RESOURCES,r1-agschool-deans.json,College of Natural Resources
US-LOUISIANA-STATE-UNIVERSITY-D-LSU-HEALTH-NEW-ORLEANS-SCHOOL-OF-MEDICINE,r1-medschool-deans.json,LSU Health New Orleans School of Medicine
US-DUKE-UNIVERSITY-D-SCHOOL-OF-NURSING,r1-nursing-deans.json,School of Nursing
US-UNIVERSITY-BUFFALO-D-GRADUATE-SCHOOL-OF-EDUCATION,r1-education-deans.json,Graduate School of Education
US-UNIVERSITY-OF-HAWAII-MANOA-D-COLLEGE-OF-EDUCATION,r1-education-deans.json,College of Education
US-UNIVERSITY-OF-CHICAGO-D-DIVISION-OF-THE-SOCIAL-SCIENCES,r1-arts-deans.json,Division of the Social Sciences
US-LOUISIANA-STATE-UNIVERSITY-D-LSU-COLLEGE-OF-AGRICULTURE,r1-agschool-deans.json,LSU College of Agriculture
US-UNIVERSITY-OF-GEORGIA-D-COLLEGE-OF-AGRICULTURAL-AND-ENVIRONMENTAL-SCIENC,r1-agschool-deans.json,College of Agricultural and Environmental Sciences
US-UNIVERSITY-OF-MAINE-D-COLLEGE-OF-EARTH-LIFE-AND-HEALTH-SCIENCES,r1-agschool-deans.json,"College of Earth, Life, and Health Sciences"
US-UNIVERSITY-OF-MICHIGAN-D-UNIVERSITY-OF-MICHIGAN-MEDICAL-SCHOOL,r1-medschool-deans.json,University of Michigan Medical School
US-UNIVERSITY-OF-MINNESOTA-TWIN-CITIES-D-UNIVERSITY-OF-MINNESOTA-MEDICAL-SCHOOL,r1-medschool-deans.json,University of Minnesota Medical School
US-WEST-VIRGINIA-UNIVERSITY-D-SCHOOL-OF-PHARMACY,r1-pharmacy-deans.json,School of Pharmacy
US-DUKE-UNIVERSITY-D-NICHOLAS-SCHOOL-OF-THE-ENVIRONMENT,r1-agschool-deans.json,Nicholas School of the Environment
US-UNIVERSITY-OF-PITTSBURGH-D-SCHOOL-OF-NURSING,r1-nursing-deans.json,School of Nursing
US-UNIVERSITY-OF-CINCINNATI-D-UNIVERSITY-OF-CINCINNATI-COLLEGE-OF-MEDICINE,r1-medschool-deans.json,University of Cincinnati College of Medicine
US-MICHIGAN-STATE-UNIVERSITY-D-COLLEGE-OF-MUSIC,r1-camd-deans.json,College of Music
US-UNIVERSITY-OF-NORTH-CAROLINA-D-UNIVERSITY-OF-NORTH-CAROLINA-SCHOOL-OF-MEDICINE,r1-medschool-deans.json,University of North Carolina School of Medicine
US-AUBURN-UNIVERSITY-D-HARRISON-COLLEGE-OF-PHARMACY,r1-pharmacy-deans.json,Harrison College of Pharmacy
US-UNIVERSITY-OF-CONNECTICUT-D-ELISABETH-DELUCA-SCHOOL-OF-NURSING,r1-nursing-deans.json,Elisabeth DeLuca School of Nursing
US-BAYLOR-UNIVERSITY-D-LOUISE-HERRINGTON-SCHOOL-OF-NURSING,r1-nursing-deans.json,Louise Herrington School of Nursing
US-EMORY-UNIVERSITY-D-NELL-HODGSON-WOODRUFF-SCHOOL-OF-NURSING,r1-nursing-deans.json,Nell Hodgson Woodruff School of Nursing
US-UNIVERSITY-OF-CINCINNATI-D-COLLEGE-OF-EDUCATION-CRIMINAL-JUSTICE-AND-HUMAN,r1-education-deans.json,"College of Education, Criminal Justice, and Human Services"
US-CARNEGIE-MELLON-UNIVERSITY-PROVOST,r1-provost-deans.json,Office of the Provost
US-UNIVERSITY-OF-ALABAMA-BIRMINGHAM-D-UAB-HEERSINK-SCHOOL-OF-MEDICINE,r1-medschool-deans.json,UAB Heersink School of Medicine (University of Alabama at Birmingham)
US-VANDERBILT-UNIVERSITY-D-VANDERBILT-UNIVERSITY-SCHOOL-OF-MEDICINE,r1-medschool-deans.json,Vanderbilt University School of Medicine
US-WAYNE-STATE-UNIVERSITY-D-COLLEGE-OF-NURSING,r1-nursing-deans.json,College of Nursing
US-UNIVERSITY-OF-ILLINOIS-URBANA-CHAMPAIGN-D-COLLEGE-OF-VETERINARY-MEDICINE,r1-vet-deans.json,College of Veterinary Medicine
US-UNIVERSITY-OF-LOUISVILLE-D-UNIVERSITY-OF-LOUISVILLE-LOUIS-D-BRANDEIS-SCHOOL,r1-lawschool-deans.json,University of Louisville Louis D. Brandeis School of Law
US-UNIVERSITY-OF-WASHINGTON-D-UNIVERSITY-OF-WASHINGTON-SCHOOL-OF-MEDICINE,r1-medschool-deans.json,University of Washington School of Medicine
US-BOSTON-COLLEGE-D-CONNELL-SCHOOL-OF-NURSING,r1-nursing-deans.json,Connell School of Nursing
US-UNIVERSITY-OF-GEORGIA-D-MARY-FRANCES-EARLY-COLLEGE-OF-EDUCATION,r1-education-deans.json,Mary Frances Early College of Education
US-UNIVERSITY-OF-GEORGIA-D-COLLEGE-OF-VETERINARY-MEDICINE,r1-vet-deans.json,College of Veterinary Medicine
US-UNIVERSITY-OF-MISSOURI-D-COLLEGE-OF-VETERINARY-MEDICINE,r1-vet-deans.json,College of Veterinary Medicine
US-NORTHEASTERN-UNIVERSITY-PROVOST,r1-provost-deans.json,Office of the Provost
US-UNIVERSITY-OF-HOUSTON-D-UNIVERSITY-OF-HOUSTON-LAW-CENTER,r1-lawschool-deans.json,University of Houston Law Center
US-INDIANA-UNIVERSITY-INDIANAPOLIS-D-INDIANA-UNIVERSITY-SCHOOL-OF-MEDICINE,r1-medschool-deans.json,Indiana University School of Medicine
US-UNIVERSITY-OF-CALIFORNIA-LOS-ANGELES-D-DAVID-GEFFEN-SCHOOL-OF-MEDICINE-AT-UCLA,r1-medschool-deans.json,David Geffen School of Medicine at UCLA
US-CALIFORNIA-STATE-UNIVERSITY-FRESNO-D-JORDAN-COLLEGE-OF-AGRICULTURAL-SCIENCES-AND-TECH,r1-agschool-deans.json,Jordan College of Agricultural Sciences and Technology
US-UNIVERSITY-OF-ARIZONA-D-R-KEN-COIT-COLLEGE-OF-PHARMACY,r1-pharmacy-deans.json,R. Ken Coit College of Pharmacy
US-UNIVERSITY-OF-UTAH-D-COLLEGE-OF-PHARMACY,r1-pharmacy-deans.json,College of Pharmacy
US-OKLAHOMA-STATE-UNIVERSITY-D-COLLEGE-OF-VETERINARY-MEDICINE,r1-vet-deans.json,College of Veterinary Medicine
US-UNIVERSITY-OF-CALIFORNIA-DAVIS-D-SCHOOL-OF-VETERINARY-MEDICINE,r1-vet-deans.json,School of Veterinary Medicine
US-UNIVERSITY-OF-MINNESOTA-TWIN-CITIES-D-COLLEGE-OF-VETERINARY-MEDICINE,r1-vet-deans.json,College of Veterinary Medicine
US-UNIVERSITY-OF-UTAH-D-COLLEGE-OF-NURSING,r1-nursing-deans.json,College of Nursing
US-NORTH-CAROLINA-STATE-UNIVERSITY-D-COLLEGE-OF-EDUCATION,r1-education-deans.json,College of Education
US-STANFORD-UNIVERSITY-D-SCHOOL-OF-HUMANITIES-AND-SCIENCES,r1-arts-deans.json,School of Humanities and Sciences
US-UNIVERSITY-OF-CALIFORNIA-LOS-ANGELES-D-UCLA-SCHOOL-OF-LAW,r1-lawschool-deans.json,UCLA School of Law
US-HARVARD-UNIVERSITY-D-HARVARD-MEDICAL-SCHOOL,r1-medschool-deans.json,Harvard Medical School
US-NORTHWESTERN-UNIVERSITY-D-NORTHWESTERN-UNIVERSITY-FEINBERG-SCHOOL-OF-MEDIC,r1-medschool-deans.json,Northwestern University Feinberg School of Medicine
US-UNIVERSITY-OF-CALIFORNIA-LOS-ANGELES-D-JOE-C-WEN-SCHOOL-OF-NURSING,r1-nursing-deans.json,Joe C. Wen School of Nursing
US-UNIVERSITY-OF-KENTUCKY-D-COLLEGE-OF-PHARMACY,r1-pharmacy-deans.json,College of Pharmacy
US-UNIVERSITY-OF-DELAWARE-PROVOST,r1-provost-deans.json,Office of the Provost
US-UNIVERSITY-OF-ALABAMA-BIRMINGHAM-D-SCHOOL-OF-NURSING,r1-nursing-deans.json,School of Nursing
US-UNIVERSITY-OF-PENNSYLVANIA-D-SCHOOL-OF-NURSING,r1-nursing-deans.json,School of Nursing
US-TUFTS-UNIVERSITY-PROVOST,r1-provost-deans.json,Office of the Provost and Senior Vice President
US-INDIANA-UNIVERSITY-BLOOMINGTON-D-COLLEGE-OF-ARTS-AND-SCIENCES,r1-arts-deans.json,College of Arts and Sciences
US-UNIVERSITY-OF-ARKANSAS-FOR-MEDICAL-SCIENCES-D-COLLEGE-OF-PHARMACY,r1-pharmacy-deans.json,College of Pharmacy
US-UNIVERSITY-OF-NOTRE-DAME-CENTRAL,r1-university-deans.json,Office of the President
US-INDIANA-UNIVERSITY-BLOOMINGTON-D-INDIANA-UNIVERSITY-MAURER-SCHOOL-OF-LAW,r1-lawschool-deans.json,Indiana University Maurer School of Law
US-VANDERBILT-UNIVERSITY-D-VANDERBILT-LAW-SCHOOL,r1-lawschool-deans.json,Vanderbilt Law School
US-PRAIRIE-VIEW-A-AND-M-UNIVERSITY-D-COLLEGE-OF-NURSING,r1-nursing-deans.json,College of Nursing
US-UNIVERSITY-OF-CALIFORNIA-DAVIS-D-COLLEGE-OF-AGRICULTURAL-AND-ENVIRONMENTAL-SCIENC,r1-agschool-deans.json,College of Agricultural and Environmental Sciences
US-UNIVERSITY-OF-MIAMI-D-UNIVERSITY-OF-MIAMI-LEONARD-M-MILLER-SCHOOL-OF-M,r1-medschool-deans.json,University of Miami Leonard M. Miller School of Medicine
US-UNIVERSITY-OF-MASSACHUSETTS-AMHERST-D-ELAINE-MARIEB-COLLEGE-OF-NURSING,r1-nursing-deans.json,Elaine Marieb College of Nursing
US-MICHIGAN-STATE-UNIVERSITY-D-COLLEGE-OF-EDUCATION,r1-education-deans.json,College of Education
US-RICE-UNIVERSITY-PROVOST,r1-provost-deans.json,Office of the Provost
US-GEORGETOWN-UNIVERSITY-D-GEORGETOWN-UNIVERSITY-LAW-CENTER,r1-lawschool-deans.json,Georgetown University Law Center
US-UNIVERSITY-OF-FLORIDA-D-UNIVERSITY-OF-FLORIDA-COLLEGE-OF-MEDICINE,r1-medschool-deans.json,University of Florida College of Medicine
US-UNIVERSITY-OF-WISCONSIN-MADISON-D-SCHOOL-OF-EDUCATION,r1-education-deans.json,School of Education
US-UNIVERSITY-OF-NEVADA-RENO-D-COLLEGE-OF-AGRICULTURE-BIOTECHNOLOGY-AND-NATURAL,r1-agschool-deans.json,"College of Agriculture, Biotechnology & Natural Resources"
US-UNIVERSITY-OF-CINCINNATI-D-JAMES-L-WINKLE-COLLEGE-OF-PHARMACY,r1-pharmacy-deans.json,James L. Winkle College of Pharmacy
US-CLEMSON-UNIVERSITY-PROVOST,r1-provost-deans.json,Office of the Provost
US-NORTH-CAROLINA-STATE-UNIVERSITY-PROVOST,r1-provost-deans.json,Office of the Executive Vice Chancellor and Provost
US-UNIVERSITY-OF-MISSISSIPPI-D-UNIVERSITY-OF-MISSISSIPPI-SCHOOL-OF-MEDICINE,r1-medschool-deans.json,"University of Mississippi School of Medicine (University of Mississippi Medical Center, Jackson)"
US-UNIVERSITY-OF-MICHIGAN-D-SCHOOL-OF-NURSING,r1-nursing-deans.json,School of Nursing
US-UNIVERSITY-OF-NEW-MEXICO-D-COLLEGE-OF-NURSING,r1-nursing-deans.json,College of Nursing
US-UNIVERSITY-OF-THE-PACIFIC-D-THOMAS-J-LONG-SCHOOL-OF-PHARMACY,r1-pharmacy-deans.json,Thomas J. Long School of Pharmacy
US-UNIVERSITY-OF-CINCINNATI-PROVOST,r1-provost-deans.json,Office of the Provost
US-NORTHWESTERN-UNIVERSITY-D-NORTHWESTERN-PRITZKER-SCHOOL-OF-LAW,r1-lawschool-deans.json,Northwestern Pritzker School of Law
US-EMORY-UNIVERSITY-D-EMORY-UNIVERSITY-SCHOOL-OF-MEDICINE,r1-medschool-deans.json,Emory University School of Medicine
US-UNIVERSITY-OF-KENTUCKY-D-UNIVERSITY-OF-KENTUCKY-COLLEGE-OF-MEDICINE,r1-medschool-deans.json,University of Kentucky College of Medicine
US-EAST-TENNESSEE-STATE-UNIVERSITY-D-COLLEGE-OF-NURSING,r1-nursing-deans.json,College of Nursing
US-UNIVERSITY-OF-FLORIDA-D-COLLEGE-OF-NURSING,r1-nursing-deans.json,College of Nursing
US-UNIVERSITY-OF-ILLINOIS-CHICAGO-D-COLLEGE-OF-NURSING,r1-nursing-deans.json,College of Nursing
US-GEORGE-WASHINGTON-UNIVERSITY-D-COLUMBIAN-COLLEGE-OF-ARTS-AND-SCIENCES,r1-arts-deans.json,Columbian College of Arts and Sciences
US-UNIVERSITY-OF-ARIZONA-D-COLLEGE-OF-AGRICULTURE-LIFE-AND-ENVIRONMENTAL-SC,r1-agschool-deans.json,"College of Agriculture, Life & Environmental Sciences"
US-LEHIGH-UNIVERSITY-PROVOST,r1-provost-deans.json,Office of the Provost and Senior Vice President for Academic Affairs
US-UNIVERSITY-OF-ARIZONA-D-COLLEGE-OF-NURSING,r1-nursing-deans.json,College of Nursing
US-MERCER-UNIVERSITY-D-COLLEGE-OF-PHARMACY,r1-pharmacy-deans.json,College of Pharmacy
US-UNIVERSITY-OF-ARKANSAS-D-UNIVERSITY-OF-ARKANSAS-SCHOOL-OF-LAW,r1-lawschool-deans.json,University of Arkansas School of Law
US-UNIVERSITY-OF-KENTUCKY-D-COLLEGE-OF-NURSING,r1-nursing-deans.json,College of Nursing
US-VIRGINIA-COMMONWEALTH-UNIVERSITY-D-SCHOOL-OF-NURSING,r1-nursing-deans.json,School of Nursing
US-RENSSELAER-POLYTECHNIC-INSTITUTE-PROVOST,r1-provost-deans.json,Office of the Provost
US-UNIVERSITY-OF-SOUTH-FLORIDA-PROVOST,r1-provost-deans.json,Office of the Provost and Executive Vice President
US-BRIGHAM-YOUNG-UNIVERSITY-D-COLLEGE-OF-NURSING,r1-nursing-deans.json,College of Nursing
US-UNIVERSITY-OF-SOUTH-FLORIDA-D-COLLEGE-OF-EDUCATION,r1-education-deans.json,College of Education
US-PACE-UNIVERSITY-CENTRAL,r1-university-deans.json,Office of the President
US-VILLANOVA-UNIVERSITY-D-M-LOUISE-FITZPATRICK-COLLEGE-OF-NURSING,r1-nursing-deans.json,M. Louise Fitzpatrick College of Nursing
US-WASHINGTON-STATE-UNIVERSITY-D-COLLEGE-OF-PHARMACY-AND-PHARMACEUTICAL-SCIENCES,r1-pharmacy-deans.json,College of Pharmacy and Pharmaceutical Sciences
US-PURDUE-UNIVERSITY-D-COLLEGE-OF-VETERINARY-MEDICINE,r1-vet-deans.json,College of Veterinary Medicine
US-PURDUE-UNIVERSITY-PROVOST,r1-provost-deans.json,Office of the Provost
US-UNIVERSITY-OF-MISSOURI-PROVOST,r1-provost-deans.json,Office of the Provost
US-UNIVERSITY-OF-PENNSYLVANIA-PROVOST,r1-provost-deans.json,Office of the Provost
US-UNIVERSITY-OF-ROCHESTER-PROVOST,r1-provost-deans.json,Office of the Provost
US-WEST-VIRGINIA-UNIVERSITY-D-WEST-VIRGINIA-UNIVERSITY-SCHOOL-OF-MEDICINE,r1-medschool-deans.json,West Virginia University School of Medicine
US-UNIVERSITY-OF-VIRGINIA-D-SCHOOL-OF-NURSING,r1-nursing-deans.json,School of Nursing
US-UNIVERSITY-OF-CALIFORNIA-IRVINE-CENTRAL,r1-university-deans.json,Office of the Chancellor
US-UNIVERSITY-OF-MIAMI-CENTRAL,r1-university-deans.json,Office of the President
US-UNIVERSITY-OF-CHICAGO-PROVOST,r1-provost-deans.json,Office of the Provost
US-WASHINGTON-UNIVERSITY-ST-LOUIS-PROVOST,r1-provost-deans.json,Office of the Provost
US-UNIVERSITY-OF-MAINE-D-UNIVERSITY-OF-MAINE-SCHOOL-OF-LAW,r1-lawschool-deans.json,University of Maine School of Law
US-DEPAUL-UNIVERSITY-D-COLLEGE-OF-EDUCATION,r1-education-deans.json,College of Education
US-MICHIGAN-STATE-UNIVERSITY-D-COLLEGE-OF-ARTS-AND-LETTERS,r1-arts-deans.json,College of Arts & Letters
US-VANDERBILT-UNIVERSITY-CENTRAL,r1-university-deans.json,Office of the Chancellor
US-UNIVERSITY-OF-SOUTH-ALABAMA-CENTRAL,r1-r2public-deans.json,Office of the President
US-CORNELL-UNIVERSITY-PROVOST,r1-provost-deans.json,Office of the Provost
US-VIRGINIA-TECH-PROVOST,r1-provost-deans.json,Office of the Executive Vice President and Provost
US-YALE-UNIVERSITY-PROVOST,r1-provost-deans.json,Office of the Provost
US-SOUTHERN-METHODIST-UNIVERSITY-D-SMU-DEDMAN-SCHOOL-OF-LAW,r1-lawschool-deans.json,SMU Dedman School of Law
US-TULANE-UNIVERSITY-D-TULANE-UNIVERSITY-LAW-SCHOOL,r1-lawschool-deans.json,Tulane University Law School
US-UNIVERSITY-OF-VIRGINIA-D-UNIVERSITY-OF-VIRGINIA-SCHOOL-OF-LAW,r1-lawschool-deans.json,University of Virginia School of Law
US-RUTGERS-UNIVERSITY-D-RUTGERS-ROBERT-WOOD-JOHNSON-MEDICAL-SCHOOL,r1-medschool-deans.json,Rutgers Robert Wood Johnson Medical School
US-UNIVERSITY-OF-CONNECTICUT-D-UNIVERSITY-OF-CONNECTICUT-SCHOOL-OF-MEDICINE,r1-medschool-deans.json,University of Connecticut School of Medicine
US-WAKE-FOREST-UNIVERSITY-D-WAKE-FOREST-UNIVERSITY-SCHOOL-OF-MEDICINE,r1-medschool-deans.json,Wake Forest University School of Medicine
US-WAYNE-STATE-UNIVERSITY-D-WAYNE-STATE-UNIVERSITY-SCHOOL-OF-MEDICINE,r1-medschool-deans.json,Wayne State University School of Medicine
US-UNIVERSITY-OF-CALIFORNIA-IRVINE-D-CHARLIE-DUNLOP-SCHOOL-OF-BIOLOGICAL-SCIENCES,r1-arts-deans.json,Charlie Dunlop School of Biological Sciences
US-UNIVERSITY-OF-CALIFORNIA-IRVINE-D-SCHOOL-OF-HUMANITIES,r1-arts-deans.json,School of Humanities
US-LEHIGH-UNIVERSITY-CENTRAL,r1-university-deans.json,Office of the President
US-LOYOLA-UNIVERSITY-MARYLAND-CENTRAL,r1-university-deans.json,Office of the President
US-ARIZONA-STATE-UNIVERSITY-D-SANDRA-DAY-O-CONNOR-COLLEGE-OF-LAW,r1-lawschool-deans.json,Sandra Day O'Connor College of Law
US-STANFORD-UNIVERSITY-D-STANFORD-LAW-SCHOOL,r1-lawschool-deans.json,Stanford Law School
US-UNIVERSITY-BUFFALO-D-UNIVERSITY-AT-BUFFALO-SCHOOL-OF-LAW,r1-lawschool-deans.json,University at Buffalo School of Law
US-UNIVERSITY-OF-CALIFORNIA-DAVIS-D-UNIVERSITY-OF-CALIFORNIA-DAVIS-SCHOOL-OF-LAW,r1-lawschool-deans.json,"University of California, Davis, School of Law (King Hall)"
US-UNIVERSITY-OF-NORTH-CAROLINA-D-UNIVERSITY-OF-NORTH-CAROLINA-SCHOOL-OF-LAW,r1-lawschool-deans.json,University of North Carolina School of Law
US-MICHIGAN-STATE-UNIVERSITY-D-MICHIGAN-STATE-UNIVERSITY-COLLEGE-OF-HUMAN-MEDIC,r1-medschool-deans.json,Michigan State University College of Human Medicine
US-UNIVERSITY-OF-ARIZONA-D-UNIVERSITY-OF-ARIZONA-COLLEGE-OF-MEDICINE-TUCSON,r1-medschool-deans.json,University of Arizona College of Medicine – Tucson
US-UNIVERSITY-OF-NEW-MEXICO-D-UNIVERSITY-OF-NEW-MEXICO-SCHOOL-OF-MEDICINE,r1-medschool-deans.json,University of New Mexico School of Medicine
US-GEORGE-WASHINGTON-UNIVERSITY-CENTRAL,r1-university-deans.json,Office of the President
US-IOWA-STATE-UNIVERSITY-CENTRAL,r1-university-deans.json,Office of the President
US-MIAMI-UNIVERSITY-CENTRAL,r1-university-deans.json,Office of the President
US-IOWA-STATE-UNIVERSITY-PROVOST,r1-provost-deans.json,Office of the Senior Vice President and Provost
US-STONY-BROOK-UNIVERSITY-PROVOST,r1-provost-deans.json,Office of the Provost
US-UNIVERSITY-OF-MICHIGAN-PROVOST,r1-provost-deans.json,Office of the Provost and Executive Vice President for Academic Affairs
US-UNIVERSITY-OF-CINCINNATI-D-UNIVERSITY-OF-CINCINNATI-DONALD-P-KLEKAMP-COLLEG,r1-lawschool-deans.json,University of Cincinnati Donald P. Klekamp College of Law
US-UNIVERSITY-OF-CALIFORNIA-IRVINE-D-UC-IRVINE-SCHOOL-OF-MEDICINE,r1-medschool-deans.json,UC Irvine School of Medicine
US-UNIVERSITY-OF-HAWAII-MANOA-D-JOHN-A-BURNS-SCHOOL-OF-MEDICINE,r1-medschool-deans.json,John A. Burns School of Medicine
US-UNIVERSITY-OF-TEXAS-SAN-ANTONIO-D-JOE-R-AND-TERESA-LOZANO-LONG-SCHOOL-OF-MEDICINE,r1-medschool-deans.json,Joe R. and Teresa Lozano Long School of Medicine
US-WASHINGTON-UNIVERSITY-ST-LOUIS-D-WASHINGTON-UNIVERSITY-SCHOOL-OF-MEDICINE,r1-medschool-deans.json,Washington University School of Medicine (WashU Medicine)
US-ARIZONA-STATE-UNIVERSITY-D-EDSON-COLLEGE-OF-NURSING-AND-HEALTH-INNOVATION,r1-nursing-deans.json,Edson College of Nursing and Health Innovation
US-UNIVERSITY-OF-CALIFORNIA-IRVINE-D-SCHOOL-OF-SOCIAL-SCIENCES,r1-arts-deans.json,School of Social Sciences
US-BRIGHAM-YOUNG-UNIVERSITY-PROVOST,r1-provost-deans.json,Office of the Academic Vice President
US-MASSACHUSETTS-INSTITUTE-OF-TECHNOLOGY-PROVOST,r1-provost-deans.json,Office of the Provost
US-PRINCETON-UNIVERSITY-PROVOST,r1-provost-deans.json,Office of the Provost
US-UNIVERSITY-OF-NORTH-CAROLINA-PROVOST,r1-provost-deans.json,Office of the Provost
US-BOSTON-UNIVERSITY-D-BOSTON-UNIVERSITY-SCHOOL-OF-LAW,r1-lawschool-deans.json,Boston University School of Law
US-FLORIDA-STATE-UNIVERSITY-D-FLORIDA-STATE-UNIVERSITY-COLLEGE-OF-LAW,r1-lawschool-deans.json,Florida State University College of Law
US-SYRACUSE-UNIVERSITY-D-SYRACUSE-UNIVERSITY-COLLEGE-OF-LAW,r1-lawschool-deans.json,Syracuse University College of Law
US-TEXAS-TECH-UNIVERSITY-D-TEXAS-TECH-UNIVERSITY-SCHOOL-OF-LAW,r1-lawschool-deans.json,Texas Tech University School of Law
US-UNIVERSITY-OF-ARIZONA-D-UNIVERSITY-OF-ARIZONA-JAMES-E-ROGERS-COLLEGE-OF,r1-lawschool-deans.json,University of Arizona James E. Rogers College of Law
US-UNIVERSITY-OF-CALIFORNIA-BERKELEY-D-UNIVERSITY-OF-CALIFORNIA-BERKELEY-SCHOOL-OF-LAW,r1-lawschool-deans.json,"University of California, Berkeley, School of Law"
US-UNIVERSITY-OF-IOWA-D-UNIVERSITY-OF-IOWA-COLLEGE-OF-LAW,r1-lawschool-deans.json,University of Iowa College of Law
US-UNIVERSITY-OF-MICHIGAN-D-UNIVERSITY-OF-MICHIGAN-LAW-SCHOOL,r1-lawschool-deans.json,University of Michigan Law School
US-UNIVERSITY-OF-NEBRASKA-LINCOLN-D-UNIVERSITY-OF-NEBRASKA-COLLEGE-OF-LAW,r1-lawschool-deans.json,University of Nebraska College of Law
US-CASE-WESTERN-RESERVE-UNIVERSITY-D-CASE-WESTERN-RESERVE-UNIVERSITY-SCHOOL-OF-MEDICI,r1-medschool-deans.json,Case Western Reserve University School of Medicine
US-DARTMOUTH-COLLEGE-D-GEISEL-SCHOOL-OF-MEDICINE-AT-DARTMOUTH,r1-medschool-deans.json,Geisel School of Medicine at Dartmouth (formerly Dartmouth Medical School)
US-UNIVERSITY-OF-CALIFORNIA-DAVIS-D-UC-DAVIS-SCHOOL-OF-MEDICINE,r1-medschool-deans.json,UC Davis School of Medicine
US-UNIVERSITY-BUFFALO-D-SCHOOL-OF-NURSING,r1-nursing-deans.json,School of Nursing
US-UNIVERSITY-OF-NORTH-CAROLINA-GREENSBORO-D-SCHOOL-OF-NURSING,r1-nursing-deans.json,School of Nursing
US-WIDENER-UNIVERSITY-D-DWYER-SCHOOL-OF-NURSING,r1-nursing-deans.json,Dwyer School of Nursing
US-UNIVERSITY-OF-NORTH-DAKOTA-D-COLLEGE-OF-ARTS-AND-SCIENCES,r1-arts-deans.json,College of Arts and Sciences
US-UNIVERSITY-OF-TEXAS-ARLINGTON-D-COLLEGE-OF-SCIENCE,r1-arts-deans.json,College of Science
US-VIRGINIA-COMMONWEALTH-UNIVERSITY-D-COLLEGE-OF-HUMANITIES-AND-SCIENCES,r1-arts-deans.json,College of Humanities and Sciences
US-UNIVERSITY-OF-GEORGIA-CENTRAL,r1-university-deans.json,Office of the President
US-UNIVERSITY-OF-PITTSBURGH-CENTRAL,r1-university-deans.json,Office of the Chancellor
US-WASHINGTON-STATE-UNIVERSITY-CENTRAL,r1-university-deans.json,Office of the President
US-CAMPBELL-UNIVERSITY-CENTRAL,r1-r2public-deans.json,Office of the President
US-CHAPMAN-UNIVERSITY-PROVOST,r1-provost-deans.json,Office of the Provost
US-DARTMOUTH-COLLEGE-PROVOST,r1-provost-deans.json,Office of the Provost
US-STANFORD-UNIVERSITY-PROVOST,r1-provost-deans.json,Office of the Provost
US-UNIVERSITY-OF-ILLINOIS-URBANA-CHAMPAIGN-PROVOST,r1-provost-deans.json,Office of the Provost and Vice Chancellor for Academic Affairs
US-WAKE-FOREST-UNIVERSITY-PROVOST,r1-provost-deans.json,Office of the Provost
US-UNIVERSITY-OF-SOUTH-CAROLINA-D-DARLA-MOORE-SCHOOL-OF-BUSINESS,r1-bschool-deans.json,Darla Moore School of Business
US-NORTHEASTERN-UNIVERSITY-D-NORTHEASTERN-UNIVERSITY-SCHOOL-OF-LAW,r1-lawschool-deans.json,Northeastern University School of Law
US-UNIVERSITY-OF-CONNECTICUT-D-UNIVERSITY-OF-CONNECTICUT-SCHOOL-OF-LAW,r1-lawschool-deans.json,University of Connecticut School of Law (UConn Law)
US-PENNSYLVANIA-STATE-UNIVERSITY-D-PENN-STATE-COLLEGE-OF-MEDICINE,r1-medschool-deans.json,Penn State College of Medicine
US-UNIVERSITY-OF-ROCHESTER-D-UNIVERSITY-OF-ROCHESTER-SCHOOL-OF-MEDICINE-AND-D,r1-medschool-deans.json,University of Rochester School of Medicine and Dentistry
US-YALE-UNIVERSITY-D-YALE-SCHOOL-OF-MEDICINE,r1-medschool-deans.json,Yale School of Medicine
US-VANDERBILT-UNIVERSITY-D-SCHOOL-OF-NURSING,r1-nursing-deans.json,School of Nursing
US-TEXAS-TECH-UNIVERSITY-D-COLLEGE-OF-EDUCATION,r1-education-deans.json,College of Education
US-UNIVERSITY-OF-CALIFORNIA-LOS-ANGELES-D-SCHOOL-OF-EDUCATION-AND-INFORMATION-STUDIES,r1-education-deans.json,School of Education and Information Studies
US-NORTH-DAKOTA-STATE-UNIVERSITY-CENTRAL,r1-university-deans.json,Office of the President
US-UNIVERSITY-OF-CALIFORNIA-LOS-ANGELES-CENTRAL,r1-university-deans.json,Office of the Chancellor
US-UNIVERSITY-OF-DELAWARE-CENTRAL,r1-university-deans.json,Office of the President
US-UNIVERSITY-OF-MISSISSIPPI-CENTRAL,r1-university-deans.json,Office of the Chancellor
US-BOSTON-COLLEGE-PROVOST,r1-provost-deans.json,Office of the Provost and Dean of Faculties
US-PACE-UNIVERSITY-PROVOST,r1-provost-deans.json,Office of the Provost
US-SANTA-CLARA-UNIVERSITY-PROVOST,r1-provost-deans.json,Office of the Provost and Executive Vice President
US-UNIVERSITY-OF-PITTSBURGH-PROVOST,r1-provost-deans.json,Office of the Provost
US-UNIVERSITY-OF-PITTSBURGH-D-KATZ-GRADUATE-SCHOOL-OF-BUSINESS,r1-bschool-deans.json,Katz Graduate School of Business
US-HARVARD-UNIVERSITY-D-HARVARD-LAW-SCHOOL,r1-lawschool-deans.json,Harvard Law School
US-UNIVERSITY-OF-NOTRE-DAME-D-NOTRE-DAME-LAW-SCHOOL,r1-lawschool-deans.json,Notre Dame Law School
US-UNIVERSITY-OF-OREGON-D-UNIVERSITY-OF-OREGON-SCHOOL-OF-LAW,r1-lawschool-deans.json,University of Oregon School of Law
US-UNIVERSITY-OF-WISCONSIN-MADISON-D-UNIVERSITY-OF-WISCONSIN-LAW-SCHOOL,r1-lawschool-deans.json,University of Wisconsin Law School
US-STONY-BROOK-UNIVERSITY-D-RENAISSANCE-SCHOOL-OF-MEDICINE-AT-STONY-BROOK-UN,r1-medschool-deans.json,Renaissance School of Medicine at Stony Brook University
US-MICHIGAN-STATE-UNIVERSITY-D-COLLEGE-OF-ENGINEERING,r1-eschool-deans.json,College of Engineering
US-OHIO-STATE-UNIVERSITY-D-COLLEGE-OF-ENGINEERING,r1-eschool-deans.json,College of Engineering
US-BOISE-STATE-UNIVERSITY-D-COLLEGE-OF-EDUCATION,r1-education-deans.json,College of Education
US-BOISE-STATE-UNIVERSITY-D-COLLEGE-OF-ARTS-AND-SCIENCES,r1-arts-deans.json,College of Arts and Sciences
US-LOUISIANA-STATE-UNIVERSITY-D-SCHOOL-OF-VETERINARY-MEDICINE,r1-vet-deans.json,School of Veterinary Medicine
US-UNIVERSITY-OF-CALIFORNIA-DAVIS-CENTRAL,r1-university-deans.json,Office of the Chancellor
US-UNIVERSITY-OF-IOWA-CENTRAL,r1-university-deans.json,Office of the President
US-UNIVERSITY-OF-KENTUCKY-CENTRAL,r1-university-deans.json,Office of the President
US-GRAND-VALLEY-STATE-UNIVERSITY-CENTRAL,r1-r2public-deans.json,Office of the President
US-COLUMBIA-UNIVERSITY-PROVOST,r1-provost-deans.json,Office of the Provost
US-MICHIGAN-STATE-UNIVERSITY-PROVOST,r1-provost-deans.json,Office of the Provost
US-COLLEGE-OF-WILLIAM-AND-MARY-D-WILLIAM-AND-MARY-LAW-SCHOOL,r1-lawschool-deans.json,William & Mary Law School (Marshall-Wythe School of Law)
US-UNIVERSITY-OF-NORTH-DAKOTA-D-UNIVERSITY-OF-NORTH-DAKOTA-SCHOOL-OF-LAW,r1-lawschool-deans.json,University of North Dakota School of Law
US-UNIVERSITY-OF-PENNSYLVANIA-D-RAYMOND-AND-RUTH-PERELMAN-SCHOOL-OF-MEDICINE-AT,r1-medschool-deans.json,Raymond and Ruth Perelman School of Medicine at the University of Pennsylvania
US-UNIVERSITY-OF-MASSACHUSETTS-DARTMOUTH-D-COLLEGE-OF-NURSING-AND-HEALTH-SCIENCES,r1-nursing-deans.json,College of Nursing and Health Sciences
US-UNIVERSITY-OF-SOUTH-CAROLINA-D-COLLEGE-OF-NURSING,r1-nursing-deans.json,College of Nursing
US-UNIVERSITY-OF-PITTSBURGH-D-KENNETH-P-DIETRICH-SCHOOL-OF-ARTS-AND-SCIENCES,r1-arts-deans.json,Kenneth P. Dietrich School of Arts and Sciences
US-NEW-YORK-UNIVERSITY-D-TISCH-SCHOOL-OF-THE-ARTS,r1-camd-deans.json,Tisch School of the Arts
US-NEW-YORK-UNIVERSITY-D-TISCH-SCHOOL-OF-THE-ARTS,r1-arts-deans.json,Tisch School of the Arts
US-SUNY-COLLEGE-OF-ENVIRONMENTAL-SCIENCE-AND-FORESTRY-D-COLLEGE-OF-ENVIRONMENTAL-SCIENCE-AND-FORESTRY,r1-agschool-deans.json,College of Environmental Science and Forestry
US-COLORADO-SCHOOL-OF-MINES-CENTRAL,r1-university-deans.json,Office of the President
US-DARTMOUTH-COLLEGE-CENTRAL,r1-university-deans.json,Office of the President
US-DUKE-UNIVERSITY-CENTRAL,r1-university-deans.json,Office of the President
US-NORTHWESTERN-UNIVERSITY-CENTRAL,r1-university-deans.json,Office of the President
US-OREGON-STATE-UNIVERSITY-CENTRAL,r1-university-deans.json,Office of the President
US-PENNSYLVANIA-STATE-UNIVERSITY-CENTRAL,r1-university-deans.json,Office of the President
US-RICE-UNIVERSITY-CENTRAL,r1-university-deans.json,Office of the President
US-UNIVERSITY-BUFFALO-CENTRAL,r1-university-deans.json,Office of the President
US-UNIVERSITY-OF-PENNSYLVANIA-CENTRAL,r1-university-deans.json,Office of the President
US-AMERICAN-INTERNATIONAL-COLLEGE-CENTRAL,r1-r2public-deans.json,Office of the President
US-UNIVERSITY-OF-CALIFORNIA-LOS-ANGELES-PROVOST,r1-provost-deans.json,Office of the Executive Vice Chancellor and Provost
US-UNIVERSITY-OF-NOTRE-DAME-PROVOST,r1-provost-deans.json,Office of the Provost
US-OHIO-STATE-UNIVERSITY-D-MICHAEL-E-MORITZ-COLLEGE-OF-LAW,r1-lawschool-deans.json,Michael E. Moritz College of Law
US-PEPPERDINE-UNIVERSITY-D-RICK-J-CARUSO-SCHOOL-OF-LAW,r1-lawschool-deans.json,Rick J. Caruso School of Law
US-SANTA-CLARA-UNIVERSITY-D-SANTA-CLARA-UNIVERSITY-SCHOOL-OF-LAW,r1-lawschool-deans.json,Santa Clara University School of Law
US-UNIVERSITY-OF-ALABAMA-D-UNIVERSITY-OF-ALABAMA-SCHOOL-OF-LAW,r1-lawschool-deans.json,University of Alabama School of Law
US-UNIVERSITY-OF-WASHINGTON-D-UNIVERSITY-OF-WASHINGTON-SCHOOL-OF-LAW,r1-lawschool-deans.json,University of Washington School of Law
US-YALE-UNIVERSITY-D-YALE-LAW-SCHOOL,r1-lawschool-deans.json,Yale Law School
US-COLUMBIA-UNIVERSITY-D-COLUMBIA-UNIVERSITY-VAGELOS-COLLEGE-OF-PHYSICIAN,r1-medschool-deans.json,Columbia University Vagelos College of Physicians and Surgeons
US-NEW-YORK-UNIVERSITY-D-NYU-GROSSMAN-SCHOOL-OF-MEDICINE,r1-medschool-deans.json,NYU Grossman School of Medicine
US-TEXAS-TECH-UNIVERSITY-D-TEXAS-TECH-UNIVERSITY-HEALTH-SCIENCES-CENTER-SCH,r1-medschool-deans.json,Texas Tech University Health Sciences Center School of Medicine
US-UNIVERSITY-OF-IOWA-D-ROY-J-AND-LUCILLE-A-CARVER-COLLEGE-OF-MEDICINE,r1-medschool-deans.json,Roy J. and Lucille A. Carver College of Medicine
US-UNIVERSITY-OF-TEXAS-AUSTIN-D-COCKRELL-SCHOOL-OF-ENGINEERING,r1-eschool-deans.json,Cockrell School of Engineering
US-FAIRFIELD-UNIVERSITY-D-MARION-PECKHAM-EGAN-SCHOOL-OF-NURSING-AND-HEALTH,r1-nursing-deans.json,Marion Peckham Egan School of Nursing and Health Studies
US-UNIVERSITY-OF-MIAMI-D-SCHOOL-OF-NURSING-AND-HEALTH-STUDIES,r1-nursing-deans.json,School of Nursing and Health Studies
US-UNIVERSITY-OF-TEXAS-AUSTIN-D-COLLEGE-OF-EDUCATION,r1-education-deans.json,College of Education
US-HARVARD-UNIVERSITY-D-FACULTY-OF-ARTS-AND-SCIENCES,r1-arts-deans.json,Faculty of Arts and Sciences
US-ARIZONA-STATE-UNIVERSITY-CENTRAL,r1-university-deans.json,Office of the President
US-BOSTON-UNIVERSITY-CENTRAL,r1-university-deans.json,Office of the President
US-COLLEGE-OF-WILLIAM-AND-MARY-CENTRAL,r1-university-deans.json,Office of the President
US-HARVARD-UNIVERSITY-CENTRAL,r1-university-deans.json,Office of the President
US-INDIANA-UNIVERSITY-BLOOMINGTON-CENTRAL,r1-university-deans.json,Office of the President
US-PURDUE-UNIVERSITY-CENTRAL,r1-university-deans.json,Office of the President
US-RUTGERS-UNIVERSITY-CENTRAL,r1-university-deans.json,Office of the President
US-SYRACUSE-UNIVERSITY-CENTRAL,r1-university-deans.json,Office of the Chancellor
US-UNIVERSITY-OF-ARIZONA-CENTRAL,r1-university-deans.json,Office of the President
US-UNIVERSITY-OF-NORTH-DAKOTA-CENTRAL,r1-university-deans.json,Office of the President
US-UNIVERSITY-OF-TEXAS-DALLAS-CENTRAL,r1-university-deans.json,Office of the President
US-WASHINGTON-UNIVERSITY-ST-LOUIS-CENTRAL,r1-university-deans.json,Office of the Chancellor
US-JAMES-MADISON-UNIVERSITY-CENTRAL,r1-r2public-deans.json,Office of the President
US-LIBERTY-UNIVERSITY-CENTRAL,r1-r2public-deans.json,Office of the President
US-TOURO-UNIVERSITY-CENTRAL,r1-r2public-deans.json,Office of the President
US-COLLEGE-OF-WILLIAM-AND-MARY-PROVOST,r1-provost-deans.json,Office of the Provost
US-DUKE-UNIVERSITY-PROVOST,r1-provost-deans.json,Office of the Provost
US-JOHNS-HOPKINS-UNIVERSITY-PROVOST,r1-provost-deans.json,Office of the Provost
US-UNIVERSITY-OF-TEXAS-DALLAS-PROVOST,r1-provost-deans.json,Office of the Provost
US-BRIGHAM-YOUNG-UNIVERSITY-D-J-REUBEN-CLARK-LAW-SCHOOL,r1-lawschool-deans.json,J. Reuben Clark Law School
US-UNIVERSITY-OF-KANSAS-D-UNIVERSITY-OF-KANSAS-SCHOOL-OF-LAW,r1-lawschool-deans.json,University of Kansas School of Law
US-UNIVERSITY-OF-MISSISSIPPI-D-UNIVERSITY-OF-MISSISSIPPI-SCHOOL-OF-LAW,r1-lawschool-deans.json,University of Mississippi School of Law
US-UNIVERSITY-OF-NEW-MEXICO-D-UNIVERSITY-OF-NEW-MEXICO-SCHOOL-OF-LAW,r1-lawschool-deans.json,University of New Mexico School of Law
US-UNIVERSITY-OF-SOUTH-FLORIDA-D-USF-HEALTH-MORSANI-COLLEGE-OF-MEDICINE,r1-medschool-deans.json,USF Health Morsani College of Medicine
US-UNIVERSITY-OF-ALABAMA-HUNTSVILLE-D-COLLEGE-OF-NURSING,r1-nursing-deans.json,College of Nursing
US-UNIVERSITY-OF-TENNESSEE-KNOXVILLE-D-COLLEGE-OF-NURSING,r1-nursing-deans.json,College of Nursing
US-PEPPERDINE-UNIVERSITY-D-GRADUATE-SCHOOL-OF-EDUCATION-AND-PSYCHOLOGY,r1-education-deans.json,Graduate School of Education and Psychology
US-UNIVERSITY-OF-FLORIDA-D-COLLEGE-OF-VETERINARY-MEDICINE,r1-vet-deans.json,College of Veterinary Medicine
US-BOSTON-COLLEGE-CENTRAL,r1-university-deans.json,Office of the President
US-BRANDEIS-UNIVERSITY-CENTRAL,r1-university-deans.json,Office of the President
US-CARNEGIE-MELLON-UNIVERSITY-CENTRAL,r1-university-deans.json,Office of the President
US-GEORGIA-INSTITUTE-OF-TECHNOLOGY-CENTRAL,r1-university-deans.json,Office of the President
US-JOHNS-HOPKINS-UNIVERSITY-CENTRAL,r1-university-deans.json,Office of the President
US-NORTH-CAROLINA-A-AND-T-STATE-UNIVERSITY-CENTRAL,r1-university-deans.json,Office of the Chancellor
US-OHIO-STATE-UNIVERSITY-CENTRAL,r1-university-deans.json,Office of the President
US-PRINCETON-UNIVERSITY-CENTRAL,r1-university-deans.json,Office of the President
US-STEVENS-INSTITUTE-OF-TECHNOLOGY-CENTRAL,r1-university-deans.json,Office of the President
US-TEXAS-CHRISTIAN-UNIVERSITY-PROVOST,r1-provost-deans.json,Office of the Provost
US-UNIVERSITY-OF-CALIFORNIA-SAN-DIEGO-PROVOST,r1-provost-deans.json,Office of the Executive Vice Chancellor for Academic Affairs
US-GEORGE-MASON-UNIVERSITY-D-ANTONIN-SCALIA-LAW-SCHOOL,r1-lawschool-deans.json,Antonin Scalia Law School
US-TEMPLE-UNIVERSITY-D-TEMPLE-UNIVERSITY-BEASLEY-SCHOOL-OF-LAW,r1-lawschool-deans.json,Temple University Beasley School of Law
US-UNIVERSITY-OF-HAWAII-MANOA-D-UNIVERSITY-OF-HAWAII-AT-MANOA-WILLIAM-S-RICHARDS,r1-lawschool-deans.json,University of Hawaii at Manoa William S. Richardson School of Law
US-RUSH-UNIVERSITY-D-COLLEGE-OF-NURSING,r1-nursing-deans.json,College of Nursing
US-UNIVERSITY-OF-ROCHESTER-D-SCHOOL-OF-NURSING,r1-nursing-deans.json,School of Nursing
US-UNIVERSITY-OF-TEXAS-AUSTIN-D-SCHOOL-OF-NURSING,r1-nursing-deans.json,School of Nursing
US-NORTH-CAROLINA-A-AND-T-STATE-UNIVERSITY-D-WILLIE-A-DEESE-COLLEGE-OF-BUSINESS-AND-ECONOMICS,r1-bschool-deans.json,Willie A. Deese College of Business and Economics
US-INDIANA-UNIVERSITY-INDIANAPOLIS-CENTRAL,r1-university-deans.json,Office of the Chancellor
US-TEMPLE-UNIVERSITY-CENTRAL,r1-university-deans.json,Office of the President
US-UNIVERSITY-OF-KANSAS-CENTRAL,r1-university-deans.json,Office of the Chancellor
US-UNIVERSITY-OF-TENNESSEE-KNOXVILLE-CENTRAL,r1-university-deans.json,Office of the Chancellor
US-UNIVERSITY-OF-UTAH-CENTRAL,r1-university-deans.json,Office of the President
US-DAEMEN-UNIVERSITY-CENTRAL,r1-r2public-deans.json,Office of the President
US-ELON-UNIVERSITY-CENTRAL,r1-r2public-deans.json,Office of the President
US-BAYLOR-UNIVERSITY-PROVOST,r1-provost-deans.json,Office of the Provost
US-FLORIDA-STATE-UNIVERSITY-PROVOST,r1-provost-deans.json,Office of the Provost
US-WASHINGTON-UNIVERSITY-ST-LOUIS-D-WASHINGTON-UNIVERSITY-SCHOOL-OF-LAW,r1-lawschool-deans.json,Washington University School of Law
US-BROWN-UNIVERSITY-D-WARREN-ALPERT-MEDICAL-SCHOOL-OF-BROWN-UNIVERSITY,r1-medschool-deans.json,The Warren Alpert Medical School of Brown University
US-SAMFORD-UNIVERSITY-D-MOFFETT-AND-SANDERS-SCHOOL-OF-NURSING,r1-nursing-deans.json,Moffett & Sanders School of Nursing
US-UNIVERSITY-OF-SOUTH-FLORIDA-D-COLLEGE-OF-NURSING,r1-nursing-deans.json,College of Nursing
US-UNIVERSITY-OF-TEXAS-SAN-ANTONIO-D-COLLEGE-OF-SCIENCES,r1-arts-deans.json,College of Sciences
US-INDIANA-UNIVERSITY-BLOOMINGTON-D-JACOBS-SCHOOL-OF-MUSIC,r1-camd-deans.json,Jacobs School of Music
US-UNIVERSITY-OF-FLORIDA-CENTRAL,r1-university-deans.json,Office of the President
US-UNIVERSITY-OF-MINNESOTA-TWIN-CITIES-CENTRAL,r1-university-deans.json,Office of the President
US-UNIVERSITY-OF-RHODE-ISLAND-CENTRAL,r1-university-deans.json,Office of the President
US-UNIVERSITY-OF-TEXAS-ARLINGTON-CENTRAL,r1-university-deans.json,Office of the President
US-UNIVERSITY-OF-VIRGINIA-CENTRAL,r1-university-deans.json,Office of the President
US-OAKLAND-CITY-UNIVERSITY-CENTRAL,r1-r2public-deans.json,Office of the President
US-NORTHWESTERN-UNIVERSITY-PROVOST,r1-provost-deans.json,Office of the Provost
US-DUKE-UNIVERSITY-D-FUQUA-SCHOOL-OF-BUSINESS,r1-bschool-deans.json,Fuqua School of Business
US-UNIVERSITY-OF-ALABAMA-BIRMINGHAM-D-COLLAT-SCHOOL-OF-BUSINESS,r1-bschool-deans.json,Collat School of Business
US-UNIVERSITY-OF-SOUTH-CAROLINA-D-UNIVERSITY-OF-SOUTH-CAROLINA-SCHOOL-OF-MEDICINE,r1-medschool-deans.json,University of South Carolina School of Medicine Columbia
US-GEORGIA-INSTITUTE-OF-TECHNOLOGY-D-COLLEGE-OF-ENGINEERING,r1-eschool-deans.json,College of Engineering
US-BARRY-UNIVERSITY-D-SCHOOL-OF-NURSING,r1-nursing-deans.json,School of Nursing
US-OAKLAND-UNIVERSITY-D-SCHOOL-OF-NURSING,r1-nursing-deans.json,School of Nursing
US-UNIVERSITY-OF-SOUTH-ALABAMA-D-COLLEGE-OF-NURSING,r1-nursing-deans.json,College of Nursing
US-BARRY-UNIVERSITY-D-ADRIAN-DOMINICAN-SCHOOL-OF-EDUCATION-LEADERSHIP,r1-education-deans.json,"Adrian Dominican School of Education, Leadership, and Human Development"
US-UNIVERSITY-OF-PENNSYLVANIA-D-SCHOOL-OF-ARTS-AND-SCIENCES,r1-arts-deans.json,School of Arts and Sciences
US-UNIVERSITY-OF-CALIFORNIA-BERKELEY-D-RAUSSER-COLLEGE-OF-NATURAL-RESOURCES,r1-agschool-deans.json,Rausser College of Natural Resources
US-UNIVERSITY-OF-TENNESSEE-KNOXVILLE-D-COLLEGE-OF-VETERINARY-MEDICINE,r1-vet-deans.json,College of Veterinary Medicine
US-VIRGINIA-TECH-D-VIRGINIA-MARYLAND-COLLEGE-OF-VETERINARY-MEDICINE,r1-vet-deans.json,Virginia-Maryland College of Veterinary Medicine
US-BINGHAMTON-UNIVERSITY-CENTRAL,r1-university-deans.json,Office of the President
US-KANSAS-STATE-UNIVERSITY-CENTRAL,r1-university-deans.json,Office of the President
US-NEW-YORK-UNIVERSITY-CENTRAL,r1-university-deans.json,Office of the President
US-NORTHEASTERN-UNIVERSITY-CENTRAL,r1-university-deans.json,Office of the President
US-OHIO-UNIVERSITY-CENTRAL,r1-university-deans.json,Office of the President
US-UNIVERSITY-OF-MARYLAND-COLLEGE-PARK-CENTRAL,r1-university-deans.json,Office of the President
US-UNIVERSITY-OF-NEW-MEXICO-CENTRAL,r1-university-deans.json,Office of the President
US-UNIVERSITY-OF-ROCHESTER-CENTRAL,r1-university-deans.json,Office of the President
US-VIRGINIA-TECH-CENTRAL,r1-university-deans.json,Office of the President
US-NORTHWESTERN-UNIVERSITY-D-KELLOGG-SCHOOL-OF-MANAGEMENT,r1-bschool-deans.json,Kellogg School of Management
US-TEXAS-TECH-UNIVERSITY-D-JERRY-S-RAWLS-COLLEGE-OF-BUSINESS,r1-bschool-deans.json,Jerry S. Rawls College of Business
US-NEW-YORK-UNIVERSITY-D-NEW-YORK-UNIVERSITY-SCHOOL-OF-LAW,r1-lawschool-deans.json,New York University School of Law
US-OHIO-UNIVERSITY-D-OHIO-UNIVERSITY-HERITAGE-COLLEGE-OF-OSTEOPATHIC,r1-medschool-deans.json,Ohio University Heritage College of Osteopathic Medicine
US-TUFTS-UNIVERSITY-D-TUFTS-UNIVERSITY-SCHOOL-OF-MEDICINE,r1-medschool-deans.json,Tufts University School of Medicine
US-UNIVERSITY-BUFFALO-D-JACOBS-SCHOOL-OF-MEDICINE-AND-BIOMEDICAL-SCIENCE,r1-medschool-deans.json,"Jacobs School of Medicine and Biomedical Sciences, University at Buffalo"
US-NORTH-DAKOTA-STATE-UNIVERSITY-D-COLLEGE-OF-ENGINEERING,r1-eschool-deans.json,College of Engineering
US-RICE-UNIVERSITY-D-WIESS-SCHOOL-OF-NATURAL-SCIENCES,r1-arts-deans.json,Wiess School of Natural Sciences
US-UNIVERSITY-OF-WISCONSIN-MADISON-D-SCHOOL-OF-PHARMACY,r1-pharmacy-deans.json,School of Pharmacy
US-OREGON-STATE-UNIVERSITY-D-GARY-R-CARLSON-MD-COLLEGE-OF-VETERINARY-MEDICINE,r1-vet-deans.json,"Gary R. Carlson, MD, College of Veterinary Medicine"
US-FLORIDA-STATE-UNIVERSITY-CENTRAL,r1-university-deans.json,Office of the President
US-GEORGETOWN-UNIVERSITY-CENTRAL,r1-university-deans.json,Office of the President
US-MISSISSIPPI-STATE-UNIVERSITY-CENTRAL,r1-university-deans.json,Office of the President
US-NORTH-CAROLINA-STATE-UNIVERSITY-CENTRAL,r1-university-deans.json,Office of the Chancellor
US-RENSSELAER-POLYTECHNIC-INSTITUTE-CENTRAL,r1-university-deans.json,Office of the President
US-SANTA-CLARA-UNIVERSITY-CENTRAL,r1-university-deans.json,Office of the President
US-TUFTS-UNIVERSITY-CENTRAL,r1-university-deans.json,Office of the President
US-UNIVERSITY-OF-NEBRASKA-LINCOLN-CENTRAL,r1-university-deans.json,Office of the Chancellor
US-UNIVERSITY-OF-VERMONT-CENTRAL,r1-university-deans.json,Office of the President
US-HOFSTRA-UNIVERSITY-CENTRAL,r1-r2public-deans.json,Office of the President
US-YESHIVA-UNIVERSITY-CENTRAL,r1-r2public-deans.json,Office of the President
US-SEATTLE-UNIVERSITY-CENTRAL,r1-r2public-deans.json,Office of the President
US-EMORY-UNIVERSITY-PROVOST,r1-provost-deans.json,Office of the Provost
US-UNIVERSITY-OF-OREGON-D-LUNDQUIST-COLLEGE-OF-BUSINESS,r1-bschool-deans.json,Lundquist College of Business
US-PACE-UNIVERSITY-D-ELISABETH-HAUB-SCHOOL-OF-LAW-AT-PACE-UNIVERSITY,r1-lawschool-deans.json,Elisabeth Haub School of Law at Pace University
US-OREGON-HEALTH-AND-SCIENCE-UNIVERSITY-D-SCHOOL-OF-NURSING,r1-nursing-deans.json,School of Nursing
US-UNIVERSITY-OF-TEXAS-ARLINGTON-D-COLLEGE-OF-NURSING-AND-HEALTH-INNOVATION,r1-nursing-deans.json,College of Nursing and Health Innovation
US-UNIVERSITY-OF-TEXAS-EL-PASO-D-SCHOOL-OF-NURSING,r1-nursing-deans.json,School of Nursing
US-UNIVERSITY-OF-FLORIDA-D-COLLEGE-OF-JOURNALISM-AND-COMMUNICATIONS,r1-camd-deans.json,College of Journalism and Communications
US-VIRGINIA-COMMONWEALTH-UNIVERSITY-D-SCHOOL-OF-THE-ARTS,r1-camd-deans.json,School of the Arts (VCUarts)
US-BROWN-UNIVERSITY-CENTRAL,r1-university-deans.json,Office of the President
US-CUNY-BARUCH-COLLEGE-CENTRAL,r1-university-deans.json,Office of the President
US-CHAPMAN-UNIVERSITY-CENTRAL,r1-university-deans.json,Office of the President
US-CORNELL-UNIVERSITY-CENTRAL,r1-university-deans.json,Office of the President
US-EMORY-UNIVERSITY-CENTRAL,r1-university-deans.json,Office of the President
US-KENT-STATE-UNIVERSITY-CENTRAL,r1-university-deans.json,Office of the President
US-MONTANA-STATE-UNIVERSITY-CENTRAL,r1-university-deans.json,Office of the President
US-OKLAHOMA-STATE-UNIVERSITY-CENTRAL,r1-university-deans.json,Office of the President
US-UNIVERSITY-ALBANY-SUNY-CENTRAL,r1-university-deans.json,Office of the President
US-UNIVERSITY-OF-ALABAMA-BIRMINGHAM-CENTRAL,r1-university-deans.json,Office of the President
US-UNIVERSITY-OF-CALIFORNIA-SANTA-BARBARA-CENTRAL,r1-university-deans.json,Office of the Chancellor
US-UNIVERSITY-OF-CALIFORNIA-SANTA-CRUZ-CENTRAL,r1-university-deans.json,Office of the Chancellor
US-UNIVERSITY-OF-CINCINNATI-CENTRAL,r1-university-deans.json,Office of the President
US-UNIVERSITY-OF-HOUSTON-CENTRAL,r1-university-deans.json,Office of the President
US-UNIVERSITY-OF-IDAHO-CENTRAL,r1-university-deans.json,Office of the President
US-UNIVERSITY-OF-MARYLAND-BALTIMORE-COUNTY-CENTRAL,r1-university-deans.json,Office of the President
US-UNIVERSITY-OF-SOUTH-CAROLINA-CENTRAL,r1-university-deans.json,Office of the President
US-UNIVERSITY-OF-WISCONSIN-MADISON-CENTRAL,r1-university-deans.json,Office of the Chancellor
US-WEST-VIRGINIA-UNIVERSITY-CENTRAL,r1-university-deans.json,Office of the President
US-UNIVERSITY-OF-NEBRASKA-OMAHA-CENTRAL,r1-r2public-deans.json,Office of the Chancellor
US-CAPITOL-TECHNOLOGY-UNIVERSITY-CENTRAL,r1-r2public-deans.json,Office of the President
US-CARSON-NEWMAN-UNIVERSITY-CENTRAL,r1-r2public-deans.json,Office of the President
US-KEISER-UNIVERSITY-FT-LAUDERDALE-CENTRAL,r1-r2public-deans.json,Office of the President
US-NATIONAL-LOUIS-UNIVERSITY-CENTRAL,r1-r2public-deans.json,Office of the President
US-BOSTON-COLLEGE-D-CARROLL-SCHOOL-OF-MANAGEMENT,r1-bschool-deans.json,Carroll School of Management
US-UNIVERSITY-OF-TENNESSEE-KNOXVILLE-D-HASLAM-COLLEGE-OF-BUSINESS,r1-bschool-deans.json,Haslam College of Business
US-TEXAS-A-AND-M-UNIVERSITY-D-TEXAS-A-AND-M-UNIVERSITY-NARESH-K-VASHISHT-COLLE,r1-medschool-deans.json,Texas A&M University Naresh K. Vashisht College of Medicine
US-UNIVERSITY-OF-MARYLAND-COLLEGE-PARK-D-A-JAMES-CLARK-SCHOOL-OF-ENGINEERING,r1-eschool-deans.json,A. James Clark School of Engineering
US-UNIVERSITY-OF-NORTH-CAROLINA-D-COLLEGE-OF-ARTS-AND-SCIENCES,r1-arts-deans.json,College of Arts and Sciences
US-FERRIS-STATE-UNIVERSITY-D-COLLEGE-OF-PHARMACY,r1-pharmacy-deans.json,College of Pharmacy
US-BOISE-STATE-UNIVERSITY-CENTRAL,r1-university-deans.json,Office of the President
US-CALIFORNIA-INSTITUTE-OF-TECHNOLOGY-CENTRAL,r1-university-deans.json,Office of the President
US-COLLEGE-OF-CHARLESTON-CENTRAL,r1-university-deans.json,Office of the President
US-GEORGE-MASON-UNIVERSITY-CENTRAL,r1-university-deans.json,Office of the President
US-MISSOURI-UNIVERSITY-OF-SCIENCE-AND-TECHNOLOGY-CENTRAL,r1-university-deans.json,Office of the Chancellor
US-NEW-JERSEY-INSTITUTE-OF-TECHNOLOGY-CENTRAL,r1-university-deans.json,Office of the President
US-PEPPERDINE-UNIVERSITY-CENTRAL,r1-university-deans.json,Office of the President
US-UNIVERSITY-OF-CENTRAL-FLORIDA-CENTRAL,r1-university-deans.json,Office of the President
US-UNIVERSITY-OF-CHICAGO-CENTRAL,r1-university-deans.json,Office of the President
US-UNIVERSITY-OF-MISSOURI-CENTRAL,r1-university-deans.json,Office of the Chancellor
US-UNIVERSITY-OF-NEVADA-RENO-CENTRAL,r1-university-deans.json,Office of the President
US-UNIVERSITY-OF-OKLAHOMA-CENTRAL,r1-university-deans.json,Office of the President
US-UNIVERSITY-OF-SOUTH-FLORIDA-CENTRAL,r1-university-deans.json,Office of the President
US-UNIVERSITY-OF-TEXAS-SAN-ANTONIO-CENTRAL,r1-university-deans.json,Office of the President
US-VIRGINIA-COMMONWEALTH-UNIVERSITY-CENTRAL,r1-university-deans.json,Office of the President
US-WAYNE-STATE-UNIVERSITY-CENTRAL,r1-university-deans.json,Office of the President
US-YALE-UNIVERSITY-CENTRAL,r1-university-deans.json,Office of the President
US-HAMPTON-UNIVERSITY-CENTRAL,r1-r2public-deans.json,Office of the President
US-BASTYR-UNIVERSITY-CENTRAL,r1-r2public-deans.json,Office of the President
US-DESALES-UNIVERSITY-CENTRAL,r1-r2public-deans.json,Office of the President
US-GRAND-CANYON-UNIVERSITY-CENTRAL,r1-r2public-deans.json,Office of the President
US-OUR-LADY-OF-THE-LAKE-UNIVERSITY-CENTRAL,r1-r2public-deans.json,Office of the President
US-UNIVERSITY-OF-MARY-CENTRAL,r1-r2public-deans.json,Office of the President
US-VALDOSTA-STATE-UNIVERSITY-CENTRAL,r1-r2public-deans.json,Office of the President
US-BROWN-UNIVERSITY-PROVOST,r1-provost-deans.json,Office of the Provost
US-RUTGERS-UNIVERSITY-PROVOST,r1-provost-deans.json,"Office of the Provost, Rutgers University–New Brunswick"
US-OHIO-STATE-UNIVERSITY-PROVOST,r1-provost-deans.json,Office of Academic Affairs (Office of the Executive Vice President and Provost)
US-NORTH-CAROLINA-STATE-UNIVERSITY-D-COLLEGE-OF-ENGINEERING,r1-eschool-deans.json,College of Engineering
US-UNIVERSITY-BUFFALO-D-SCHOOL-OF-ENGINEERING-AND-APPLIED-SCIENCES,r1-eschool-deans.json,School of Engineering and Applied Sciences
US-UNIVERSITY-OF-ALABAMA-BIRMINGHAM-D-SCHOOL-OF-ENGINEERING,r1-eschool-deans.json,School of Engineering
US-WASHINGTON-UNIVERSITY-ST-LOUIS-D-ARTS-AND-SCIENCES,r1-arts-deans.json,Arts & Sciences (Faculty of Arts & Sciences)
US-SOUTHERN-METHODIST-UNIVERSITY-D-MEADOWS-SCHOOL-OF-THE-ARTS,r1-camd-deans.json,Meadows School of the Arts
US-TUFTS-UNIVERSITY-D-CUMMINGS-SCHOOL-OF-VETERINARY-MEDICINE-AT-TUFTS,r1-vet-deans.json,Cummings School of Veterinary Medicine at Tufts University
US-UNIVERSITY-OF-CALIFORNIA-LOS-ANGELES-D-ANDERSON-SCHOOL-OF-MANAGEMENT,r1-bschool-deans.json,Anderson School of Management
US-CLEMSON-UNIVERSITY-CENTRAL,r1-university-deans.json,Office of the President
US-FLORIDA-INTERNATIONAL-UNIVERSITY-CENTRAL,r1-university-deans.json,Office of the President
US-MICHIGAN-STATE-UNIVERSITY-CENTRAL,r1-university-deans.json,Office of the President
US-TEXAS-CHRISTIAN-UNIVERSITY-CENTRAL,r1-university-deans.json,Office of the Chancellor
US-UNIVERSITY-OF-ALABAMA-HUNTSVILLE-CENTRAL,r1-university-deans.json,Office of the President
US-UNIVERSITY-OF-CALIFORNIA-RIVERSIDE-CENTRAL,r1-university-deans.json,Office of the Chancellor
US-UNIVERSITY-OF-CONNECTICUT-CENTRAL,r1-university-deans.json,Office of the President
US-UNIVERSITY-OF-MASSACHUSETTS-AMHERST-CENTRAL,r1-university-deans.json,Office of the Chancellor
US-UNIVERSITY-OF-NEVADA-LAS-VEGAS-CENTRAL,r1-university-deans.json,Office of the President
US-UNIVERSITY-OF-TEXAS-AUSTIN-CENTRAL,r1-university-deans.json,Office of the President
US-UNIVERSITY-OF-WASHINGTON-CENTRAL,r1-university-deans.json,Office of the President
US-UTAH-STATE-UNIVERSITY-CENTRAL,r1-university-deans.json,Office of the President
US-CALIFORNIA-STATE-UNIVERSITY-LOS-ANGELES-CENTRAL,r1-r2public-deans.json,Office of the President
US-MERCER-UNIVERSITY-CENTRAL,r1-r2public-deans.json,Office of the President
US-UNIVERSITY-OF-ARKANSAS-FOR-MEDICAL-SCIENCES-CENTRAL,r1-r2public-deans.json,Office of the Chancellor
US-CONCORDIA-UNIVERSITY-WISCONSIN-CENTRAL,r1-r2public-deans.json,Office of the President
US-CONCORDIA-UNIVERSITY-IRVINE-CENTRAL,r1-r2public-deans.json,Office of the President
US-DYOUVILLE-UNIVERSITY-CENTRAL,r1-r2public-deans.json,Office of the President
US-FAIRFIELD-UNIVERSITY-CENTRAL,r1-r2public-deans.json,Office of the President
US-OKLAHOMA-CITY-UNIVERSITY-CENTRAL,r1-r2public-deans.json,Office of the President
US-WILMINGTON-UNIVERSITY-CENTRAL,r1-r2public-deans.json,Office of the President
US-GEORGETOWN-UNIVERSITY-PROVOST,r1-provost-deans.json,Office of the Provost
US-GEORGE-WASHINGTON-UNIVERSITY-D-GEORGE-WASHINGTON-UNIVERSITY-LAW-SCHOOL,r1-lawschool-deans.json,George Washington University Law School
US-JOHNS-HOPKINS-UNIVERSITY-D-WHITING-SCHOOL-OF-ENGINEERING,r1-eschool-deans.json,Whiting School of Engineering
US-AUBURN-UNIVERSITY-D-COLLEGE-OF-NURSING,r1-nursing-deans.json,College of Nursing
US-HARDING-UNIVERSITY-D-CARR-COLLEGE-OF-NURSING,r1-nursing-deans.json,Carr College of Nursing
US-UNIVERSITY-OF-NORTH-CAROLINA-WILMINGTON-D-WATSON-COLLEGE-OF-EDUCATION,r1-education-deans.json,Watson College of Education
US-RICE-UNIVERSITY-D-SCHOOL-OF-SOCIAL-SCIENCES,r1-arts-deans.json,School of Social Sciences
US-UNIVERSITY-OF-MICHIGAN-D-SCHOOL-OF-MUSIC-THEATRE-AND-DANCE,r1-camd-deans.json,School of Music Theatre and Dance
US-YALE-UNIVERSITY-D-DAVID-GEFFEN-SCHOOL-OF-DRAMA,r1-camd-deans.json,David Geffen School of Drama
US-NORTH-CAROLINA-STATE-UNIVERSITY-D-COLLEGE-OF-VETERINARY-MEDICINE,r1-vet-deans.json,College of Veterinary Medicine
US-UNIVERSITY-OF-WISCONSIN-MADISON-D-SCHOOL-OF-VETERINARY-MEDICINE,r1-vet-deans.json,School of Veterinary Medicine
US-AMERICAN-UNIVERSITY-CENTRAL,r1-university-deans.json,Office of the President
US-AUBURN-UNIVERSITY-CENTRAL,r1-university-deans.json,Office of the President
US-BRIGHAM-YOUNG-UNIVERSITY-CENTRAL,r1-university-deans.json,Office of the President
US-CASE-WESTERN-RESERVE-UNIVERSITY-CENTRAL,r1-university-deans.json,Office of the President
US-COLORADO-STATE-UNIVERSITY-CENTRAL,r1-university-deans.json,Office of the President
US-COLUMBIA-UNIVERSITY-CENTRAL,r1-university-deans.json,Office of the President
US-MASSACHUSETTS-INSTITUTE-OF-TECHNOLOGY-CENTRAL,r1-university-deans.json,Office of the President
US-STANFORD-UNIVERSITY-CENTRAL,r1-university-deans.json,Office of the President
US-STONY-BROOK-UNIVERSITY-CENTRAL,r1-university-deans.json,Office of the President
US-TEXAS-A-AND-M-UNIVERSITY-CENTRAL,r1-university-deans.json,Office of the President
US-TEXAS-TECH-UNIVERSITY-CENTRAL,r1-university-deans.json,Office of the President
US-UNIVERSITY-OF-ARKANSAS-CENTRAL,r1-university-deans.json,Office of the Chancellor
US-UNIVERSITY-OF-CALIFORNIA-BERKELEY-CENTRAL,r1-university-deans.json,Office of the Chancellor
US-UNIVERSITY-OF-CALIFORNIA-SAN-DIEGO-CENTRAL,r1-university-deans.json,Office of the Chancellor
US-UNIVERSITY-OF-LOUISVILLE-CENTRAL,r1-university-deans.json,Office of the President
US-UNIVERSITY-OF-MAINE-CENTRAL,r1-university-deans.json,Office of the President
US-UNIVERSITY-OF-MEMPHIS-CENTRAL,r1-university-deans.json,Office of the President
US-UNIVERSITY-OF-MICHIGAN-CENTRAL,r1-university-deans.json,Office of the President
US-UNIVERSITY-OF-NEW-HAMPSHIRE-CENTRAL,r1-university-deans.json,Office of the President
US-UNIVERSITY-OF-NORTH-CAROLINA-CENTRAL,r1-university-deans.json,Office of the Chancellor
US-UNIVERSITY-OF-OREGON-CENTRAL,r1-university-deans.json,Office of the President
US-UNIVERSITY-OF-SOUTHERN-CALIFORNIA-CENTRAL,r1-university-deans.json,Office of the President
US-UNIVERSITY-OF-TEXAS-EL-PASO-CENTRAL,r1-university-deans.json,Office of the President
US-UNIVERSITY-OF-THE-CUMBERLANDS-CENTRAL,r1-r2public-deans.json,Office of the President
US-AMERICAN-UNIVERSITY-PROVOST,r1-provost-deans.json,Office of the Provost
US-CALIFORNIA-INSTITUTE-OF-TECHNOLOGY-PROVOST,r1-provost-deans.json,Office of the Provost
US-KANSAS-STATE-UNIVERSITY-PROVOST,r1-provost-deans.json,Office of the Provost and Executive Vice President
US-UNIVERSITY-OF-ARIZONA-D-ELLER-COLLEGE-OF-MANAGEMENT,r1-bschool-deans.json,Eller College of Management
US-MICHIGAN-STATE-UNIVERSITY-D-COLLEGE-OF-NURSING,r1-nursing-deans.json,College of Nursing
US-MISSOURI-STATE-UNIVERSITY-D-WILLIAM-H-DARR-COLLEGE-OF-AGRICULTURE,r1-agschool-deans.json,William H. Darr College of Agriculture
US-BAYLOR-UNIVERSITY-CENTRAL,r1-university-deans.json,Office of the President
US-LOUISIANA-STATE-UNIVERSITY-CENTRAL,r1-university-deans.json,Office of the Chancellor
US-SOUTHERN-METHODIST-UNIVERSITY-CENTRAL,r1-university-deans.json,Office of the President
US-TULANE-UNIVERSITY-CENTRAL,r1-university-deans.json,Office of the President
US-UNIVERSITY-OF-ALABAMA-CENTRAL,r1-university-deans.json,Office of the President
US-UNIVERSITY-OF-COLORADO-BOULDER-CENTRAL,r1-university-deans.json,Office of the Chancellor
US-UNIVERSITY-OF-COLORADO-DENVER-CENTRAL,r1-university-deans.json,Office of the Chancellor
US-CLAREMONT-GRADUATE-UNIVERSITY-CENTRAL,r1-r2public-deans.json,Office of the President
US-CREIGHTON-UNIVERSITY-CENTRAL,r1-r2public-deans.json,Office of the President
US-KENNESAW-STATE-UNIVERSITY-CENTRAL,r1-r2public-deans.json,Office of the President
US-RUTGERS-UNIVERSITY-CAMDEN-CENTRAL,r1-r2public-deans.json,Office of the Chancellor
US-UNIVERSITY-OF-TEXAS-TYLER-CENTRAL,r1-r2public-deans.json,Office of the President
US-BARRY-UNIVERSITY-CENTRAL,r1-r2public-deans.json,Office of the President
US-COLLEGE-OF-SAINT-SCHOLASTICA-CENTRAL,r1-r2public-deans.json,Office of the President
US-UNIVERSITY-OF-TENNESSEE-CHATTANOOGA-CENTRAL,r1-r2public-deans.json,Office of the Chancellor
US-GEORGIA-INSTITUTE-OF-TECHNOLOGY-PROVOST,r1-provost-deans.json,Office of the Provost
US-UNIVERSITY-OF-SOUTHERN-CALIFORNIA-PROVOST,r1-provost-deans.json,Office of the Provost
US-UNIVERSITY-OF-KENTUCKY-D-GATTON-COLLEGE-OF-BUSINESS-AND-ECONOMICS,r1-bschool-deans.json,Gatton College of Business and Economics
US-OHIO-STATE-UNIVERSITY-D-OHIO-STATE-UNIVERSITY-COLLEGE-OF-MEDICINE,r1-medschool-deans.json,The Ohio State University College of Medicine
US-UNIVERSITY-OF-NEVADA-RENO-D-UNIVERSITY-OF-NEVADA-RENO-SCHOOL-OF-MEDICINE,r1-medschool-deans.json,"University of Nevada, Reno School of Medicine"
US-MASSACHUSETTS-INSTITUTE-OF-TECHNOLOGY-D-SCHOOL-OF-ENGINEERING,r1-eschool-deans.json,School of Engineering
US-UNIVERSITY-OF-HAWAII-MANOA-D-COLLEGE-OF-ENGINEERING,r1-eschool-deans.json,College of Engineering
US-UNIVERSITY-OF-WASHINGTON-D-COLLEGE-OF-ENGINEERING,r1-eschool-deans.json,College of Engineering
US-UNIVERSITY-OF-WISCONSIN-MADISON-D-COLLEGE-OF-ENGINEERING,r1-eschool-deans.json,College of Engineering
US-UNIVERSITY-OF-ALABAMA-BIRMINGHAM-D-SCHOOL-OF-PUBLIC-HEALTH,r1-publichealth-deans.json,School of Public Health
US-OREGON-STATE-UNIVERSITY-D-COLLEGE-OF-EDUCATION,r1-education-deans.json,College of Education
US-MASSACHUSETTS-INSTITUTE-OF-TECHNOLOGY-D-SCHOOL-OF-ARCHITECTURE-AND-PLANNING,r1-arts-deans.json,School of Architecture and Planning
US-UNIVERSITY-OF-ILLINOIS-CHICAGO-D-RETZKY-COLLEGE-OF-PHARMACY,r1-pharmacy-deans.json,Retzky College of Pharmacy
US-UNIVERSITY-OF-RHODE-ISLAND-D-COLLEGE-OF-PHARMACY,r1-pharmacy-deans.json,College of Pharmacy
US-RUTGERS-UNIVERSITY-NEWARK-CENTRAL,r1-r2public-deans.json,Office of the Chancellor
US-NEW-SCHOOL-CENTRAL,r1-r2public-deans.json,Office of the President
US-BELMONT-UNIVERSITY-CENTRAL,r1-r2public-deans.json,Office of the President
US-BETHEL-UNIVERSITY-CENTRAL,r1-r2public-deans.json,Office of the President
US-BIOLA-UNIVERSITY-CENTRAL,r1-r2public-deans.json,Office of the President
US-SHENANDOAH-UNIVERSITY-CENTRAL,r1-r2public-deans.json,Office of the President
US-FLORIDA-INTERNATIONAL-UNIVERSITY-PROVOST,r1-provost-deans.json,Office of the Provost
US-TEMPLE-UNIVERSITY-PROVOST,r1-provost-deans.json,Office of the Provost
US-UNIVERSITY-OF-ARKANSAS-PROVOST,r1-provost-deans.json,Office of the Provost
US-UNIVERSITY-OF-KENTUCKY-PROVOST,r1-provost-deans.json,Office of the Provost
US-UNIVERSITY-OF-GEORGIA-D-TERRY-COLLEGE-OF-BUSINESS,r1-bschool-deans.json,Terry College of Business
US-VIRGINIA-TECH-D-PAMPLIN-COLLEGE-OF-BUSINESS,r1-bschool-deans.json,Pamplin College of Business
US-UNIVERSITY-OF-KENTUCKY-D-UNIVERSITY-OF-KENTUCKY-J-DAVID-ROSENBERG-COLLEGE,r1-lawschool-deans.json,University of Kentucky J. David Rosenberg College of Law
US-UNIVERSITY-OF-CALIFORNIA-SAN-DIEGO-D-JACOBS-SCHOOL-OF-ENGINEERING,r1-eschool-deans.json,Jacobs School of Engineering
US-UNIVERSITY-OF-HOUSTON-D-CULLEN-COLLEGE-OF-ENGINEERING,r1-eschool-deans.json,Cullen College of Engineering
US-FLORIDA-INTERNATIONAL-UNIVERSITY-D-NICOLE-WERTHEIM-COLLEGE-OF-NURSING-AND-HEALTH-SC,r1-nursing-deans.json,Nicole Wertheim College of Nursing & Health Sciences
US-ILLINOIS-STATE-UNIVERSITY-D-MENNONITE-COLLEGE-OF-NURSING,r1-nursing-deans.json,Mennonite College of Nursing
US-STONY-BROOK-UNIVERSITY-D-SCHOOL-OF-NURSING,r1-nursing-deans.json,School of Nursing
US-UNIVERSITY-OF-CINCINNATI-D-COLLEGE-OF-DESIGN-ARCHITECTURE-ART-AND-PLANNING,r1-camd-deans.json,College of Design Architecture Art and Planning (DAAP)
US-UNIVERSITY-OF-MIAMI-D-FROST-SCHOOL-OF-MUSIC,r1-camd-deans.json,Frost School of Music
US-UNIVERSITY-OF-CALIFORNIA-SAN-DIEGO-D-DIVISION-OF-GRADUATE-EDUCATION-AND-POSTDOCTORAL,r1-grad-deans.json,Division of Graduate Education and Postdoctoral Affairs
US-UNIVERSITY-OF-ILLINOIS-CHICAGO-CENTRAL,r1-university-deans.json,Office of the Chancellor
US-WAKE-FOREST-UNIVERSITY-CENTRAL,r1-university-deans.json,Office of the President
US-GEORGE-FOX-UNIVERSITY-CENTRAL,r1-r2public-deans.json,Office of the President
US-NORTHERN-KENTUCKY-UNIVERSITY-CENTRAL,r1-r2public-deans.json,Office of the President
US-SAMFORD-UNIVERSITY-CENTRAL,r1-r2public-deans.json,Office of the President
US-STOCKTON-UNIVERSITY-CENTRAL,r1-r2public-deans.json,Office of the President
US-UNIVERSITY-OF-FINDLAY-CENTRAL,r1-r2public-deans.json,Office of the President
US-TEXAS-A-AND-M-UNIVERSITY-PROVOST,r1-provost-deans.json,Office of the Provost
US-UNIVERSITY-OF-CALIFORNIA-BERKELEY-D-HAAS-SCHOOL-OF-BUSINESS,r1-bschool-deans.json,Haas School of Business
US-UNIVERSITY-OF-ROCHESTER-D-SIMON-BUSINESS-SCHOOL,r1-bschool-deans.json,Simon Business School
US-UNIVERSITY-OF-IDAHO-D-UNIVERSITY-OF-IDAHO-COLLEGE-OF-LAW,r1-lawschool-deans.json,University of Idaho College of Law
US-DUKE-UNIVERSITY-D-PRATT-SCHOOL-OF-ENGINEERING,r1-eschool-deans.json,Pratt School of Engineering
US-MONTANA-STATE-UNIVERSITY-D-NORM-ASBJORNSON-COLLEGE-OF-ENGINEERING,r1-eschool-deans.json,Norm Asbjornson College of Engineering
US-UNIVERSITY-OF-ALABAMA-D-COLLEGE-OF-ENGINEERING,r1-eschool-deans.json,College of Engineering
US-UNIVERSITY-OF-ARKANSAS-D-COLLEGE-OF-ENGINEERING,r1-eschool-deans.json,College of Engineering
US-UNIVERSITY-OF-CALIFORNIA-DAVIS-D-COLLEGE-OF-ENGINEERING,r1-eschool-deans.json,College of Engineering
US-UNIVERSITY-OF-CALIFORNIA-SANTA-BARBARA-D-COLLEGE-OF-ENGINEERING,r1-eschool-deans.json,College of Engineering
US-JOHNS-HOPKINS-UNIVERSITY-D-SCHOOL-OF-NURSING,r1-nursing-deans.json,School of Nursing
US-OHIO-STATE-UNIVERSITY-D-COLLEGE-OF-NURSING,r1-nursing-deans.json,College of Nursing
US-UNIVERSITY-OF-ILLINOIS-URBANA-CHAMPAIGN-CENTRAL,r1-university-deans.json,Office of the Chancellor
US-ALBERT-EINSTEIN-COLLEGE-OF-MEDICINE-CENTRAL,r1-r2public-deans.json,Office of the Dean
US-BALL-STATE-UNIVERSITY-CENTRAL,r1-r2public-deans.json,Office of the President
US-CALIFORNIA-STATE-UNIVERSITY-SACRAMENTO-CENTRAL,r1-r2public-deans.json,Office of the President
US-CLARK-UNIVERSITY-CENTRAL,r1-r2public-deans.json,Office of the President
US-FORDHAM-UNIVERSITY-CENTRAL,r1-r2public-deans.json,Office of the President
US-MORGAN-STATE-UNIVERSITY-CENTRAL,r1-r2public-deans.json,Office of the President
US-ROWAN-UNIVERSITY-CENTRAL,r1-r2public-deans.json,Office of the President
US-RUSH-UNIVERSITY-CENTRAL,r1-r2public-deans.json,Office of the President
US-SOUTHERN-CONNECTICUT-STATE-UNIVERSITY-CENTRAL,r1-r2public-deans.json,Office of the President
US-SUNY-COLLEGE-OF-ENVIRONMENTAL-SCIENCE-AND-FORESTRY-CENTRAL,r1-r2public-deans.json,Office of the President
US-CLARKE-UNIVERSITY-CENTRAL,r1-r2public-deans.json,Office of the President
US-EASTERN-KENTUCKY-UNIVERSITY-CENTRAL,r1-r2public-deans.json,Office of the President
US-PONTIFICAL-CATHOLIC-UNIVERSITY-OF-PUERTO-RICO-PONCE-CENTRAL,r1-r2public-deans.json,Office of the President
US-SAINT-MARYS-UNIVERSITY-OF-MINNESOTA-CENTRAL,r1-r2public-deans.json,Office of the President
US-ST-CATHERINE-UNIVERSITY-CENTRAL,r1-r2public-deans.json,Office of the President
US-WILKES-UNIVERSITY-CENTRAL,r1-r2public-deans.json,Office of the President
US-GEORGE-WASHINGTON-UNIVERSITY-PROVOST,r1-provost-deans.json,Office of the Provost
US-PENNSYLVANIA-STATE-UNIVERSITY-PROVOST,r1-provost-deans.json,Office of the Executive Vice President and Provost
US-UNIVERSITY-OF-CALIFORNIA-DAVIS-PROVOST,r1-provost-deans.json,Office of the Provost and Executive Vice Chancellor
US-UNIVERSITY-OF-CALIFORNIA-SANTA-BARBARA-PROVOST,r1-provost-deans.json,Office of the Executive Vice Chancellor and Provost
US-UNIVERSITY-OF-IDAHO-PROVOST,r1-provost-deans.json,Office of the Provost and Executive Vice President
US-UNIVERSITY-OF-TENNESSEE-KNOXVILLE-PROVOST,r1-provost-deans.json,Office of the Provost
US-COLLEGE-OF-CHARLESTON-D-SCHOOL-OF-BUSINESS,r1-bschool-deans.json,School of Business
US-KANSAS-STATE-UNIVERSITY-D-COLLEGE-OF-BUSINESS-ADMINISTRATION,r1-bschool-deans.json,College of Business Administration
US-DARTMOUTH-COLLEGE-D-THAYER-SCHOOL-OF-ENGINEERING,r1-eschool-deans.json,Thayer School of Engineering
US-FLORIDA-INTERNATIONAL-UNIVERSITY-D-COLLEGE-OF-ENGINEERING-AND-COMPUTING,r1-eschool-deans.json,College of Engineering and Computing
US-GEORGE-MASON-UNIVERSITY-D-VOLGENAU-SCHOOL-OF-ENGINEERING,r1-eschool-deans.json,Volgenau School of Engineering
US-STANFORD-UNIVERSITY-D-SCHOOL-OF-ENGINEERING,r1-eschool-deans.json,School of Engineering
US-TEXAS-A-AND-M-UNIVERSITY-D-COLLEGE-OF-ENGINEERING,r1-eschool-deans.json,College of Engineering
US-UNIVERSITY-OF-NOTRE-DAME-D-COLLEGE-OF-ENGINEERING,r1-eschool-deans.json,College of Engineering
US-UNIVERSITY-OF-SOUTHERN-CALIFORNIA-D-VITERBI-SCHOOL-OF-ENGINEERING,r1-eschool-deans.json,Viterbi School of Engineering
US-UNIVERSITY-OF-VIRGINIA-D-SCHOOL-OF-ENGINEERING-AND-APPLIED-SCIENCE,r1-eschool-deans.json,School of Engineering and Applied Science
US-UNIVERSITY-OF-MEMPHIS-D-LOEWENBERG-COLLEGE-OF-NURSING,r1-nursing-deans.json,Loewenberg College of Nursing
US-FLORIDA-AGRICULTURAL-AND-MECHANICAL-UNIVERSITY-CENTRAL,r1-r2public-deans.json,Office of the President
US-ICAHN-SCHOOL-OF-MEDICINE-MOUNT-SINAI-CENTRAL,r1-r2public-deans.json,Icahn School of Medicine at Mount Sinai
US-IDAHO-STATE-UNIVERSITY-CENTRAL,r1-r2public-deans.json,Office of the President
US-LONG-ISLAND-UNIVERSITY-CENTRAL,r1-r2public-deans.json,Office of the President
US-SOUTH-DAKOTA-STATE-UNIVERSITY-CENTRAL,r1-r2public-deans.json,Office of the President
US-WESTERN-MICHIGAN-UNIVERSITY-CENTRAL,r1-r2public-deans.json,Office of the President
US-ADELPHI-UNIVERSITY-CENTRAL,r1-r2public-deans.json,Office of the President
US-ALBIZU-UNIVERSITY-MIAMI-CENTRAL,r1-r2public-deans.json,Office of the President
US-BRENAU-UNIVERSITY-CENTRAL,r1-r2public-deans.json,Office of the President
US-DRAKE-UNIVERSITY-CENTRAL,r1-r2public-deans.json,Office of the President
US-LESLEY-UNIVERSITY-CENTRAL,r1-r2public-deans.json,Office of the President
US-MARY-BALDWIN-UNIVERSITY-CENTRAL,r1-r2public-deans.json,Office of the President
US-MASTERS-UNIVERSITY-AND-SEMINARY-CENTRAL,r1-r2public-deans.json,Office of the President
US-UNIVERSITY-OF-LA-VERNE-CENTRAL,r1-r2public-deans.json,Office of the President
US-UNIVERSITY-OF-PIKEVILLE-CENTRAL,r1-r2public-deans.json,Office of the President
US-NORTH-DAKOTA-STATE-UNIVERSITY-PROVOST,r1-provost-deans.json,Office of the Provost
US-OREGON-STATE-UNIVERSITY-PROVOST,r1-provost-deans.json,Office of the Provost
US-TEXAS-TECH-UNIVERSITY-PROVOST,r1-provost-deans.json,Office of the Provost
US-UNIVERSITY-OF-TEXAS-AUSTIN-PROVOST,r1-provost-deans.json,Office of the Executive Vice President and Provost
US-VANDERBILT-UNIVERSITY-PROVOST,r1-provost-deans.json,Office of the Provost
US-WEST-VIRGINIA-UNIVERSITY-PROVOST,r1-provost-deans.json,Office of the Provost
US-LOUISIANA-STATE-UNIVERSITY-D-E-J-OURSO-COLLEGE-OF-BUSINESS,r1-bschool-deans.json,E.J. Ourso College of Business
US-UNIVERSITY-OF-DELAWARE-D-ALFRED-LERNER-COLLEGE-OF-BUSINESS-AND-ECONOMICS,r1-bschool-deans.json,Alfred Lerner College of Business and Economics
US-CORNELL-UNIVERSITY-D-COLLEGE-OF-ENGINEERING,r1-eschool-deans.json,College of Engineering
US-TEXAS-TECH-UNIVERSITY-D-WHITACRE-COLLEGE-OF-ENGINEERING,r1-eschool-deans.json,Whitacre College of Engineering
US-UNIVERSITY-OF-CALIFORNIA-IRVINE-D-HENRY-SAMUELI-SCHOOL-OF-ENGINEERING,r1-eschool-deans.json,Henry Samueli School of Engineering
US-UNIVERSITY-OF-CALIFORNIA-LOS-ANGELES-D-JONATHAN-AND-KARIN-FIELDING-SCHOOL-OF-PUBLIC-HEA,r1-publichealth-deans.json,Jonathan and Karin Fielding School of Public Health
US-UNIVERSITY-OF-CALIFORNIA-SAN-DIEGO-D-SCHOOL-OF-ARTS-AND-HUMANITIES,r1-arts-deans.json,School of Arts and Humanities
US-UNIVERSITY-OF-MIAMI-D-SCHOOL-OF-COMMUNICATION,r1-camd-deans.json,School of Communication
US-AUBURN-UNIVERSITY-D-COLLEGE-OF-FORESTRY-WILDLIFE-AND-ENVIRONMENT,r1-agschool-deans.json,"College of Forestry, Wildlife and Environment"
US-SOUTHERN-UNIVERSITY-AND-A-AND-M-COLLEGE-D-COLLEGE-OF-AGRICULTURAL-HUMAN-AND-ENVIRONMENTAL,r1-agschool-deans.json,"College of Agricultural, Human, and Environmental Sciences"
US-UNIVERSITY-OF-CALIFORNIA-BERKELEY-D-GRADUATE-DIVISION,r1-grad-deans.json,Graduate Division
US-UNIVERSITY-OF-NEVADA-LAS-VEGAS-D-GRADUATE-COLLEGE,r1-grad-deans.json,Graduate College
US-NORTHERN-ILLINOIS-UNIVERSITY-CENTRAL,r1-r2public-deans.json,Office of the President
US-SAINT-JOSEPHS-UNIVERSITY-CENTRAL,r1-r2public-deans.json,Office of the President
US-GARDNER-WEBB-UNIVERSITY-CENTRAL,r1-r2public-deans.json,Office of the President
US-LIPSCOMB-UNIVERSITY-CENTRAL,r1-r2public-deans.json,Office of the President
US-TEXAS-WOMANS-UNIVERSITY-CENTRAL,r1-r2public-deans.json,Office of the Chancellor
US-TEXAS-WOMANS-UNIVERSITY-CENTRAL,r1-r2public-deans.json,Office of the President
US-UNIVERSITY-OF-THE-INCARNATE-WORD-CENTRAL,r1-r2public-deans.json,Office of the President
US-UNIVERSITY-OF-WESTERN-STATES-CENTRAL,r1-r2public-deans.json,Office of the President
US-PEPPERDINE-UNIVERSITY-PROVOST,r1-provost-deans.json,Office of the Provost
US-SOUTHERN-METHODIST-UNIVERSITY-PROVOST,r1-provost-deans.json,Office of the Executive Vice President and Provost
US-UNIVERSITY-OF-MIAMI-PROVOST,r1-provost-deans.json,Office of the Executive Vice President for Academic Affairs and Provost
US-TEXAS-CHRISTIAN-UNIVERSITY-D-M-J-NEELEY-SCHOOL-OF-BUSINESS,r1-bschool-deans.json,M.J. Neeley School of Business
US-NORTHWESTERN-UNIVERSITY-D-MCCORMICK-SCHOOL-OF-ENGINEERING,r1-eschool-deans.json,McCormick School of Engineering
US-OKLAHOMA-STATE-UNIVERSITY-D-COLLEGE-OF-ENGINEERING-ARCHITECTURE-AND-TECHNOLO,r1-eschool-deans.json,"College of Engineering, Architecture and Technology"
US-PRINCETON-UNIVERSITY-D-SCHOOL-OF-ENGINEERING-AND-APPLIED-SCIENCE,r1-eschool-deans.json,School of Engineering and Applied Science
US-UNIVERSITY-OF-CINCINNATI-D-COLLEGE-OF-ENGINEERING-AND-APPLIED-SCIENCE,r1-eschool-deans.json,College of Engineering and Applied Science
US-UNIVERSITY-OF-MICHIGAN-D-COLLEGE-OF-ENGINEERING,r1-eschool-deans.json,College of Engineering
US-VANDERBILT-UNIVERSITY-D-SCHOOL-OF-ENGINEERING,r1-eschool-deans.json,School of Engineering
US-COLUMBIA-UNIVERSITY-D-SCHOOL-OF-NURSING,r1-nursing-deans.json,School of Nursing
US-MERCER-UNIVERSITY-D-GEORGIA-BAPTIST-COLLEGE-OF-NURSING,r1-nursing-deans.json,Georgia Baptist College of Nursing
US-SOUTHERN-UNIVERSITY-AND-A-AND-M-COLLEGE-D-SCHOOL-OF-NURSING,r1-nursing-deans.json,School of Nursing
US-COLUMBIA-UNIVERSITY-D-MAILMAN-SCHOOL-OF-PUBLIC-HEALTH,r1-publichealth-deans.json,Mailman School of Public Health
US-UNIVERSITY-OF-COLORADO-BOULDER-D-SCHOOL-OF-EDUCATION,r1-education-deans.json,School of Education
US-RICE-UNIVERSITY-D-SHEPHERD-SCHOOL-OF-MUSIC,r1-camd-deans.json,Shepherd School of Music
US-UNIVERSITY-OF-SOUTHERN-CALIFORNIA-D-THORNTON-SCHOOL-OF-MUSIC,r1-camd-deans.json,Thornton School of Music
US-PENNSYLVANIA-STATE-UNIVERSITY-D-COLLEGE-OF-AGRICULTURAL-SCIENCES,r1-agschool-deans.json,College of Agricultural Sciences
US-CAMPBELL-UNIVERSITY-D-COLLEGE-OF-PHARMACY-AND-HEALTH-SCIENCES,r1-pharmacy-deans.json,College of Pharmacy & Health Sciences
US-UNIVERSITY-OF-NEW-MEXICO-D-COLLEGE-OF-PHARMACY,r1-pharmacy-deans.json,College of Pharmacy
US-UNIVERSITY-OF-PITTSBURGH-D-SCHOOL-OF-PHARMACY,r1-pharmacy-deans.json,School of Pharmacy
US-DELAWARE-STATE-UNIVERSITY-CENTRAL,r1-r2public-deans.json,Office of the President
US-EAST-TEXAS-A-AND-M-UNIVERSITY-CENTRAL,r1-r2public-deans.json,Office of the President
US-FLORIDA-INSTITUTE-OF-TECHNOLOGY-CENTRAL,r1-r2public-deans.json,Office of the President
US-GEORGIA-SOUTHERN-UNIVERSITY-CENTRAL,r1-r2public-deans.json,Office of the President
US-LOUISIANA-TECH-UNIVERSITY-CENTRAL,r1-r2public-deans.json,Office of the President
US-TENNESSEE-TECHNOLOGICAL-UNIVERSITY-CENTRAL,r1-r2public-deans.json,Office of the President
US-UNIVERSITY-OF-TEXAS-MEDICAL-BRANCH-GALVESTON-CENTRAL,r1-r2public-deans.json,Office of the President
US-UNIVERSITY-OF-NEW-ORLEANS-CENTRAL,r1-r2public-deans.json,Office of the President
US-BAKER-UNIVERSITY-CENTRAL,r1-r2public-deans.json,Office of the President
US-DOMINICAN-UNIVERSITY-NEW-YORK-CENTRAL,r1-r2public-deans.json,Office of the President
US-EDGEWOOD-COLLEGE-CENTRAL,r1-r2public-deans.json,Office of the President
US-HARDING-UNIVERSITY-CENTRAL,r1-r2public-deans.json,Office of the President
US-HUSSON-UNIVERSITY-CENTRAL,r1-r2public-deans.json,Office of the President
US-INDIANA-WESLEYAN-UNIVERSITY-NATIONAL-AND-GLOBAL-CENTRAL,r1-r2public-deans.json,Office of the President
US-MOUNT-SAINT-JOSEPH-UNIVERSITY-CENTRAL,r1-r2public-deans.json,Office of the President
US-QUINNIPIAC-UNIVERSITY-CENTRAL,r1-r2public-deans.json,Office of the President
US-SAINT-AMBROSE-UNIVERSITY-CENTRAL,r1-r2public-deans.json,Office of the President
US-SAINT-LEO-UNIVERSITY-CENTRAL,r1-r2public-deans.json,Office of the President
US-UNION-UNIVERSITY-CENTRAL,r1-r2public-deans.json,Office of the President
US-BOSTON-UNIVERSITY-PROVOST,r1-provost-deans.json,Office of the Provost
US-COLLEGE-OF-CHARLESTON-PROVOST,r1-provost-deans.json,Office of the Provost and Executive Vice President for Academic Affairs
US-INDIANA-UNIVERSITY-INDIANAPOLIS-PROVOST,r1-provost-deans.json,Office of the Provost (formerly Office of Academic Affairs / Office of the Dean of the Faculties)
US-RICE-UNIVERSITY-D-JONES-GRADUATE-SCHOOL-OF-BUSINESS,r1-bschool-deans.json,Jones Graduate School of Business
US-TEXAS-A-AND-M-UNIVERSITY-D-MAYS-BUSINESS-SCHOOL,r1-bschool-deans.json,Mays Business School
US-UNIVERSITY-OF-MASSACHUSETTS-AMHERST-D-ISENBERG-SCHOOL-OF-MANAGEMENT,r1-bschool-deans.json,Isenberg School of Management
US-VANDERBILT-UNIVERSITY-D-OWEN-GRADUATE-SCHOOL-OF-MANAGEMENT,r1-bschool-deans.json,Owen Graduate School of Management
US-UNIVERSITY-OF-PITTSBURGH-D-UNIVERSITY-OF-PITTSBURGH-SCHOOL-OF-MEDICINE,r1-medschool-deans.json,University of Pittsburgh School of Medicine
US-UNIVERSITY-OF-CALIFORNIA-LOS-ANGELES-D-HENRY-SAMUELI-SCHOOL-OF-ENGINEERING-AND-APPLIED,r1-eschool-deans.json,Henry Samueli School of Engineering and Applied Science
US-UNIVERSITY-OF-MIAMI-D-COLLEGE-OF-ENGINEERING,r1-eschool-deans.json,College of Engineering
US-MISSISSIPPI-STATE-UNIVERSITY-D-COLLEGE-OF-VETERINARY-MEDICINE,r1-vet-deans.json,College of Veterinary Medicine
US-UNIVERSITY-OF-IDAHO-D-GRADUATE-SCHOOL,r1-grad-deans.json,Graduate School
US-AUGUSTA-UNIVERSITY-CENTRAL,r1-r2public-deans.json,Office of the President
US-CLARK-ATLANTA-UNIVERSITY-CENTRAL,r1-r2public-deans.json,Office of the President
US-DUQUESNE-UNIVERSITY-CENTRAL,r1-r2public-deans.json,Office of the President
US-EASTERN-VIRGINIA-MEDICAL-SCHOOL-CENTRAL,r1-r2public-deans.json,Office of the President
US-OREGON-HEALTH-AND-SCIENCE-UNIVERSITY-CENTRAL,r1-r2public-deans.json,Office of the President
US-SAN-FRANCISCO-STATE-UNIVERSITY-CENTRAL,r1-r2public-deans.json,Office of the President
US-UNIVERSITY-OF-WEST-FLORIDA-CENTRAL,r1-r2public-deans.json,Office of the President
US-VILLANOVA-UNIVERSITY-CENTRAL,r1-r2public-deans.json,Office of the President
US-AURORA-UNIVERSITY-CENTRAL,r1-r2public-deans.json,Office of the President
US-DALLAS-BAPTIST-UNIVERSITY-CENTRAL,r1-r2public-deans.json,Office of the President
US-GALLAUDET-UNIVERSITY-CENTRAL,r1-r2public-deans.json,Office of the President
US-ROOSEVELT-UNIVERSITY-CENTRAL,r1-r2public-deans.json,Office of the President
US-RUSSELL-SAGE-COLLEGE-CENTRAL,r1-r2public-deans.json,Office of the President
US-SACRED-HEART-UNIVERSITY-CENTRAL,r1-r2public-deans.json,Office of the President
US-UNIVERSITY-OF-CENTRAL-ARKANSAS-CENTRAL,r1-r2public-deans.json,Office of the President
US-UNIVERSITY-OF-INDIANAPOLIS-CENTRAL,r1-r2public-deans.json,Office of the President
US-VALPARAISO-UNIVERSITY-CENTRAL,r1-r2public-deans.json,Office of the President
US-WESTERN-KENTUCKY-UNIVERSITY-CENTRAL,r1-r2public-deans.json,Office of the President
US-CASE-WESTERN-RESERVE-UNIVERSITY-PROVOST,r1-provost-deans.json,Office of the Provost
US-GEORGE-MASON-UNIVERSITY-PROVOST,r1-provost-deans.json,Office of the Provost and Executive Vice President
US-COLORADO-STATE-UNIVERSITY-D-COLLEGE-OF-BUSINESS,r1-bschool-deans.json,College of Business
US-FLORIDA-STATE-UNIVERSITY-D-COLLEGE-OF-BUSINESS,r1-bschool-deans.json,College of Business
US-TULANE-UNIVERSITY-D-A-B-FREEMAN-SCHOOL-OF-BUSINESS,r1-bschool-deans.json,A.B. Freeman School of Business
US-INDIANA-UNIVERSITY-INDIANAPOLIS-D-INDIANA-UNIVERSITY-ROBERT-H-MCKINNEY-SCHOOL-OF-L,r1-lawschool-deans.json,Indiana University Robert H. McKinney School of Law
US-UNIVERSITY-OF-MISSOURI-D-UNIVERSITY-OF-MISSOURI-SCHOOL-OF-LAW,r1-lawschool-deans.json,University of Missouri School of Law
US-AUBURN-UNIVERSITY-D-SAMUEL-GINN-COLLEGE-OF-ENGINEERING,r1-eschool-deans.json,Samuel Ginn College of Engineering
US-BROWN-UNIVERSITY-D-SCHOOL-OF-ENGINEERING,r1-eschool-deans.json,School of Engineering
US-IOWA-STATE-UNIVERSITY-D-COLLEGE-OF-ENGINEERING,r1-eschool-deans.json,College of Engineering
US-RICE-UNIVERSITY-D-GEORGE-R-BROWN-SCHOOL-OF-ENGINEERING,r1-eschool-deans.json,George R. Brown School of Engineering
US-UNIVERSITY-OF-COLORADO-DENVER-D-COLLEGE-OF-ENGINEERING-DESIGN-AND-COMPUTING,r1-eschool-deans.json,"College of Engineering, Design and Computing"
US-UNIVERSITY-OF-FLORIDA-D-HERBERT-WERTHEIM-COLLEGE-OF-ENGINEERING,r1-eschool-deans.json,Herbert Wertheim College of Engineering
US-UNIVERSITY-OF-CINCINNATI-D-COLLEGE-OF-ARTS-AND-SCIENCES,r1-arts-deans.json,College of Arts and Sciences
US-NORTHWESTERN-UNIVERSITY-D-SCHOOL-OF-COMMUNICATION,r1-camd-deans.json,School of Communication
US-NORTHWESTERN-UNIVERSITY-D-SCHOOL-OF-COMMUNICATION,r1-arts-deans.json,School of Communication
US-UNIVERSITY-OF-ALABAMA-D-CULVERHOUSE-COLLEGE-OF-BUSINESS,r1-bschool-deans.json,Culverhouse College of Business
US-EASTERN-MICHIGAN-UNIVERSITY-CENTRAL,r1-r2public-deans.json,Office of the President
US-MONTCLAIR-STATE-UNIVERSITY-CENTRAL,r1-r2public-deans.json,Office of the President
US-TEXAS-A-AND-M-UNIVERSITY-KINGSVILLE-CENTRAL,r1-r2public-deans.json,Office of the President
US-TEXAS-STATE-UNIVERSITY-CENTRAL,r1-r2public-deans.json,Office of the President
US-UNIVERSITY-OF-NORTH-FLORIDA-CENTRAL,r1-r2public-deans.json,Office of the President
US-UNIVERSITY-OF-SOUTH-DAKOTA-CENTRAL,r1-r2public-deans.json,Office of the President
US-MARIAN-UNIVERSITY-CENTRAL,r1-r2public-deans.json,Office of the President
US-ROBERT-MORRIS-UNIVERSITY-CENTRAL,r1-r2public-deans.json,Office of the President
US-SOUTH-COLLEGE-CENTRAL,r1-r2public-deans.json,Office of the Chancellor
US-ST-JOHNS-UNIVERSITY-NEW-YORK-CENTRAL,r1-r2public-deans.json,Office of the President
US-SUFFOLK-UNIVERSITY-CENTRAL,r1-r2public-deans.json,Office of the President
US-UNIVERSITY-OF-CHARLESTON-CENTRAL,r1-r2public-deans.json,Office of the President
US-UNIVERSITY-OF-HARTFORD-CENTRAL,r1-r2public-deans.json,Office of the President
US-WILLIAM-CAREY-UNIVERSITY-CENTRAL,r1-r2public-deans.json,Office of the President
US-COLUMBIA-UNIVERSITY-D-COLUMBIA-BUSINESS-SCHOOL,r1-bschool-deans.json,Columbia Business School
US-CORNELL-UNIVERSITY-D-JOHNSON-SCHOOL-OF-MANAGEMENT,r1-bschool-deans.json,Johnson School of Management
US-EMORY-UNIVERSITY-D-GOIZUETA-BUSINESS-SCHOOL,r1-bschool-deans.json,Goizueta Business School
US-PENNSYLVANIA-STATE-UNIVERSITY-D-SMEAL-COLLEGE-OF-BUSINESS,r1-bschool-deans.json,Smeal College of Business
US-UNIVERSITY-OF-CALIFORNIA-DAVIS-D-GRADUATE-SCHOOL-OF-MANAGEMENT,r1-bschool-deans.json,Graduate School of Management
US-UNIVERSITY-OF-NOTRE-DAME-D-MENDOZA-COLLEGE-OF-BUSINESS,r1-bschool-deans.json,Mendoza College of Business
US-WAKE-FOREST-UNIVERSITY-D-SCHOOL-OF-BUSINESS,r1-bschool-deans.json,School of Business
US-ARIZONA-STATE-UNIVERSITY-D-IRA-A-FULTON-SCHOOLS-OF-ENGINEERING,r1-eschool-deans.json,Ira A. Fulton Schools of Engineering
US-CARNEGIE-MELLON-UNIVERSITY-D-COLLEGE-OF-ENGINEERING,r1-eschool-deans.json,College of Engineering
US-SYRACUSE-UNIVERSITY-D-COLLEGE-OF-ENGINEERING-AND-COMPUTER-SCIENCE,r1-eschool-deans.json,College of Engineering and Computer Science
US-UNIVERSITY-OF-ARKANSAS-FOR-MEDICAL-SCIENCES-D-COLLEGE-OF-NURSING,r1-nursing-deans.json,College of Nursing
US-PURDUE-UNIVERSITY-D-COLLEGE-OF-EDUCATION,r1-education-deans.json,College of Education
US-UNIVERSITY-OF-TEXAS-DALLAS-D-SCHOOL-OF-BEHAVIORAL-AND-BRAIN-SCIENCES,r1-arts-deans.json,School of Behavioral and Brain Sciences
US-UNIVERSITY-OF-MISSOURI-D-SCHOOL-OF-JOURNALISM,r1-camd-deans.json,School of Journalism
US-UNIVERSITY-OF-CALIFORNIA-LOS-ANGELES-D-GRADUATE-DIVISION,r1-grad-deans.json,Graduate Division
US-UNIVERSITY-OF-CALIFORNIA-DAVIS-D-GRADUATE-STUDIES,r1-grad-deans.json,Graduate Studies
US-UNIVERSITY-OF-CALIFORNIA-SANTA-BARBARA-D-GRADUATE-DIVISION,r1-grad-deans.json,Graduate Division
US-BRIGHAM-YOUNG-UNIVERSITY-D-MARRIOTT-SCHOOL-OF-BUSINESS,r1-bschool-deans.json,Marriott School of Business
US-AZUSA-PACIFIC-UNIVERSITY-CENTRAL,r1-r2public-deans.json,Office of the President
US-CALIFORNIA-STATE-UNIVERSITY-FULLERTON-CENTRAL,r1-r2public-deans.json,Office of the President
US-ILLINOIS-INSTITUTE-OF-TECHNOLOGY-CENTRAL,r1-r2public-deans.json,Office of the President
US-MEDICAL-COLLEGE-OF-WISCONSIN-CENTRAL,r1-r2public-deans.json,Office of the President
US-PORTLAND-STATE-UNIVERSITY-CENTRAL,r1-r2public-deans.json,Office of the President
US-TEXAS-A-AND-M-UNIVERSITY-CORPUS-CHRISTI-CENTRAL,r1-r2public-deans.json,Office of the President
US-THOMAS-JEFFERSON-UNIVERSITY-CENTRAL,r1-r2public-deans.json,Office of the President
US-UNIVERSITY-OF-NORTH-CAROLINA-WILMINGTON-CENTRAL,r1-r2public-deans.json,Office of the Chancellor
US-UNIVERSITY-OF-TULSA-CENTRAL,r1-r2public-deans.json,Office of the President
US-ALVERNIA-UNIVERSITY-CENTRAL,r1-r2public-deans.json,Office of the President
US-BELLARMINE-UNIVERSITY-CENTRAL,r1-r2public-deans.json,Office of the President
US-CALIFORNIA-INSTITUTE-OF-INTEGRAL-STUDIES-CENTRAL,r1-r2public-deans.json,Office of the President
US-ERSKINE-COLLEGE-CENTRAL,r1-r2public-deans.json,Office of the President
US-UNIVERSITY-OF-DETROIT-MERCY-CENTRAL,r1-r2public-deans.json,Office of the President
US-UNIVERSITY-OF-WISCONSIN-OSHKOSH-CENTRAL,r1-r2public-deans.json,Office of the Chancellor
US-WILLIAM-WOODS-UNIVERSITY-CENTRAL,r1-r2public-deans.json,Office of the President
US-UNIVERSITY-OF-IOWA-PROVOST,r1-provost-deans.json,Office of the Executive Vice President and Provost
US-CLEMSON-UNIVERSITY-D-WILBUR-O-AND-ANN-POWERS-COLLEGE-OF-BUSINESS,r1-bschool-deans.json,Wilbur O. and Ann Powers College of Business
US-PACE-UNIVERSITY-D-LUBIN-SCHOOL-OF-BUSINESS,r1-bschool-deans.json,Lubin School of Business
US-PURDUE-UNIVERSITY-D-DANIELS-SCHOOL-OF-BUSINESS,r1-bschool-deans.json,Daniels School of Business
US-SANTA-CLARA-UNIVERSITY-D-LEAVEY-SCHOOL-OF-BUSINESS,r1-bschool-deans.json,Leavey School of Business
US-STANFORD-UNIVERSITY-D-GRADUATE-SCHOOL-OF-BUSINESS,r1-bschool-deans.json,Graduate School of Business
US-UNIVERSITY-OF-ALABAMA-HUNTSVILLE-D-COLLEGE-OF-BUSINESS,r1-bschool-deans.json,College of Business
US-UNIVERSITY-OF-MICHIGAN-D-ROSS-SCHOOL-OF-BUSINESS,r1-bschool-deans.json,Ross School of Business
US-UNIVERSITY-OF-PENNSYLVANIA-D-WHARTON-SCHOOL,r1-bschool-deans.json,Wharton School
US-DARTMOUTH-COLLEGE-D-TUCK-SCHOOL-OF-BUSINESS,r1-bschool-deans.json,Tuck School of Business
US-BOSTON-UNIVERSITY-D-COLLEGE-OF-ENGINEERING,r1-eschool-deans.json,College of Engineering
US-OREGON-STATE-UNIVERSITY-D-COLLEGE-OF-ENGINEERING,r1-eschool-deans.json,College of Engineering
US-UNIVERSITY-OF-CALIFORNIA-BERKELEY-D-COLLEGE-OF-ENGINEERING,r1-eschool-deans.json,College of Engineering
US-UNIVERSITY-OF-CALIFORNIA-RIVERSIDE-D-BOURNS-COLLEGE-OF-ENGINEERING,r1-eschool-deans.json,Bourns College of Engineering
US-UNIVERSITY-OF-KENTUCKY-D-COLLEGE-OF-ENGINEERING,r1-eschool-deans.json,College of Engineering
US-UNIVERSITY-OF-PENNSYLVANIA-D-SCHOOL-OF-ENGINEERING-AND-APPLIED-SCIENCE,r1-eschool-deans.json,School of Engineering and Applied Science
US-VIRGINIA-TECH-D-COLLEGE-OF-ENGINEERING,r1-eschool-deans.json,College of Engineering
US-UNIVERSITY-OF-CINCINNATI-D-COLLEGE-OF-NURSING,r1-nursing-deans.json,College of Nursing
US-EMORY-UNIVERSITY-D-ROLLINS-SCHOOL-OF-PUBLIC-HEALTH,r1-publichealth-deans.json,Rollins School of Public Health
US-JOHNS-HOPKINS-UNIVERSITY-D-BLOOMBERG-SCHOOL-OF-PUBLIC-HEALTH,r1-publichealth-deans.json,Bloomberg School of Public Health
US-ARIZONA-STATE-UNIVERSITY-D-COLLEGE-OF-LIBERAL-ARTS-AND-SCIENCES,r1-arts-deans.json,The College of Liberal Arts and Sciences
US-NORTHWESTERN-UNIVERSITY-D-BIENEN-SCHOOL-OF-MUSIC,r1-camd-deans.json,Bienen School of Music
US-SYRACUSE-UNIVERSITY-D-S-I-NEWHOUSE-SCHOOL-OF-PUBLIC-COMMUNICATIONS,r1-camd-deans.json,S.I. Newhouse School of Public Communications
US-UNIVERSITY-OF-CALIFORNIA-LOS-ANGELES-D-SCHOOL-OF-THEATER-FILM-AND-TELEVISION,r1-camd-deans.json,School of Theater Film and Television
US-UNIVERSITY-OF-FLORIDA-D-COLLEGE-OF-DESIGN-CONSTRUCTION-AND-PLANNING,r1-camd-deans.json,College of Design Construction and Planning
US-TEMPLE-UNIVERSITY-D-SCHOOL-OF-PHARMACY,r1-pharmacy-deans.json,School of Pharmacy
US-ARIZONA-STATE-UNIVERSITY-D-W-P-CAREY-SCHOOL-OF-BUSINESS,r1-bschool-deans.json,W.P. Carey School of Business
US-UNIVERSITY-OF-FLORIDA-D-WARRINGTON-COLLEGE-OF-BUSINESS,r1-bschool-deans.json,Warrington College of Business
US-UNIVERSITY-OF-MISSOURI-D-TRULASKE-COLLEGE-OF-BUSINESS,r1-bschool-deans.json,Trulaske College of Business
US-ABILENE-CHRISTIAN-UNIVERSITY-CENTRAL,r1-r2public-deans.json,Office of the President
US-CALIFORNIA-STATE-POLYTECHNIC-UNIVERSITY-POMONA-CENTRAL,r1-r2public-deans.json,Office of the President
US-CALIFORNIA-STATE-UNIVERSITY-FRESNO-CENTRAL,r1-r2public-deans.json,Office of the President
US-EMBRY-RIDDLE-AERONAUTICAL-UNIVERSITY-CENTRAL,r1-r2public-deans.json,Office of the President
US-LOMA-LINDA-UNIVERSITY-CENTRAL,r1-r2public-deans.json,Office of the President
US-LOYOLA-MARYMOUNT-UNIVERSITY-CENTRAL,r1-r2public-deans.json,Office of the President
US-MARSHALL-UNIVERSITY-CENTRAL,r1-r2public-deans.json,Office of the President
US-MIDDLE-TENNESSEE-STATE-UNIVERSITY-CENTRAL,r1-r2public-deans.json,Office of the President
US-OKLAHOMA-STATE-UNIVERSITY-CENTER-FOR-HEALTH-SCIENCES-CENTRAL,r1-r2public-deans.json,Office of the President
US-SOUTHERN-UNIVERSITY-AND-A-AND-M-COLLEGE-CENTRAL,r1-r2public-deans.json,Office of the Chancellor
US-TARLETON-STATE-UNIVERSITY-CENTRAL,r1-r2public-deans.json,Office of the President
US-TENNESSEE-STATE-UNIVERSITY-CENTRAL,r1-r2public-deans.json,Office of the President
US-ROCKEFELLER-UNIVERSITY-CENTRAL,r1-r2public-deans.json,Office of the President
US-UMASS-CHAN-MEDICAL-SCHOOL-CENTRAL,r1-r2public-deans.json,Office of the Chancellor
US-UNIVERSITY-OF-ALASKA-FAIRBANKS-CENTRAL,r1-r2public-deans.json,Office of the Chancellor
US-UNIVERSITY-OF-MISSOURI-ST-LOUIS-CENTRAL,r1-r2public-deans.json,Office of the Chancellor
US-UNIVERSITY-OF-NORTHERN-COLORADO-CENTRAL,r1-r2public-deans.json,Office of the President
US-UNIVERSITY-OF-SAN-FRANCISCO-CENTRAL,r1-r2public-deans.json,Office of the President
US-CARDINAL-STRITCH-UNIVERSITY-CENTRAL,r1-r2public-deans.json,Office of the President
US-GANNON-UNIVERSITY-CENTRAL,r1-r2public-deans.json,Office of the President
US-HARDIN-SIMMONS-UNIVERSITY-CENTRAL,r1-r2public-deans.json,Office of the President
US-LINCOLN-MEMORIAL-UNIVERSITY-CENTRAL,r1-r2public-deans.json,Office of the President
US-PALM-BEACH-ATLANTIC-UNIVERSITY-CENTRAL,r1-r2public-deans.json,Office of the President
US-SAYBROOK-UNIVERSITY-CENTRAL,r1-r2public-deans.json,Office of the President
US-TEXAS-WESLEYAN-UNIVERSITY-CENTRAL,r1-r2public-deans.json,Office of the President
US-TREVECCA-NAZARENE-UNIVERSITY-CENTRAL,r1-r2public-deans.json,Office of the President
US-UNIVERSITY-OF-ARIZONA-GLOBAL-CAMPUS-CENTRAL,r1-r2public-deans.json,Office of the President
US-UNIVERSITY-OF-LOUISIANA-MONROE-CENTRAL,r1-r2public-deans.json,Office of the President
US-UNIVERSITY-OF-MARY-HARDIN-BAYLOR-CENTRAL,r1-r2public-deans.json,Office of the President
US-UNIVERSITY-OF-ST-THOMAS-MINNESOTA-CENTRAL,r1-r2public-deans.json,Office of the President
US-XAVIER-UNIVERSITY-CENTRAL,r1-r2public-deans.json,Office of the President
US-ARIZONA-STATE-UNIVERSITY-PROVOST,r1-provost-deans.json,Office of the University Provost
US-COLORADO-STATE-UNIVERSITY-PROVOST,r1-provost-deans.json,Office of the Provost and Executive Vice President for Academic Affairs
US-UNIVERSITY-OF-MINNESOTA-TWIN-CITIES-PROVOST,r1-provost-deans.json,Office of the Executive Vice President and Provost
US-UNIVERSITY-OF-RHODE-ISLAND-PROVOST,r1-provost-deans.json,Office of the Provost
US-WASHINGTON-STATE-UNIVERSITY-PROVOST,r1-provost-deans.json,Office of the Provost and Executive Vice President
US-BOSTON-UNIVERSITY-D-QUESTROM-SCHOOL-OF-BUSINESS,r1-bschool-deans.json,Questrom School of Business
US-OHIO-STATE-UNIVERSITY-D-FISHER-COLLEGE-OF-BUSINESS,r1-bschool-deans.json,Fisher College of Business
US-OREGON-STATE-UNIVERSITY-D-COLLEGE-OF-BUSINESS,r1-bschool-deans.json,College of Business
US-UNIVERSITY-OF-MINNESOTA-TWIN-CITIES-D-CARLSON-SCHOOL-OF-MANAGEMENT,r1-bschool-deans.json,Carlson School of Management
US-UNIVERSITY-OF-TEXAS-EL-PASO-D-WOODY-HUNT-COLLEGE-OF-BUSINESS,r1-bschool-deans.json,Woody Hunt College of Business
US-CORNELL-UNIVERSITY-D-WEILL-CORNELL-MEDICINE,r1-medschool-deans.json,Weill Cornell Medicine (Weill Cornell Medical College)
US-UNIVERSITY-OF-SOUTHERN-CALIFORNIA-D-KECK-SCHOOL-OF-MEDICINE-OF-USC,r1-medschool-deans.json,Keck School of Medicine of USC
US-UNIVERSITY-OF-VERMONT-D-ROBERT-LARNER-M-D-COLLEGE-OF-MEDICINE-AT-THE-UNI,r1-medschool-deans.json,"Robert Larner, M.D. College of Medicine at the University of Vermont"
US-COLUMBIA-UNIVERSITY-D-FU-FOUNDATION-SCHOOL-OF-ENGINEERING-AND-APPLIED,r1-eschool-deans.json,Fu Foundation School of Engineering and Applied Science
US-RUTGERS-UNIVERSITY-D-SCHOOL-OF-ENGINEERING,r1-eschool-deans.json,School of Engineering
US-UNIVERSITY-OF-LOUISVILLE-D-J-B-SPEED-SCHOOL-OF-ENGINEERING,r1-eschool-deans.json,J.B. Speed School of Engineering
US-UNIVERSITY-OF-RHODE-ISLAND-D-COLLEGE-OF-ENGINEERING,r1-eschool-deans.json,College of Engineering
US-WASHINGTON-UNIVERSITY-ST-LOUIS-D-MCKELVEY-SCHOOL-OF-ENGINEERING,r1-eschool-deans.json,McKelvey School of Engineering
US-UNIVERSITY-OF-CALIFORNIA-BERKELEY-D-SCHOOL-OF-PUBLIC-HEALTH,r1-publichealth-deans.json,School of Public Health
US-FAIRFIELD-UNIVERSITY-D-SCHOOL-OF-EDUCATION-AND-HUMAN-DEVELOPMENT,r1-education-deans.json,School of Education and Human Development
US-CHAPMAN-UNIVERSITY-D-WILKINSON-COLLEGE-OF-ARTS-HUMANITIES-AND-SOCIAL,r1-arts-deans.json,"Wilkinson College of Arts, Humanities, and Social Sciences"
US-COLORADO-STATE-UNIVERSITY-D-COLLEGE-OF-LIBERAL-ARTS,r1-arts-deans.json,College of Liberal Arts
US-MASSACHUSETTS-INSTITUTE-OF-TECHNOLOGY-D-SCHOOL-OF-HUMANITIES-ARTS-AND-SOCIAL-SCIENCES,r1-arts-deans.json,"School of Humanities, Arts, and Social Sciences"
US-MASSACHUSETTS-INSTITUTE-OF-TECHNOLOGY-D-SCHOOL-OF-SCIENCE,r1-arts-deans.json,School of Science
US-PENNSYLVANIA-STATE-UNIVERSITY-D-COLLEGE-OF-THE-LIBERAL-ARTS,r1-arts-deans.json,College of the Liberal Arts
US-UNIVERSITY-OF-SOUTHERN-CALIFORNIA-D-SCHOOL-OF-CINEMATIC-ARTS,r1-camd-deans.json,School of Cinematic Arts
US-SAMFORD-UNIVERSITY-D-MCWHORTER-SCHOOL-OF-PHARMACY,r1-pharmacy-deans.json,McWhorter School of Pharmacy
US-BOISE-STATE-UNIVERSITY-D-GRADUATE-COLLEGE,r1-grad-deans.json,Graduate College
US-UNIVERSITY-OF-WISCONSIN-MADISON-D-WISCONSIN-SCHOOL-OF-BUSINESS,r1-bschool-deans.json,Wisconsin School of Business
US-UNIVERSITY-OF-MISSISSIPPI-D-SCHOOL-OF-BUSINESS-ADMINISTRATION,r1-bschool-deans.json,School of Business Administration
US-CENTRAL-MICHIGAN-UNIVERSITY-CENTRAL,r1-r2public-deans.json,Office of the President
US-EAST-TENNESSEE-STATE-UNIVERSITY-CENTRAL,r1-r2public-deans.json,Office of the President
US-INDIANA-UNIVERSITY-OF-PENNSYLVANIA-CENTRAL,r1-r2public-deans.json,Office of the President
US-JACKSON-STATE-UNIVERSITY-CENTRAL,r1-r2public-deans.json,Office of the President
US-ROCHESTER-INSTITUTE-OF-TECHNOLOGY-CENTRAL,r1-r2public-deans.json,Office of the President
US-WEST-CHESTER-UNIVERSITY-OF-PENNSYLVANIA-CENTRAL,r1-r2public-deans.json,Office of the President
US-BRADLEY-UNIVERSITY-CENTRAL,r1-r2public-deans.json,Office of the President
US-CHATHAM-UNIVERSITY-CENTRAL,r1-r2public-deans.json,Office of the President
US-IMMACULATA-UNIVERSITY-CENTRAL,r1-r2public-deans.json,Office of the President
US-INDIANA-STATE-UNIVERSITY-CENTRAL,r1-r2public-deans.json,Office of the President
US-LA-SALLE-UNIVERSITY-CENTRAL,r1-r2public-deans.json,Office of the President
US-MARYVILLE-UNIVERSITY-OF-SAINT-LOUIS-CENTRAL,r1-r2public-deans.json,Office of the President
US-SOUTHEASTERN-BAPTIST-THEOLOGICAL-SEMINARY-CENTRAL,r1-r2public-deans.json,Office of the President
US-SPRINGFIELD-COLLEGE-CENTRAL,r1-r2public-deans.json,Office of the President
US-WALSH-UNIVERSITY-CENTRAL,r1-r2public-deans.json,Office of the President
US-WINGATE-UNIVERSITY-CENTRAL,r1-r2public-deans.json,Office of the President
US-HARVARD-UNIVERSITY-PROVOST,r1-provost-deans.json,Office of the Provost
US-GEORGE-WASHINGTON-UNIVERSITY-D-SCHOOL-OF-BUSINESS,r1-bschool-deans.json,School of Business
US-MISSISSIPPI-STATE-UNIVERSITY-D-COLLEGE-OF-BUSINESS,r1-bschool-deans.json,College of Business
US-NORTH-CAROLINA-STATE-UNIVERSITY-D-POOLE-COLLEGE-OF-MANAGEMENT,r1-bschool-deans.json,Poole College of Management
US-YALE-UNIVERSITY-D-SCHOOL-OF-MANAGEMENT,r1-bschool-deans.json,School of Management
US-UNIVERSITY-OF-CHICAGO-D-UNIVERSITY-OF-CHICAGO-PRITZKER-SCHOOL-OF-MEDICIN,r1-medschool-deans.json,University of Chicago Pritzker School of Medicine (Division of the Biological Sciences)
US-CASE-WESTERN-RESERVE-UNIVERSITY-D-CASE-SCHOOL-OF-ENGINEERING,r1-eschool-deans.json,Case School of Engineering
US-CLEMSON-UNIVERSITY-D-COLLEGE-OF-ENGINEERING-COMPUTING-AND-APPLIED-SCI,r1-eschool-deans.json,"College of Engineering, Computing and Applied Sciences"
US-FLORIDA-STATE-UNIVERSITY-D-FAMU-FSU-COLLEGE-OF-ENGINEERING,r1-eschool-deans.json,FAMU-FSU College of Engineering
US-PENNSYLVANIA-STATE-UNIVERSITY-D-COLLEGE-OF-ENGINEERING,r1-eschool-deans.json,College of Engineering
US-STONY-BROOK-UNIVERSITY-D-COLLEGE-OF-ENGINEERING-AND-APPLIED-SCIENCES,r1-eschool-deans.json,College of Engineering and Applied Sciences
US-WEST-VIRGINIA-UNIVERSITY-D-SCHOOL-OF-NURSING,r1-nursing-deans.json,School of Nursing
US-BOSTON-UNIVERSITY-D-SCHOOL-OF-PUBLIC-HEALTH,r1-publichealth-deans.json,School of Public Health
US-WASHINGTON-UNIVERSITY-ST-LOUIS-D-COLLEGE-OF-ARTS-AND-SCIENCES,r1-arts-deans.json,College of Arts and Sciences
US-HARVARD-UNIVERSITY-D-GRADUATE-SCHOOL-OF-DESIGN,r1-camd-deans.json,Graduate School of Design
US-LOUISIANA-STATE-UNIVERSITY-D-MANSHIP-SCHOOL-OF-MASS-COMMUNICATION,r1-camd-deans.json,Manship School of Mass Communication
US-UNIVERSITY-OF-TEXAS-AUSTIN-D-SCHOOL-OF-ARCHITECTURE,r1-camd-deans.json,School of Architecture
US-VIRGINIA-TECH-D-COLLEGE-OF-NATURAL-RESOURCES-AND-ENVIRONMENT,r1-agschool-deans.json,College of Natural Resources and Environment
US-UNIVERSITY-OF-COLORADO-BOULDER-D-GRADUATE-SCHOOL,r1-grad-deans.json,Graduate School
US-UNIVERSITY-OF-MARYLAND-COLLEGE-PARK-D-ROBERT-H-SMITH-SCHOOL-OF-BUSINESS,r1-bschool-deans.json,Robert H. Smith School of Business
US-APPALACHIAN-STATE-UNIVERSITY-CENTRAL,r1-r2public-deans.json,Office of the President
US-CLEVELAND-STATE-UNIVERSITY-CENTRAL,r1-r2public-deans.json,Office of the President
US-DEPAUL-UNIVERSITY-CENTRAL,r1-r2public-deans.json,Office of the President
US-LAMAR-UNIVERSITY-CENTRAL,r1-r2public-deans.json,Office of the President
US-STATE-UNIVERSITY-OF-NEW-YORK-UPSTATE-MEDICAL-UNIVERSITY-CENTRAL,r1-r2public-deans.json,Office of the President
US-CITY-COLLEGE-OF-NEW-YORK-CENTRAL,r1-r2public-deans.json,Office of the President
US-UNIVERSITY-OF-COLORADO-COLORADO-SPRINGS-CENTRAL,r1-r2public-deans.json,Office of the Chancellor
US-UNIVERSITY-OF-MASSACHUSETTS-DARTMOUTH-CENTRAL,r1-r2public-deans.json,Office of the Chancellor
US-UNIVERSITY-OF-MICHIGAN-DEARBORN-CENTRAL,r1-r2public-deans.json,Office of the Chancellor
US-UNIVERSITY-OF-PUERTO-RICO-RIO-PIEDRAS-CENTRAL,r1-r2public-deans.json,Office of the Chancellor (Rectoría)
US-VIRGINIA-STATE-UNIVERSITY-CENTRAL,r1-r2public-deans.json,Office of the President
US-WICHITA-STATE-UNIVERSITY-CENTRAL,r1-r2public-deans.json,Office of the President
US-FLORIDA-GULF-COAST-UNIVERSITY-CENTRAL,r1-r2public-deans.json,Office of the President
US-GWYNEDD-MERCY-UNIVERSITY-CENTRAL,r1-r2public-deans.json,Office of the President
US-MARYMOUNT-UNIVERSITY-CENTRAL,r1-r2public-deans.json,Office of the President
US-MISSOURI-STATE-UNIVERSITY-CENTRAL,r1-r2public-deans.json,Office of the President
US-REGENT-UNIVERSITY-CENTRAL,r1-r2public-deans.json,Office of the Chancellor
US-REGIS-UNIVERSITY-CENTRAL,r1-r2public-deans.json,Office of the President
US-UNIVERSIDAD-ANA-G-MENDEZ-GURABO-CAMPUS-CENTRAL,r1-r2public-deans.json,Office of the Rector
US-UNIVERSITY-OF-HAWAII-HILO-CENTRAL,r1-r2public-deans.json,Office of the Chancellor
US-UNIVERSITY-OF-LYNCHBURG-CENTRAL,r1-r2public-deans.json,Office of the President
US-BINGHAMTON-UNIVERSITY-PROVOST,r1-provost-deans.json,Office of the Provost
US-UNIVERSITY-OF-CENTRAL-FLORIDA-PROVOST,r1-provost-deans.json,Office of the Provost and Academic Affairs
US-UNIVERSITY-OF-FLORIDA-PROVOST,r1-provost-deans.json,Office of the Provost and Academic Affairs
US-UNIVERSITY-OF-KANSAS-PROVOST,r1-provost-deans.json,Office of the Provost
US-UNIVERSITY-OF-ARIZONA-PROVOST,r1-provost-deans.json,Office of the Provost
US-GEORGETOWN-UNIVERSITY-D-MCDONOUGH-SCHOOL-OF-BUSINESS,r1-bschool-deans.json,McDonough School of Business
US-NEW-YORK-UNIVERSITY-D-STERN-SCHOOL-OF-BUSINESS,r1-bschool-deans.json,Stern School of Business
US-OHIO-UNIVERSITY-D-COLLEGE-OF-BUSINESS,r1-bschool-deans.json,College of Business
US-UNIVERSITY-OF-ARKANSAS-D-SAM-M-WALTON-COLLEGE-OF-BUSINESS,r1-bschool-deans.json,Sam M. Walton College of Business
US-UNIVERSITY-OF-CHICAGO-D-BOOTH-SCHOOL-OF-BUSINESS,r1-bschool-deans.json,Booth School of Business
US-UNIVERSITY-OF-COLORADO-BOULDER-D-LEEDS-SCHOOL-OF-BUSINESS,r1-bschool-deans.json,Leeds School of Business
US-UNIVERSITY-OF-NORTH-CAROLINA-D-KENAN-FLAGLER-BUSINESS-SCHOOL,r1-bschool-deans.json,Kenan-Flagler Business School
US-UNIVERSITY-OF-OKLAHOMA-D-PRICE-COLLEGE-OF-BUSINESS,r1-bschool-deans.json,Price College of Business
US-UNIVERSITY-OF-SOUTHERN-CALIFORNIA-D-MARSHALL-SCHOOL-OF-BUSINESS,r1-bschool-deans.json,Marshall School of Business
US-UNIVERSITY-OF-VIRGINIA-D-DARDEN-SCHOOL-OF-BUSINESS,r1-bschool-deans.json,Darden School of Business
US-UNIVERSITY-OF-ILLINOIS-URBANA-CHAMPAIGN-D-UNIVERSITY-OF-ILLINOIS-COLLEGE-OF-LAW,r1-lawschool-deans.json,University of Illinois College of Law
US-UNIVERSITY-OF-MEMPHIS-D-UNIVERSITY-OF-MEMPHIS-CECIL-C-HUMPHREYS-SCHOOL-O,r1-lawschool-deans.json,University of Memphis Cecil C. Humphreys School of Law
US-UNIVERSITY-OF-ARIZONA-D-COLLEGE-OF-ENGINEERING,r1-eschool-deans.json,College of Engineering
US-UNIVERSITY-OF-CENTRAL-FLORIDA-D-COLLEGE-OF-ENGINEERING-AND-COMPUTER-SCIENCE,r1-eschool-deans.json,College of Engineering and Computer Science
US-UNIVERSITY-OF-MASSACHUSETTS-AMHERST-D-COLLEGE-OF-ENGINEERING,r1-eschool-deans.json,College of Engineering
US-UNIVERSITY-OF-SOUTH-FLORIDA-D-COLLEGE-OF-ENGINEERING,r1-eschool-deans.json,College of Engineering
US-MARQUETTE-UNIVERSITY-D-COLLEGE-OF-NURSING,r1-nursing-deans.json,College of Nursing
US-TOURO-UNIVERSITY-D-GRADUATE-SCHOOL-OF-EDUCATION,r1-education-deans.json,Graduate School of Education
US-CASE-WESTERN-RESERVE-UNIVERSITY-D-COLLEGE-OF-ARTS-AND-SCIENCES,r1-arts-deans.json,College of Arts and Sciences
US-UNIVERSITY-OF-WISCONSIN-MADISON-D-COLLEGE-OF-LETTERS-AND-SCIENCE,r1-arts-deans.json,College of Letters & Science
US-UNIVERSITY-OF-ARIZONA-D-COLLEGE-OF-HUMANITIES,r1-arts-deans.json,College of Humanities
US-UNIVERSITY-OF-ARIZONA-D-COLLEGE-OF-SCIENCE,r1-arts-deans.json,College of Science
US-CARNEGIE-MELLON-UNIVERSITY-D-COLLEGE-OF-FINE-ARTS,r1-camd-deans.json,College of Fine Arts
US-UNIVERSITY-OF-COLORADO-BOULDER-D-COLLEGE-OF-MUSIC,r1-camd-deans.json,College of Music
US-UNIVERSITY-OF-TEXAS-AUSTIN-D-MOODY-COLLEGE-OF-COMMUNICATION,r1-camd-deans.json,Moody College of Communication
US-VANDERBILT-UNIVERSITY-D-BLAIR-SCHOOL-OF-MUSIC,r1-camd-deans.json,Blair School of Music
US-UNIVERSITY-OF-CONNECTICUT-D-COLLEGE-OF-AGRICULTURE-HEALTH-AND-NATURAL-RESOUR,r1-agschool-deans.json,"College of Agriculture, Health and Natural Resources"
US-INDIANA-UNIVERSITY-BLOOMINGTON-D-KELLEY-SCHOOL-OF-BUSINESS,r1-bschool-deans.json,Kelley School of Business
US-AUBURN-UNIVERSITY-D-HARBERT-COLLEGE-OF-BUSINESS,r1-bschool-deans.json,Harbert College of Business
US-MASSACHUSETTS-INSTITUTE-OF-TECHNOLOGY-D-SLOAN-SCHOOL-OF-MANAGEMENT,r1-bschool-deans.json,Sloan School of Management
US-CALIFORNIA-STATE-UNIVERSITY-LONG-BEACH-CENTRAL,r1-r2public-deans.json,Office of the President
US-LOUISIANA-STATE-UNIVERSITY-HEALTH-SCIENCES-CENTER-NEW-ORLEANS-CENTRAL,r1-r2public-deans.json,Office of the President
US-PRAIRIE-VIEW-A-AND-M-UNIVERSITY-CENTRAL,r1-r2public-deans.json,Office of the President
US-TEACHERS-COLLEGE-COLUMBIA-UNIVERSITY-CENTRAL,r1-r2public-deans.json,Office of the President
US-UNIVERSITY-OF-PUERTO-RICO-MAYAGUEZ-CENTRAL,r1-r2public-deans.json,Office of the Chancellor (Rectoria)
US-WRIGHT-STATE-UNIVERSITY-CENTRAL,r1-r2public-deans.json,Office of the President
US-ALABAMA-STATE-UNIVERSITY-CENTRAL,r1-r2public-deans.json,Office of the President
US-ANDREWS-UNIVERSITY-CENTRAL,r1-r2public-deans.json,Office of the President
US-FERRIS-STATE-UNIVERSITY-CENTRAL,r1-r2public-deans.json,Office of the President
US-MISSISSIPPI-COLLEGE-CENTRAL,r1-r2public-deans.json,Office of the President
US-SOUTHERN-ILLINOIS-UNIVERSITY-EDWARDSVILLE-CENTRAL,r1-r2public-deans.json,Office of the President
US-ST-THOMAS-UNIVERSITY-CENTRAL,r1-r2public-deans.json,Office of the President
US-UNIVERSITY-OF-MICHIGAN-FLINT-CENTRAL,r1-r2public-deans.json,Office of the Chancellor
US-UNIVERSITY-OF-WEST-GEORGIA-CENTRAL,r1-r2public-deans.json,Office of the President
US-MIAMI-UNIVERSITY-PROVOST,r1-provost-deans.json,Office of the Provost / Academic Affairs
US-MISSISSIPPI-STATE-UNIVERSITY-PROVOST,r1-provost-deans.json,Office of the Provost and Executive Vice President
US-OKLAHOMA-STATE-UNIVERSITY-PROVOST,r1-provost-deans.json,Office of the Provost and Senior Vice President (Academic Affairs)
US-UNIVERSITY-OF-CALIFORNIA-BERKELEY-PROVOST,r1-provost-deans.json,Office of the Executive Vice Chancellor and Provost
US-UNIVERSITY-OF-CALIFORNIA-RIVERSIDE-PROVOST,r1-provost-deans.json,Office of the Provost
US-UNIVERSITY-OF-MARYLAND-BALTIMORE-COUNTY-PROVOST,r1-provost-deans.json,Office of the Provost and Senior Vice President for Academic Affairs
US-UNIVERSITY-OF-MASSACHUSETTS-AMHERST-PROVOST,r1-provost-deans.json,Office of the Provost
US-UNIVERSITY-OF-VIRGINIA-PROVOST,r1-provost-deans.json,Office of the Executive Vice President and Provost
US-UNIVERSITY-OF-WASHINGTON-PROVOST,r1-provost-deans.json,Office of the Provost
US-BRANDEIS-UNIVERSITY-D-INTERNATIONAL-BUSINESS-SCHOOL,r1-bschool-deans.json,International Business School
US-IOWA-STATE-UNIVERSITY-D-IVY-COLLEGE-OF-BUSINESS,r1-bschool-deans.json,Ivy College of Business
US-MICHIGAN-STATE-UNIVERSITY-D-BROAD-COLLEGE-OF-BUSINESS,r1-bschool-deans.json,Broad College of Business
US-NORTHEASTERN-UNIVERSITY-D-D-AMORE-MCKIM-SCHOOL-OF-BUSINESS,r1-bschool-deans.json,D'Amore-McKim School of Business
US-PEPPERDINE-UNIVERSITY-D-GRAZIADIO-BUSINESS-SCHOOL,r1-bschool-deans.json,Graziadio Business School
US-UNIVERSITY-BUFFALO-D-SCHOOL-OF-MANAGEMENT,r1-bschool-deans.json,School of Management
US-UNIVERSITY-OF-CINCINNATI-D-CARL-H-LINDNER-COLLEGE-OF-BUSINESS,r1-bschool-deans.json,Carl H. Lindner College of Business
US-UNIVERSITY-OF-IOWA-D-TIPPIE-COLLEGE-OF-BUSINESS,r1-bschool-deans.json,Tippie College of Business
US-UNIVERSITY-OF-UTAH-D-DAVID-ECCLES-SCHOOL-OF-BUSINESS,r1-bschool-deans.json,David Eccles School of Business
US-UNIVERSITY-OF-WASHINGTON-D-FOSTER-SCHOOL-OF-BUSINESS,r1-bschool-deans.json,Foster School of Business
US-WASHINGTON-UNIVERSITY-ST-LOUIS-D-OLIN-BUSINESS-SCHOOL,r1-bschool-deans.json,Olin Business School
US-VIRGINIA-COMMONWEALTH-UNIVERSITY-D-VIRGINIA-COMMONWEALTH-UNIVERSITY-SCHOOL-OF-MEDIC,r1-medschool-deans.json,Virginia Commonwealth University School of Medicine (Medical College of Virginia)
US-RENSSELAER-POLYTECHNIC-INSTITUTE-D-SCHOOL-OF-ENGINEERING,r1-eschool-deans.json,School of Engineering
US-TUFTS-UNIVERSITY-D-SCHOOL-OF-ENGINEERING,r1-eschool-deans.json,School of Engineering
US-UNIVERSITY-OF-COLORADO-BOULDER-D-COLLEGE-OF-ENGINEERING-AND-APPLIED-SCIENCE,r1-eschool-deans.json,College of Engineering and Applied Science
US-YALE-UNIVERSITY-D-SCHOOL-OF-ENGINEERING-AND-APPLIED-SCIENCE,r1-eschool-deans.json,School of Engineering and Applied Science
US-SOUTH-DAKOTA-STATE-UNIVERSITY-D-COLLEGE-OF-NURSING,r1-nursing-deans.json,College of Nursing
US-UNIVERSITY-OF-ILLINOIS-CHICAGO-D-SCHOOL-OF-PUBLIC-HEALTH,r1-publichealth-deans.json,School of Public Health
US-UNIVERSITY-OF-CALIFORNIA-SANTA-BARBARA-D-GEVIRTZ-GRADUATE-SCHOOL-OF-EDUCATION,r1-education-deans.json,Gevirtz Graduate School of Education
US-AUBURN-UNIVERSITY-D-COLLEGE-OF-SCIENCES-AND-MATHEMATICS,r1-arts-deans.json,College of Sciences and Mathematics
US-GEORGIA-INSTITUTE-OF-TECHNOLOGY-D-COLLEGE-OF-SCIENCES,r1-arts-deans.json,College of Sciences
US-UNIVERSITY-OF-TEXAS-AUSTIN-D-COLLEGE-OF-NATURAL-SCIENCES,r1-arts-deans.json,College of Natural Sciences
US-UNIVERSITY-OF-KANSAS-D-SCHOOL-OF-ARCHITECTURE-AND-DESIGN,r1-camd-deans.json,School of Architecture and Design
US-UNIVERSITY-OF-TENNESSEE-KNOXVILLE-D-COLLEGE-OF-ARCHITECTURE-AND-DESIGN,r1-camd-deans.json,College of Architecture and Design
US-SOUTH-DAKOTA-STATE-UNIVERSITY-D-COLLEGE-OF-PHARMACY-AND-ALLIED-HEALTH-PROFESSION,r1-pharmacy-deans.json,College of Pharmacy and Allied Health Professions
US-TEXAS-TECH-UNIVERSITY-HEALTH-SCIENCES-CENTER-D-JERRY-H-HODGE-SCHOOL-OF-PHARMACY,r1-pharmacy-deans.json,Jerry H. Hodge School of Pharmacy
US-WILKES-UNIVERSITY-D-NESBITT-SCHOOL-OF-PHARMACY,r1-pharmacy-deans.json,Nesbitt School of Pharmacy
US-BOWLING-GREEN-STATE-UNIVERSITY-CENTRAL,r1-r2public-deans.json,Office of the President
US-CLARKSON-UNIVERSITY-CENTRAL,r1-r2public-deans.json,Office of the President
US-HUNTER-COLLEGE-CENTRAL,r1-r2public-deans.json,Office of the President
US-ILLINOIS-STATE-UNIVERSITY-CENTRAL,r1-r2public-deans.json,Office of the President
US-OAKLAND-UNIVERSITY-CENTRAL,r1-r2public-deans.json,Office of the President
US-SAM-HOUSTON-STATE-UNIVERSITY-CENTRAL,r1-r2public-deans.json,Office of the President
US-SAN-JOSE-STATE-UNIVERSITY-CENTRAL,r1-r2public-deans.json,Office of the President
US-SETON-HALL-UNIVERSITY-CENTRAL,r1-r2public-deans.json,Office of the President
US-SOUTH-CAROLINA-STATE-UNIVERSITY-CENTRAL,r1-r2public-deans.json,Office of the President
US-TEXAS-SOUTHERN-UNIVERSITY-CENTRAL,r1-r2public-deans.json,Office of the President
US-UNIVERSITY-OF-NEW-ENGLAND-CENTRAL,r1-r2public-deans.json,Office of the President
US-UNIVERSITY-OF-NORTH-CAROLINA-GREENSBORO-CENTRAL,r1-r2public-deans.json,Office of the Chancellor
US-UNIVERSITY-OF-OKLAHOMA-HEALTH-SCIENCES-CENTER-CENTRAL,r1-r2public-deans.json,Office of the Senior Vice President and Provost
US-UNIVERSITY-OF-SAN-DIEGO-CENTRAL,r1-r2public-deans.json,Office of the President
US-CAPELLA-UNIVERSITY-CENTRAL,r1-r2public-deans.json,Office of the President
US-LOYOLA-UNIVERSITY-NEW-ORLEANS-CENTRAL,r1-r2public-deans.json,Office of the President
US-MISERICORDIA-UNIVERSITY-CENTRAL,r1-r2public-deans.json,Office of the President
US-PACIFIC-UNIVERSITY-CENTRAL,r1-r2public-deans.json,Office of the President
US-POINT-PARK-UNIVERSITY-CENTRAL,r1-r2public-deans.json,Office of the President
US-RADFORD-UNIVERSITY-CENTRAL,r1-r2public-deans.json,Office of the President
US-SIMMONS-UNIVERSITY-CENTRAL,r1-r2public-deans.json,Office of the President
US-TRINITY-INTERNATIONAL-UNIVERSITY-ILLINOIS-CENTRAL,r1-r2public-deans.json,Office of the President
US-UNIVERSITY-OF-BRIDGEPORT-CENTRAL,r1-r2public-deans.json,Office of the President
US-UNIVERSITY-OF-HOUSTON-CLEAR-LAKE-CENTRAL,r1-r2public-deans.json,Office of the President
US-UNIVERSITY-OF-ST-FRANCIS-CENTRAL,r1-r2public-deans.json,Office of the President
US-UNIVERSITY-OF-THE-PACIFIC-CENTRAL,r1-r2public-deans.json,Office of the President
US-UNIVERSITY-OF-THE-SCIENCES-CENTRAL,r1-r2public-deans.json,Office of the President
US-WESTERN-CAROLINA-UNIVERSITY-CENTRAL,r1-r2public-deans.json,Office of the Chancellor
US-WINSTON-SALEM-STATE-UNIVERSITY-CENTRAL,r1-r2public-deans.json,Office of the Chancellor
US-UNIVERSITY-BUFFALO-PROVOST,r1-provost-deans.json,Office of the Provost
US-UNIVERSITY-OF-CONNECTICUT-PROVOST,r1-provost-deans.json,Office of the Provost
US-UNIVERSITY-OF-OKLAHOMA-PROVOST,r1-provost-deans.json,Office of the Senior Vice President and Provost (Norman Campus)
US-CUNY-BARUCH-COLLEGE-D-ZICKLIN-SCHOOL-OF-BUSINESS,r1-bschool-deans.json,Zicklin School of Business
US-OKLAHOMA-STATE-UNIVERSITY-D-SPEARS-SCHOOL-OF-BUSINESS,r1-bschool-deans.json,Spears School of Business
US-UNIVERSITY-OF-KANSAS-D-SCHOOL-OF-BUSINESS,r1-bschool-deans.json,School of Business
US-UNIVERSITY-OF-NEVADA-RENO-D-COLLEGE-OF-BUSINESS,r1-bschool-deans.json,College of Business
US-UNIVERSITY-OF-TEXAS-AUSTIN-D-MCCOMBS-SCHOOL-OF-BUSINESS,r1-bschool-deans.json,McCombs School of Business
US-BAYLOR-UNIVERSITY-D-SCHOOL-OF-ENGINEERING-AND-COMPUTER-SCIENCE,r1-eschool-deans.json,School of Engineering and Computer Science
US-PURDUE-UNIVERSITY-D-COLLEGE-OF-ENGINEERING,r1-eschool-deans.json,College of Engineering
US-UNIVERSITY-OF-MINNESOTA-TWIN-CITIES-D-COLLEGE-OF-SCIENCE-AND-ENGINEERING,r1-eschool-deans.json,College of Science and Engineering
US-UNIVERSITY-OF-MISSISSIPPI-D-SCHOOL-OF-ENGINEERING,r1-eschool-deans.json,School of Engineering
US-UNIVERSITY-OF-NEVADA-RENO-D-COLLEGE-OF-ENGINEERING,r1-eschool-deans.json,College of Engineering
US-VIRGINIA-COMMONWEALTH-UNIVERSITY-D-COLLEGE-OF-ENGINEERING,r1-eschool-deans.json,College of Engineering
US-WASHINGTON-STATE-UNIVERSITY-D-VOILAND-COLLEGE-OF-ENGINEERING-AND-ARCHITECTURE,r1-eschool-deans.json,Voiland College of Engineering and Architecture
US-UNIVERSITY-OF-RHODE-ISLAND-D-COLLEGE-OF-NURSING,r1-nursing-deans.json,College of Nursing
US-UNIVERSITY-OF-FLORIDA-D-COLLEGE-OF-PUBLIC-HEALTH-AND-HEALTH-PROFESSIONS,r1-publichealth-deans.json,College of Public Health and Health Professions
US-UNIVERSITY-OF-MICHIGAN-D-SCHOOL-OF-PUBLIC-HEALTH,r1-publichealth-deans.json,School of Public Health
US-UNIVERSITY-OF-SOUTH-FLORIDA-D-COLLEGE-OF-PUBLIC-HEALTH,r1-publichealth-deans.json,College of Public Health
US-YALE-UNIVERSITY-D-SCHOOL-OF-PUBLIC-HEALTH,r1-publichealth-deans.json,School of Public Health
US-APPALACHIAN-STATE-UNIVERSITY-D-REICH-COLLEGE-OF-EDUCATION,r1-education-deans.json,Reich College of Education
US-GEORGE-WASHINGTON-UNIVERSITY-D-GRADUATE-SCHOOL-OF-EDUCATION-AND-HUMAN-DEVELOPME,r1-education-deans.json,Graduate School of Education and Human Development (GSEHD)
US-UNIVERSITY-OF-PENNSYLVANIA-D-GRADUATE-SCHOOL-OF-EDUCATION,r1-education-deans.json,Graduate School of Education (Penn GSE)
US-CORNELL-UNIVERSITY-D-COLLEGE-OF-ARTS-AND-SCIENCES,r1-arts-deans.json,College of Arts and Sciences
US-DUKE-UNIVERSITY-D-TRINITY-COLLEGE-OF-ARTS-AND-SCIENCES,r1-arts-deans.json,Trinity College of Arts and Sciences
US-UNIVERSITY-OF-MINNESOTA-TWIN-CITIES-D-COLLEGE-OF-BIOLOGICAL-SCIENCES,r1-arts-deans.json,College of Biological Sciences
US-WAKE-FOREST-UNIVERSITY-D-WAKE-FOREST-COLLEGE,r1-arts-deans.json,Wake Forest College (College and Graduate School of Arts & Sciences)
US-DEPAUL-UNIVERSITY-D-SCHOOL-OF-MUSIC,r1-camd-deans.json,School of Music
US-UNIVERSITY-OF-NEVADA-LAS-VEGAS-D-COLLEGE-OF-FINE-ARTS,r1-camd-deans.json,College of Fine Arts
US-UNIVERSITY-OF-SOUTHERN-CALIFORNIA-D-ROSKI-SCHOOL-OF-ART-AND-DESIGN,r1-camd-deans.json,Roski School of Art and Design
US-YALE-UNIVERSITY-D-SCHOOL-OF-MUSIC,r1-camd-deans.json,School of Music
US-SHENANDOAH-UNIVERSITY-D-BERNARD-J-DUNN-SCHOOL-OF-PHARMACY,r1-pharmacy-deans.json,Bernard J. Dunn School of Pharmacy
US-UNIVERSITY-OF-SOUTHERN-CALIFORNIA-D-ALFRED-E-MANN-SCHOOL-OF-PHARMACY-AND-PHARMACEUTI,r1-pharmacy-deans.json,Alfred E. Mann School of Pharmacy and Pharmaceutical Sciences
US-ARIZONA-STATE-UNIVERSITY-D-GRADUATE-COLLEGE,r1-grad-deans.json,Graduate College
US-UNIVERSITY-OF-ARIZONA-D-GRADUATE-COLLEGE,r1-grad-deans.json,Graduate College
US-LOYOLA-UNIVERSITY-MARYLAND-D-SELLINGER-SCHOOL-OF-BUSINESS-AND-MANAGEMENT,r1-bschool-deans.json,Sellinger School of Business and Management
US-HARVARD-UNIVERSITY-D-HARVARD-BUSINESS-SCHOOL,r1-bschool-deans.json,Harvard Business School
US-KEAN-UNIVERSITY-CENTRAL,r1-r2public-deans.json,Office of the President
US-MARQUETTE-UNIVERSITY-CENTRAL,r1-r2public-deans.json,Office of the President
US-TEXAS-TECH-UNIVERSITY-HEALTH-SCIENCES-CENTER-CENTRAL,r1-r2public-deans.json,Office of the President
US-UNIVERSITY-OF-AKRON-CENTRAL,r1-r2public-deans.json,Office of the President
US-BELHAVEN-UNIVERSITY-CENTRAL,r1-r2public-deans.json,Office of the President
US-CITY-UNIVERSITY-OF-SEATTLE-CENTRAL,r1-r2public-deans.json,Office of the President
US-COLORADO-TECHNICAL-UNIVERSITY-COLORADO-SPRINGS-CENTRAL,r1-r2public-deans.json,Office of the President
US-GONZAGA-UNIVERSITY-CENTRAL,r1-r2public-deans.json,Office of the President
US-NORTHCENTRAL-UNIVERSITY-CENTRAL,r1-r2public-deans.json,Office of the President
US-SEATTLE-PACIFIC-UNIVERSITY-CENTRAL,r1-r2public-deans.json,Office of the President
US-ST-JOHN-FISHER-UNIVERSITY-CENTRAL,r1-r2public-deans.json,Office of the President
US-WESTERN-NEW-ENGLAND-UNIVERSITY-CENTRAL,r1-r2public-deans.json,Office of the President
US-WIDENER-UNIVERSITY-CENTRAL,r1-r2public-deans.json,Office of the President
US-UNIVERSITY-OF-MISSISSIPPI-PROVOST,r1-provost-deans.json,Office of the Provost
US-UNIVERSITY-OF-NEW-MEXICO-PROVOST,r1-provost-deans.json,Office of the Provost
US-CARNEGIE-MELLON-UNIVERSITY-D-TEPPER-SCHOOL-OF-BUSINESS,r1-bschool-deans.json,Tepper School of Business
US-TEMPLE-UNIVERSITY-D-FOX-SCHOOL-OF-BUSINESS,r1-bschool-deans.json,Fox School of Business
US-UNIVERSITY-OF-TEXAS-DALLAS-D-NAVEEN-JINDAL-SCHOOL-OF-MANAGEMENT,r1-bschool-deans.json,Naveen Jindal School of Management
US-UNIVERSITY-OF-OKLAHOMA-D-UNIVERSITY-OF-OKLAHOMA-COLLEGE-OF-LAW,r1-lawschool-deans.json,University of Oklahoma College of Law
US-INDIANA-UNIVERSITY-INDIANAPOLIS-D-PURDUE-SCHOOL-OF-ENGINEERING-AND-TECHNOLOGY,r1-eschool-deans.json,Purdue School of Engineering and Technology
US-MISSISSIPPI-STATE-UNIVERSITY-D-BAGLEY-COLLEGE-OF-ENGINEERING,r1-eschool-deans.json,Bagley College of Engineering
US-UNIVERSITY-OF-PITTSBURGH-D-SWANSON-SCHOOL-OF-ENGINEERING,r1-eschool-deans.json,Swanson School of Engineering
US-ARKANSAS-STATE-UNIVERSITY-D-COLLEGE-OF-NURSING-AND-HEALTH-PROFESSIONS,r1-nursing-deans.json,College of Nursing and Health Professions
US-UNIVERSITY-OF-MINNESOTA-TWIN-CITIES-D-SCHOOL-OF-PUBLIC-HEALTH,r1-publichealth-deans.json,School of Public Health
US-BOSTON-COLLEGE-D-LYNCH-SCHOOL-OF-EDUCATION-AND-HUMAN-DEVELOPMENT,r1-education-deans.json,Lynch School of Education and Human Development
US-BRIGHAM-YOUNG-UNIVERSITY-D-DAVID-O-MCKAY-SCHOOL-OF-EDUCATION,r1-education-deans.json,David O. McKay School of Education
US-LEHIGH-UNIVERSITY-D-COLLEGE-OF-EDUCATION,r1-education-deans.json,College of Education
US-MERCER-UNIVERSITY-D-TIFT-COLLEGE-OF-EDUCATION,r1-education-deans.json,Tift College of Education
US-MICHIGAN-STATE-UNIVERSITY-D-COLLEGE-OF-NATURAL-SCIENCE,r1-arts-deans.json,College of Natural Science
US-UNIVERSITY-OF-CONNECTICUT-D-COLLEGE-OF-LIBERAL-ARTS-AND-SCIENCES,r1-arts-deans.json,College of Liberal Arts and Sciences
US-UNIVERSITY-OF-MINNESOTA-TWIN-CITIES-D-COLLEGE-OF-LIBERAL-ARTS,r1-arts-deans.json,College of Liberal Arts
US-UNIVERSITY-OF-TENNESSEE-KNOXVILLE-D-COLLEGE-OF-ARTS-AND-SCIENCES,r1-arts-deans.json,College of Arts and Sciences
US-CHAPMAN-UNIVERSITY-D-DODGE-COLLEGE-OF-FILM-AND-MEDIA-ARTS,r1-camd-deans.json,Dodge College of Film and Media Arts
US-UNIVERSITY-OF-ALABAMA-D-COLLEGE-OF-COMMUNICATION-AND-INFORMATION-SCIENCE,r1-camd-deans.json,College of Communication and Information Sciences
US-UNIVERSITY-OF-SOUTHERN-CALIFORNIA-D-ANNENBERG-SCHOOL-FOR-COMMUNICATION-AND-JOURNALIS,r1-camd-deans.json,Annenberg School for Communication and Journalism
US-YALE-UNIVERSITY-D-SCHOOL-OF-ART,r1-camd-deans.json,School of Art
US-UNIVERSITY-OF-WASHINGTON-D-GRADUATE-SCHOOL,r1-grad-deans.json,Graduate School
US-BAYLOR-UNIVERSITY-D-HANKAMER-SCHOOL-OF-BUSINESS,r1-bschool-deans.json,Hankamer School of Business
US-STEVENS-INSTITUTE-OF-TECHNOLOGY-D-SCHOOL-OF-BUSINESS,r1-bschool-deans.json,School of Business (formerly Howe School of Technology Management)
US-ALLIANT-INTERNATIONAL-UNIVERSITY-SAN-DIEGO-CENTRAL,r1-r2public-deans.json,Office of the President
US-UNIVERSITY-OF-ST-THOMAS-HOUSTON-CENTRAL,r1-r2public-deans.json,Office of the President
US-UNIVERSITY-OF-ILLINOIS-CHICAGO-PROVOST,r1-provost-deans.json,Office of the Provost and Vice Chancellor for Academic Affairs
US-UNIVERSITY-OF-MARYLAND-COLLEGE-PARK-PROVOST,r1-provost-deans.json,Office of the Provost
US-UNIVERSITY-OF-NEBRASKA-LINCOLN-PROVOST,r1-provost-deans.json,Office of the Executive Vice Chancellor
US-COLLEGE-OF-WILLIAM-AND-MARY-D-RAYMOND-A-MASON-SCHOOL-OF-BUSINESS,r1-bschool-deans.json,Raymond A. Mason School of Business
US-FLORIDA-INTERNATIONAL-UNIVERSITY-D-COLLEGE-OF-BUSINESS,r1-bschool-deans.json,College of Business
US-UNIVERSITY-OF-CENTRAL-FLORIDA-D-COLLEGE-OF-BUSINESS,r1-bschool-deans.json,College of Business
US-CASE-WESTERN-RESERVE-UNIVERSITY-D-CASE-WESTERN-RESERVE-UNIVERSITY-SCHOOL-OF-LAW,r1-lawschool-deans.json,Case Western Reserve University School of Law
US-CHAPMAN-UNIVERSITY-D-CHAPMAN-UNIVERSITY-DALE-E-FOWLER-SCHOOL-OF-LAW,r1-lawschool-deans.json,Chapman University Dale E. Fowler School of Law
US-UNIVERSITY-OF-NEVADA-LAS-VEGAS-D-WILLIAM-S-BOYD-SCHOOL-OF-LAW,r1-lawschool-deans.json,William S. Boyd School of Law
US-TULANE-UNIVERSITY-D-TULANE-UNIVERSITY-SCHOOL-OF-MEDICINE,r1-medschool-deans.json,Tulane University School of Medicine
US-BOISE-STATE-UNIVERSITY-D-COLLEGE-OF-ENGINEERING,r1-eschool-deans.json,College of Engineering
US-KANSAS-STATE-UNIVERSITY-D-CARL-R-ICE-COLLEGE-OF-ENGINEERING,r1-eschool-deans.json,Carl R. Ice College of Engineering
US-NORTHEASTERN-UNIVERSITY-D-COLLEGE-OF-ENGINEERING,r1-eschool-deans.json,College of Engineering
US-UNIVERSITY-OF-CALIFORNIA-SANTA-CRUZ-D-BASKIN-SCHOOL-OF-ENGINEERING,r1-eschool-deans.json,Baskin School of Engineering
US-UNIVERSITY-OF-NEVADA-LAS-VEGAS-D-HOWARD-R-HUGHES-COLLEGE-OF-ENGINEERING,r1-eschool-deans.json,Howard R. Hughes College of Engineering
US-THOMAS-JEFFERSON-UNIVERSITY-D-JEFFERSON-COLLEGE-OF-NURSING,r1-nursing-deans.json,Jefferson College of Nursing
US-GEORGE-WASHINGTON-UNIVERSITY-D-MILKEN-INSTITUTE-SCHOOL-OF-PUBLIC-HEALTH,r1-publichealth-deans.json,Milken Institute School of Public Health
US-TEXAS-A-AND-M-UNIVERSITY-D-SCHOOL-OF-PUBLIC-HEALTH,r1-publichealth-deans.json,School of Public Health
US-UNIVERSITY-OF-TEXAS-ARLINGTON-D-COLLEGE-OF-EDUCATION,r1-education-deans.json,College of Education
US-UNIVERSITY-OF-ILLINOIS-CHICAGO-D-COLLEGE-OF-EDUCATION,r1-education-deans.json,College of Education
US-UNIVERSITY-OF-MARYLAND-COLLEGE-PARK-D-COLLEGE-OF-ARTS-AND-HUMANITIES,r1-arts-deans.json,College of Arts and Humanities
US-UNIVERSITY-OF-TEXAS-DALLAS-D-HARRY-W-BASS-JR-SCHOOL-OF-ARTS-HUMANITIES-AND-TE,r1-arts-deans.json,"Harry W. Bass Jr. School of Arts, Humanities, and Technology"
US-ARIZONA-STATE-UNIVERSITY-D-POLYTECHNIC-SCHOOL,r1-arts-deans.json,The Polytechnic School
US-CORNELL-UNIVERSITY-D-COLLEGE-OF-ARCHITECTURE-ART-AND-PLANNING,r1-camd-deans.json,College of Architecture Art and Planning
US-UNIVERSITY-OF-KANSAS-D-WILLIAM-ALLEN-WHITE-SCHOOL-OF-JOURNALISM-AND-MAS,r1-camd-deans.json,William Allen White School of Journalism and Mass Communications
US-UNIVERSITY-OF-OREGON-D-SCHOOL-OF-JOURNALISM-AND-COMMUNICATION,r1-camd-deans.json,School of Journalism and Communication
US-UNIVERSITY-OF-UTAH-D-COLLEGE-OF-FINE-ARTS,r1-camd-deans.json,College of Fine Arts
US-OKLAHOMA-STATE-UNIVERSITY-D-FERGUSON-COLLEGE-OF-AGRICULTURE,r1-agschool-deans.json,Ferguson College of Agriculture
US-HAMPTON-UNIVERSITY-D-SCHOOL-OF-PHARMACY,r1-pharmacy-deans.json,School of Pharmacy
US-SOUTHERN-METHODIST-UNIVERSITY-D-COX-SCHOOL-OF-BUSINESS,r1-bschool-deans.json,Cox School of Business
US-UNIVERSITY-OF-CALIFORNIA-IRVINE-D-PAUL-MERAGE-SCHOOL-OF-BUSINESS,r1-bschool-deans.json,Paul Merage School of Business
US-UNIVERSITY-OF-MANAGEMENT-AND-TECHNOLOGY-CENTRAL,r1-r2public-deans.json,Office of the President
US-UNIVERSITY-OF-PHOENIX-ARIZONA-CENTRAL,r1-r2public-deans.json,Office of the President
US-UNIVERSITY-OF-CALIFORNIA-SANTA-CRUZ-PROVOST,r1-provost-deans.json,Office of the Campus Provost and Executive Vice Chancellor
US-UNIVERSITY-OF-GEORGIA-PROVOST,r1-provost-deans.json,Office of the Senior Vice President for Academic Affairs and Provost
US-UNIVERSITY-OF-UTAH-PROVOST,r1-provost-deans.json,Office of Academic Affairs
US-AMERICAN-UNIVERSITY-D-KOGOD-SCHOOL-OF-BUSINESS,r1-bschool-deans.json,Kogod School of Business
US-RUTGERS-UNIVERSITY-D-RUTGERS-BUSINESS-SCHOOL-NEWARK-AND-NEW-BRUNSWICK,r1-bschool-deans.json,Rutgers Business School - Newark and New Brunswick
US-UNIVERSITY-OF-ILLINOIS-CHICAGO-D-COLLEGE-OF-BUSINESS-ADMINISTRATION,r1-bschool-deans.json,College of Business Administration
US-UNIVERSITY-OF-NEBRASKA-LINCOLN-D-COLLEGE-OF-BUSINESS,r1-bschool-deans.json,College of Business
US-UNIVERSITY-OF-LOUISVILLE-D-UNIVERSITY-OF-LOUISVILLE-SCHOOL-OF-MEDICINE,r1-medschool-deans.json,University of Louisville School of Medicine
US-HARVARD-UNIVERSITY-D-JOHN-A-PAULSON-SCHOOL-OF-ENGINEERING-AND-APPLIED,r1-eschool-deans.json,John A. Paulson School of Engineering and Applied Sciences
US-UNIVERSITY-OF-ROCHESTER-D-HAJIM-SCHOOL-OF-ENGINEERING-AND-APPLIED-SCIENCES,r1-eschool-deans.json,Hajim School of Engineering and Applied Sciences
US-UNIVERSITY-OF-TEXAS-DALLAS-D-ERIK-JONSSON-SCHOOL-OF-ENGINEERING-AND-COMPUTER,r1-eschool-deans.json,Erik Jonsson School of Engineering and Computer Science
US-SOUTHERN-ILLINOIS-UNIVERSITY-EDWARDSVILLE-D-SCHOOL-OF-NURSING,r1-nursing-deans.json,School of Nursing
US-UNIVERSITY-OF-SAN-FRANCISCO-D-SCHOOL-OF-NURSING-AND-HEALTH-PROFESSIONS,r1-nursing-deans.json,School of Nursing and Health Professions
US-UNIVERSITY-OF-WASHINGTON-D-SCHOOL-OF-NURSING,r1-nursing-deans.json,School of Nursing
US-WILLIAM-CAREY-UNIVERSITY-D-SCHOOL-OF-NURSING,r1-nursing-deans.json,School of Nursing
US-HARVARD-UNIVERSITY-D-T-H-CHAN-SCHOOL-OF-PUBLIC-HEALTH,r1-publichealth-deans.json,T.H. Chan School of Public Health
US-UNIVERSITY-OF-SOUTH-CAROLINA-D-ARNOLD-SCHOOL-OF-PUBLIC-HEALTH,r1-publichealth-deans.json,Arnold School of Public Health
US-UNIVERSITY-OF-NEVADA-LAS-VEGAS-D-COLLEGE-OF-EDUCATION,r1-education-deans.json,College of Education
US-UNIVERSITY-OF-SAN-DIEGO-D-SCHOOL-OF-LEADERSHIP-AND-EDUCATION-SCIENCES,r1-education-deans.json,School of Leadership and Education Sciences (SOLES)
US-WASHINGTON-STATE-UNIVERSITY-D-COLLEGE-OF-EDUCATION-SPORT-AND-HUMAN-SCIENCES,r1-education-deans.json,"College of Education, Sport, and Human Sciences"
US-WESTERN-CAROLINA-UNIVERSITY-D-COLLEGE-OF-EDUCATION-AND-ALLIED-PROFESSIONS,r1-education-deans.json,College of Education and Allied Professions
US-PENNSYLVANIA-STATE-UNIVERSITY-D-EBERLY-COLLEGE-OF-SCIENCE,r1-arts-deans.json,Eberly College of Science
US-PEPPERDINE-UNIVERSITY-D-SEAVER-COLLEGE-OF-LETTERS-ARTS-AND-SCIENCES,r1-arts-deans.json,"Seaver College of Letters, Arts, and Sciences"
US-UNIVERSITY-BUFFALO-D-COLLEGE-OF-ARTS-AND-SCIENCES,r1-arts-deans.json,College of Arts and Sciences
US-UNIVERSITY-OF-NEVADA-LAS-VEGAS-D-COLLEGE-OF-LIBERAL-ARTS,r1-arts-deans.json,College of Liberal Arts
US-NORTHWESTERN-UNIVERSITY-D-MEDILL-SCHOOL-OF-JOURNALISM-MEDIA-IMC,r1-camd-deans.json,Medill School of Journalism Media IMC
US-UNIVERSITY-OF-KENTUCKY-D-COLLEGE-OF-FINE-ARTS,r1-camd-deans.json,College of Fine Arts
US-UNIVERSITY-OF-MICHIGAN-D-TAUBMAN-COLLEGE-OF-ARCHITECTURE-AND-URBAN-PLANNI,r1-camd-deans.json,Taubman College of Architecture and Urban Planning
US-SOUTH-DAKOTA-STATE-UNIVERSITY-D-COLLEGE-OF-AGRICULTURE-FOOD-AND-ENVIRONMENTAL-SC,r1-agschool-deans.json,"College of Agriculture, Food and Environmental Sciences"
US-UNIVERSITY-OF-UTAH-D-GRADUATE-SCHOOL,r1-grad-deans.json,Graduate School
US-FIELDING-GRADUATE-UNIVERSITY-CENTRAL,r1-r2public-deans.json,Office of the President
US-SOUTHEASTERN-UNIVERSITY-CENTRAL,r1-r2public-deans.json,Office of the President
US-WALDEN-UNIVERSITY-CENTRAL,r1-r2public-deans.json,Office of the President
US-AUBURN-UNIVERSITY-PROVOST,r1-provost-deans.json,Office of the Provost
US-KENT-STATE-UNIVERSITY-PROVOST,r1-provost-deans.json,Office of the Provost
US-MONTANA-STATE-UNIVERSITY-PROVOST,r1-provost-deans.json,Office of the Provost
US-SYRACUSE-UNIVERSITY-PROVOST,r1-provost-deans.json,Office of the Provost (Office of Academic Affairs)
US-GEORGIA-INSTITUTE-OF-TECHNOLOGY-D-SCHELLER-COLLEGE-OF-BUSINESS,r1-bschool-deans.json,Scheller College of Business
US-INDIANA-UNIVERSITY-BLOOMINGTON-D-LUDDY-SCHOOL-OF-INFORMATICS-COMPUTING-AND-ENGINE,r1-eschool-deans.json,"Luddy School of Informatics, Computing, and Engineering"
US-UNIVERSITY-OF-TENNESSEE-KNOXVILLE-D-TICKLE-COLLEGE-OF-ENGINEERING,r1-eschool-deans.json,Tickle College of Engineering
US-UNIVERSITY-OF-MISSOURI-D-SINCLAIR-SCHOOL-OF-NURSING,r1-nursing-deans.json,Sinclair School of Nursing
US-UNIVERSITY-OF-THE-INCARNATE-WORD-D-ILA-FAYE-MILLER-SCHOOL-OF-NURSING-AND-HEALTH-PRO,r1-nursing-deans.json,Ila Faye Miller School of Nursing and Health Professions
US-UNIVERSITY-OF-IOWA-D-COLLEGE-OF-PUBLIC-HEALTH,r1-publichealth-deans.json,College of Public Health
US-UNIVERSITY-OF-WASHINGTON-D-SCHOOL-OF-PUBLIC-HEALTH,r1-publichealth-deans.json,School of Public Health
US-HARDING-UNIVERSITY-D-CANNON-CLARY-COLLEGE-OF-EDUCATION,r1-education-deans.json,Cannon-Clary College of Education
US-UNIVERSITY-OF-MARYLAND-COLLEGE-PARK-D-COLLEGE-OF-EDUCATION,r1-education-deans.json,College of Education
US-AMERICAN-UNIVERSITY-D-COLLEGE-OF-ARTS-AND-SCIENCES,r1-arts-deans.json,College of Arts and Sciences
US-GEORGIA-INSTITUTE-OF-TECHNOLOGY-D-IVAN-ALLEN-COLLEGE-OF-LIBERAL-ARTS,r1-arts-deans.json,Ivan Allen College of Liberal Arts
US-OREGON-STATE-UNIVERSITY-D-COLLEGE-OF-SCIENCE,r1-arts-deans.json,College of Science
US-UNIVERSITY-OF-CALIFORNIA-SAN-DIEGO-D-SCHOOL-OF-PHYSICAL-SCIENCES,r1-arts-deans.json,School of Physical Sciences
US-UNIVERSITY-OF-RHODE-ISLAND-D-COLLEGE-OF-ARTS-AND-SCIENCES,r1-arts-deans.json,College of Arts and Sciences
US-UNIVERSITY-OF-TEXAS-AUSTIN-D-COLLEGE-OF-LIBERAL-ARTS,r1-arts-deans.json,College of Liberal Arts
US-COLUMBIA-UNIVERSITY-D-SCHOOL-OF-THE-ARTS,r1-arts-deans.json,School of the Arts
US-COLUMBIA-UNIVERSITY-D-SCHOOL-OF-THE-ARTS,r1-camd-deans.json,School of the Arts
US-PENNSYLVANIA-STATE-UNIVERSITY-D-BELLISARIO-COLLEGE-OF-COMMUNICATIONS,r1-camd-deans.json,Bellisario College of Communications
US-UNIVERSITY-OF-TEXAS-AUSTIN-D-COLLEGE-OF-FINE-ARTS,r1-camd-deans.json,College of Fine Arts
US-COLORADO-STATE-UNIVERSITY-D-GRADUATE-SCHOOL,r1-grad-deans.json,Graduate School
US-OREGON-STATE-UNIVERSITY-D-GRADUATE-SCHOOL,r1-grad-deans.json,Graduate School
US-NORTH-CAROLINA-A-AND-T-STATE-UNIVERSITY-PROVOST,r1-provost-deans.json,Office of the Provost (Division of Academic Affairs)
US-UNIVERSITY-OF-CALIFORNIA-IRVINE-PROVOST,r1-provost-deans.json,Office of the Provost and Executive Vice Chancellor
US-UNIVERSITY-OF-WISCONSIN-MADISON-PROVOST,r1-provost-deans.json,Office of the Provost
US-UNIVERSITY-OF-TEXAS-ARLINGTON-D-COLLEGE-OF-BUSINESS,r1-bschool-deans.json,College of Business
US-UNIVERSITY-OF-COLORADO-DENVER-D-BUSINESS-SCHOOL,r1-bschool-deans.json,Business School
US-MICHIGAN-STATE-UNIVERSITY-D-MICHIGAN-STATE-UNIVERSITY-COLLEGE-OF-LAW,r1-lawschool-deans.json,Michigan State University College of Law
US-UNIVERSITY-OF-NEW-HAMPSHIRE-D-UNIVERSITY-OF-NEW-HAMPSHIRE-FRANKLIN-PIERCE-SCHO,r1-lawschool-deans.json,University of New Hampshire Franklin Pierce School of Law
US-FLORIDA-STATE-UNIVERSITY-D-FLORIDA-STATE-UNIVERSITY-COLLEGE-OF-MEDICINE,r1-medschool-deans.json,Florida State University College of Medicine
US-GEORGETOWN-UNIVERSITY-D-GEORGETOWN-UNIVERSITY-SCHOOL-OF-MEDICINE,r1-medschool-deans.json,Georgetown University School of Medicine
US-CALIFORNIA-INSTITUTE-OF-TECHNOLOGY-D-DIVISION-OF-ENGINEERING-AND-APPLIED-SCIENCE,r1-eschool-deans.json,Division of Engineering and Applied Science
US-BELMONT-UNIVERSITY-D-GORDON-E-INMAN-COLLEGE-OF-NURSING,r1-nursing-deans.json,Gordon E. Inman College of Nursing
US-TEXAS-TECH-UNIVERSITY-HEALTH-SCIENCES-CENTER-D-SCHOOL-OF-NURSING,r1-nursing-deans.json,School of Nursing
US-VALPARAISO-UNIVERSITY-D-COLLEGE-OF-NURSING-AND-HEALTH-PROFESSIONS,r1-nursing-deans.json,College of Nursing and Health Professions
US-SAN-FRANCISCO-STATE-UNIVERSITY-D-GRADUATE-COLLEGE-OF-EDUCATION,r1-education-deans.json,Graduate College of Education
US-TEXAS-CHRISTIAN-UNIVERSITY-D-COLLEGE-OF-EDUCATION,r1-education-deans.json,College of Education
US-UNIVERSITY-OF-HOUSTON-D-COLLEGE-OF-EDUCATION,r1-education-deans.json,College of Education
US-UNIVERSITY-OF-MICHIGAN-D-MARSAL-FAMILY-SCHOOL-OF-EDUCATION,r1-education-deans.json,Marsal Family School of Education
US-UNIVERSITY-OF-PITTSBURGH-D-SCHOOL-OF-EDUCATION,r1-education-deans.json,School of Education
US-UNIVERSITY-OF-WASHINGTON-D-COLLEGE-OF-EDUCATION,r1-education-deans.json,College of Education
US-CARNEGIE-MELLON-UNIVERSITY-D-MARIANNA-BROWN-DIETRICH-COLLEGE-OF-HUMANITIES-AN,r1-arts-deans.json,Marianna Brown Dietrich College of Humanities and Social Sciences
US-MICHIGAN-STATE-UNIVERSITY-D-COLLEGE-OF-SOCIAL-SCIENCE,r1-arts-deans.json,College of Social Science
US-RICE-UNIVERSITY-D-SCHOOL-OF-HUMANITIES,r1-arts-deans.json,School of Humanities (School of Humanities and Arts)
US-RICE-UNIVERSITY-D-SCHOOL-OF-HUMANITIES,r1-arts-deans.json,School of Humanities
US-SYRACUSE-UNIVERSITY-D-COLLEGE-OF-ARTS-AND-SCIENCES,r1-arts-deans.json,College of Arts and Sciences
US-UNIVERSITY-OF-ALABAMA-D-J-FRANK-BAREFIELD-JR-COLLEGE-OF-ARTS-AND-SCIENCE,r1-arts-deans.json,J. Frank Barefield Jr. College of Arts & Sciences
US-BAYLOR-UNIVERSITY-D-SCHOOL-OF-MUSIC,r1-camd-deans.json,School of Music
US-DEPAUL-UNIVERSITY-D-THEATRE-SCHOOL,r1-camd-deans.json,The Theatre School
US-SYRACUSE-UNIVERSITY-D-COLLEGE-OF-VISUAL-AND-PERFORMING-ARTS,r1-camd-deans.json,College of Visual and Performing Arts
US-TEXAS-CHRISTIAN-UNIVERSITY-D-COLLEGE-OF-FINE-ARTS,r1-camd-deans.json,College of Fine Arts
US-UNIVERSITY-OF-MICHIGAN-D-PENNY-W-STAMPS-SCHOOL-OF-ART-AND-DESIGN,r1-camd-deans.json,Penny W. Stamps School of Art and Design
US-OREGON-STATE-UNIVERSITY-D-COLLEGE-OF-PHARMACY,r1-pharmacy-deans.json,College of Pharmacy
US-UNIVERSITY-OF-CALIFORNIA-IRVINE-D-GRADUATE-DIVISION,r1-grad-deans.json,Graduate Division
US-UNIVERSITY-OF-CALIFORNIA-SANTA-CRUZ-D-DIVISION-OF-GRADUATE-STUDIES,r1-grad-deans.json,Division of Graduate Studies
US-MONTANA-STATE-UNIVERSITY-D-COLLEGE-OF-BUSINESS,r1-bschool-deans.json,College of Business
US-UNIVERSITY-OF-HAWAII-MANOA-CENTRAL,r1-university-deans.json,Office of the Chancellor
US-BRIAR-CLIFF-UNIVERSITY-CENTRAL,r1-r2public-deans.json,Office of the President
US-COLORADO-SCHOOL-OF-MINES-PROVOST,r1-provost-deans.json,Office of the Provost
US-MISSOURI-UNIVERSITY-OF-SCIENCE-AND-TECHNOLOGY-PROVOST,r1-provost-deans.json,Office of the Provost
US-TULANE-UNIVERSITY-PROVOST,r1-provost-deans.json,Office of Academic Affairs and Provost
US-UNIVERSITY-OF-COLORADO-BOULDER-PROVOST,r1-provost-deans.json,Office of the Provost / Academic Affairs
US-UNIVERSITY-OF-MEMPHIS-PROVOST,r1-provost-deans.json,Office of the Provost and Academic Affairs
US-UNIVERSITY-OF-NEVADA-RENO-PROVOST,r1-provost-deans.json,Office of the Provost and Executive Vice President
US-UTAH-STATE-UNIVERSITY-PROVOST,r1-provost-deans.json,Office of the Provost & Executive Vice President
US-BINGHAMTON-UNIVERSITY-D-SCHOOL-OF-MANAGEMENT,r1-bschool-deans.json,School of Management
US-UNIVERSITY-OF-HOUSTON-D-C-T-BAUER-COLLEGE-OF-BUSINESS,r1-bschool-deans.json,C.T. Bauer College of Business
US-UNIVERSITY-OF-ILLINOIS-URBANA-CHAMPAIGN-D-GIES-COLLEGE-OF-BUSINESS,r1-bschool-deans.json,Gies College of Business
US-FLORIDA-INTERNATIONAL-UNIVERSITY-D-FLORIDA-INTERNATIONAL-UNIVERSITY-COLLEGE-OF-LAW,r1-lawschool-deans.json,Florida International University College of Law
US-UNIVERSITY-OF-ILLINOIS-URBANA-CHAMPAIGN-D-GRAINGER-COLLEGE-OF-ENGINEERING,r1-eschool-deans.json,Grainger College of Engineering
US-UNIVERSITY-OF-OKLAHOMA-D-GALLOGLY-COLLEGE-OF-ENGINEERING,r1-eschool-deans.json,Gallogly College of Engineering
US-UNIVERSITY-OF-SOUTH-CAROLINA-D-COLLEGE-OF-ENGINEERING-AND-COMPUTING,r1-eschool-deans.json,College of Engineering and Computing
US-UNIVERSITY-OF-TEXAS-EL-PASO-D-COLLEGE-OF-ENGINEERING,r1-eschool-deans.json,College of Engineering
US-WEST-VIRGINIA-UNIVERSITY-D-STATLER-COLLEGE-OF-ENGINEERING-AND-MINERAL-RESOU,r1-eschool-deans.json,Statler College of Engineering and Mineral Resources
US-FLORIDA-STATE-UNIVERSITY-D-COLLEGE-OF-NURSING,r1-nursing-deans.json,College of Nursing
US-GRAND-VALLEY-STATE-UNIVERSITY-D-KIRKHOF-COLLEGE-OF-NURSING,r1-nursing-deans.json,Kirkhof College of Nursing
US-GWYNEDD-MERCY-UNIVERSITY-D-FRANCES-M-MAGUIRE-SCHOOL-OF-NURSING-AND-HEALTH-P,r1-nursing-deans.json,Frances M. Maguire School of Nursing and Health Professions
US-UNIVERSITY-OF-TEXAS-MEDICAL-BRANCH-GALVESTON-D-SCHOOL-OF-NURSING,r1-nursing-deans.json,School of Nursing
US-UNIVERSITY-OF-ARIZONA-D-MEL-AND-ENID-ZUCKERMAN-COLLEGE-OF-PUBLIC-HEALTH,r1-publichealth-deans.json,Mel and Enid Zuckerman College of Public Health
US-UNIVERSITY-OF-ARKANSAS-FOR-MEDICAL-SCIENCES-D-FAY-W-BOOZMAN-COLLEGE-OF-PUBLIC-HEALTH,r1-publichealth-deans.json,Fay W. Boozman College of Public Health
US-UNIVERSITY-OF-PITTSBURGH-D-SCHOOL-OF-PUBLIC-HEALTH,r1-publichealth-deans.json,School of Public Health
US-COLLEGE-OF-CHARLESTON-D-SCHOOL-OF-EDUCATION,r1-education-deans.json,School of Education
US-FLORIDA-STATE-UNIVERSITY-D-ANNE-SPENCER-DAVES-COLLEGE-OF-EDUCATION-HEALTH-A,r1-education-deans.json,"Anne Spencer Daves College of Education, Health, and Human Sciences"
US-UNIVERSITY-OF-ROCHESTER-D-MARGARET-WARNER-SCHOOL-OF-EDUCATION-AND-HUMAN-DE,r1-education-deans.json,Margaret Warner School of Education & Human Development
US-YESHIVA-UNIVERSITY-D-AZRIELI-GRADUATE-SCHOOL-OF-JEWISH-EDUCATION-AND,r1-education-deans.json,Azrieli Graduate School of Jewish Education and Administration
US-EMORY-UNIVERSITY-D-EMORY-COLLEGE-OF-ARTS-AND-SCIENCES,r1-arts-deans.json,Emory College of Arts and Sciences
US-TUFTS-UNIVERSITY-D-SCHOOL-OF-ARTS-AND-SCIENCES,r1-arts-deans.json,School of Arts and Sciences
US-UNIVERSITY-OF-CALIFORNIA-SAN-DIEGO-D-SCHOOL-OF-BIOLOGICAL-SCIENCES,r1-arts-deans.json,School of Biological Sciences
US-UNIVERSITY-OF-VIRGINIA-D-COLLEGE-AND-GRADUATE-SCHOOL-OF-ARTS-AND-SCIENCES,r1-arts-deans.json,College and Graduate School of Arts & Sciences
US-BOSTON-UNIVERSITY-D-COLLEGE-OF-FINE-ARTS,r1-camd-deans.json,College of Fine Arts
US-GEORGE-MASON-UNIVERSITY-D-COLLEGE-OF-VISUAL-AND-PERFORMING-ARTS,r1-camd-deans.json,College of Visual and Performing Arts
US-UNIVERSITY-OF-GEORGIA-D-GRADY-COLLEGE-OF-JOURNALISM-AND-MASS-COMMUNICATI,r1-camd-deans.json,Grady College of Journalism and Mass Communication
US-UNIVERSITY-OF-MARYLAND-COLLEGE-PARK-D-PHILIP-MERRILL-COLLEGE-OF-JOURNALISM,r1-camd-deans.json,Philip Merrill College of Journalism
US-UNIVERSITY-OF-OKLAHOMA-D-GAYLORD-COLLEGE-OF-JOURNALISM-AND-MASS-COMMUNICA,r1-camd-deans.json,Gaylord College of Journalism and Mass Communication
US-UNIVERSITY-OF-OREGON-D-SCHOOL-OF-MUSIC-AND-DANCE,r1-camd-deans.json,School of Music and Dance
US-UNIVERSITY-OF-DELAWARE-D-COLLEGE-OF-AGRICULTURE-AND-NATURAL-RESOURCES,r1-agschool-deans.json,College of Agriculture and Natural Resources
US-NORTHEASTERN-UNIVERSITY-D-SCHOOL-OF-PHARMACY-AND-PHARMACEUTICAL-SCIENCES,r1-pharmacy-deans.json,School of Pharmacy and Pharmaceutical Sciences
US-KENT-STATE-UNIVERSITY-D-COLLEGE-OF-BUSINESS-ADMINISTRATION,r1-bschool-deans.json,College of Business Administration
US-NEW-YORK-UNIVERSITY-PROVOST,r1-provost-deans.json,Office of the Provost
US-OHIO-UNIVERSITY-PROVOST,r1-provost-deans.json,Office of the Executive Vice President and Provost
US-UNIVERSITY-OF-ALABAMA-BIRMINGHAM-PROVOST,r1-provost-deans.json,Office of the Provost
US-UNIVERSITY-OF-LOUISVILLE-PROVOST,r1-provost-deans.json,Office of the Executive Vice President and University Provost
US-CHAPMAN-UNIVERSITY-D-ARGYROS-SCHOOL-OF-BUSINESS-AND-ECONOMICS,r1-bschool-deans.json,Argyros School of Business and Economics
US-UTAH-STATE-UNIVERSITY-D-JON-M-HUNTSMAN-SCHOOL-OF-BUSINESS,r1-bschool-deans.json,Jon M. Huntsman School of Business
US-PENNSYLVANIA-STATE-UNIVERSITY-D-PENN-STATE-DICKINSON-LAW,r1-lawschool-deans.json,Penn State Dickinson Law (unified school; located in Carlisle with a University Park location; formerly Penn State Law at University Park)
US-UNIVERSITY-OF-OKLAHOMA-D-UNIVERSITY-OF-OKLAHOMA-COLLEGE-OF-MEDICINE,r1-medschool-deans.json,University of Oklahoma College of Medicine
US-OHIO-UNIVERSITY-D-RUSS-COLLEGE-OF-ENGINEERING-AND-TECHNOLOGY,r1-eschool-deans.json,Russ College of Engineering and Technology
US-UNIVERSITY-OF-KANSAS-D-SCHOOL-OF-ENGINEERING,r1-eschool-deans.json,School of Engineering
US-UNIVERSITY-OF-NEBRASKA-LINCOLN-D-COLLEGE-OF-ENGINEERING,r1-eschool-deans.json,College of Engineering
US-UTAH-STATE-UNIVERSITY-D-COLLEGE-OF-ENGINEERING,r1-eschool-deans.json,College of Engineering
US-DUQUESNE-UNIVERSITY-D-SCHOOL-OF-NURSING,r1-nursing-deans.json,School of Nursing
US-UNIVERSITY-OF-OKLAHOMA-HEALTH-SCIENCES-CENTER-D-HUDSON-COLLEGE-OF-PUBLIC-HEALTH,r1-publichealth-deans.json,Hudson College of Public Health
US-UNIVERSITY-OF-LOUISVILLE-D-SCHOOL-OF-PUBLIC-HEALTH-AND-INFORMATION-SCIENCES,r1-publichealth-deans.json,School of Public Health and Information Sciences
US-ARIZONA-STATE-UNIVERSITY-D-MARY-LOU-FULTON-COLLEGE-FOR-TEACHING-AND-LEARNIN,r1-education-deans.json,Mary Lou Fulton College for Teaching and Learning Innovation
US-CHAPMAN-UNIVERSITY-D-DONNA-FORD-ATTALLAH-COLLEGE-OF-EDUCATIONAL-STUDI,r1-education-deans.json,Donna Ford Attallah College of Educational Studies
US-UNIVERSITY-OF-CALIFORNIA-DAVIS-D-SCHOOL-OF-EDUCATION,r1-education-deans.json,School of Education
US-UNIVERSITY-OF-ST-FRANCIS-D-COLLEGE-OF-EDUCATION,r1-education-deans.json,College of Education
US-UNIVERSITY-OF-THE-INCARNATE-WORD-D-DREEBEN-SCHOOL-OF-EDUCATION,r1-education-deans.json,Dreeben School of Education
US-JOHNS-HOPKINS-UNIVERSITY-D-ZANVYL-KRIEGER-SCHOOL-OF-ARTS-AND-SCIENCES,r1-arts-deans.json,Zanvyl Krieger School of Arts and Sciences
US-NORTHWESTERN-UNIVERSITY-D-JUDD-A-AND-MARJORIE-WEINBERG-COLLEGE-OF-ARTS-AND,r1-arts-deans.json,Judd A. and Marjorie Weinberg College of Arts and Sciences
US-STONY-BROOK-UNIVERSITY-D-COLLEGE-OF-ARTS-AND-SCIENCES,r1-arts-deans.json,College of Arts and Sciences
US-UNIVERSITY-OF-ARIZONA-D-COLLEGE-OF-SOCIAL-AND-BEHAVIORAL-SCIENCES,r1-arts-deans.json,College of Social & Behavioral Sciences
US-UNIVERSITY-OF-MARYLAND-COLLEGE-PARK-D-COLLEGE-OF-BEHAVIORAL-AND-SOCIAL-SCIENCES,r1-arts-deans.json,College of Behavioral and Social Sciences
US-TEXAS-CHRISTIAN-UNIVERSITY-D-BOB-SCHIEFFER-COLLEGE-OF-COMMUNICATION,r1-camd-deans.json,Bob Schieffer College of Communication
US-UNIVERSITY-OF-SOUTHERN-CALIFORNIA-D-SCHOOL-OF-DRAMATIC-ARTS,r1-camd-deans.json,School of Dramatic Arts
US-UNIVERSITY-OF-UTAH-D-COLLEGE-OF-ARCHITECTURE-AND-PLANNING,r1-camd-deans.json,College of Architecture and Planning
US-LOMA-LINDA-UNIVERSITY-D-SCHOOL-OF-PHARMACY,r1-pharmacy-deans.json,School of Pharmacy
US-UNIVERSITY-OF-CALIFORNIA-SAN-DIEGO-D-SKAGGS-SCHOOL-OF-PHARMACY-AND-PHARMACEUTICAL-SCI,r1-pharmacy-deans.json,Skaggs School of Pharmacy and Pharmaceutical Sciences
US-WASHINGTON-STATE-UNIVERSITY-D-GRADUATE-SCHOOL,r1-grad-deans.json,Graduate School
US-MIAMI-UNIVERSITY-D-FARMER-SCHOOL-OF-BUSINESS,r1-bschool-deans.json,Farmer School of Business
US-BRANDEIS-UNIVERSITY-PROVOST,r1-provost-deans.json,Office of the Provost
US-UNIVERSITY-OF-ALABAMA-PROVOST,r1-provost-deans.json,Office for Academic Affairs
US-UNIVERSITY-OF-COLORADO-DENVER-PROVOST,r1-provost-deans.json,Office of the Provost
US-UNIVERSITY-OF-NEW-HAMPSHIRE-PROVOST,r1-provost-deans.json,Office of the Provost
US-WAYNE-STATE-UNIVERSITY-PROVOST,r1-provost-deans.json,Office of the Provost (Division of Academic Affairs)
US-UNIVERSITY-OF-CALIFORNIA-SAN-DIEGO-D-RADY-SCHOOL-OF-MANAGEMENT,r1-bschool-deans.json,Rady School of Management
US-UNIVERSITY-OF-CONNECTICUT-D-SCHOOL-OF-BUSINESS,r1-bschool-deans.json,School of Business
US-GEORGE-WASHINGTON-UNIVERSITY-D-GEORGE-WASHINGTON-UNIVERSITY-SCHOOL-OF-MEDICINE,r1-medschool-deans.json,George Washington University School of Medicine and Health Sciences
US-UNIVERSITY-OF-MISSOURI-D-COLLEGE-OF-ENGINEERING,r1-eschool-deans.json,College of Engineering
US-AZUSA-PACIFIC-UNIVERSITY-D-SCHOOL-OF-NURSING,r1-nursing-deans.json,School of Nursing (College of Nursing and Health Sciences)
US-CREIGHTON-UNIVERSITY-D-COLLEGE-OF-NURSING,r1-nursing-deans.json,College of Nursing
US-UNIVERSITY-OF-SAN-DIEGO-D-HAHN-SCHOOL-OF-NURSING-AND-HEALTH-SCIENCE,r1-nursing-deans.json,Hahn School of Nursing and Health Science
US-OHIO-STATE-UNIVERSITY-D-COLLEGE-OF-PUBLIC-HEALTH,r1-publichealth-deans.json,College of Public Health
US-TULANE-UNIVERSITY-D-CELIA-SCOTT-WEATHERHEAD-SCHOOL-OF-PUBLIC-HEALTH,r1-publichealth-deans.json,Celia Scott Weatherhead School of Public Health and Tropical Medicine
US-NEW-YORK-UNIVERSITY-D-STEINHARDT-SCHOOL-OF-CULTURE-EDUCATION-AND-HUMAN,r1-education-deans.json,"Steinhardt School of Culture, Education, and Human Development"
US-UNIVERSITY-OF-ARIZONA-D-COLLEGE-OF-EDUCATION,r1-education-deans.json,College of Education
US-UNIVERSITY-OF-NORTH-FLORIDA-D-SILVERFIELD-COLLEGE-OF-EDUCATION-AND-HUMAN-SERVI,r1-education-deans.json,Silverfield College of Education and Human Services
US-VALDOSTA-STATE-UNIVERSITY-D-JAMES-L-AND-DOROTHY-H-DEWAR-COLLEGE-OF-EDUCATION,r1-education-deans.json,James L. and Dorothy H. Dewar College of Education and Human Services
US-CUNY-BARUCH-COLLEGE-D-MILDRED-AND-GEORGE-WEISSMAN-SCHOOL-OF-ARTS-AND-S,r1-arts-deans.json,Mildred and George Weissman School of Arts and Sciences
US-INDIANA-UNIVERSITY-INDIANAPOLIS-D-IU-SCHOOL-OF-LIBERAL-ARTS,r1-arts-deans.json,IU School of Liberal Arts
US-KANSAS-STATE-UNIVERSITY-D-COLLEGE-OF-ARTS-AND-SCIENCES,r1-arts-deans.json,College of Arts and Sciences
US-NEW-JERSEY-INSTITUTE-OF-TECHNOLOGY-D-JORDAN-HU-COLLEGE-OF-SCIENCE-AND-LIBERAL-ARTS,r1-arts-deans.json,Jordan Hu College of Science and Liberal Arts
US-UNIVERSITY-OF-CHICAGO-D-DIVISION-OF-THE-PHYSICAL-SCIENCES,r1-arts-deans.json,Division of the Physical Sciences
US-UNIVERSITY-OF-KENTUCKY-D-COLLEGE-OF-ARTS-AND-SCIENCES,r1-arts-deans.json,College of Arts and Sciences
US-UNIVERSITY-OF-TEXAS-ARLINGTON-D-COLLEGE-OF-LIBERAL-ARTS,r1-arts-deans.json,College of Liberal Arts
US-VIRGINIA-TECH-D-COLLEGE-OF-LIBERAL-ARTS-AND-HUMAN-SCIENCES,r1-arts-deans.json,College of Liberal Arts and Human Sciences
US-VIRGINIA-TECH-D-COLLEGE-OF-SCIENCE,r1-arts-deans.json,College of Science
US-FLORIDA-STATE-UNIVERSITY-D-COLLEGE-OF-MOTION-PICTURE-ARTS,r1-camd-deans.json,College of Motion Picture Arts
US-LOYOLA-MARYMOUNT-UNIVERSITY-D-SCHOOL-OF-FILM-AND-TELEVISION,r1-camd-deans.json,School of Film and Television
US-DRAKE-UNIVERSITY-D-COLLEGE-OF-PHARMACY-AND-HEALTH-SCIENCES,r1-pharmacy-deans.json,College of Pharmacy and Health Sciences
US-UNIVERSITY-OF-CONNECTICUT-D-SCHOOL-OF-PHARMACY-AND-PHARMACEUTICAL-SCIENCES,r1-pharmacy-deans.json,School of Pharmacy and Pharmaceutical Sciences
US-WINGATE-UNIVERSITY-D-SCHOOL-OF-PHARMACY,r1-pharmacy-deans.json,School of Pharmacy
US-LOUISIANA-STATE-UNIVERSITY-PROVOST,r1-provost-deans.json,Office of Academic Affairs
US-UNIVERSITY-OF-SOUTH-CAROLINA-PROVOST,r1-provost-deans.json,Office of the Provost
US-VIRGINIA-COMMONWEALTH-UNIVERSITY-PROVOST,r1-provost-deans.json,Office of the Provost
US-UNIVERSITY-ALBANY-SUNY-D-MASSRY-SCHOOL-OF-BUSINESS,r1-bschool-deans.json,Massry School of Business
US-UNIVERSITY-OF-TEXAS-SAN-ANTONIO-D-CARLOS-ALVAREZ-COLLEGE-OF-BUSINESS,r1-bschool-deans.json,Carlos Alvarez College of Business
US-UNIVERSITY-OF-ILLINOIS-CHICAGO-D-UNIVERSITY-OF-ILLINOIS-COLLEGE-OF-MEDICINE,r1-medschool-deans.json,University of Illinois College of Medicine
US-ADELPHI-UNIVERSITY-D-COLLEGE-OF-NURSING-AND-PUBLIC-HEALTH,r1-nursing-deans.json,College of Nursing and Public Health
US-AUGUSTA-UNIVERSITY-D-COLLEGE-OF-NURSING,r1-nursing-deans.json,College of Nursing
US-UNIVERSITY-OF-NEVADA-LAS-VEGAS-D-SCHOOL-OF-NURSING,r1-nursing-deans.json,School of Nursing
US-UNIVERSITY-OF-ST-FRANCIS-D-LEACH-COLLEGE-OF-NURSING,r1-nursing-deans.json,Leach College of Nursing
US-UNIVERSITY-OF-WISCONSIN-OSHKOSH-D-COLLEGE-OF-NURSING-HEALTH-PROFESSIONS-AND-STEM,r1-nursing-deans.json,"College of Nursing, Health Professions and STEM"
US-LOUISIANA-STATE-UNIVERSITY-HEALTH-SCIENCES-CENTER-NEW-ORLEANS-D-SCHOOL-OF-PUBLIC-HEALTH,r1-publichealth-deans.json,School of Public Health
US-UNIVERSITY-OF-KENTUCKY-D-COLLEGE-OF-PUBLIC-HEALTH,r1-publichealth-deans.json,College of Public Health
US-UNIVERSITY-OF-NEVADA-LAS-VEGAS-D-SCHOOL-OF-PUBLIC-HEALTH,r1-publichealth-deans.json,School of Public Health
US-CALIFORNIA-STATE-UNIVERSITY-FULLERTON-D-COLLEGE-OF-EDUCATION,r1-education-deans.json,College of Education
US-MARQUETTE-UNIVERSITY-D-COLLEGE-OF-EDUCATION,r1-education-deans.json,College of Education
US-UNIVERSITY-OF-TEXAS-EL-PASO-D-COLLEGE-OF-EDUCATION,r1-education-deans.json,College of Education
US-UNIVERSITY-OF-SAN-FRANCISCO-D-SCHOOL-OF-EDUCATION,r1-education-deans.json,School of Education
US-COLUMBIA-UNIVERSITY-D-FACULTY-OF-ARTS-AND-SCIENCES,r1-arts-deans.json,Faculty of Arts and Sciences
US-LEHIGH-UNIVERSITY-D-COLLEGE-OF-ARTS-AND-SCIENCES,r1-arts-deans.json,College of Arts and Sciences
US-PACE-UNIVERSITY-D-DYSON-COLLEGE-OF-ARTS-AND-SCIENCES,r1-arts-deans.json,Dyson College of Arts and Sciences
US-UNIVERSITY-OF-ILLINOIS-URBANA-CHAMPAIGN-D-COLLEGE-OF-LIBERAL-ARTS-AND-SCIENCES,r1-arts-deans.json,College of Liberal Arts & Sciences
US-UNIVERSITY-OF-LOUISVILLE-D-COLLEGE-OF-ARTS-AND-SCIENCES,r1-arts-deans.json,College of Arts & Sciences
US-UNIVERSITY-OF-NEVADA-RENO-D-COLLEGE-OF-SCIENCE,r1-arts-deans.json,College of Science
US-UNIVERSITY-OF-TEXAS-SAN-ANTONIO-D-COLLEGE-OF-LIBERAL-AND-FINE-ARTS,r1-arts-deans.json,College of Liberal and Fine Arts
US-TEXAS-TECH-UNIVERSITY-D-COLLEGE-OF-MEDIA-AND-COMMUNICATION,r1-camd-deans.json,College of Media and Communication
US-UNIVERSITY-OF-CALIFORNIA-LOS-ANGELES-D-SCHOOL-OF-THE-ARTS-AND-ARCHITECTURE,r1-camd-deans.json,School of the Arts and Architecture
US-COLORADO-STATE-UNIVERSITY-D-WARNER-COLLEGE-OF-NATURAL-RESOURCES,r1-agschool-deans.json,Warner College of Natural Resources
US-UNIVERSITY-OF-PUERTO-RICO-MAYAGUEZ-D-COLLEGE-OF-AGRICULTURAL-SCIENCES,r1-agschool-deans.json,College of Agricultural Sciences (Colegio de Ciencias Agricolas)
US-TEXAS-A-AND-M-UNIVERSITY-D-IRMA-LERMA-RANGEL-COLLEGE-OF-PHARMACY,r1-pharmacy-deans.json,Irma Lerma Rangel College of Pharmacy
US-IDAHO-STATE-UNIVERSITY-D-GRADUATE-SCHOOL,r1-grad-deans.json,Graduate School
US-NEW-JERSEY-INSTITUTE-OF-TECHNOLOGY-PROVOST,r1-provost-deans.json,Office of the Provost
US-UNIVERSITY-OF-HOUSTON-PROVOST,r1-provost-deans.json,Office of the Provost
US-UNIVERSITY-OF-NORTH-DAKOTA-PROVOST,r1-provost-deans.json,Office of the Provost & Vice President for Academic Affairs
US-NORTH-DAKOTA-STATE-UNIVERSITY-D-COLLEGE-OF-BUSINESS,r1-bschool-deans.json,College of Business
US-SYRACUSE-UNIVERSITY-D-WHITMAN-SCHOOL-OF-MANAGEMENT,r1-bschool-deans.json,Whitman School of Management
US-UNIVERSITY-OF-HAWAII-MANOA-D-SHIDLER-COLLEGE-OF-BUSINESS,r1-bschool-deans.json,Shidler College of Business
US-LEHIGH-UNIVERSITY-D-COLLEGE-OF-BUSINESS,r1-bschool-deans.json,College of Business
US-UNIVERSITY-OF-VERMONT-D-COLLEGE-OF-ENGINEERING-AND-MATHEMATICAL-SCIENCES,r1-eschool-deans.json,College of Engineering and Mathematical Sciences
US-BINGHAMTON-UNIVERSITY-D-DECKER-COLLEGE-OF-NURSING-AND-HEALTH-SCIENCES,r1-nursing-deans.json,Decker College of Nursing and Health Sciences
US-LOMA-LINDA-UNIVERSITY-D-SCHOOL-OF-NURSING,r1-nursing-deans.json,School of Nursing
US-MONTANA-STATE-UNIVERSITY-D-MARK-AND-ROBYN-JONES-COLLEGE-OF-NURSING,r1-nursing-deans.json,Mark and Robyn Jones College of Nursing
US-NEW-YORK-UNIVERSITY-D-RORY-MEYERS-COLLEGE-OF-NURSING,r1-nursing-deans.json,Rory Meyers College of Nursing
US-UNIVERSITY-OF-HAWAII-MANOA-D-NANCY-ATMOSPERA-WALCH-SCHOOL-OF-NURSING,r1-nursing-deans.json,Nancy Atmospera-Walch School of Nursing
US-UNIVERSITY-OF-GEORGIA-D-COLLEGE-OF-PUBLIC-HEALTH,r1-publichealth-deans.json,College of Public Health
US-DUQUESNE-UNIVERSITY-D-SCHOOL-OF-EDUCATION,r1-education-deans.json,School of Education
US-FORDHAM-UNIVERSITY-D-GRADUATE-SCHOOL-OF-EDUCATION,r1-education-deans.json,Graduate School of Education
US-HUNTER-COLLEGE-D-SCHOOL-OF-EDUCATION,r1-education-deans.json,School of Education
US-INDIANA-UNIVERSITY-OF-PENNSYLVANIA-D-COLLEGE-OF-EDUCATION-AND-HUMAN-SERVICES,r1-education-deans.json,College of Education and Human Services
US-LOYOLA-MARYMOUNT-UNIVERSITY-D-SCHOOL-OF-EDUCATION,r1-education-deans.json,School of Education
US-UNIVERSITY-OF-TEXAS-SAN-ANTONIO-D-COLLEGE-OF-EDUCATION-AND-HUMAN-DEVELOPMENT,r1-education-deans.json,College of Education and Human Development
US-UNIVERSITY-OF-MASSACHUSETTS-AMHERST-D-COLLEGE-OF-EDUCATION,r1-education-deans.json,College of Education
US-UNIVERSITY-OF-OREGON-D-COLLEGE-OF-EDUCATION,r1-education-deans.json,College of Education
US-UNIVERSITY-OF-THE-PACIFIC-D-BENERD-COLLEGE,r1-education-deans.json,Benerd College
US-AUBURN-UNIVERSITY-D-COLLEGE-OF-LIBERAL-ARTS,r1-arts-deans.json,College of Liberal Arts
US-FLORIDA-STATE-UNIVERSITY-D-COLLEGE-OF-ARTS-AND-SCIENCES,r1-arts-deans.json,College of Arts and Sciences
US-GEORGE-MASON-UNIVERSITY-D-COLLEGE-OF-HUMANITIES-AND-SOCIAL-SCIENCES,r1-arts-deans.json,College of Humanities and Social Sciences
US-OKLAHOMA-STATE-UNIVERSITY-D-COLLEGE-OF-ARTS-AND-SCIENCES,r1-arts-deans.json,College of Arts and Sciences
US-SANTA-CLARA-UNIVERSITY-D-COLLEGE-OF-ARTS-AND-SCIENCES,r1-arts-deans.json,College of Arts and Sciences
US-UNIVERSITY-OF-CALIFORNIA-SANTA-BARBARA-D-COLLEGE-OF-LETTERS-AND-SCIENCE,r1-arts-deans.json,College of Letters and Science
US-UNIVERSITY-OF-DELAWARE-D-COLLEGE-OF-ARTS-AND-SCIENCES,r1-arts-deans.json,College of Arts and Sciences
US-UNIVERSITY-OF-MARYLAND-BALTIMORE-COUNTY-D-COLLEGE-OF-NATURAL-AND-MATHEMATICAL-SCIENCES,r1-arts-deans.json,College of Natural and Mathematical Sciences
US-UNIVERSITY-OF-MIAMI-D-COLLEGE-OF-ARTS-AND-SCIENCES,r1-arts-deans.json,College of Arts and Sciences
US-UNIVERSITY-OF-SOUTH-CAROLINA-D-MCCAUSLAND-COLLEGE-OF-ARTS-AND-SCIENCES,r1-arts-deans.json,McCausland College of Arts and Sciences
US-UNIVERSITY-OF-TEXAS-DALLAS-D-SCHOOL-OF-ECONOMIC-POLITICAL-AND-POLICY-SCIENCES,r1-arts-deans.json,"School of Economic, Political and Policy Sciences"
US-UNIVERSITY-OF-VERMONT-D-COLLEGE-OF-ARTS-AND-SCIENCES,r1-arts-deans.json,College of Arts and Sciences
US-WEST-VIRGINIA-UNIVERSITY-D-EBERLY-COLLEGE-OF-ARTS-AND-SCIENCES,r1-arts-deans.json,Eberly College of Arts and Sciences
US-BRIGHAM-YOUNG-UNIVERSITY-D-COLLEGE-OF-HUMANITIES,r1-arts-deans.json,College of Humanities
US-CLEVELAND-STATE-UNIVERSITY-D-COLLEGE-OF-LIBERAL-ARTS-AND-SOCIAL-SCIENCES,r1-arts-deans.json,College of Liberal Arts and Social Sciences
US-ARIZONA-STATE-UNIVERSITY-D-WALTER-CRONKITE-SCHOOL-OF-JOURNALISM-AND-MASS-CO,r1-camd-deans.json,Walter Cronkite School of Journalism and Mass Communication
US-FLORIDA-STATE-UNIVERSITY-D-COLLEGE-OF-MUSIC,r1-camd-deans.json,College of Music
US-OHIO-UNIVERSITY-D-SCRIPPS-COLLEGE-OF-COMMUNICATION,r1-camd-deans.json,Scripps College of Communication
US-UNIVERSITY-OF-OREGON-D-COLLEGE-OF-DESIGN,r1-camd-deans.json,College of Design
US-MISSISSIPPI-STATE-UNIVERSITY-D-COLLEGE-OF-FOREST-RESOURCES,r1-agschool-deans.json,College of Forest Resources
US-EAST-TENNESSEE-STATE-UNIVERSITY-D-BILL-GATTON-COLLEGE-OF-PHARMACY,r1-pharmacy-deans.json,Bill Gatton College of Pharmacy
US-PALM-BEACH-ATLANTIC-UNIVERSITY-D-LLOYD-L-GREGORY-SCHOOL-OF-PHARMACY,r1-pharmacy-deans.json,Lloyd L. Gregory School of Pharmacy
US-SOUTHERN-ILLINOIS-UNIVERSITY-EDWARDSVILLE-D-SCHOOL-OF-PHARMACY,r1-pharmacy-deans.json,School of Pharmacy
US-ST-JOHN-FISHER-UNIVERSITY-D-WEGMANS-SCHOOL-OF-PHARMACY,r1-pharmacy-deans.json,Wegmans School of Pharmacy
US-UNIVERSITY-OF-NEVADA-RENO-D-GRADUATE-SCHOOL,r1-grad-deans.json,Graduate School
US-INDIANA-UNIVERSITY-BLOOMINGTON-PROVOST,r1-provost-deans.json,Office of the Provost & Executive Vice Chancellor
US-STEVENS-INSTITUTE-OF-TECHNOLOGY-PROVOST,r1-provost-deans.json,Office of the Provost
US-UNIVERSITY-OF-VERMONT-PROVOST,r1-provost-deans.json,Office of the Provost
US-FLORIDA-INTERNATIONAL-UNIVERSITY-D-FIU-HERBERT-WERTHEIM-COLLEGE-OF-MEDICINE,r1-medschool-deans.json,FIU Herbert Wertheim College of Medicine
US-UNIVERSITY-OF-CENTRAL-FLORIDA-D-UNIVERSITY-OF-CENTRAL-FLORIDA-COLLEGE-OF-MEDICIN,r1-medschool-deans.json,University of Central Florida College of Medicine
US-ST-JOHN-FISHER-UNIVERSITY-D-WEGMANS-SCHOOL-OF-NURSING,r1-nursing-deans.json,Wegmans School of Nursing
US-TEXAS-CHRISTIAN-UNIVERSITY-D-HARRIS-COLLEGE-OF-NURSING-AND-HEALTH-SCIENCES,r1-nursing-deans.json,Harris College of Nursing & Health Sciences
US-EAST-TENNESSEE-STATE-UNIVERSITY-D-COLLEGE-OF-PUBLIC-HEALTH,r1-publichealth-deans.json,College of Public Health
US-GEORGIA-SOUTHERN-UNIVERSITY-D-JIANN-PING-HSU-COLLEGE-OF-PUBLIC-HEALTH,r1-publichealth-deans.json,Jiann-Ping Hsu College of Public Health
US-CALIFORNIA-STATE-UNIVERSITY-SACRAMENTO-D-COLLEGE-OF-EDUCATION,r1-education-deans.json,College of Education
US-INDIANA-STATE-UNIVERSITY-D-BAYH-COLLEGE-OF-EDUCATION,r1-education-deans.json,Bayh College of Education
US-OHIO-STATE-UNIVERSITY-D-COLLEGE-OF-EDUCATION-AND-HUMAN-ECOLOGY,r1-education-deans.json,College of Education and Human Ecology
US-UNIVERSITY-OF-ILLINOIS-URBANA-CHAMPAIGN-D-COLLEGE-OF-EDUCATION,r1-education-deans.json,College of Education
US-UNIVERSITY-OF-MIAMI-D-SCHOOL-OF-EDUCATION-AND-HUMAN-DEVELOPMENT,r1-education-deans.json,School of Education and Human Development
US-GEORGE-MASON-UNIVERSITY-D-COLLEGE-OF-SCIENCE,r1-arts-deans.json,College of Science
US-RUTGERS-UNIVERSITY-D-SCHOOL-OF-ARTS-AND-SCIENCES,r1-arts-deans.json,School of Arts and Sciences
US-TULANE-UNIVERSITY-D-SCHOOL-OF-SCIENCE-AND-ENGINEERING,r1-arts-deans.json,School of Science and Engineering
US-UNIVERSITY-OF-CALIFORNIA-RIVERSIDE-D-COLLEGE-OF-HUMANITIES-ARTS-AND-SOCIAL-SCIENCES,r1-arts-deans.json,"College of Humanities, Arts, and Social Sciences"
US-UNIVERSITY-OF-CALIFORNIA-SANTA-CRUZ-D-DIVISION-OF-SOCIAL-SCIENCES,r1-arts-deans.json,Division of Social Sciences
US-UNIVERSITY-OF-CENTRAL-FLORIDA-D-COLLEGE-OF-ARTS-AND-HUMANITIES,r1-arts-deans.json,College of Arts and Humanities
US-UNIVERSITY-OF-MARYLAND-COLLEGE-PARK-D-COLLEGE-OF-COMPUTER-MATHEMATICAL-AND-NATURAL-SCI,r1-arts-deans.json,"College of Computer, Mathematical, and Natural Sciences"
US-UNIVERSITY-OF-MISSOURI-D-COLLEGE-OF-ARTS-AND-SCIENCE,r1-arts-deans.json,College of Arts and Science
US-UNIVERSITY-OF-SOUTHERN-CALIFORNIA-D-DANA-AND-DAVID-DORNSIFE-COLLEGE-OF-LETTERS-ARTS,r1-arts-deans.json,"Dana and David Dornsife College of Letters, Arts and Sciences"
US-ARIZONA-STATE-UNIVERSITY-D-HERBERGER-INSTITUTE-FOR-DESIGN-AND-THE-ARTS,r1-camd-deans.json,Herberger Institute for Design and the Arts
US-BOSTON-UNIVERSITY-D-COLLEGE-OF-COMMUNICATION,r1-camd-deans.json,College of Communication
US-MARQUETTE-UNIVERSITY-D-DIEDERICH-COLLEGE-OF-COMMUNICATION,r1-camd-deans.json,Diederich College of Communication
US-UNIVERSITY-OF-FLORIDA-D-COLLEGE-OF-THE-ARTS,r1-camd-deans.json,College of the Arts
US-UNIVERSITY-OF-MINNESOTA-TWIN-CITIES-D-COLLEGE-OF-DESIGN,r1-camd-deans.json,College of Design
US-UNIVERSITY-OF-TENNESSEE-KNOXVILLE-D-COLLEGE-OF-COMMUNICATION-AND-INFORMATION,r1-camd-deans.json,College of Communication and Information
US-WASHINGTON-UNIVERSITY-ST-LOUIS-D-SAM-FOX-SCHOOL-OF-DESIGN-AND-VISUAL-ARTS,r1-camd-deans.json,Sam Fox School of Design and Visual Arts
US-TEXAS-A-AND-M-UNIVERSITY-KINGSVILLE-D-DICK-AND-MARY-LEWIS-KLEBERG-COLLEGE-OF-AGRICULTU,r1-agschool-deans.json,Dick and Mary Lewis Kleberg College of Agriculture and Natural Resources
US-HARDING-UNIVERSITY-D-COLLEGE-OF-PHARMACY,r1-pharmacy-deans.json,College of Pharmacy
US-UNIVERSITY-OF-HAWAII-HILO-D-DANIEL-K-INOUYE-COLLEGE-OF-PHARMACY,r1-pharmacy-deans.json,Daniel K. Inouye College of Pharmacy
US-UNIVERSITY-OF-THE-INCARNATE-WORD-D-FEIK-SCHOOL-OF-PHARMACY,r1-pharmacy-deans.json,Feik School of Pharmacy
US-MONTANA-STATE-UNIVERSITY-D-GRADUATE-SCHOOL,r1-grad-deans.json,Graduate School
US-UNIVERSITY-OF-NEW-MEXICO-D-GRADUATE-STUDIES,r1-grad-deans.json,Graduate Studies
US-UTAH-STATE-UNIVERSITY-D-GRADUATE-SCHOOL,r1-grad-deans.json,Graduate School
US-UNIVERSITY-OF-MASSACHUSETTS-GLOBAL-CENTRAL,r1-r2public-deans.json,Office of the Chancellor
US-LOYOLA-UNIVERSITY-MARYLAND-PROVOST,r1-provost-deans.json,Office of Academic Affairs
US-UNIVERSITY-OF-NEVADA-LAS-VEGAS-PROVOST,r1-provost-deans.json,Office of the Executive Vice President and Provost
US-UNIVERSITY-OF-TEXAS-ARLINGTON-PROVOST,r1-provost-deans.json,Office of the Provost and Senior Vice President for Academic Affairs
US-UNIVERSITY-OF-MEMPHIS-D-FOGELMAN-COLLEGE-OF-BUSINESS-AND-ECONOMICS,r1-bschool-deans.json,Fogelman College of Business and Economics
US-UNIVERSITY-OF-CALIFORNIA-SAN-DIEGO-D-UC-SAN-DIEGO-SCHOOL-OF-MEDICINE,r1-medschool-deans.json,UC San Diego School of Medicine
US-NEW-JERSEY-INSTITUTE-OF-TECHNOLOGY-D-NEWARK-COLLEGE-OF-ENGINEERING,r1-eschool-deans.json,Newark College of Engineering
US-UNIVERSITY-OF-DELAWARE-D-COLLEGE-OF-ENGINEERING,r1-eschool-deans.json,College of Engineering
US-UNIVERSITY-OF-ILLINOIS-CHICAGO-D-COLLEGE-OF-ENGINEERING,r1-eschool-deans.json,College of Engineering
US-UNIVERSITY-OF-MAINE-D-COLLEGE-OF-ENGINEERING,r1-eschool-deans.json,College of Engineering
US-MARIAN-UNIVERSITY-D-ALAN-AND-SUE-LEIGHTON-SCHOOL-OF-NURSING,r1-nursing-deans.json,Alan and Sue Leighton School of Nursing
US-UNIVERSITY-OF-CENTRAL-FLORIDA-D-COLLEGE-OF-NURSING,r1-nursing-deans.json,College of Nursing
US-UNIVERSITY-OF-LOUISVILLE-D-SCHOOL-OF-NURSING,r1-nursing-deans.json,School of Nursing
US-UNIVERSITY-OF-MISSOURI-ST-LOUIS-D-COLLEGE-OF-NURSING,r1-nursing-deans.json,College of Nursing
US-UNIVERSITY-OF-MARYLAND-COLLEGE-PARK-D-SCHOOL-OF-PUBLIC-HEALTH,r1-publichealth-deans.json,School of Public Health
US-BAYLOR-UNIVERSITY-D-MOODY-SCHOOL-OF-EDUCATION,r1-education-deans.json,Moody School of Education
US-GONZAGA-UNIVERSITY-D-SCHOOL-OF-EDUCATION,r1-education-deans.json,School of Education
US-SOUTHERN-METHODIST-UNIVERSITY-D-ANNETTE-CALDWELL-SIMMONS-SCHOOL-OF-EDUCATION-AND,r1-education-deans.json,Annette Caldwell Simmons School of Education and Human Development
US-CALIFORNIA-INSTITUTE-OF-TECHNOLOGY-D-DIVISION-OF-THE-HUMANITIES-AND-SOCIAL-SCIENCES,r1-arts-deans.json,Division of the Humanities and Social Sciences
US-FLORIDA-INTERNATIONAL-UNIVERSITY-D-COLLEGE-OF-ARTS-SCIENCES-AND-EDUCATION,r1-arts-deans.json,"College of Arts, Sciences & Education"
US-INDIANA-UNIVERSITY-INDIANAPOLIS-D-SCHOOL-OF-SCIENCE,r1-arts-deans.json,School of Science
US-MONTANA-STATE-UNIVERSITY-D-COLLEGE-OF-LETTERS-AND-SCIENCE,r1-arts-deans.json,College of Letters and Science
US-TEMPLE-UNIVERSITY-D-COLLEGE-OF-LIBERAL-ARTS,r1-arts-deans.json,College of Liberal Arts
US-TEMPLE-UNIVERSITY-D-COLLEGE-OF-SCIENCE-AND-TECHNOLOGY,r1-arts-deans.json,College of Science and Technology
US-UNIVERSITY-ALBANY-SUNY-D-COLLEGE-OF-ARTS-AND-SCIENCES,r1-arts-deans.json,College of Arts and Sciences
US-UNIVERSITY-OF-SOUTH-FLORIDA-D-COLLEGE-OF-ARTS-AND-SCIENCES,r1-arts-deans.json,College of Arts and Sciences
US-UNIVERSITY-OF-UTAH-D-COLLEGE-OF-SCIENCE,r1-arts-deans.json,College of Science
US-BRIGHAM-YOUNG-UNIVERSITY-D-COLLEGE-OF-LIFE-SCIENCES,r1-arts-deans.json,College of Life Sciences
US-CHAPMAN-UNIVERSITY-D-COLLEGE-OF-PERFORMING-ARTS,r1-camd-deans.json,College of Performing Arts
US-PENNSYLVANIA-STATE-UNIVERSITY-D-COLLEGE-OF-ARTS-AND-ARCHITECTURE,r1-camd-deans.json,College of Arts and Architecture
US-UNIVERSITY-OF-ILLINOIS-URBANA-CHAMPAIGN-D-COLLEGE-OF-FINE-AND-APPLIED-ARTS,r1-camd-deans.json,College of Fine and Applied Arts
US-UNIVERSITY-OF-OKLAHOMA-D-WEITZENHOFFER-FAMILY-COLLEGE-OF-FINE-ARTS,r1-camd-deans.json,Weitzenhoffer Family College of Fine Arts
US-UNIVERSITY-OF-TENNESSEE-KNOXVILLE-D-HERBERT-COLLEGE-OF-AGRICULTURE,r1-agschool-deans.json,Herbert College of Agriculture
US-LIPSCOMB-UNIVERSITY-D-COLLEGE-OF-PHARMACY,r1-pharmacy-deans.json,College of Pharmacy
US-UNION-UNIVERSITY-D-COLLEGE-OF-PHARMACY,r1-pharmacy-deans.json,College of Pharmacy
US-UNIVERSITY-OF-NEW-ENGLAND-D-SCHOOL-OF-PHARMACY,r1-pharmacy-deans.json,School of Pharmacy
US-UNIVERSITY-OF-ALABAMA-HUNTSVILLE-PROVOST,r1-provost-deans.json,Office of Academic Affairs (Provost and Executive Vice President for Academic Affairs)
US-UNIVERSITY-OF-MAINE-PROVOST,r1-provost-deans.json,Office of the Executive Vice President for Academic Affairs and Provost
US-UNIVERSITY-OF-OREGON-PROVOST,r1-provost-deans.json,Office of the Provost
US-JOHNS-HOPKINS-UNIVERSITY-D-CAREY-BUSINESS-SCHOOL,r1-bschool-deans.json,Carey Business School
US-UNIVERSITY-OF-CALIFORNIA-IRVINE-D-UNIVERSITY-OF-CALIFORNIA-IRVINE-SCHOOL-OF-LAW,r1-lawschool-deans.json,"University of California, Irvine School of Law"
US-UNIVERSITY-OF-CALIFORNIA-RIVERSIDE-D-UC-RIVERSIDE-SCHOOL-OF-MEDICINE,r1-medschool-deans.json,UC Riverside School of Medicine
US-UNIVERSITY-OF-MISSOURI-D-UNIVERSITY-OF-MISSOURI-SCHOOL-OF-MEDICINE,r1-medschool-deans.json,University of Missouri School of Medicine
US-VIRGINIA-TECH-D-VIRGINIA-TECH-CARILION-SCHOOL-OF-MEDICINE,r1-medschool-deans.json,Virginia Tech Carilion School of Medicine
US-GEORGE-WASHINGTON-UNIVERSITY-D-SCHOOL-OF-ENGINEERING-AND-APPLIED-SCIENCE,r1-eschool-deans.json,School of Engineering and Applied Science
US-UNIVERSITY-OF-CONNECTICUT-D-SCHOOL-OF-ENGINEERING,r1-eschool-deans.json,School of Engineering
US-UNIVERSITY-OF-IDAHO-D-COLLEGE-OF-ENGINEERING,r1-eschool-deans.json,College of Engineering
US-UNIVERSITY-OF-UTAH-D-COLLEGE-OF-ENGINEERING,r1-eschool-deans.json,College of Engineering
US-PENNSYLVANIA-STATE-UNIVERSITY-D-ROSS-AND-CAROL-NESE-COLLEGE-OF-NURSING,r1-nursing-deans.json,Ross and Carol Nese College of Nursing
US-SEATTLE-UNIVERSITY-D-COLLEGE-OF-NURSING-AND-HEALTH-SCIENCES,r1-nursing-deans.json,College of Nursing and Health Sciences
US-TEXAS-A-AND-M-UNIVERSITY-D-COLLEGE-OF-NURSING,r1-nursing-deans.json,College of Nursing
US-UNIVERSITY-OF-COLORADO-COLORADO-SPRINGS-D-HELEN-AND-ARTHUR-E-JOHNSON-BETH-EL-COLLEGE-OF-NU,r1-nursing-deans.json,Helen and Arthur E. Johnson Beth-El College of Nursing and Health Sciences
US-UNIVERSITY-OF-HOUSTON-D-ANDY-AND-BARBARA-GESSNER-COLLEGE-OF-NURSING,r1-nursing-deans.json,Andy & Barbara Gessner College of Nursing
US-UNIVERSITY-OF-MEMPHIS-D-SCHOOL-OF-PUBLIC-HEALTH,r1-publichealth-deans.json,School of Public Health
US-BOSTON-UNIVERSITY-D-WHEELOCK-COLLEGE-OF-EDUCATION-AND-HUMAN-DEVELOPM,r1-education-deans.json,Wheelock College of Education & Human Development
US-CALIFORNIA-STATE-POLYTECHNIC-UNIVERSITY-POMONA-D-COLLEGE-OF-EDUCATION-AND-INTEGRATIVE-STUDIES,r1-education-deans.json,College of Education and Integrative Studies
US-CALIFORNIA-STATE-UNIVERSITY-LONG-BEACH-D-COLLEGE-OF-EDUCATION,r1-education-deans.json,College of Education
US-CLAREMONT-GRADUATE-UNIVERSITY-D-SCHOOL-OF-EDUCATIONAL-STUDIES,r1-education-deans.json,School of Educational Studies
US-GEORGE-FOX-UNIVERSITY-D-COLLEGE-OF-EDUCATION,r1-education-deans.json,College of Education
US-KENNESAW-STATE-UNIVERSITY-D-CLARICE-C-AND-LELAND-H-BAGWELL-COLLEGE-OF-EDUCAT,r1-education-deans.json,Clarice C. and Leland H. Bagwell College of Education
US-PRAIRIE-VIEW-A-AND-M-UNIVERSITY-D-WHITLOWE-R-GREEN-COLLEGE-OF-EDUCATION,r1-education-deans.json,Whitlowe R. Green College of Education
US-BINGHAMTON-UNIVERSITY-D-HARPUR-COLLEGE-OF-ARTS-AND-SCIENCES,r1-arts-deans.json,Harpur College of Arts and Sciences
US-BOSTON-COLLEGE-D-MORRISSEY-COLLEGE-OF-ARTS-AND-SCIENCES,r1-arts-deans.json,Morrissey College of Arts and Sciences
US-NORTH-CAROLINA-STATE-UNIVERSITY-D-COLLEGE-OF-HUMANITIES-AND-SOCIAL-SCIENCES,r1-arts-deans.json,College of Humanities and Social Sciences
US-OREGON-STATE-UNIVERSITY-D-COLLEGE-OF-LIBERAL-ARTS,r1-arts-deans.json,College of Liberal Arts
US-TEXAS-CHRISTIAN-UNIVERSITY-D-ADDRAN-COLLEGE-OF-LIBERAL-ARTS,r1-arts-deans.json,AddRan College of Liberal Arts
US-TULANE-UNIVERSITY-D-SCHOOL-OF-LIBERAL-ARTS,r1-arts-deans.json,School of Liberal Arts
US-UNIVERSITY-OF-ARKANSAS-D-J-WILLIAM-FULBRIGHT-COLLEGE-OF-ARTS-AND-SCIENCES,r1-arts-deans.json,J. William Fulbright College of Arts and Sciences
US-UNIVERSITY-OF-MICHIGAN-D-COLLEGE-OF-LITERATURE-SCIENCE-AND-THE-ARTS,r1-arts-deans.json,"College of Literature, Science, and the Arts"
US-UNIVERSITY-OF-NOTRE-DAME-D-COLLEGE-OF-SCIENCE,r1-arts-deans.json,College of Science
US-UNIVERSITY-OF-WASHINGTON-D-COLLEGE-OF-ARTS-AND-SCIENCES,r1-arts-deans.json,College of Arts and Sciences
US-VANDERBILT-UNIVERSITY-D-COLLEGE-OF-ARTS-AND-SCIENCE,r1-arts-deans.json,College of Arts and Science
US-CALIFORNIA-STATE-POLYTECHNIC-UNIVERSITY-POMONA-D-DON-B-HUNTLEY-COLLEGE-OF-AGRICULTURE,r1-agschool-deans.json,Don B. Huntley College of Agriculture
US-TENNESSEE-STATE-UNIVERSITY-D-COLLEGE-OF-AGRICULTURE,r1-agschool-deans.json,College of Agriculture
US-UNIVERSITY-OF-ARKANSAS-D-DALE-BUMPERS-COLLEGE-OF-AGRICULTURAL-FOOD-AND-LI,r1-agschool-deans.json,"Dale Bumpers College of Agricultural, Food and Life Sciences"
US-UNIVERSITY-OF-VERMONT-D-COLLEGE-OF-AGRICULTURE-AND-LIFE-SCIENCES,r1-agschool-deans.json,College of Agriculture and Life Sciences
US-BELMONT-UNIVERSITY-D-COLLEGE-OF-PHARMACY,r1-pharmacy-deans.json,College of Pharmacy
US-THOMAS-JEFFERSON-UNIVERSITY-D-JEFFERSON-COLLEGE-OF-PHARMACY,r1-pharmacy-deans.json,Jefferson College of Pharmacy
US-TOURO-UNIVERSITY-D-TOURO-COLLEGE-OF-PHARMACY,r1-pharmacy-deans.json,Touro College of Pharmacy
US-WESTERN-NEW-ENGLAND-UNIVERSITY-D-COLLEGE-OF-PHARMACY-AND-HEALTH-SCIENCES,r1-pharmacy-deans.json,College of Pharmacy and Health Sciences
US-UNIVERSITY-OF-CALIFORNIA-RIVERSIDE-D-GRADUATE-DIVISION,r1-grad-deans.json,Graduate Division
US-CALIFORNIA-STATE-UNIVERSITY-SACRAMENTO-D-GRADUATE-SCHOOL,r1-grad-deans.json,Graduate School
US-WAYNE-STATE-UNIVERSITY-D-MIKE-ILITCH-SCHOOL-OF-BUSINESS,r1-bschool-deans.json,Mike Ilitch School of Business
US-NATIONAL-AMERICAN-UNIVERSITY-RAPID-CITY-CENTRAL,r1-r2public-deans.json,Office of the President
US-UNIVERSITY-ALBANY-SUNY-PROVOST,r1-provost-deans.json,Office of the Provost
US-UNIVERSITY-OF-HAWAII-MANOA-PROVOST,r1-provost-deans.json,Office of the Provost
US-UNIVERSITY-OF-NEW-MEXICO-D-ANDERSON-SCHOOL-OF-MANAGEMENT,r1-bschool-deans.json,Anderson School of Management
US-UNIVERSITY-OF-NORTH-DAKOTA-D-UNIVERSITY-OF-NORTH-DAKOTA-SCHOOL-OF-MEDICINE-AN,r1-medschool-deans.json,University of North Dakota School of Medicine and Health Sciences
US-LOUISIANA-STATE-UNIVERSITY-D-COLLEGE-OF-ENGINEERING,r1-eschool-deans.json,College of Engineering
US-UNIVERSITY-OF-NORTH-DAKOTA-D-COLLEGE-OF-ENGINEERING-AND-MINES,r1-eschool-deans.json,College of Engineering and Mines
US-UNIVERSITY-OF-TEXAS-SAN-ANTONIO-D-COLLEGE-OF-ENGINEERING-AND-INTEGRATED-DESIGN,r1-eschool-deans.json,College of Engineering and Integrated Design
US-DYOUVILLE-UNIVERSITY-D-PATRICIA-H-GARMAN-SCHOOL-OF-NURSING,r1-nursing-deans.json,Patricia H. Garman School of Nursing
US-UNIVERSITY-OF-CALIFORNIA-DAVIS-D-BETTY-IRENE-MOORE-SCHOOL-OF-NURSING,r1-nursing-deans.json,Betty Irene Moore School of Nursing
US-UNIVERSITY-OF-MASSACHUSETTS-GLOBAL-D-MARYBELLE-AND-S-PAUL-MUSCO-SCHOOL-OF-NURSING-AND,r1-nursing-deans.json,Marybelle and S. Paul Musco School of Nursing and Health Professions
US-UNIVERSITY-OF-ST-THOMAS-HOUSTON-D-CAROL-AND-ODIS-PEAVY-SCHOOL-OF-NURSING,r1-nursing-deans.json,Carol and Odis Peavy School of Nursing
US-KENT-STATE-UNIVERSITY-D-COLLEGE-OF-PUBLIC-HEALTH,r1-publichealth-deans.json,College of Public Health
US-UNIVERSITY-OF-MASSACHUSETTS-AMHERST-D-SCHOOL-OF-PUBLIC-HEALTH-AND-HEALTH-SCIENCES,r1-publichealth-deans.json,School of Public Health and Health Sciences
US-ADELPHI-UNIVERSITY-D-RUTH-S-AMMON-COLLEGE-OF-EDUCATION-AND-HEALTH-SCI,r1-education-deans.json,Ruth S. Ammon College of Education and Health Sciences
US-UNIVERSITY-ALBANY-SUNY-D-SCHOOL-OF-EDUCATION,r1-education-deans.json,School of Education
US-OHIO-STATE-UNIVERSITY-D-COLLEGE-OF-ARTS-AND-SCIENCES,r1-arts-deans.json,College of Arts and Sciences
US-PRINCETON-UNIVERSITY-D-SCHOOL-OF-PUBLIC-AND-INTERNATIONAL-AFFAIRS,r1-arts-deans.json,School of Public and International Affairs
US-GRAND-VALLEY-STATE-UNIVERSITY-D-PEW-FACULTY-TEACHING-AND-LEARNING-CENTER,r1-arts-deans.json,Pew Faculty Teaching and Learning Center
US-MISSOURI-STATE-UNIVERSITY-D-COLLEGE-OF-ARTS-AND-SCIENCES,r1-arts-deans.json,College of Arts and Sciences
US-FLORIDA-STATE-UNIVERSITY-D-COLLEGE-OF-COMMUNICATION-AND-INFORMATION,r1-camd-deans.json,College of Communication and Information
US-MICHIGAN-STATE-UNIVERSITY-D-COLLEGE-OF-COMMUNICATION-ARTS-AND-SCIENCES,r1-camd-deans.json,College of Communication Arts and Sciences
US-TEMPLE-UNIVERSITY-D-TYLER-SCHOOL-OF-ART-AND-ARCHITECTURE,r1-camd-deans.json,Tyler School of Art and Architecture
US-UNIVERSITY-OF-WASHINGTON-D-COLLEGE-OF-BUILT-ENVIRONMENTS,r1-camd-deans.json,College of Built Environments
US-CLEMSON-UNIVERSITY-D-COLLEGE-OF-AGRICULTURE-FORESTRY-AND-LIFE-SCIENCE,r1-agschool-deans.json,"College of Agriculture, Forestry and Life Sciences"
US-COLORADO-STATE-UNIVERSITY-D-COLLEGE-OF-AGRICULTURAL-SCIENCES,r1-agschool-deans.json,College of Agricultural Sciences
US-UNIVERSITY-OF-HOUSTON-D-COLLEGE-OF-PHARMACY,r1-pharmacy-deans.json,College of Pharmacy
US-UNIVERSITY-OF-COLORADO-DENVER-D-GRADUATE-SCHOOL,r1-grad-deans.json,Graduate School
US-BOISE-STATE-UNIVERSITY-PROVOST,r1-provost-deans.json,Office of the Provost
US-UNIVERSITY-OF-TEXAS-SAN-ANTONIO-PROVOST,r1-provost-deans.json,Office of the Provost and Executive Vice President for Academic Affairs
US-VIRGINIA-COMMONWEALTH-UNIVERSITY-D-SCHOOL-OF-BUSINESS,r1-bschool-deans.json,School of Business
US-UNIVERSITY-OF-ALABAMA-HUNTSVILLE-D-COLLEGE-OF-ENGINEERING,r1-eschool-deans.json,College of Engineering
US-UNIVERSITY-OF-IOWA-D-COLLEGE-OF-ENGINEERING,r1-eschool-deans.json,College of Engineering
US-CAPELLA-UNIVERSITY-D-SCHOOL-OF-NURSING-AND-HEALTH-SCIENCES,r1-nursing-deans.json,School of Nursing and Health Sciences
US-GEORGE-WASHINGTON-UNIVERSITY-D-SCHOOL-OF-NURSING,r1-nursing-deans.json,School of Nursing
US-WASHINGTON-STATE-UNIVERSITY-D-COLLEGE-OF-NURSING,r1-nursing-deans.json,College of Nursing
US-GEORGIA-SOUTHERN-UNIVERSITY-D-COLLEGE-OF-EDUCATION,r1-education-deans.json,College of Education
US-RUSSELL-SAGE-COLLEGE-D-ESTEVES-SCHOOL-OF-EDUCATION,r1-education-deans.json,Esteves School of Education
US-UNIVERSITY-OF-MASSACHUSETTS-GLOBAL-D-SCHOOL-OF-EDUCATION,r1-education-deans.json,School of Education
US-UTAH-STATE-UNIVERSITY-D-EMMA-ECCLES-JONES-COLLEGE-OF-EDUCATION-HEALTH-AN,r1-education-deans.json,"Emma Eccles Jones College of Education, Health, and Human Sciences"
US-COLORADO-STATE-UNIVERSITY-D-COLLEGE-OF-NATURAL-SCIENCES,r1-arts-deans.json,College of Natural Sciences
US-DARTMOUTH-COLLEGE-D-FACULTY-OF-ARTS-AND-SCIENCES,r1-arts-deans.json,Faculty of Arts and Sciences
US-NORTHEASTERN-UNIVERSITY-D-COLLEGE-OF-SCIENCE,r1-arts-deans.json,College of Science
US-PURDUE-UNIVERSITY-D-COLLEGE-OF-LIBERAL-ARTS,r1-arts-deans.json,College of Liberal Arts
US-STEVENS-INSTITUTE-OF-TECHNOLOGY-D-SCHOOL-OF-HUMANITIES-ARTS-AND-SOCIAL-SCIENCES,r1-arts-deans.json,"School of Humanities, Arts and Social Sciences (formerly College of Arts and Letters)"
US-TEXAS-TECH-UNIVERSITY-D-COLLEGE-OF-ARTS-AND-SCIENCES,r1-arts-deans.json,College of Arts & Sciences
US-UNIVERSITY-OF-ALABAMA-BIRMINGHAM-D-COLLEGE-OF-ARTS-AND-SCIENCES,r1-arts-deans.json,College of Arts and Sciences
US-UNIVERSITY-OF-HOUSTON-D-COLLEGE-OF-LIBERAL-ARTS-AND-SOCIAL-SCIENCES,r1-arts-deans.json,College of Liberal Arts and Social Sciences
US-UNIVERSITY-OF-ILLINOIS-CHICAGO-D-COLLEGE-OF-LIBERAL-ARTS-AND-SCIENCES,r1-arts-deans.json,College of Liberal Arts and Sciences
US-NORTHEASTERN-UNIVERSITY-D-COLLEGE-OF-ARTS-MEDIA-AND-DESIGN,r1-arts-deans.json,"College of Arts, Media and Design"
US-NORTHEASTERN-UNIVERSITY-D-COLLEGE-OF-ARTS-MEDIA-AND-DESIGN,r1-camd-deans.json,College of Arts Media and Design
US-MIDDLE-TENNESSEE-STATE-UNIVERSITY-D-COLLEGE-OF-LIBERAL-ARTS,r1-arts-deans.json,College of Liberal Arts
US-UNIVERSITY-OF-ARIZONA-D-COLLEGE-OF-FINE-ARTS,r1-camd-deans.json,College of Fine Arts
US-UNIVERSITY-OF-NEBRASKA-LINCOLN-D-COLLEGE-OF-JOURNALISM-AND-MASS-COMMUNICATIONS,r1-camd-deans.json,College of Journalism and Mass Communications
US-UNIVERSITY-OF-RHODE-ISLAND-D-COLLEGE-OF-THE-ENVIRONMENT-AND-LIFE-SCIENCES,r1-agschool-deans.json,College of the Environment and Life Sciences
US-CONCORDIA-UNIVERSITY-WISCONSIN-D-SCHOOL-OF-PHARMACY,r1-pharmacy-deans.json,School of Pharmacy
US-DYOUVILLE-UNIVERSITY-D-SCHOOL-OF-PHARMACY,r1-pharmacy-deans.json,School of Pharmacy
US-MARSHALL-UNIVERSITY-D-SCHOOL-OF-PHARMACY,r1-pharmacy-deans.json,School of Pharmacy
US-UNIVERSITY-OF-LOUISIANA-MONROE-D-COLLEGE-OF-PHARMACY,r1-pharmacy-deans.json,College of Pharmacy
US-LINCOLN-MEMORIAL-UNIVERSITY-D-RICHARD-A-GILLESPIE-COLLEGE-OF-VETERINARY-MEDICI,r1-vet-deans.json,Richard A. Gillespie College of Veterinary Medicine
US-UNIVERSITY-OF-HAWAII-MANOA-D-GRADUATE-SCHOOL,r1-grad-deans.json,Graduate School
US-UNIVERSITY-OF-TEXAS-EL-PASO-PROVOST,r1-provost-deans.json,Office of the Provost and Vice President for Academic Affairs
US-TUFTS-UNIVERSITY-D-FLETCHER-SCHOOL,r1-bschool-deans.json,Fletcher School
US-UNIVERSITY-OF-CALIFORNIA-RIVERSIDE-D-A-GARY-ANDERSON-GRADUATE-SCHOOL-OF-MANAGEMENT,r1-bschool-deans.json,A. Gary Anderson Graduate School of Management
US-UNIVERSITY-OF-MIAMI-D-MIAMI-HERBERT-BUSINESS-SCHOOL,r1-bschool-deans.json,Miami Herbert Business School
US-UNIVERSITY-OF-VERMONT-D-GROSSMAN-SCHOOL-OF-BUSINESS,r1-bschool-deans.json,Grossman School of Business
US-OKLAHOMA-STATE-UNIVERSITY-D-OKLAHOMA-STATE-UNIVERSITY-COLLEGE-OF-OSTEOPATHIC,r1-medschool-deans.json,Oklahoma State University College of Osteopathic Medicine
US-COLORADO-SCHOOL-OF-MINES-D-COLLEGE-OF-ENGINEERING-AND-COMPUTATIONAL-SCIENCE,r1-eschool-deans.json,College of Engineering and Computational Sciences
US-WAYNE-STATE-UNIVERSITY-D-COLLEGE-OF-ENGINEERING,r1-eschool-deans.json,College of Engineering
US-HUNTER-COLLEGE-D-HUNTER-BELLEVUE-SCHOOL-OF-NURSING,r1-nursing-deans.json,Hunter-Bellevue School of Nursing
US-QUINNIPIAC-UNIVERSITY-D-SCHOOL-OF-NURSING,r1-nursing-deans.json,School of Nursing
US-RUTGERS-UNIVERSITY-CAMDEN-D-SCHOOL-OF-NURSING-CAMDEN,r1-nursing-deans.json,School of Nursing-Camden
US-UNIVERSITY-OF-NORTH-DAKOTA-D-COLLEGE-OF-NURSING-AND-PROFESSIONAL-DISCIPLINES,r1-nursing-deans.json,College of Nursing & Professional Disciplines
US-WALSH-UNIVERSITY-D-GARY-AND-LINDA-BYERS-SCHOOL-OF-NURSING,r1-nursing-deans.json,Gary and Linda Byers School of Nursing
US-AZUSA-PACIFIC-UNIVERSITY-D-COLLEGE-OF-EDUCATION-AND-BEHAVIORAL-SCIENCES,r1-education-deans.json,College of Education and Behavioral Sciences (School of Education)
US-EASTERN-MICHIGAN-UNIVERSITY-D-COLLEGE-OF-EDUCATION,r1-education-deans.json,College of Education
US-GARDNER-WEBB-UNIVERSITY-D-COLLEGE-OF-EDUCATION,r1-education-deans.json,College of Education
US-LESLEY-UNIVERSITY-D-GRADUATE-SCHOOL-OF-EDUCATION,r1-education-deans.json,Graduate School of Education
US-UNIVERSITY-OF-COLORADO-COLORADO-SPRINGS-D-COLLEGE-OF-EDUCATION,r1-education-deans.json,College of Education
US-UNIVERSITY-OF-SOUTH-CAROLINA-D-COLLEGE-OF-EDUCATION,r1-education-deans.json,College of Education
US-BRIGHAM-YOUNG-UNIVERSITY-D-COLLEGE-OF-FAMILY-HOME-AND-SOCIAL-SCIENCES,r1-arts-deans.json,"College of Family, Home, and Social Sciences"
US-LOUISIANA-STATE-UNIVERSITY-D-COLLEGE-OF-HUMANITIES-AND-SOCIAL-SCIENCES,r1-arts-deans.json,College of Humanities & Social Sciences
US-NEW-YORK-UNIVERSITY-D-FACULTY-OF-ARTS-AND-SCIENCE,r1-arts-deans.json,Faculty of Arts and Science
US-NORTHEASTERN-UNIVERSITY-D-COLLEGE-OF-SOCIAL-SCIENCES-AND-HUMANITIES,r1-arts-deans.json,College of Social Sciences and Humanities
US-UNIVERSITY-OF-CALIFORNIA-SANTA-CRUZ-D-DIVISION-OF-HUMANITIES,r1-arts-deans.json,Division of Humanities
US-UNIVERSITY-OF-CALIFORNIA-SANTA-CRUZ-D-DIVISION-OF-PHYSICAL-AND-BIOLOGICAL-SCIENCES,r1-arts-deans.json,Division of Physical & Biological Sciences
US-UNIVERSITY-OF-CENTRAL-FLORIDA-D-COLLEGE-OF-SCIENCES,r1-arts-deans.json,College of Sciences
US-UNIVERSITY-OF-GEORGIA-D-FRANKLIN-COLLEGE-OF-ARTS-AND-SCIENCES,r1-arts-deans.json,Franklin College of Arts and Sciences
US-UNIVERSITY-OF-NEW-MEXICO-D-COLLEGE-OF-ARTS-AND-SCIENCES,r1-arts-deans.json,College of Arts and Sciences
US-UNIVERSITY-OF-TEXAS-EL-PASO-D-COLLEGE-OF-LIBERAL-ARTS,r1-arts-deans.json,College of Liberal Arts
US-CLEMSON-UNIVERSITY-D-COLLEGE-OF-ARCHITECTURE-ARTS-AND-HUMANITIES,r1-arts-deans.json,"College of Architecture, Arts and Humanities"
US-UNIVERSITY-OF-CINCINNATI-D-COLLEGE-CONSERVATORY-OF-MUSIC,r1-camd-deans.json,College-Conservatory of Music
US-VIRGINIA-STATE-UNIVERSITY-D-COLLEGE-OF-AGRICULTURE,r1-agschool-deans.json,College of Agriculture
US-UNIVERSITY-OF-SOUTH-FLORIDA-D-TANEJA-COLLEGE-OF-PHARMACY,r1-pharmacy-deans.json,Taneja College of Pharmacy
US-UNIVERSITY-OF-OREGON-D-DIVISION-OF-GRADUATE-STUDIES,r1-grad-deans.json,Division of Graduate Studies
US-CASE-WESTERN-RESERVE-UNIVERSITY-D-WEATHERHEAD-SCHOOL-OF-MANAGEMENT,r1-bschool-deans.json,Weatherhead School of Management
US-UNIVERSITY-OF-SOUTH-FLORIDA-D-MUMA-COLLEGE-OF-BUSINESS,r1-bschool-deans.json,Muma College of Business
US-HAMPTON-UNIVERSITY-D-SCHOOL-OF-NURSING,r1-nursing-deans.json,School of Nursing
US-LA-SALLE-UNIVERSITY-D-SCHOOL-OF-NURSING-AND-HEALTH-SCIENCES,r1-nursing-deans.json,School of Nursing and Health Sciences
US-SHENANDOAH-UNIVERSITY-D-ELEANOR-WADE-CUSTER-SCHOOL-OF-NURSING,r1-nursing-deans.json,Eleanor Wade Custer School of Nursing
US-WILMINGTON-UNIVERSITY-D-COLLEGE-OF-NURSING-AND-HEALTH-SCIENCES,r1-nursing-deans.json,College of Nursing and Health Sciences
US-FLORIDA-INTERNATIONAL-UNIVERSITY-D-ROBERT-STEMPEL-COLLEGE-OF-PUBLIC-HEALTH-AND-SOCI,r1-publichealth-deans.json,Robert Stempel College of Public Health & Social Work
US-INDIANA-UNIVERSITY-BLOOMINGTON-D-SCHOOL-OF-PUBLIC-HEALTH-BLOOMINGTON,r1-publichealth-deans.json,School of Public Health-Bloomington
US-NEW-YORK-UNIVERSITY-D-SCHOOL-OF-GLOBAL-PUBLIC-HEALTH,r1-publichealth-deans.json,School of Global Public Health
US-CENTRAL-MICHIGAN-UNIVERSITY-D-COLLEGE-OF-EDUCATION-AND-HUMAN-SERVICES,r1-education-deans.json,College of Education and Human Services
US-ILLINOIS-STATE-UNIVERSITY-D-COLLEGE-OF-EDUCATION,r1-education-deans.json,College of Education
US-SANTA-CLARA-UNIVERSITY-D-SCHOOL-OF-EDUCATION-AND-COUNSELING-PSYCHOLOGY,r1-education-deans.json,School of Education and Counseling Psychology
US-UNIVERSITY-OF-CALIFORNIA-IRVINE-D-SCHOOL-OF-EDUCATION,r1-education-deans.json,School of Education
US-UNIVERSITY-OF-COLORADO-DENVER-D-SCHOOL-OF-EDUCATION-AND-HUMAN-DEVELOPMENT,r1-education-deans.json,School of Education and Human Development
US-WESTERN-MICHIGAN-UNIVERSITY-D-COLLEGE-OF-EDUCATION-AND-HUMAN-DEVELOPMENT,r1-education-deans.json,College of Education and Human Development
US-IOWA-STATE-UNIVERSITY-D-COLLEGE-OF-LIBERAL-ARTS-AND-SCIENCES,r1-arts-deans.json,College of Liberal Arts and Sciences
US-LOUISIANA-STATE-UNIVERSITY-D-COLLEGE-OF-SCIENCE,r1-arts-deans.json,College of Science
US-MIAMI-UNIVERSITY-D-COLLEGE-OF-ARTS-AND-SCIENCE,r1-arts-deans.json,College of Arts and Science
US-RENSSELAER-POLYTECHNIC-INSTITUTE-D-SCHOOL-OF-HUMANITIES-ARTS-AND-SOCIAL-SCIENCES,r1-arts-deans.json,"School of Humanities, Arts, and Social Sciences"
US-TEXAS-CHRISTIAN-UNIVERSITY-D-COLLEGE-OF-SCIENCE-AND-ENGINEERING,r1-arts-deans.json,College of Science & Engineering
US-UNIVERSITY-OF-COLORADO-BOULDER-D-COLLEGE-OF-ARTS-AND-SCIENCES,r1-arts-deans.json,College of Arts and Sciences
US-UNIVERSITY-OF-HAWAII-MANOA-D-COLLEGE-OF-SOCIAL-SCIENCES,r1-arts-deans.json,College of Social Sciences
US-UNIVERSITY-OF-OREGON-D-COLLEGE-OF-ARTS-AND-SCIENCES,r1-arts-deans.json,College of Arts and Sciences
US-WASHINGTON-STATE-UNIVERSITY-D-COLLEGE-OF-ARTS-AND-SCIENCES,r1-arts-deans.json,College of Arts and Sciences
US-WAYNE-STATE-UNIVERSITY-D-COLLEGE-OF-LIBERAL-ARTS-AND-SCIENCES,r1-arts-deans.json,College of Liberal Arts and Sciences
US-UNIVERSITY-OF-HAWAII-MANOA-D-COLLEGE-OF-ARTS-LANGUAGES-AND-LETTERS,r1-arts-deans.json,"College of Arts, Languages & Letters (successor to the former College of Arts and Sciences)"
US-UNIVERSITY-OF-HAWAII-MANOA-D-COLLEGE-OF-ARTS-LANGUAGES-AND-LETTERS,r1-arts-deans.json,"College of Arts, Languages & Letters"
US-UNIVERSITY-OF-HAWAII-HILO-D-COLLEGE-OF-AGRICULTURE-FORESTRY-AND-NATURAL-RESO,r1-agschool-deans.json,"College of Agriculture, Forestry and Natural Resource Management"
US-WEST-VIRGINIA-UNIVERSITY-D-DAVIS-COLLEGE-OF-AGRICULTURE-AND-NATURAL-RESOURC,r1-agschool-deans.json,Davis College of Agriculture and Natural Resources
US-REGIS-UNIVERSITY-D-SCHOOL-OF-PHARMACY,r1-pharmacy-deans.json,School of Pharmacy
US-STONY-BROOK-UNIVERSITY-D-COLLEGE-OF-BUSINESS,r1-bschool-deans.json,College of Business
US-TEXAS-A-AND-M-UNIVERSITY-D-TEXAS-A-AND-M-UNIVERSITY-SCHOOL-OF-LAW,r1-lawschool-deans.json,Texas A&M University School of Law
US-COLORADO-STATE-UNIVERSITY-D-WALTER-SCOTT-JR-COLLEGE-OF-ENGINEERING,r1-eschool-deans.json,"Walter Scott, Jr. College of Engineering"
US-NEW-YORK-UNIVERSITY-D-TANDON-SCHOOL-OF-ENGINEERING,r1-eschool-deans.json,Tandon School of Engineering
US-UNIVERSITY-OF-MEMPHIS-D-HERFF-COLLEGE-OF-ENGINEERING,r1-eschool-deans.json,Herff College of Engineering
US-UNIVERSITY-OF-TEXAS-ARLINGTON-D-COLLEGE-OF-ENGINEERING,r1-eschool-deans.json,College of Engineering
US-BELLARMINE-UNIVERSITY-D-DONNA-AND-ALLAN-LANSING-SCHOOL-OF-NURSING-AND-CL,r1-nursing-deans.json,Donna and Allan Lansing School of Nursing and Clinical Sciences
US-KENT-STATE-UNIVERSITY-D-COLLEGE-OF-NURSING,r1-nursing-deans.json,College of Nursing
US-UNIVERSITY-OF-ALABAMA-D-CAPSTONE-COLLEGE-OF-NURSING,r1-nursing-deans.json,Capstone College of Nursing
US-WALDEN-UNIVERSITY-D-COLLEGE-OF-NURSING,r1-nursing-deans.json,College of Nursing
US-BROWN-UNIVERSITY-D-SCHOOL-OF-PUBLIC-HEALTH,r1-publichealth-deans.json,School of Public Health
US-INDIANA-UNIVERSITY-INDIANAPOLIS-D-RICHARD-M-FAIRBANKS-SCHOOL-OF-PUBLIC-HEALTH,r1-publichealth-deans.json,Richard M. Fairbanks School of Public Health
US-HOFSTRA-UNIVERSITY-D-SCHOOL-OF-EDUCATION,r1-education-deans.json,School of Education
US-OAKLAND-UNIVERSITY-D-SCHOOL-OF-EDUCATION-AND-HUMAN-SERVICES,r1-education-deans.json,School of Education and Human Services
US-ROWAN-UNIVERSITY-D-COLLEGE-OF-EDUCATION,r1-education-deans.json,College of Education
US-UNIVERSITY-OF-NEVADA-RENO-D-COLLEGE-OF-EDUCATION-AND-HUMAN-DEVELOPMENT,r1-education-deans.json,College of Education and Human Development
US-MISSISSIPPI-STATE-UNIVERSITY-D-COLLEGE-OF-ARTS-AND-SCIENCES,r1-arts-deans.json,College of Arts and Sciences
US-NORTH-CAROLINA-STATE-UNIVERSITY-D-COLLEGE-OF-SCIENCES,r1-arts-deans.json,College of Sciences
US-UNIVERSITY-OF-MARYLAND-BALTIMORE-COUNTY-D-COLLEGE-OF-ARTS-HUMANITIES-AND-SOCIAL-SCIENCES,r1-arts-deans.json,"College of Arts, Humanities, and Social Sciences"
US-UNIVERSITY-OF-MEMPHIS-D-COLLEGE-OF-ARTS-AND-SCIENCES,r1-arts-deans.json,College of Arts and Sciences
US-UNIVERSITY-OF-OKLAHOMA-D-DODGE-FAMILY-COLLEGE-OF-ARTS-AND-SCIENCES,r1-arts-deans.json,Dodge Family College of Arts and Sciences
US-UNIVERSITY-OF-TEXAS-EL-PASO-D-COLLEGE-OF-SCIENCE,r1-arts-deans.json,College of Science
US-UNIVERSITY-OF-UTAH-D-COLLEGE-OF-SOCIAL-AND-BEHAVIORAL-SCIENCE,r1-arts-deans.json,College of Social and Behavioral Science
US-UNIVERSITY-OF-NEBRASKA-LINCOLN-D-COLLEGE-OF-ARTS-AND-SCIENCES,r1-arts-deans.json,College of Arts and Sciences
US-UNIVERSITY-OF-TULSA-D-KENDALL-COLLEGE-OF-ARTS-AND-SCIENCES,r1-arts-deans.json,Kendall College of Arts and Sciences
US-HUNTER-COLLEGE-D-SCHOOL-OF-ARTS-AND-SCIENCES,r1-arts-deans.json,School of Arts and Sciences
US-OAKLAND-UNIVERSITY-D-COLLEGE-OF-ARTS-AND-SCIENCES,r1-arts-deans.json,College of Arts and Sciences
US-FLORIDA-STATE-UNIVERSITY-D-COLLEGE-OF-FINE-ARTS,r1-camd-deans.json,College of Fine Arts
US-TEMPLE-UNIVERSITY-D-KLEIN-COLLEGE-OF-MEDIA-AND-COMMUNICATION,r1-camd-deans.json,Klein College of Media and Communication
US-ARKANSAS-STATE-UNIVERSITY-D-COLLEGE-OF-AGRICULTURE,r1-agschool-deans.json,College of Agriculture
US-CHAPMAN-UNIVERSITY-D-SCHOOL-OF-PHARMACY,r1-pharmacy-deans.json,School of Pharmacy
US-UNIVERSITY-OF-TEXAS-TYLER-D-BEN-AND-MAYTEE-FISCH-COLLEGE-OF-PHARMACY,r1-pharmacy-deans.json,Ben and Maytee Fisch College of Pharmacy
US-UNIVERSITY-OF-NEVADA-LAS-VEGAS-D-LEE-BUSINESS-SCHOOL,r1-bschool-deans.json,Lee Business School
US-WASHINGTON-STATE-UNIVERSITY-D-CARSON-COLLEGE-OF-BUSINESS,r1-bschool-deans.json,Carson College of Business
US-UNIVERSITY-OF-NEVADA-LAS-VEGAS-D-KIRK-KERKORIAN-SCHOOL-OF-MEDICINE-AT-UNLV,r1-medschool-deans.json,Kirk Kerkorian School of Medicine at UNLV
US-UNIVERSITY-OF-TEXAS-AUSTIN-D-DELL-MEDICAL-SCHOOL,r1-medschool-deans.json,Dell Medical School
US-UNIVERSITY-OF-MARYLAND-BALTIMORE-COUNTY-D-COLLEGE-OF-ENGINEERING-AND-INFORMATION-TECHNOLOG,r1-eschool-deans.json,College of Engineering and Information Technology
US-LIBERTY-UNIVERSITY-D-SCHOOL-OF-NURSING,r1-nursing-deans.json,School of Nursing
US-OKLAHOMA-CITY-UNIVERSITY-D-KRAMER-SCHOOL-OF-NURSING,r1-nursing-deans.json,Kramer School of Nursing
US-SACRED-HEART-UNIVERSITY-D-DR-SUSAN-L-DAVIS-AND-RICHARD-J-HENLEY-COLLEGE-OF,r1-nursing-deans.json,Dr. Susan L. Davis and Richard J. Henley College of Nursing
US-TEXAS-WOMANS-UNIVERSITY-D-COLLEGE-OF-NURSING,r1-nursing-deans.json,College of Nursing
US-TEMPLE-UNIVERSITY-D-BARNETT-COLLEGE-OF-PUBLIC-HEALTH,r1-publichealth-deans.json,Barnett College of Public Health
US-MONTCLAIR-STATE-UNIVERSITY-D-COLLEGE-FOR-EDUCATION-AND-ENGAGED-LEARNING,r1-education-deans.json,College for Education and Engaged Learning
US-SAM-HOUSTON-STATE-UNIVERSITY-D-COLLEGE-OF-EDUCATION,r1-education-deans.json,College of Education
US-TARLETON-STATE-UNIVERSITY-D-COLLEGE-OF-EDUCATION,r1-education-deans.json,College of Education
US-UNIVERSITY-OF-TEXAS-TYLER-D-COLLEGE-OF-EDUCATION-AND-PSYCHOLOGY,r1-education-deans.json,College of Education and Psychology
US-UNIVERSITY-OF-CALIFORNIA-RIVERSIDE-D-SCHOOL-OF-EDUCATION,r1-education-deans.json,School of Education
US-UNIVERSITY-OF-NEW-MEXICO-D-COLLEGE-OF-EDUCATION-AND-HUMAN-SCIENCES,r1-education-deans.json,College of Education and Human Sciences
US-UNIVERSITY-OF-UTAH-D-COLLEGE-OF-EDUCATION,r1-education-deans.json,College of Education
US-MISSOURI-UNIVERSITY-OF-SCIENCE-AND-TECHNOLOGY-D-COLLEGE-OF-ARTS-SCIENCES-AND-EDUCATION,r1-arts-deans.json,"College of Arts, Sciences, and Education"
US-SOUTHERN-METHODIST-UNIVERSITY-D-DEDMAN-COLLEGE-OF-HUMANITIES-AND-SCIENCES,r1-arts-deans.json,Dedman College of Humanities and Sciences
US-UNIVERSITY-OF-ALABAMA-HUNTSVILLE-D-COLLEGE-OF-SCIENCE,r1-arts-deans.json,College of Science
US-UNIVERSITY-OF-CALIFORNIA-BERKELEY-D-COLLEGE-OF-LETTERS-AND-SCIENCE,r1-arts-deans.json,College of Letters & Science
US-UNIVERSITY-OF-CALIFORNIA-LOS-ANGELES-D-COLLEGE-OF-LETTERS-AND-SCIENCE,r1-arts-deans.json,College of Letters and Science
US-UNIVERSITY-OF-CALIFORNIA-SAN-DIEGO-D-SCHOOL-OF-SOCIAL-SCIENCES,r1-arts-deans.json,School of Social Sciences
US-UNIVERSITY-OF-COLORADO-DENVER-D-COLLEGE-OF-LIBERAL-ARTS-AND-SCIENCES,r1-arts-deans.json,College of Liberal Arts and Sciences
US-UNIVERSITY-OF-MAINE-D-COLLEGE-OF-LIBERAL-ARTS-AND-SCIENCES,r1-arts-deans.json,College of Liberal Arts and Sciences
US-UNIVERSITY-OF-ROCHESTER-D-SCHOOL-OF-ARTS-AND-SCIENCES,r1-arts-deans.json,School of Arts & Sciences
US-YALE-UNIVERSITY-D-FACULTY-OF-ARTS-AND-SCIENCES,r1-arts-deans.json,Faculty of Arts and Sciences
US-BOWLING-GREEN-STATE-UNIVERSITY-D-COLLEGE-OF-ARTS-AND-SCIENCES,r1-arts-deans.json,College of Arts and Sciences
US-ILLINOIS-STATE-UNIVERSITY-D-COLLEGE-OF-ARTS-AND-SCIENCES,r1-arts-deans.json,College of Arts and Sciences
US-LOYOLA-MARYMOUNT-UNIVERSITY-D-COLLEGE-OF-LIBERAL-ARTS,r1-arts-deans.json,College of Liberal Arts
US-UNIVERSITY-OF-FINDLAY-D-COLLEGE-OF-PHARMACY,r1-pharmacy-deans.json,College of Pharmacy
US-UNIVERSITY-OF-TEXAS-RIO-GRANDE-VALLEY-CENTRAL,r1-r2public-deans.json,Office of the President
US-RUTGERS-UNIVERSITY-D-RUTGERS-LAW-SCHOOL,r1-lawschool-deans.json,Rutgers Law School
US-TEXAS-CHRISTIAN-UNIVERSITY-D-ANNE-BURNETT-MARION-SCHOOL-OF-MEDICINE-AT-TEXAS,r1-medschool-deans.json,Anne Burnett Marion School of Medicine at Texas Christian University (Burnett School of Medicine at TCU)
US-WASHINGTON-STATE-UNIVERSITY-D-ELSON-S-FLOYD-COLLEGE-OF-MEDICINE,r1-medschool-deans.json,Elson S. Floyd College of Medicine
US-GRAND-CANYON-UNIVERSITY-D-COLLEGE-OF-NURSING-AND-HEALTH-CARE-PROFESSIONS,r1-nursing-deans.json,College of Nursing and Health Care Professions
US-HOFSTRA-UNIVERSITY-D-HOFSTRA-NORTHWELL-SCHOOL-OF-NURSING-AND-PHYSICIA,r1-nursing-deans.json,Hofstra Northwell School of Nursing and Physician Assistant Studies
US-NORTHEASTERN-UNIVERSITY-D-SCHOOL-OF-NURSING,r1-nursing-deans.json,School of Nursing
US-SETON-HALL-UNIVERSITY-D-COLLEGE-OF-NURSING,r1-nursing-deans.json,College of Nursing
US-UNION-UNIVERSITY-D-SCHOOL-OF-NURSING,r1-nursing-deans.json,School of Nursing
US-WILKES-UNIVERSITY-D-PASSAN-SCHOOL-OF-NURSING,r1-nursing-deans.json,Passan School of Nursing
US-LOMA-LINDA-UNIVERSITY-D-SCHOOL-OF-PUBLIC-HEALTH,r1-publichealth-deans.json,School of Public Health
US-AUGUSTA-UNIVERSITY-D-COLLEGE-OF-EDUCATION-AND-HUMAN-DEVELOPMENT,r1-education-deans.json,College of Education and Human Development
US-CLEMSON-UNIVERSITY-D-COLLEGE-OF-EDUCATION,r1-education-deans.json,College of Education
US-LAMAR-UNIVERSITY-D-COLLEGE-OF-EDUCATION-AND-HUMAN-DEVELOPMENT,r1-education-deans.json,College of Education and Human Development
US-LOUISIANA-TECH-UNIVERSITY-D-COLLEGE-OF-EDUCATION-AND-HUMAN-SCIENCES,r1-education-deans.json,College of Education and Human Sciences
US-MIAMI-UNIVERSITY-D-COLLEGE-OF-EDUCATION-HEALTH-AND-SOCIETY,r1-education-deans.json,"College of Education, Health and Society"
US-MONTANA-STATE-UNIVERSITY-D-COLLEGE-OF-EDUCATION-HEALTH-AND-HUMAN-DEVELOPMEN,r1-education-deans.json,"College of Education, Health and Human Development"
US-UNIVERSITY-OF-TEXAS-RIO-GRANDE-VALLEY-D-COLLEGE-OF-EDUCATION-AND-P-16-INTEGRATION,r1-education-deans.json,College of Education and P-16 Integration
US-UNIVERSITY-OF-CENTRAL-ARKANSAS-D-COLLEGE-OF-EDUCATION,r1-education-deans.json,College of Education
US-KENT-STATE-UNIVERSITY-D-COLLEGE-OF-ARTS-AND-SCIENCES,r1-arts-deans.json,College of Arts and Sciences
US-RENSSELAER-POLYTECHNIC-INSTITUTE-D-SCHOOL-OF-SCIENCE,r1-arts-deans.json,School of Science
US-UNIVERSITY-OF-HOUSTON-D-COLLEGE-OF-NATURAL-SCIENCES-AND-MATHEMATICS,r1-arts-deans.json,College of Natural Sciences and Mathematics
US-UNIVERSITY-OF-MASSACHUSETTS-AMHERST-D-COLLEGE-OF-SOCIAL-AND-BEHAVIORAL-SCIENCES,r1-arts-deans.json,College of Social and Behavioral Sciences
US-UNIVERSITY-OF-TEXAS-DALLAS-D-SCHOOL-OF-NATURAL-SCIENCES-AND-MATHEMATICS,r1-arts-deans.json,School of Natural Sciences and Mathematics
US-FORDHAM-UNIVERSITY-D-FORDHAM-COLLEGE-OF-ARTS-AND-SCIENCES,r1-arts-deans.json,Fordham College of Arts and Sciences
US-TEXAS-A-AND-M-UNIVERSITY-D-COLLEGE-OF-LIBERAL-ARTS,r1-arts-deans.json,College of Liberal Arts
US-UNIVERSITY-OF-COLORADO-BOULDER-D-COLLEGE-OF-MEDIA-COMMUNICATION-AND-INFORMATION,r1-camd-deans.json,College of Media Communication and Information
US-INDIANA-UNIVERSITY-BLOOMINGTON-D-MEDIA-SCHOOL,r1-camd-deans.json,The Media School
US-NEW-SCHOOL-D-COLLEGE-OF-PERFORMING-ARTS,r1-camd-deans.json,College of Performing Arts
US-UNIVERSITY-OF-SOUTHERN-CALIFORNIA-D-GLORYA-KAUFMAN-SCHOOL-OF-DANCE,r1-camd-deans.json,Glorya Kaufman School of Dance
US-NORTH-CAROLINA-A-AND-T-STATE-UNIVERSITY-D-COLLEGE-OF-AGRICULTURE-AND-ENVIRONMENTAL-SCIENCE,r1-agschool-deans.json,College of Agriculture and Environmental Sciences
US-TENNESSEE-TECHNOLOGICAL-UNIVERSITY-D-COLLEGE-OF-AGRICULTURE-AND-HUMAN-ECOLOGY,r1-agschool-deans.json,College of Agriculture and Human Ecology
US-BINGHAMTON-UNIVERSITY-D-SCHOOL-OF-PHARMACY-AND-PHARMACEUTICAL-SCIENCES,r1-pharmacy-deans.json,School of Pharmacy and Pharmaceutical Sciences
US-MEDICAL-COLLEGE-OF-WISCONSIN-D-SCHOOL-OF-PHARMACY,r1-pharmacy-deans.json,School of Pharmacy
US-UNIVERSITY-OF-TEXAS-EL-PASO-D-SCHOOL-OF-PHARMACY,r1-pharmacy-deans.json,School of Pharmacy
US-UNIVERSITY-BUFFALO-D-GRADUATE-SCHOOL,r1-grad-deans.json,Graduate School
US-UNIVERSITY-OF-NEW-HAMPSHIRE-D-PETER-T-PAUL-COLLEGE-OF-BUSINESS-AND-ECONOMICS,r1-bschool-deans.json,Peter T. Paul College of Business and Economics
US-UNIVERSITY-OF-RHODE-ISLAND-D-COLLEGE-OF-BUSINESS,r1-bschool-deans.json,College of Business
US-UNIVERSITY-OF-IDAHO-D-COLLEGE-OF-BUSINESS-AND-ECONOMICS,r1-bschool-deans.json,College of Business and Economics
US-UNIVERSITY-OF-ILLINOIS-CHICAGO-D-UNIVERSITY-OF-ILLINOIS-CHICAGO-SCHOOL-OF-LAW,r1-lawschool-deans.json,University of Illinois Chicago School of Law
US-UNIVERSITY-OF-ILLINOIS-URBANA-CHAMPAIGN-D-CARLE-ILLINOIS-COLLEGE-OF-MEDICINE,r1-medschool-deans.json,Carle Illinois College of Medicine
US-MISSOURI-UNIVERSITY-OF-SCIENCE-AND-TECHNOLOGY-D-COLLEGE-OF-ENGINEERING-AND-COMPUTING,r1-eschool-deans.json,College of Engineering and Computing
US-UNIVERSITY-OF-NEW-HAMPSHIRE-D-COLLEGE-OF-ENGINEERING-AND-PHYSICAL-SCIENCES,r1-eschool-deans.json,College of Engineering and Physical Sciences
US-MONTCLAIR-STATE-UNIVERSITY-D-SCHOOL-OF-NURSING,r1-nursing-deans.json,School of Nursing
US-UNIVERSITY-OF-MICHIGAN-FLINT-D-SCHOOL-OF-NURSING,r1-nursing-deans.json,School of Nursing
US-UNIVERSITY-OF-NEVADA-RENO-D-ORVIS-SCHOOL-OF-NURSING,r1-nursing-deans.json,Orvis School of Nursing
US-AMERICAN-UNIVERSITY-D-SCHOOL-OF-EDUCATION,r1-education-deans.json,School of Education
US-ARKANSAS-STATE-UNIVERSITY-D-COLLEGE-OF-EDUCATION-AND-BEHAVIORAL-SCIENCE,r1-education-deans.json,College of Education and Behavioral Science
US-BOWLING-GREEN-STATE-UNIVERSITY-D-COLLEGE-OF-EDUCATION-AND-HUMAN-DEVELOPMENT,r1-education-deans.json,College of Education and Human Development
US-CITY-UNIVERSITY-OF-SEATTLE-D-ALBRIGHT-SCHOOL-OF-EDUCATION,r1-education-deans.json,Albright School of Education
US-KENT-STATE-UNIVERSITY-D-COLLEGE-OF-EDUCATION-HEALTH-AND-HUMAN-SERVICES,r1-education-deans.json,"College of Education, Health and Human Services"
US-NORTHERN-ILLINOIS-UNIVERSITY-D-COLLEGE-OF-EDUCATION,r1-education-deans.json,College of Education
US-TEXAS-A-AND-M-UNIVERSITY-D-COLLEGE-OF-EDUCATION-AND-HUMAN-DEVELOPMENT,r1-education-deans.json,College of Education and Human Development
US-UNIVERSITY-OF-LA-VERNE-D-LAFETRA-COLLEGE-OF-EDUCATION,r1-education-deans.json,LaFetra College of Education
US-UNIVERSITY-OF-MAINE-D-COLLEGE-OF-EDUCATION-AND-HUMAN-DEVELOPMENT,r1-education-deans.json,College of Education and Human Development
US-UNIVERSITY-OF-VERMONT-D-COLLEGE-OF-EDUCATION-AND-SOCIAL-SERVICES,r1-education-deans.json,College of Education and Social Services
US-CARNEGIE-MELLON-UNIVERSITY-D-MELLON-COLLEGE-OF-SCIENCE,r1-arts-deans.json,Mellon College of Science
US-CLEMSON-UNIVERSITY-D-COLLEGE-OF-BEHAVIORAL-SOCIAL-AND-HEALTH-SCIENCES,r1-arts-deans.json,"College of Behavioral, Social and Health Sciences"
US-NORTH-CAROLINA-A-AND-T-STATE-UNIVERSITY-D-COLLEGE-OF-SCIENCE-AND-TECHNOLOGY,r1-arts-deans.json,College of Science and Technology
US-PURDUE-UNIVERSITY-D-COLLEGE-OF-SCIENCE,r1-arts-deans.json,College of Science
US-UNIVERSITY-OF-CHICAGO-D-DIVISION-OF-THE-ARTS-AND-HUMANITIES,r1-arts-deans.json,Division of the Arts & Humanities
US-UNIVERSITY-OF-IDAHO-D-COLLEGE-OF-LETTERS-ARTS-AND-SOCIAL-SCIENCES,r1-arts-deans.json,"College of Letters, Arts and Social Sciences"
US-UNIVERSITY-OF-NEVADA-LAS-VEGAS-D-COLLEGE-OF-SCIENCES,r1-arts-deans.json,College of Sciences
US-UNIVERSITY-OF-NEVADA-RENO-D-COLLEGE-OF-LIBERAL-ARTS,r1-arts-deans.json,College of Liberal Arts
US-UNIVERSITY-OF-NEW-HAMPSHIRE-D-COLLEGE-OF-LIBERAL-ARTS,r1-arts-deans.json,College of Liberal Arts
US-YALE-UNIVERSITY-D-SCHOOL-OF-HUMANITIES,r1-arts-deans.json,School of Humanities
US-INDIANA-STATE-UNIVERSITY-D-COLLEGE-OF-ARTS-AND-SCIENCES,r1-arts-deans.json,College of Arts and Sciences
US-ROWAN-UNIVERSITY-D-COLLEGE-OF-LIBERAL-ARTS,r1-arts-deans.json,"College of Liberal Arts (now Ric Edelman College of Communication, Humanities & Social Sciences)"
US-TUFTS-UNIVERSITY-D-SCHOOL-OF-THE-MUSEUM-OF-FINE-ARTS,r1-camd-deans.json,School of the Museum of Fine Arts (SMFA)
US-TARLETON-STATE-UNIVERSITY-D-COLLEGE-OF-AGRICULTURE-AND-NATURAL-RESOURCES,r1-agschool-deans.json,College of Agriculture and Natural Resources
US-WILLIAM-CAREY-UNIVERSITY-D-SCHOOL-OF-PHARMACY,r1-pharmacy-deans.json,School of Pharmacy
US-WEST-VIRGINIA-UNIVERSITY-D-JOHN-CHAMBERS-COLLEGE-OF-BUSINESS-AND-ECONOMICS,r1-bschool-deans.json,John Chambers College of Business and Economics
US-UNIVERSITY-OF-LOUISVILLE-D-COLLEGE-OF-BUSINESS,r1-bschool-deans.json,College of Business
US-UNIVERSITY-OF-NORTH-DAKOTA-D-NISTLER-COLLEGE-OF-BUSINESS-AND-PUBLIC-ADMINISTR,r1-bschool-deans.json,Nistler College of Business and Public Administration
US-AURORA-UNIVERSITY-D-SCHOOL-OF-NURSING,r1-nursing-deans.json,School of Nursing
US-GEORGE-FOX-UNIVERSITY-D-COLLEGE-OF-NURSING,r1-nursing-deans.json,College of Nursing
US-UNIVERSITY-OF-CALIFORNIA-IRVINE-D-SUE-AND-BILL-GROSS-SCHOOL-OF-NURSING,r1-nursing-deans.json,Sue & Bill Gross School of Nursing
US-UNIVERSITY-OF-OKLAHOMA-HEALTH-SCIENCES-CENTER-D-FRAN-AND-EARL-ZIEGLER-COLLEGE-OF-NURSING,r1-nursing-deans.json,Fran and Earl Ziegler College of Nursing
US-GEORGE-MASON-UNIVERSITY-D-COLLEGE-OF-PUBLIC-HEALTH,r1-publichealth-deans.json,College of Public Health
US-UNIVERSITY-OF-NEVADA-RENO-D-SCHOOL-OF-PUBLIC-HEALTH,r1-publichealth-deans.json,School of Public Health
US-WEST-VIRGINIA-UNIVERSITY-D-SCHOOL-OF-PUBLIC-HEALTH,r1-publichealth-deans.json,School of Public Health
US-BALL-STATE-UNIVERSITY-D-TEACHERS-COLLEGE,r1-education-deans.json,Teachers College
US-CALIFORNIA-STATE-UNIVERSITY-LOS-ANGELES-D-CHARTER-COLLEGE-OF-EDUCATION,r1-education-deans.json,Charter College of Education
US-PORTLAND-STATE-UNIVERSITY-D-COLLEGE-OF-EDUCATION,r1-education-deans.json,College of Education (Graduate School of Education)
US-SOUTHERN-ILLINOIS-UNIVERSITY-EDWARDSVILLE-D-SCHOOL-OF-EDUCATION-HEALTH-AND-HUMAN-BEHAVIOR,r1-education-deans.json,"School of Education, Health and Human Behavior"
US-TEXAS-WOMANS-UNIVERSITY-D-COLLEGE-OF-PROFESSIONAL-EDUCATION,r1-education-deans.json,College of Professional Education
US-CLEMSON-UNIVERSITY-D-COLLEGE-OF-SCIENCE,r1-arts-deans.json,College of Science
US-UNIVERSITY-OF-CALIFORNIA-DAVIS-D-COLLEGE-OF-LETTERS-AND-SCIENCE,r1-arts-deans.json,College of Letters and Science
US-UNIVERSITY-OF-MASSACHUSETTS-AMHERST-D-COLLEGE-OF-NATURAL-SCIENCES,r1-arts-deans.json,College of Natural Sciences
US-UNIVERSITY-OF-UTAH-D-COLLEGE-OF-HUMANITIES,r1-arts-deans.json,College of Humanities
US-GEORGETOWN-UNIVERSITY-D-COLLEGE-OF-ARTS-AND-SCIENCES,r1-arts-deans.json,College of Arts and Sciences
US-GEORGETOWN-UNIVERSITY-D-COLLEGE-OF-ARTS-AND-SCIENCES,r1-arts-deans.json,College of Arts & Sciences (formerly Georgetown College)
US-NEW-YORK-UNIVERSITY-D-COLLEGE-OF-ARTS-AND-SCIENCE,r1-arts-deans.json,College of Arts & Science
US-PORTLAND-STATE-UNIVERSITY-D-COLLEGE-OF-THE-ARTS,r1-arts-deans.json,College of the Arts
US-SAN-JOSE-STATE-UNIVERSITY-D-COLLEGE-OF-HUMANITIES-AND-THE-ARTS,r1-arts-deans.json,College of Humanities and the Arts
US-LONG-ISLAND-UNIVERSITY-D-LEWYT-COLLEGE-OF-VETERINARY-MEDICINE,r1-vet-deans.json,Lewyt College of Veterinary Medicine (formerly LIU College of Veterinary Medicine)
US-UNIVERSITY-OF-OKLAHOMA-D-GRADUATE-COLLEGE,r1-grad-deans.json,Graduate College
US-COLORADO-SCHOOL-OF-MINES-D-GRADUATE-SCHOOL,r1-grad-deans.json,Graduate School
US-GEORGE-MASON-UNIVERSITY-D-COSTELLO-COLLEGE-OF-BUSINESS,r1-bschool-deans.json,Costello College of Business
US-PURDUE-UNIVERSITY-GLOBAL-CENTRAL,r1-r2public-deans.json,Office of the Chancellor
US-UNIVERSITY-OF-HOUSTON-D-TILMAN-J-FERTITTA-FAMILY-COLLEGE-OF-MEDICINE,r1-medschool-deans.json,Tilman J. Fertitta Family College of Medicine
US-KENT-STATE-UNIVERSITY-D-COLLEGE-OF-AERONAUTICS-AND-ENGINEERING,r1-eschool-deans.json,College of Aeronautics and Engineering
US-UNIVERSITY-OF-NEW-MEXICO-D-SCHOOL-OF-ENGINEERING,r1-eschool-deans.json,School of Engineering
US-GONZAGA-UNIVERSITY-D-SCHOOL-OF-NURSING-AND-HUMAN-PHYSIOLOGY,r1-nursing-deans.json,School of Nursing and Human Physiology
US-AURORA-UNIVERSITY-D-COLLEGE-OF-EDUCATION-AND-SOCIAL-WORK,r1-education-deans.json,College of Education and Social Work
US-CLARK-ATLANTA-UNIVERSITY-D-SCHOOL-OF-EDUCATION,r1-education-deans.json,School of Education
US-CONCORDIA-UNIVERSITY-WISCONSIN-D-SCHOOL-OF-EDUCATION,r1-education-deans.json,School of Education
US-INDIANA-UNIVERSITY-INDIANAPOLIS-D-SCHOOL-OF-EDUCATION,r1-education-deans.json,School of Education
US-NORTH-CAROLINA-A-AND-T-STATE-UNIVERSITY-D-COLLEGE-OF-EDUCATION,r1-education-deans.json,College of Education
US-SAN-JOSE-STATE-UNIVERSITY-D-CONNIE-L-LURIE-COLLEGE-OF-EDUCATION,r1-education-deans.json,Connie L. Lurie College of Education
US-SEATTLE-PACIFIC-UNIVERSITY-D-SCHOOL-OF-EDUCATION,r1-education-deans.json,School of Education
US-TEXAS-STATE-UNIVERSITY-D-COLLEGE-OF-EDUCATION,r1-education-deans.json,College of Education
US-UNIVERSITY-OF-HARTFORD-D-COLLEGE-OF-EDUCATION-NURSING-AND-HEALTH-PROFESSI,r1-education-deans.json,"College of Education, Nursing and Health Professions"
US-UNIVERSITY-OF-ALABAMA-HUNTSVILLE-D-COLLEGE-OF-ARTS-HUMANITIES-AND-SOCIAL-SCIENCES,r1-arts-deans.json,"College of Arts, Humanities, & Social Sciences"
US-EAST-TEXAS-A-AND-M-UNIVERSITY-D-COLLEGE-OF-AGRICULTURAL-SCIENCES-AND-NATURAL-RES,r1-agschool-deans.json,College of Agricultural Sciences and Natural Resources
US-PRAIRIE-VIEW-A-AND-M-UNIVERSITY-D-COLLEGE-OF-AGRICULTURE-AND-HUMAN-SCIENCES,r1-agschool-deans.json,College of Agriculture and Human Sciences
US-TEXAS-TECH-UNIVERSITY-D-DAVIS-COLLEGE-OF-AGRICULTURAL-SCIENCES-AND-NATUR,r1-agschool-deans.json,Davis College of Agricultural Sciences and Natural Resources
US-WASHINGTON-STATE-UNIVERSITY-D-COLLEGE-OF-AGRICULTURAL-HUMAN-AND-NATURAL-RESOUR,r1-agschool-deans.json,"College of Agricultural, Human, and Natural Resource Sciences"
US-IDAHO-STATE-UNIVERSITY-D-L-S-SKAGGS-COLLEGE-OF-PHARMACY,r1-pharmacy-deans.json,L.S. Skaggs College of Pharmacy
US-SAINT-JOSEPHS-UNIVERSITY-D-PHILADELPHIA-COLLEGE-OF-PHARMACY,r1-pharmacy-deans.json,Philadelphia College of Pharmacy
US-SOUTH-COLLEGE-D-SCHOOL-OF-PHARMACY,r1-pharmacy-deans.json,School of Pharmacy
US-UNIVERSITY-OF-CALIFORNIA-IRVINE-D-SCHOOL-OF-PHARMACY-AND-PHARMACEUTICAL-SCIENCES,r1-pharmacy-deans.json,School of Pharmacy and Pharmaceutical Sciences
US-UNIVERSITY-OF-MICHIGAN-D-RACKHAM-GRADUATE-SCHOOL,r1-grad-deans.json,Rackham Graduate School
US-CUNY-BARUCH-COLLEGE-PROVOST,r1-provost-deans.json,Office of the Provost and Senior Vice President for Academic Affairs
US-ST-CATHERINE-UNIVERSITY-D-SCHOOL-OF-NURSING,r1-nursing-deans.json,School of Nursing
US-UNIVERSITY-OF-CALIFORNIA-IRVINE-D-JOE-C-WEN-SCHOOL-OF-POPULATION-AND-PUBLIC-HEALTH,r1-publichealth-deans.json,Joe C. Wen School of Population & Public Health
US-AMERICAN-INTERNATIONAL-COLLEGE-D-SCHOOL-OF-EDUCATION,r1-education-deans.json,School of Education
US-KEAN-UNIVERSITY-D-COLLEGE-OF-EDUCATION,r1-education-deans.json,College of Education
US-MORGAN-STATE-UNIVERSITY-D-SCHOOL-OF-EDUCATION-AND-URBAN-STUDIES,r1-education-deans.json,School of Education and Urban Studies
US-TEXAS-A-AND-M-UNIVERSITY-KINGSVILLE-D-COLLEGE-OF-EDUCATION-AND-HUMAN-PERFORMANCE,r1-education-deans.json,College of Education and Human Performance
US-WEST-CHESTER-UNIVERSITY-OF-PENNSYLVANIA-D-COLLEGE-OF-EDUCATION-AND-SOCIAL-WORK,r1-education-deans.json,College of Education and Social Work
US-UNIVERSITY-OF-CALIFORNIA-IRVINE-D-SCHOOL-OF-PHYSICAL-SCIENCES,r1-arts-deans.json,School of Physical Sciences
US-FLORIDA-GULF-COAST-UNIVERSITY-D-COLLEGE-OF-ARTS-AND-SCIENCES,r1-arts-deans.json,College of Arts and Sciences
US-LOUISIANA-STATE-UNIVERSITY-D-COLLEGE-OF-LIBERAL-ARTS,r1-arts-deans.json,College of Liberal Arts
US-UNIVERSITY-OF-CALIFORNIA-LOS-ANGELES-D-HERB-ALPERT-SCHOOL-OF-MUSIC,r1-camd-deans.json,Herb Alpert School of Music
US-CREIGHTON-UNIVERSITY-D-SCHOOL-OF-PHARMACY-AND-HEALTH-PROFESSIONS,r1-pharmacy-deans.json,School of Pharmacy and Health Professions
US-TEXAS-SOUTHERN-UNIVERSITY-D-JOAN-M-LAFLEUR-COLLEGE-OF-PHARMACY-AND-HEALTH-SC,r1-pharmacy-deans.json,Joan M. Lafleur College of Pharmacy and Health Sciences
US-TEXAS-TECH-UNIVERSITY-D-SCHOOL-OF-VETERINARY-MEDICINE,r1-vet-deans.json,School of Veterinary Medicine
US-UNIVERSITY-OF-ARIZONA-D-COLLEGE-OF-VETERINARY-MEDICINE,r1-vet-deans.json,College of Veterinary Medicine
US-NORTH-CAROLINA-STATE-UNIVERSITY-D-GRADUATE-SCHOOL,r1-grad-deans.json,Graduate School
US-UNIVERSITY-OF-MISSISSIPPI-D-GRADUATE-SCHOOL,r1-grad-deans.json,Graduate School
US-UNIVERSITY-OF-MISSOURI-D-GRADUATE-SCHOOL,r1-grad-deans.json,Graduate School
US-UNIVERSITY-OF-TEXAS-ARLINGTON-D-GRADUATE-SCHOOL,r1-grad-deans.json,Graduate School
US-CHAPMAN-UNIVERSITY-D-GRADUATE-SCHOOL,r1-grad-deans.json,Graduate School
US-UNIVERSITY-OF-MAINE-D-MAINE-BUSINESS-SCHOOL,r1-bschool-deans.json,Maine Business School
US-LINCOLN-MEMORIAL-UNIVERSITY-D-CAYLOR-SCHOOL-OF-NURSING,r1-nursing-deans.json,Caylor School of Nursing
US-RADFORD-UNIVERSITY-D-COLLEGE-OF-NURSING,r1-nursing-deans.json,College of Nursing
US-VALDOSTA-STATE-UNIVERSITY-D-COLLEGE-OF-NURSING-AND-HEALTH-SCIENCES,r1-nursing-deans.json,College of Nursing and Health Sciences
US-ST-JOHN-FISHER-UNIVERSITY-D-RALPH-C-WILSON-JR-SCHOOL-OF-EDUCATION,r1-education-deans.json,"Ralph C. Wilson, Jr. School of Education"
US-EAST-TEXAS-A-AND-M-UNIVERSITY-D-COLLEGE-OF-EDUCATION-AND-HUMAN-SERVICES,r1-education-deans.json,College of Education and Human Services
US-UNIVERSITY-OF-HOUSTON-CLEAR-LAKE-D-COLLEGE-OF-EDUCATION,r1-education-deans.json,College of Education
US-UNIVERSITY-OF-NORTHERN-COLORADO-D-COLLEGE-OF-EDUCATION-AND-BEHAVIORAL-SCIENCES,r1-education-deans.json,College of Education and Behavioral Sciences
US-BRIGHAM-YOUNG-UNIVERSITY-D-COLLEGE-OF-COMPUTATIONAL-MATHEMATICAL-AND-PHYSIC,r1-arts-deans.json,"College of Computational, Mathematical, and Physical Sciences"
US-CARNEGIE-MELLON-UNIVERSITY-D-SCHOOL-OF-DRAMA,r1-arts-deans.json,School of Drama
US-MARQUETTE-UNIVERSITY-D-HELEN-WAY-KLINGLER-COLLEGE-OF-ARTS-AND-SCIENCES,r1-arts-deans.json,Helen Way Klingler College of Arts and Sciences
US-UNIVERSITY-OF-MASSACHUSETTS-AMHERST-D-COLLEGE-OF-HUMANITIES-AND-FINE-ARTS,r1-arts-deans.json,College of Humanities and Fine Arts
US-UNIVERSITY-OF-MASSACHUSETTS-AMHERST-D-COLLEGE-OF-HUMANITIES-AND-FINE-ARTS,r1-arts-deans.json,College of Humanities & Fine Arts
US-NORTHERN-ILLINOIS-UNIVERSITY-D-COLLEGE-OF-LIBERAL-ARTS-AND-SCIENCES,r1-arts-deans.json,College of Liberal Arts and Sciences
US-INDIANA-UNIVERSITY-BLOOMINGTON-D-ESKENAZI-SCHOOL-OF-ART-ARCHITECTURE-AND-DESIGN,r1-camd-deans.json,Eskenazi School of Art Architecture and Design
US-WAYNE-STATE-UNIVERSITY-D-GRADUATE-SCHOOL,r1-grad-deans.json,Graduate School
US-PONTIFICAL-CATHOLIC-UNIVERSITY-OF-PUERTO-RICO-ARECIBO-CENTRAL,r1-r2public-deans.json,Office of the Rector
US-TAFT-UNIVERSITY-SYSTEM-CENTRAL,r1-r2public-deans.json,Office of the President
US-LOYOLA-UNIVERSITY-NEW-ORLEANS-D-COLLEGE-OF-NURSING-AND-HEALTH,r1-nursing-deans.json,College of Nursing and Health
US-PALM-BEACH-ATLANTIC-UNIVERSITY-D-SCHOOL-OF-NURSING,r1-nursing-deans.json,School of Nursing
US-TEXAS-A-AND-M-UNIVERSITY-CORPUS-CHRISTI-D-COLLEGE-OF-NURSING-AND-HEALTH-SCIENCES,r1-nursing-deans.json,College of Nursing and Health Sciences
US-UNIVERSITY-OF-TEXAS-TYLER-D-SCHOOL-OF-NURSING,r1-nursing-deans.json,School of Nursing
US-OHIO-UNIVERSITY-D-PATTON-COLLEGE-OF-EDUCATION,r1-education-deans.json,Patton College of Education
US-OKLAHOMA-STATE-UNIVERSITY-D-COLLEGE-OF-EDUCATION-AND-HUMAN-SCIENCES,r1-education-deans.json,College of Education and Human Sciences
US-POINT-PARK-UNIVERSITY-D-SCHOOL-OF-EDUCATION,r1-education-deans.json,School of Education
US-SEATTLE-UNIVERSITY-D-COLLEGE-OF-EDUCATION,r1-education-deans.json,College of Education
US-KENT-STATE-UNIVERSITY-D-COLLEGE-OF-THE-ARTS,r1-arts-deans.json,College of the Arts
US-DELAWARE-STATE-UNIVERSITY-D-COLLEGE-OF-AGRICULTURE-SCIENCE-AND-TECHNOLOGY,r1-agschool-deans.json,"College of Agriculture, Science, and Technology"
US-SOUTH-CAROLINA-STATE-UNIVERSITY-D-COLLEGE-OF-AGRICULTURE-FAMILY-AND-CONSUMER-SCIEN,r1-agschool-deans.json,"College of Agriculture, Family and Consumer Sciences"
US-TEXAS-A-AND-M-UNIVERSITY-D-COLLEGE-OF-AGRICULTURE-AND-LIFE-SCIENCES,r1-agschool-deans.json,College of Agriculture and Life Sciences
US-ROWAN-UNIVERSITY-D-SHREIBER-SCHOOL-OF-VETERINARY-MEDICINE,r1-vet-deans.json,Shreiber School of Veterinary Medicine
US-VIRGINIA-TECH-D-GRADUATE-SCHOOL,r1-grad-deans.json,Graduate School
US-JAMES-MADISON-UNIVERSITY-D-GRADUATE-SCHOOL,r1-grad-deans.json,Graduate School
US-LOUISIANA-STATE-UNIVERSITY-HEALTH-SCIENCES-CENTER-NEW-ORLEANS-D-GRADUATE-SCHOOL,r1-grad-deans.json,Graduate School
US-GEORGETOWN-UNIVERSITY-D-BERKLEY-SCHOOL-OF-NURSING,r1-nursing-deans.json,Berkley School of Nursing
US-UNIVERSITY-OF-TEXAS-RIO-GRANDE-VALLEY-D-SCHOOL-OF-NURSING,r1-nursing-deans.json,School of Nursing
US-XAVIER-UNIVERSITY-D-COLLEGE-OF-NURSING,r1-nursing-deans.json,College of Nursing
US-CONCORDIA-UNIVERSITY-IRVINE-D-SCHOOL-OF-EDUCATION,r1-education-deans.json,School of Education
US-NATIONAL-LOUIS-UNIVERSITY-D-NATIONAL-COLLEGE-OF-EDUCATION,r1-education-deans.json,National College of Education
US-SAINT-JOSEPHS-UNIVERSITY-D-SCHOOL-OF-EDUCATION-AND-HUMAN-DEVELOPMENT,r1-education-deans.json,School of Education and Human Development
US-SOUTH-CAROLINA-STATE-UNIVERSITY-D-COLLEGE-OF-EDUCATION-HUMANITIES-AND-SOCIAL-SCIEN,r1-education-deans.json,"College of Education, Humanities and Social Sciences"
US-UNIVERSITY-OF-IDAHO-D-COLLEGE-OF-EDUCATION-HEALTH-AND-HUMAN-SCIENCES,r1-education-deans.json,"College of Education, Health and Human Sciences"
US-UNIVERSITY-OF-WEST-GEORGIA-D-COLLEGE-OF-EDUCATION,r1-education-deans.json,College of Education
US-WINGATE-UNIVERSITY-D-THAYER-SCHOOL-OF-EDUCATION,r1-education-deans.json,Thayer School of Education
US-TEXAS-A-AND-M-UNIVERSITY-D-COLLEGE-OF-ARTS-AND-SCIENCES,r1-arts-deans.json,College of Arts and Sciences
US-CENTRAL-MICHIGAN-UNIVERSITY-D-COLLEGE-OF-THE-ARTS-AND-MEDIA,r1-arts-deans.json,College of the Arts and Media
US-UNIVERSITY-OF-CALIFORNIA-IRVINE-D-CLAIRE-TREVOR-SCHOOL-OF-THE-ARTS,r1-camd-deans.json,Claire Trevor School of the Arts
US-PACIFIC-UNIVERSITY-D-SCHOOL-OF-PHARMACY,r1-pharmacy-deans.json,School of Pharmacy
US-UTAH-STATE-UNIVERSITY-D-COLLEGE-OF-VETERINARY-MEDICINE,r1-vet-deans.json,College of Veterinary Medicine
US-UNIVERSITY-OF-NORTH-CAROLINA-D-GRADUATE-SCHOOL,r1-grad-deans.json,The Graduate School
US-UNIVERSITY-OF-SOUTH-FLORIDA-D-GRADUATE-SCHOOL,r1-grad-deans.json,Graduate School
US-KENNESAW-STATE-UNIVERSITY-D-GRADUATE-COLLEGE,r1-grad-deans.json,Graduate College
US-PORTLAND-STATE-UNIVERSITY-PROVOST,r1-provost-deans.json,Office of the Provost
US-VILLANOVA-UNIVERSITY-D-VILLANOVA-SCHOOL-OF-BUSINESS,r1-bschool-deans.json,Villanova School of Business
US-FORDHAM-UNIVERSITY-D-GABELLI-SCHOOL-OF-BUSINESS,r1-bschool-deans.json,Gabelli School of Business
US-FLORIDA-GULF-COAST-UNIVERSITY-D-COLLEGE-OF-EDUCATION,r1-education-deans.json,College of Education
US-TEACHERS-COLLEGE-COLUMBIA-UNIVERSITY-D-TEACHERS-COLLEGE,r1-education-deans.json,Teachers College
US-UNIVERSITY-OF-RHODE-ISLAND-D-ALAN-SHAWN-FEINSTEIN-COLLEGE-OF-EDUCATION-AND-PR,r1-education-deans.json,Alan Shawn Feinstein College of Education and Professional Studies
US-CLEMSON-UNIVERSITY-D-COLLEGE-OF-ARTS-AND-HUMANITIES,r1-arts-deans.json,College of Arts and Humanities
US-COLLEGE-OF-CHARLESTON-D-SCHOOL-OF-LANGUAGES-CULTURES-AND-WORLD-AFFAIRS,r1-arts-deans.json,"School of Languages, Cultures, and World Affairs"
US-LOYOLA-UNIVERSITY-MARYLAND-D-LOYOLA-COLLEGE-OF-ARTS-AND-SCIENCES,r1-arts-deans.json,Loyola College of Arts and Sciences
US-NORTH-DAKOTA-STATE-UNIVERSITY-D-COLLEGE-OF-ARTS-AND-SCIENCES,r1-arts-deans.json,College of Arts and Sciences
US-UNIVERSITY-OF-ROCHESTER-D-COLLEGE-OF-ARTS-SCIENCES-AND-ENGINEERING,r1-arts-deans.json,"College of Arts, Sciences and Engineering"
US-UNIVERSITY-OF-TENNESSEE-KNOXVILLE-D-NATALIE-L-HASLAM-COLLEGE-OF-MUSIC,r1-camd-deans.json,Natalie L. Haslam College of Music
US-ARKANSAS-STATE-UNIVERSITY-D-COLLEGE-OF-VETERINARY-MEDICINE,r1-vet-deans.json,College of Veterinary Medicine
US-CLEMSON-UNIVERSITY-D-HARVEY-S-PEELER-JR-COLLEGE-OF-VETERINARY-MEDICIN,r1-vet-deans.json,Harvey S. Peeler Jr. College of Veterinary Medicine
US-INDIANA-UNIVERSITY-BLOOMINGTON-D-GRADUATE-SCHOOL,r1-grad-deans.json,Graduate School
US-STONY-BROOK-UNIVERSITY-D-GRADUATE-SCHOOL,r1-grad-deans.json,Graduate School
US-UNIVERSITY-OF-ARKANSAS-D-GRADUATE-SCHOOL,r1-grad-deans.json,Graduate School
US-UNIVERSITY-OF-KENTUCKY-D-GRADUATE-SCHOOL,r1-grad-deans.json,Graduate School
US-CLEVELAND-STATE-UNIVERSITY-D-GRADUATE-COLLEGE,r1-grad-deans.json,Graduate College
US-UNIVERSITY-OF-GEORGIA-D-UNIVERSITY-OF-GEORGIA-SCHOOL-OF-MEDICINE,r1-medschool-deans.json,University of Georgia School of Medicine
US-SAINT-JOSEPHS-UNIVERSITY-D-SCHOOL-OF-NURSING-AND-ALLIED-HEALTH,r1-nursing-deans.json,School of Nursing and Allied Health
US-SIMMONS-UNIVERSITY-D-SCHOOL-OF-NURSING,r1-nursing-deans.json,School of Nursing
US-BRADLEY-UNIVERSITY-D-COLLEGE-OF-EDUCATION-AND-HEALTH-SCIENCES,r1-education-deans.json,College of Education and Health Sciences
US-SACRED-HEART-UNIVERSITY-D-ISABELLE-FARRINGTON-COLLEGE-OF-EDUCATION-AND-HUM,r1-education-deans.json,Isabelle Farrington College of Education & Human Development
US-SOUTHERN-CONNECTICUT-STATE-UNIVERSITY-D-COLLEGE-OF-EDUCATION,r1-education-deans.json,College of Education
US-COLLEGE-OF-CHARLESTON-D-SCHOOL-OF-HUMANITIES-AND-SOCIAL-SCIENCES,r1-arts-deans.json,School of Humanities and Social Sciences
US-COLLEGE-OF-CHARLESTON-D-SCHOOL-OF-NATURAL-AND-ENVIRONMENTAL-SCIENCES,r1-arts-deans.json,School of Natural and Environmental Sciences
US-NORTH-CAROLINA-A-AND-T-STATE-UNIVERSITY-D-COLLEGE-OF-ARTS-HUMANITIES-AND-SOCIAL-SCIENCES,r1-arts-deans.json,"College of Arts, Humanities and Social Sciences"
US-UNIVERSITY-OF-HAWAII-MANOA-D-COLLEGE-OF-NATURAL-SCIENCES,r1-arts-deans.json,College of Natural Sciences
US-PURDUE-UNIVERSITY-D-GRADUATE-SCHOOL,r1-grad-deans.json,Graduate School
US-MISSISSIPPI-STATE-UNIVERSITY-D-GRADUATE-SCHOOL,r1-grad-deans.json,Graduate School
US-OKLAHOMA-STATE-UNIVERSITY-D-GRADUATE-COLLEGE,r1-grad-deans.json,Graduate College
US-TEMPLE-UNIVERSITY-D-GRADUATE-SCHOOL,r1-grad-deans.json,Graduate School
US-UNIVERSITY-OF-CENTRAL-FLORIDA-D-COLLEGE-OF-GRADUATE-STUDIES,r1-grad-deans.json,College of Graduate Studies
US-UNIVERSITY-OF-ILLINOIS-CHICAGO-D-GRADUATE-COLLEGE,r1-grad-deans.json,Graduate College
US-ARIZONA-STATE-UNIVERSITY-D-JOHN-SHUFELDT-SCHOOL-OF-MEDICINE-AND-MEDICAL-ENG,r1-medschool-deans.json,John Shufeldt School of Medicine and Medical Engineering (ASU School of Medicine and Advanced Medical Engineering)
US-CONCORDIA-UNIVERSITY-WISCONSIN-D-SCHOOL-OF-NURSING,r1-nursing-deans.json,School of Nursing
US-WASHINGTON-UNIVERSITY-ST-LOUIS-D-BURSKY-SCHOOL-OF-PUBLIC-HEALTH,r1-publichealth-deans.json,Bursky School of Public Health
US-BRENAU-UNIVERSITY-D-CAROLE-ANN-DANIEL-COLLEGE-OF-EDUCATION,r1-education-deans.json,Carole Ann Daniel College of Education
US-OAKLAND-CITY-UNIVERSITY-D-SCHOOL-OF-EDUCATION,r1-education-deans.json,School of Education
US-TEXAS-A-AND-M-UNIVERSITY-CORPUS-CHRISTI-D-COLLEGE-OF-EDUCATION-AND-HUMAN-DEVELOPMENT,r1-education-deans.json,College of Education and Human Development
US-UNIVERSITY-OF-WEST-FLORIDA-D-SCHOOL-OF-EDUCATION,r1-education-deans.json,School of Education
US-UTAH-STATE-UNIVERSITY-D-COLLEGE-OF-ARTS-AND-SCIENCES,r1-arts-deans.json,College of Arts and Sciences
US-DARTMOUTH-COLLEGE-D-SCHOOL-OF-ARTS-AND-SCIENCES,r1-arts-deans.json,School of Arts and Sciences (formerly Faculty of Arts and Sciences)
US-EASTERN-MICHIGAN-UNIVERSITY-D-COLLEGE-OF-ARTS-AND-SCIENCES,r1-arts-deans.json,College of Arts and Sciences
US-UTAH-STATE-UNIVERSITY-D-S-J-AND-JESSIE-E-QUINNEY-COLLEGE-OF-AGRICULTURE,r1-agschool-deans.json,S.J. & Jessie E. Quinney College of Agriculture and Natural Resources
US-AUBURN-UNIVERSITY-D-GRADUATE-SCHOOL,r1-grad-deans.json,Graduate School
US-IOWA-STATE-UNIVERSITY-D-GRADUATE-COLLEGE,r1-grad-deans.json,Graduate College
US-KANSAS-STATE-UNIVERSITY-D-GRADUATE-SCHOOL,r1-grad-deans.json,Graduate School
US-KENT-STATE-UNIVERSITY-D-GRADUATE-COLLEGE,r1-grad-deans.json,Graduate College
US-UNIVERSITY-OF-ALABAMA-BIRMINGHAM-D-GRADUATE-SCHOOL,r1-grad-deans.json,Graduate School
US-ARKANSAS-STATE-UNIVERSITY-D-GRADUATE-SCHOOL,r1-grad-deans.json,Graduate School
US-LAMAR-UNIVERSITY-D-GRADUATE-COLLEGE,r1-grad-deans.json,Graduate College
US-NORTHERN-ILLINOIS-UNIVERSITY-D-GRADUATE-SCHOOL,r1-grad-deans.json,Graduate School
US-UNIVERSITY-OF-KENTUCKY-D-STANLEY-AND-KAREN-PIGMAN-COLLEGE-OF-ENGINEERING,r1-eschool-deans.json,Stanley and Karen Pigman College of Engineering
US-DALLAS-BAPTIST-UNIVERSITY-D-DOROTHY-M-BUSH-COLLEGE-OF-EDUCATION,r1-education-deans.json,Dorothy M. Bush College of Education
US-SAN-FRANCISCO-STATE-UNIVERSITY-D-COLLEGE-OF-LIBERAL-AND-CREATIVE-ARTS,r1-arts-deans.json,College of Liberal and Creative Arts
US-COLLEGE-OF-CHARLESTON-D-GRADUATE-SCHOOL,r1-grad-deans.json,Graduate School
US-FLORIDA-STATE-UNIVERSITY-D-GRADUATE-SCHOOL,r1-grad-deans.json,Graduate School
US-MISSOURI-UNIVERSITY-OF-SCIENCE-AND-TECHNOLOGY-D-GRADUATE-SCHOOL,r1-grad-deans.json,Graduate School
US-UNIVERSITY-OF-LOUISVILLE-D-GRADUATE-SCHOOL,r1-grad-deans.json,Graduate School
US-UNIVERSITY-OF-MAINE-D-GRADUATE-SCHOOL,r1-grad-deans.json,Graduate School
US-UNIVERSITY-OF-MASSACHUSETTS-AMHERST-D-GRADUATE-SCHOOL,r1-grad-deans.json,Graduate School
US-UNIVERSITY-OF-NORTH-DAKOTA-D-SCHOOL-OF-GRADUATE-STUDIES,r1-grad-deans.json,School of Graduate Studies
US-UNIVERSITY-OF-VERMONT-D-GRADUATE-COLLEGE,r1-grad-deans.json,Graduate College
US-GEORGIA-SOUTHERN-UNIVERSITY-D-GRADUATE-COLLEGE,r1-grad-deans.json,Graduate College
US-JACKSON-STATE-UNIVERSITY-D-GRADUATE-SCHOOL,r1-grad-deans.json,Graduate School
US-LOUISIANA-TECH-UNIVERSITY-D-GRADUATE-SCHOOL,r1-grad-deans.json,Graduate School
